0	0.000	open/no-force
0	0.000	open/no-force
0	0.000	o# FSR402 characterization. 'l' = CSV mode; type the scale
# reading in kg to stamp load. Default view: raw  V_node  R(ohm).
0	0.000	open/no-force
0	0.000	open/no-force
0	0.000	open/no-force
# CSV mode ON. Header follows; type a number (kg) to set load.
t_ms,load_kg,raw,ohms
610,0.00,0,-1
711,0.00,0,-1
812,0.00,0,-1
913,0.00,0,-1
1013,0.00,0,-1
1115,0.00,0,-1
1215,0.00,0,-1
1316,0.00,0,-1
1417,0.00,0,-1
1518,0.00,0,-1
1618,0.00,0,-1
1720,0.00,0,-1
1820,0.00,0,-1
1922,0.00,0,-1
2022,0.00,0,-1
2123,0.00,0,-1
2224,0.00,0,-1
2325,0.00,0,-1
2425,0.00,1,-1
2527,0.00,0,-1
2627,0.00,0,-1
2728,0.00,0,-1
2829,0.00,0,-1
2930,0.00,0,-1
3031,0.00,0,-1
3132,0.00,0,-1
3232,0.00,0,-1
3334,0.00,0,-1
3434,0.00,0,-1
3535,0.00,0,-1
3636,0.00,0,-1
3737,0.00,0,-1
3837,0.00,0,-1
3939,0.00,0,-1
4039,0.00,0,-1
4141,0.00,0,-1
4241,0.00,0,-1
4342,0.00,0,-1
4443,0.00,0,-1
4544,0.00,0,-1
4644,0.00,0,-1
4746,0.00,0,-1
4846,0.00,0,-1
4947,0.00,0,-1
5048,0.00,0,-1
5149,0.00,0,-1
5250,0.00,0,-1
5351,0.00,0,-1
5451,0.00,0,-1
5553,0.00,0,-1
5653,0.00,0,-1
5754,0.00,0,-1
5855,0.00,0,-1
5956,0.00,0,-1
6056,0.00,0,-1
6158,0.00,0,-1
6258,0.00,0,-1
6360,0.00,0,-1
6460,0.00,0,-1
6561,0.00,0,-1
6662,0.00,0,-1
6763,0.00,0,-1
6863,0.00,0,-1
6965,0.00,0,-1
7065,0.00,0,-1
7166,0.00,0,-1
7267,0.00,0,-1
7368,0.00,0,-1
7469,0.00,0,-1
7570,0.00,0,-1
7670,0.00,0,-1
7772,0.00,0,-1
7872,0.00,0,-1
7973,0.00,0,-1
8074,0.00,0,-1
8175,0.00,0,-1
8275,0.00,0,-1
8377,0.00,0,-1
8477,0.00,0,-1
8579,0.00,0,-1
8679,0.00,0,-1
8780,0.00,0,-1
8881,0.00,0,-1
8982,0.00,0,-1
9082,0.00,0,-1
9184,0.00,0,-1
9284,0.00,0,-1
9385,0.00,0,-1
9486,0.00,1,-1
9587,0.00,0,-1
9688,0.00,0,-1
9789,0.00,1,-1
9889,0.00,1,-1
9991,0.00,0,-1
10091,0.00,1,-1
10192,0.00,0,-1
10293,0.00,0,-1
10394,0.00,0,-1
10494,0.00,0,-1
10596,0.00,0,-1
10696,0.00,0,-1
10798,0.00,0,-1
10898,0.00,0,-1
10999,0.00,0,-1
11100,0.00,0,-1
11201,0.00,0,-1
11302,0.00,0,-1
11403,0.00,0,-1
11504,0.00,1,-1
11604,0.00,0,-1
11706,0.00,0,-1
11806,0.00,0,-1
11908,0.00,0,-1
12008,0.00,0,-1
12109,0.00,0,-1
12210,0.00,0,-1
12311,0.00,0,-1
12411,0.00,0,-1
12513,0.00,0,-1
12614,0.00,1,-1
12715,0.00,0,-1
12816,0.00,0,-1
12916,0.00,0,-1
13018,0.00,0,-1
13118,0.00,0,-1
13219,0.00,0,-1
13320,0.00,0,-1
13421,0.00,0,-1
13521,0.00,0,-1
13623,0.00,0,-1
13724,0.00,0,-1
13825,0.00,0,-1
13926,0.00,0,-1
14026,0.00,0,-1
14128,0.00,0,-1
14228,0.00,0,-1
14329,0.00,0,-1
14430,0.00,0,-1
14531,0.00,0,-1
14631,0.00,0,-1
14733,0.00,0,-1
14834,0.00,0,-1
14935,0.00,0,-1
15036,0.00,0,-1
15136,0.00,0,-1
15238,0.00,0,-1
15338,0.00,0,-1
15439,0.00,0,-1
15540,0.00,0,-1
15641,0.00,0,-1
15741,0.00,0,-1
15843,0.00,0,-1
15944,0.00,0,-1
16045,0.00,81,32947
16146,0.00,45,61571
16247,0.00,38,73434
16349,0.00,35,79972
16449,0.00,45,61571
16550,0.00,62,43911
16652,0.00,70,38569
16753,0.00,0,-1
16854,0.00,0,-1
16955,0.00,0,-1
17055,0.00,0,-1
17157,0.00,0,-1
17258,0.00,0,-1
17358,0.00,0,-1
17460,0.00,195,12029
17561,0.00,125,20352
17661,0.00,140,17868
17763,0.00,144,17293
17864,0.00,144,17293
17966,0.00,145,17154
18067,0.00,146,17017
18168,0.00,146,17017
18270,0.00,145,17154
18371,0.00,142,17577
18471,0.00,156,15745
18573,0.00,156,15745
18674,0.00,0,-1
18776,0.00,0,-1
18876,0.00,0,-1
18977,0.00,0,-1
19078,0.00,0,-1
19179,0.00,0,-1
19279,0.00,128,19809
19381,0.00,0,-1
19482,0.00,0,-1
19582,0.00,0,-1
19684,0.00,0,-1
19784,0.00,0,-1
19886,0.00,1,-1
19987,0.00,0,-1
20087,0.00,0,-1
20189,0.00,0,-1
20289,0.00,0,-1
20390,0.00,128,19809
20492,0.00,113,22814
20593,0.00,153,16109
20694,0.00,153,16109
20795,0.00,153,16109
20896,0.00,160,15280
20998,0.00,165,14732
21099,0.00,167,14521
21200,0.00,166,14626
21302,0.00,168,14418
21403,0.00,170,14215
21504,0.00,168,14418
21605,0.00,170,14215
21706,0.00,169,14316
21808,0.00,172,14017
21909,0.00,174,13823
22010,0.00,175,13728
22112,0.00,175,13728
22213,0.00,175,13728
22313,0.00,176,13634
22415,0.00,175,13728
22516,0.00,176,13634
22618,0.00,179,13358
22719,0.00,177,13541
22820,0.00,176,13634
22922,0.00,178,13449
23023,0.00,177,13541
23123,0.00,180,13268
23225,0.00,178,13449
23326,0.00,179,13358
23428,0.00,180,13268
23529,0.00,180,13268
23630,0.00,179,13358
23732,0.00,181,13179
23833,0.00,181,13179
23933,0.00,181,13179
24035,0.00,181,13179
24136,0.00,181,13179
24238,0.00,181,13179
24339,0.00,182,13091
24440,0.00,182,13091
24542,0.00,182,13091
24643,0.00,181,13179
24743,0.00,182,13091
24845,0.00,182,13091
24946,0.00,182,13091
25048,0.00,182,13091
25149,0.00,180,13268
25250,0.00,183,13004
25352,0.00,181,13179
25453,0.00,183,13004
25553,0.00,182,13091
25655,0.00,182,13091
25756,0.00,178,13449
25858,0.00,181,13179
25959,0.00,182,13091
26060,0.00,182,13091
26162,0.00,179,13358
26263,0.00,183,13004
26363,0.00,186,12748
26465,0.00,182,13091
26566,0.00,182,13091
26668,0.00,183,13004
26769,0.00,182,13091
26870,0.00,184,12918
26972,0.00,181,13179
27073,0.00,184,12918
27173,0.00,183,13004
27275,0.00,183,13004
27376,0.00,184,12918
27478,0.00,183,13004
27579,0.00,183,13004
# load_kg=50.00
27680,50.00,184,12918
27782,50.00,184,12918
27883,50.00,190,12420
27984,50.00,182,13091
28086,50.00,184,12918
28187,50.00,184,12918
28289,50.00,186,12748
28390,50.00,183,13004
28491,50.00,184,12918
28593,50.00,183,13004
28694,50.00,184,12918
28795,50.00,184,12918
28897,50.00,184,12918
28998,50.00,184,12918
29100,50.00,185,12833
29200,50.00,184,12918
29301,50.00,185,12833
29403,50.00,185,12833
29504,50.00,184,12918
29605,50.00,184,12918
29707,50.00,185,12833
29808,50.00,184,12918
29910,50.00,185,12833
30011,50.00,185,12833
30112,50.00,187,12665
30214,50.00,186,12748
30315,50.00,186,12748
30416,50.00,186,12748
30518,50.00,184,12918
30619,50.00,186,12748
30721,50.00,187,12665
30821,50.00,185,12833
30922,50.00,185,12833
31024,50.00,184,12918
31125,50.00,183,13004
31226,50.00,185,12833
31328,50.00,185,12833
31429,50.00,189,12501
31531,50.00,184,12918
31632,50.00,185,12833
31733,50.00,186,12748
31835,50.00,184,12918
31936,50.00,186,12748
32037,50.00,184,12918
32139,50.00,185,12833
32240,50.00,185,12833
32340,50.00,187,12665
32442,50.00,186,12748
32543,50.00,187,12665
32645,50.00,186,12748
32746,50.00,185,12833
32847,50.00,186,12748
32949,50.00,187,12665
33050,50.00,186,12748
33152,50.00,185,12833
33253,50.00,186,12748
33354,50.00,186,12748
33456,50.00,184,12918
33557,50.00,184,12918
33658,50.00,184,12918
33760,50.00,186,12748
33860,50.00,185,12833
33961,50.00,187,12665
34063,50.00,186,12748
34164,50.00,185,12833
34266,50.00,186,12748
34367,50.00,187,12665
34468,50.00,185,12833
34570,50.00,186,12748
34671,50.00,187,12665
34772,50.00,187,12665
34874,50.00,186,12748
34975,50.00,186,12748
35077,50.00,185,12833
35178,50.00,185,12833
35279,50.00,184,12918
35381,50.00,184,12918
35481,50.00,184,12918
35582,50.00,185,12833
35684,50.00,185,12833
35785,50.00,185,12833
35887,50.00,185,12833
35988,50.00,187,12665
36089,50.00,187,12665
36191,50.00,186,12748
36292,50.00,188,12583
36393,50.00,186,12748
36495,50.00,188,12583
36596,50.00,189,12501
36698,50.00,189,12501
36799,50.00,188,12583
36900,50.00,188,12583
37001,50.00,188,12583
37102,50.00,189,12501
37203,50.00,189,12501
37305,50.00,189,12501
37406,50.00,188,12583
37508,50.00,187,12665
37609,50.00,189,12501
37710,50.00,190,12420
37812,50.00,192,12262
37913,50.00,193,12183
38014,50.00,192,12262
38116,50.00,190,12420
38217,50.00,191,12341
38319,50.00,190,12420
38420,50.00,192,12262
38521,50.00,191,12341
38622,50.00,192,12262
38723,50.00,191,12341
38824,50.00,191,12341
38926,50.00,191,12341
39027,50.00,191,12341
39129,50.00,193,12183
39230,50.00,189,12501
39331,50.00,190,12420
39433,50.00,190,12420
39534,50.00,190,12420
39635,50.00,189,12501
39737,50.00,190,12420
39838,50.00,189,12501
39940,50.00,190,12420
40041,50.00,188,12583
# load_kg=0.00
40142,0.00,191,12341
40244,0.00,189,12501
40345,0.00,191,12341
40446,0.00,190,12420
40548,0.00,190,12420
40648,0.00,190,12420
40750,0.00,191,12341
40851,0.00,191,12341
40952,0.00,190,12420
41054,0.00,191,12341
41155,0.00,191,12341
41256,0.00,189,12501
41358,0.00,190,12420
41458,0.00,190,12420
41560,0.00,191,12341
41661,0.00,190,12420
41762,0.00,190,12420
41864,0.00,188,12583
41965,0.00,191,12341
42066,0.00,189,12501
42168,0.00,192,12262
42268,0.00,190,12420
42370,0.00,189,12501
42471,0.00,190,12420
42572,0.00,190,12420
42674,0.00,191,12341
42775,0.00,190,12420
42876,0.00,191,12341
42978,0.00,190,12420
43078,0.00,191,12341
43180,0.00,190,12420
43281,0.00,192,12262
43382,0.00,191,12341
43484,0.00,191,12341
43585,0.00,189,12501
43686,0.00,189,12501
43788,0.00,192,12262
43888,0.00,190,12420
43990,0.00,191,12341
44091,0.00,189,12501
44192,0.00,189,12501
44294,0.00,199,11731
44395,0.00,189,12501
44496,0.00,170,14215
44598,0.00,263,8187
44698,0.00,350,5447
44800,0.00,293,7058
44901,0.00,208,11100
45002,0.00,193,12183
45104,0.00,110,23514
45205,0.00,361,5195
45306,0.00,452,3579
45407,0.00,491,3070
45508,0.00,516,2784
45609,0.00,532,2615
45711,0.00,448,3636
45812,0.00,449,3622
45914,0.00,466,3386
46014,0.00,465,3400
46115,0.00,466,3386
46217,0.00,465,3400
46318,0.00,465,3400
46419,0.00,463,3427
46521,0.00,465,3400
46621,0.00,463,3427
46723,0.00,465,3400
46824,0.00,471,3320
46925,0.00,472,3307
47027,0.00,473,3294
47127,0.00,474,3281
47228,0.00,473,3294
47330,0.00,474,3281
47431,0.00,483,3167
47533,0.00,477,3243
47634,0.00,477,3243
47734,0.00,478,3230
47836,0.00,478,3230
47937,0.00,477,3243
48038,0.00,479,3217
48140,0.00,478,3230
48241,0.00,478,3230
48342,0.00,480,3205
48443,0.00,482,3180
48544,0.00,481,3192
48646,0.00,481,3192
48747,0.00,482,3180
48848,0.00,481,3192
48949,0.00,481,3192
49050,0.00,482,3180
49152,0.00,482,3180
# load_kg=100.00
49254,100.00,482,3180
49355,100.00,481,3192
49456,100.00,483,3167
49557,100.00,482,3180
49658,100.00,482,3180
49760,100.00,483,3167
49861,100.00,482,3180
49963,100.00,486,3130
50064,100.00,487,3118
50165,100.00,487,3118
50267,100.00,487,3118
50368,100.00,488,3106
50469,100.00,488,3106
50571,100.00,488,3106
50672,100.00,489,3094
50774,100.00,488,3106
50875,100.00,489,3094
50976,100.00,488,3106
51078,100.00,487,3118
51178,100.00,488,3106
51279,100.00,490,3082
51381,100.00,489,3094
51482,100.00,489,3094
51584,100.00,489,3094
51685,100.00,490,3082
51786,100.00,490,3082
51888,100.00,490,3082
51989,100.00,490,3082
52090,100.00,493,3046
52192,100.00,494,3034
52293,100.00,494,3034
52395,100.00,494,3034
52496,100.00,493,3046
52597,100.00,494,3034
52699,100.00,494,3034
52799,100.00,499,2975
52900,100.00,501,2952
53002,100.00,501,2952
53103,100.00,502,2940
53204,100.00,503,2929
53306,100.00,503,2929
53407,100.00,503,2929
53509,100.00,504,2917
53610,100.00,505,2906
53711,100.00,505,2906
53813,100.00,505,2906
53914,100.00,505,2906
54016,100.00,505,2906
54117,100.00,506,2895
54218,100.00,506,2895
54320,100.00,506,2895
54420,100.00,507,2883
54521,100.00,507,2883
54623,100.00,507,2883
54724,100.00,507,2883
54825,100.00,506,2895
54927,100.00,507,2883
55028,100.00,510,2850
55130,100.00,507,2883
55231,100.00,507,2883
55332,100.00,508,2872
55434,100.00,508,2872
55535,100.00,508,2872
55636,100.00,509,2861
55738,100.00,509,2861
55839,100.00,509,2861
55941,100.00,509,2861
56042,100.00,509,2861
56142,100.00,509,2861
56244,100.00,509,2861
56345,100.00,510,2850
56446,100.00,509,2861
56548,100.00,509,2861
56649,100.00,509,2861
56751,100.00,510,2850
56852,100.00,511,2839
56953,100.00,510,2850
57055,100.00,511,2839
57156,100.00,510,2850
57257,100.00,510,2850
57359,100.00,511,2839
57460,100.00,510,2850
57562,100.00,511,2839
57663,100.00,511,2839
57763,100.00,511,2839
57865,100.00,511,2839
57966,100.00,512,2827
58067,100.00,512,2827
58169,100.00,512,2827
58270,100.00,511,2839
58372,100.00,512,2827
58473,100.00,511,2839
58574,100.00,512,2827
58676,100.00,513,2816
58777,100.00,513,2816
58878,100.00,512,2827
58980,100.00,512,2827
59081,100.00,513,2816
59183,100.00,511,2839
59284,100.00,513,2816
59384,100.00,514,2805
59486,100.00,513,2816
59587,100.00,514,2805
59688,100.00,514,2805
59790,100.00,514,2805
59891,100.00,514,2805
59993,100.00,514,2805
60094,100.00,513,2816
60195,100.00,514,2805
60297,100.00,514,2805
60398,100.00,513,2816
60499,100.00,513,2816
60601,100.00,514,2805
60702,100.00,514,2805
60804,100.00,514,2805
60905,100.00,514,2805
61005,100.00,514,2805
61107,100.00,515,2794
61208,100.00,514,2805
61309,100.00,514,2805
61411,100.00,514,2805
61512,100.00,514,2805
61614,100.00,515,2794
61715,100.00,514,2805
61816,100.00,515,2794
61918,100.00,514,2805
62019,100.00,515,2794
62120,100.00,515,2794
62222,100.00,514,2805
62323,100.00,515,2794
62425,100.00,515,2794
62526,100.00,515,2794
62627,100.00,514,2805
62728,100.00,516,2784
62829,100.00,515,2794
62930,100.00,515,2794
63032,100.00,515,2794
63133,100.00,515,2794
63235,100.00,516,2784
63336,100.00,515,2794
63437,100.00,515,2794
63539,100.00,516,2784
63640,100.00,515,2794
63741,100.00,516,2784
63843,100.00,516,2784
63944,100.00,515,2794
# load_kg=0.00
64046,0.00,515,2794
64147,0.00,516,2784
64248,0.00,517,2773
64350,0.00,516,2784
64451,0.00,516,2784
64551,0.00,515,2794
64653,0.00,515,2794
64754,0.00,515,2794
64856,0.00,516,2784
64957,0.00,516,2784
65057,0.00,517,2773
65159,0.00,516,2784
65260,0.00,517,2773
65361,0.00,516,2784
65463,0.00,517,2773
65564,0.00,516,2784
65665,0.00,516,2784
65766,0.00,517,2773
65867,0.00,515,2794
65969,0.00,517,2773
66070,0.00,517,2773
66171,0.00,516,2784
66272,0.00,517,2773
66373,0.00,517,2773
66475,0.00,518,2762
66576,0.00,517,2773
66677,0.00,516,2784
66779,0.00,517,2773
66879,0.00,517,2773
66980,0.00,518,2762
67082,0.00,518,2762
67183,0.00,518,2762
67284,0.00,517,2773
67386,0.00,518,2762
67486,0.00,519,2751
67588,0.00,518,2762
67689,0.00,518,2762
67790,0.00,518,2762
67892,0.00,518,2762
67993,0.00,518,2762
68093,0.00,519,2751
68195,0.00,519,2751
68296,0.00,518,2762
68398,0.00,518,2762
68499,0.00,519,2751
68599,0.00,520,2740
68701,0.00,519,2751
68802,0.00,518,2762
68903,0.00,519,2751
69005,0.00,518,2762
69106,0.00,519,2751
69207,0.00,520,2740
69308,0.00,519,2751
69409,0.00,519,2751
69511,0.00,519,2751
69612,0.00,519,2751
69713,0.00,519,2751
69814,0.00,519,2751
69915,0.00,519,2751
70017,0.00,520,2740
70118,0.00,519,2751
70219,0.00,519,2751
70321,0.00,519,2751
70421,0.00,520,2740
70522,0.00,519,2751
70624,0.00,520,2740
70725,0.00,520,2740
70827,0.00,520,2740
70928,0.00,520,2740
71028,0.00,520,2740
71130,0.00,520,2740
71231,0.00,521,2730
71332,0.00,520,2740
71434,0.00,531,2625
71535,0.00,463,3427
71635,0.00,551,2427
71737,0.00,528,2656
71838,0.00,605,1957
71940,0.00,642,1681
72041,0.00,637,1717
72141,0.00,665,1525
72243,0.00,696,1331
72344,0.00,706,1272
72445,0.00,692,1355
72547,0.00,692,1355
72648,0.00,694,1343
72749,0.00,693,1349
72850,0.00,694,1343
72951,0.00,695,1337
73053,0.00,717,1209
73154,0.00,749,1036
73255,0.00,725,1164
73356,0.00,703,1290
73457,0.00,691,1361
73559,0.00,698,1319
73660,0.00,701,1301
73761,0.00,694,1343
73863,0.00,696,1331
73963,0.00,696,1331
74064,0.00,697,1325
74166,0.00,697,1325
74267,0.00,700,1307
74369,0.00,699,1313
74470,0.00,699,1313
74570,0.00,699,1313
74672,0.00,701,1301
74773,0.00,701,1301
74874,0.00,701,1301
74976,0.00,701,1301
75077,0.00,702,1295
75177,0.00,702,1295
75279,0.00,702,1295
75380,0.00,702,1295
75482,0.00,702,1295
75583,0.00,702,1295
75683,0.00,702,1295
75785,0.00,703,1290
75886,0.00,704,1284
75987,0.00,703,1290
76089,0.00,706,1272
76190,0.00,702,1295
76291,0.00,703,1290
76392,0.00,703,1290
76493,0.00,703,1290
76595,0.00,702,1295
76696,0.00,704,1284
76797,0.00,703,1290
76898,0.00,704,1284
76999,0.00,704,1284
77101,0.00,703,1290
77202,0.00,704,1284
# load_kg=200.00
77303,200.00,705,1278
77405,200.00,704,1284
77506,200.00,703,1290
77607,200.00,704,1284
77709,200.00,704,1284
77810,200.00,703,1290
77912,200.00,705,1278
78013,200.00,705,1278
78114,200.00,703,1290
78216,200.00,705,1278
78317,200.00,705,1278
78418,200.00,705,1278
78520,200.00,706,1272
78621,200.00,704,1284
78723,200.00,705,1278
78824,200.00,706,1272
78924,200.00,706,1272
79026,200.00,706,1272
79127,200.00,704,1284
79228,200.00,707,1266
79330,200.00,705,1278
79431,200.00,707,1266
79533,200.00,706,1272
79634,200.00,705,1278
79735,200.00,706,1272
79837,200.00,707,1266
79938,200.00,707,1266
80039,200.00,707,1266
80141,200.00,706,1272
80242,200.00,708,1260
80344,200.00,706,1272
80445,200.00,707,1266
80545,200.00,706,1272
80647,200.00,706,1272
80748,200.00,707,1266
80849,200.00,707,1266
80951,200.00,707,1266
81052,200.00,706,1272
81154,200.00,707,1266
81255,200.00,707,1266
81356,200.00,707,1266
81458,200.00,707,1266
81559,200.00,706,1272
81660,200.00,707,1266
81762,200.00,708,1260
81863,200.00,706,1272
81965,200.00,708,1260
82066,200.00,707,1266
82166,200.00,707,1266
82268,200.00,706,1272
82369,200.00,707,1266
82470,200.00,708,1260
82572,200.00,707,1266
82673,200.00,708,1260
82775,200.00,708,1260
82876,200.00,708,1260
82977,200.00,708,1260
83079,200.00,708,1260
83180,200.00,707,1266
83281,200.00,708,1260
83383,200.00,707,1266
83484,200.00,708,1260
83586,200.00,709,1255
83687,200.00,709,1255
83787,200.00,707,1266
83889,200.00,708,1260
83990,200.00,707,1266
84091,200.00,708,1260
84193,200.00,708,1260
84294,200.00,709,1255
84396,200.00,708,1260
84497,200.00,709,1255
84598,200.00,708,1260
84700,200.00,709,1255
84801,200.00,709,1255
84902,200.00,709,1255
85004,200.00,710,1249
85105,200.00,710,1249
85207,200.00,710,1249
85308,200.00,710,1249
85408,200.00,709,1255
85510,200.00,710,1249
85611,200.00,708,1260
85712,200.00,711,1243
85814,200.00,709,1255
85915,200.00,711,1243
86017,200.00,708,1260
86118,200.00,711,1243
86219,200.00,709,1255
86321,200.00,712,1237
86422,200.00,711,1243
86523,200.00,710,1249
86625,200.00,710,1249
86726,200.00,711,1243
86828,200.00,712,1237
86929,200.00,710,1249
87030,200.00,710,1249
87131,200.00,710,1249
87232,200.00,711,1243
87333,200.00,711,1243
87435,200.00,710,1249
87536,200.00,712,1237
87638,200.00,711,1243
87739,200.00,711,1243
87840,200.00,711,1243
87942,200.00,711,1243
88043,200.00,712,1237
88144,200.00,711,1243
88246,200.00,710,1249
88347,200.00,711,1243
88449,200.00,711,1243
88550,200.00,711,1243
88651,200.00,711,1243
88752,200.00,711,1243
88853,200.00,712,1237
88954,200.00,711,1243
89056,200.00,711,1243
89157,200.00,712,1237
89259,200.00,712,1237
89360,200.00,712,1237
89461,200.00,712,1237
89563,200.00,712,1237
89664,200.00,711,1243
89765,200.00,711,1243
89867,200.00,710,1249
89968,200.00,713,1232
90070,200.00,713,1232
90171,200.00,712,1237
90272,200.00,712,1237
90374,200.00,712,1237
90474,200.00,713,1232
90575,200.00,712,1237
90677,200.00,713,1232
90778,200.00,712,1237
90880,200.00,711,1243
90981,200.00,712,1237
91082,200.00,712,1237
91184,200.00,713,1232
91285,200.00,714,1226
91386,200.00,714,1226
91488,200.00,713,1232
91589,200.00,714,1226
91691,200.00,713,1232
91792,200.00,713,1232
91893,200.00,714,1226
91995,200.00,713,1232
92095,200.00,713,1232
92196,200.00,714,1226
92298,200.00,713,1232
92399,200.00,713,1232
92500,200.00,713,1232
92602,200.00,714,1226
92703,200.00,714,1226
92805,200.00,713,1232
92906,200.00,713,1232
93007,200.00,714,1226
93109,200.00,715,1220
93210,200.00,714,1226
93312,200.00,715,1220
93413,200.00,714,1226
93514,200.00,713,1232
93616,200.00,713,1232
93716,200.00,713,1232
93817,200.00,715,1220
93919,200.00,714,1226
94020,200.00,713,1232
94121,200.00,714,1226
94223,200.00,714,1226
94324,200.00,714,1226
94426,200.00,714,1226
94527,200.00,713,1232
94628,200.00,714,1226
94730,200.00,714,1226
94831,200.00,715,1220
94932,200.00,714,1226
95034,200.00,714,1226
95135,200.00,714,1226
95237,200.00,713,1232
95338,200.00,714,1226
95438,200.00,715,1220
95540,200.00,714,1226
95641,200.00,714,1226
95742,200.00,714,1226
95844,200.00,714,1226
95945,200.00,714,1226
96047,200.00,714,1226
96148,200.00,715,1220
96249,200.00,715,1220
96351,200.00,714,1226
96452,200.00,715,1220
96553,200.00,715,1220
96655,200.00,716,1215
96756,200.00,714,1226
96858,200.00,715,1220
96959,200.00,715,1220
97059,200.00,715,1220
97161,200.00,715,1220
97262,200.00,714,1226
97363,200.00,715,1220
97465,200.00,715,1220
97566,200.00,715,1220
97668,200.00,715,1220
97769,200.00,716,1215
97870,200.00,717,1209
97972,200.00,716,1215
98073,200.00,716,1215
98174,200.00,716,1215
98276,200.00,715,1220
98377,200.00,716,1215
98479,200.00,715,1220
98580,200.00,715,1220
98680,200.00,716,1215
98782,200.00,715,1220
98883,200.00,715,1220
98984,200.00,716,1215
99086,200.00,716,1215
99187,200.00,715,1220
99289,200.00,716,1215
99390,200.00,716,1215
99491,200.00,716,1215
99593,200.00,716,1215
99694,200.00,716,1215
99795,200.00,716,1215
99897,200.00,715,1220
99998,200.00,717,1209
100100,200.00,716,1215
100201,200.00,717,1209
100302,200.00,716,1215
100404,200.00,715,1220
100505,200.00,717,1209
100606,200.00,715,1220
100708,200.00,717,1209
100809,200.00,715,1220
100911,200.00,715,1220
101012,200.00,717,1209
101113,200.00,717,1209
101215,200.00,716,1215
101316,200.00,717,1209
101416,200.00,715,1220
101518,200.00,716,1215
101619,200.00,716,1215
101721,200.00,715,1220
101822,200.00,716,1215
101923,200.00,716,1215
102025,200.00,717,1209
102126,200.00,716,1215
102227,200.00,717,1209
102329,200.00,718,1203
102430,200.00,717,1209
102532,200.00,718,1203
102633,200.00,716,1215
102734,200.00,717,1209
102836,200.00,717,1209
102937,200.00,717,1209
103038,200.00,714,1226
103140,200.00,717,1209
103241,200.00,718,1203
103343,200.00,716,1215
103444,200.00,718,1203
103545,200.00,716,1215
103647,200.00,717,1209
103748,200.00,717,1209
103849,200.00,718,1203
103951,200.00,716,1215
104052,200.00,716,1215
104154,200.00,716,1215
104255,200.00,716,1215
104356,200.00,720,1192
104458,200.00,717,1209
104559,200.00,718,1203
104660,200.00,718,1203
104762,200.00,717,1209
104863,200.00,717,1209
104965,200.00,718,1203
105066,200.00,716,1215
105167,200.00,722,1181
105269,200.00,719,1198
105370,200.00,717,1209
105472,200.00,718,1203
105573,200.00,720,1192
105674,200.00,717,1209
105776,200.00,720,1192
105877,200.00,721,1187
105978,200.00,718,1203
106080,200.00,717,1209
106181,200.00,717,1209
106283,200.00,718,1203
106384,200.00,719,1198
106485,200.00,718,1203
106587,200.00,717,1209
106688,200.00,718,1203
106789,200.00,718,1203
106891,200.00,717,1209
106992,200.00,719,1198
107094,200.00,718,1203
107195,200.00,719,1198
107296,200.00,718,1203
107398,200.00,720,1192
107499,200.00,721,1187
107600,200.00,719,1198
107702,200.00,719,1198
107803,200.00,719,1198
107905,200.00,719,1198
108006,200.00,719,1198
108107,200.00,719,1198
108209,200.00,718,1203
108310,200.00,718,1203
108411,200.00,719,1198
108513,200.00,719,1198
108614,200.00,719,1198
108716,200.00,719,1198
108817,200.00,720,1192
108918,200.00,721,1187
109019,200.00,721,1187
109120,200.00,720,1192
109221,200.00,721,1187
109323,200.00,719,1198
109424,200.00,719,1198
109526,200.00,720,1192
109627,200.00,721,1187
109728,200.00,720,1192
109830,200.00,720,1192
109931,200.00,721,1187
110032,200.00,719,1198
110134,200.00,720,1192
110235,200.00,719,1198
110337,200.00,719,1198
110438,200.00,720,1192
110539,200.00,721,1187
110641,200.00,722,1181
110742,200.00,721,1187
110843,200.00,722,1181
110945,200.00,722,1181
111046,200.00,721,1187
111148,200.00,721,1187
111249,200.00,721,1187
111350,200.00,723,1176
111452,200.00,722,1181
111553,200.00,721,1187
111654,200.00,722,1181
111756,200.00,723,1176
111857,200.00,722,1181
111959,200.00,722,1181
112060,200.00,722,1181
112161,200.00,724,1170
112263,200.00,722,1181
112364,200.00,723,1176
112465,200.00,723,1176
112567,200.00,723,1176
112668,200.00,723,1176
112770,200.00,723,1176
112871,200.00,723,1176
112972,200.00,722,1181
113074,200.00,723,1176
113175,200.00,723,1176
113276,200.00,724,1170
113378,200.00,722,1181
113479,200.00,724,1170
113581,200.00,724,1170
113682,200.00,723,1176
113783,200.00,723,1176
113885,200.00,723,1176
113986,200.00,723,1176
114087,200.00,723,1176
114189,200.00,724,1170
114290,200.00,724,1170
114392,200.00,723,1176
114493,200.00,723,1176
114594,200.00,723,1176
114696,200.00,724,1170
114797,200.00,723,1176
114898,200.00,723,1176
115000,200.00,725,1164
115101,200.00,724,1170
115203,200.00,725,1164
115304,200.00,724,1170
115405,200.00,725,1164
115507,200.00,723,1176
115608,200.00,723,1176
115709,200.00,724,1170
115811,200.00,726,1159
115912,200.00,724,1170
116014,200.00,724,1170
116115,200.00,724,1170
116216,200.00,724,1170
116318,200.00,725,1164
116419,200.00,723,1176
116519,200.00,724,1170
116621,200.00,724,1170
116722,200.00,725,1164
116824,200.00,725,1164
116925,200.00,726,1159
117026,200.00,726,1159
117128,200.00,725,1164
117229,200.00,725,1164
117330,200.00,725,1164
117432,200.00,726,1159
117533,200.00,725,1164
117635,200.00,725,1164
117736,200.00,723,1176
117837,200.00,726,1159
117939,200.00,726,1159
118040,200.00,724,1170
118141,200.00,725,1164
118243,200.00,725,1164
118344,200.00,725,1164
118446,200.00,726,1159
118547,200.00,725,1164
118648,200.00,726,1159
118750,200.00,727,1153
118851,200.00,726,1159
118952,200.00,726,1159
119054,200.00,727,1153
119155,200.00,725,1164
119257,200.00,725,1164
119358,200.00,726,1159
119459,200.00,724,1170
119561,200.00,726,1159
119662,200.00,726,1159
# load_kg=0.00
119764,0.00,726,1159
119866,0.00,727,1153
119966,0.00,726,1159
120068,0.00,727,1153
120169,0.00,727,1153
120270,0.00,724,1170
120372,0.00,726,1159
120473,0.00,727,1153
120574,0.00,727,1153
120676,0.00,726,1159
120776,0.00,726,1159
120878,0.00,726,1159
120979,0.00,727,1153
121080,0.00,727,1153
121182,0.00,728,1148
121283,0.00,726,1159
121384,0.00,725,1164
121485,0.00,727,1153
121586,0.00,727,1153
121688,0.00,727,1153
121789,0.00,726,1159
121890,0.00,727,1153
121992,0.00,728,1148
122093,0.00,727,1153
122194,0.00,728,1148
122295,0.00,729,1143
122396,0.00,729,1143
122498,0.00,728,1148
122599,0.00,729,1143
122700,0.00,729,1143
122802,0.00,728,1148
122903,0.00,728,1148
123004,0.00,728,1148
123105,0.00,728,1148
123206,0.00,728,1148
123308,0.00,729,1143
123409,0.00,730,1137
123510,0.00,730,1137
123612,0.00,730,1137
123713,0.00,728,1148
123814,0.00,728,1148
123915,0.00,730,1137
124016,0.00,726,1159
124118,0.00,730,1137
124219,0.00,732,1126
124320,0.00,733,1121
124422,0.00,727,1153
124523,0.00,729,1143
124624,0.00,731,1132
124725,0.00,729,1143
124826,0.00,732,1126
124928,0.00,731,1132
125029,0.00,728,1148
125130,0.00,727,1153
125232,0.00,729,1143
125333,0.00,724,1170
125434,0.00,734,1115
125535,0.00,727,1153
125636,0.00,732,1126
125737,0.00,727,1153
125839,0.00,729,1143
125940,0.00,727,1153
126042,0.00,730,1137
126143,0.00,731,1132
126243,0.00,732,1126
126345,0.00,734,1115
126446,0.00,731,1132
126547,0.00,730,1137
126649,0.00,731,1132
126750,0.00,731,1132
126852,0.00,732,1126
126953,0.00,731,1132
127053,0.00,732,1126
127155,0.00,732,1126
127256,0.00,732,1126
127357,0.00,733,1121
127459,0.00,732,1126
127560,0.00,733,1121
127662,0.00,734,1115
127763,0.00,735,1110
127863,0.00,732,1126
127965,0.00,733,1121
128066,0.00,733,1121
128167,0.00,733,1121
128269,0.00,733,1121
128370,0.00,732,1126
128472,0.00,732,1126
128573,0.00,733,1121
128673,0.00,733,1121
128775,0.00,735,1110
128876,0.00,735,1110
128977,0.00,735,1110
129079,0.00,733,1121
129180,0.00,734,1115
129282,0.00,732,1126
129383,0.00,733,1121
129483,0.00,734,1115
129585,0.00,734,1115
129686,0.00,735,1110
129787,0.00,782,873
129889,0.00,784,864
129990,0.00,770,931
130092,0.00,762,970
130192,0.00,750,1031
130293,0.00,759,985
130395,0.00,744,1062
130496,0.00,744,1062
130597,0.00,756,1001
130699,0.00,805,767
130800,0.00,799,794
130900,0.00,806,763
131002,0.00,780,883
131103,0.00,770,931
131205,0.00,782,873
131306,0.00,800,790
131406,0.00,864,521
131508,0.00,853,565
131609,0.00,857,549
131710,0.00,849,581
131812,0.00,872,491
131913,0.00,871,494
132014,0.00,884,445
132115,0.00,875,479
132216,0.00,869,502
132318,0.00,841,613
132419,0.00,833,646
132520,0.00,863,525
132621,0.00,864,521
132722,0.00,854,561
132824,0.00,848,585
132925,0.00,835,638
133026,0.00,859,541
133128,0.00,868,506
133228,0.00,863,525
133329,0.00,876,475
133431,0.00,851,573
133532,0.00,852,569
133634,0.00,849,581
133735,0.00,853,565
133835,0.00,845,597
133937,0.00,842,609
134038,0.00,863,525
134139,0.00,863,525
134241,0.00,865,517
134342,0.00,865,517
134443,0.00,869,502
134544,0.00,871,494
134645,0.00,876,475
134747,0.00,884,445
134848,0.00,881,457
134948,0.00,880,460
135050,0.00,875,479
135151,0.00,852,569
135252,0.00,852,569
135354,0.00,844,601
135455,0.00,846,593
135556,0.00,851,573
135657,0.00,852,569
135758,0.00,855,557
135860,0.00,856,553
135961,0.00,854,561
136062,0.00,855,557
136163,0.00,855,557
136264,0.00,853,565
136366,0.00,854,561
136467,0.00,855,557
136568,0.00,855,557
136670,0.00,855,557
136770,0.00,855,557
136871,0.00,854,561
136973,0.00,856,553
137074,0.00,855,557
137176,0.00,856,553
137277,0.00,855,557
137377,0.00,855,557
137479,0.00,855,557
137580,0.00,858,545
137681,0.00,852,569
137783,0.00,854,561
137884,0.00,854,561
137985,0.00,854,561
138086,0.00,855,557
138187,0.00,856,553
138289,0.00,856,553
138390,0.00,856,553
138490,0.00,856,553
138592,0.00,855,557
138693,0.00,856,553
138795,0.00,857,549
# load_kg=400.00
138896,400.00,858,545
138997,400.00,858,545
139099,400.00,855,557
139200,400.00,856,553
139301,400.00,855,557
139403,400.00,857,549
139504,400.00,858,545
139606,400.00,857,549
139707,400.00,856,553
139808,400.00,858,545
139910,400.00,856,553
140011,400.00,856,553
140112,400.00,855,557
140214,400.00,856,553
140315,400.00,857,549
140417,400.00,858,545
140518,400.00,856,553
140618,400.00,855,557
140720,400.00,856,553
140821,400.00,856,553
140922,400.00,857,549
141024,400.00,857,549
141125,400.00,858,545
141227,400.00,856,553
141328,400.00,857,549
141429,400.00,855,557
141531,400.00,856,553
141632,400.00,858,545
141733,400.00,858,545
141835,400.00,858,545
141936,400.00,857,549
142038,400.00,855,557
142139,400.00,856,553
142239,400.00,859,541
142341,400.00,858,545
142442,400.00,858,545
142543,400.00,858,545
142645,400.00,857,549
142746,400.00,859,541
142848,400.00,858,545
142949,400.00,857,549
143050,400.00,857,549
143152,400.00,857,549
143253,400.00,857,549
143354,400.00,855,557
143456,400.00,857,549
143557,400.00,856,553
143659,400.00,858,545
143760,400.00,857,549
143861,400.00,857,549
143962,400.00,857,549
144063,400.00,858,545
144164,400.00,859,541
144266,400.00,858,545
144367,400.00,858,545
144468,400.00,858,545
144570,400.00,856,553
144671,400.00,858,545
144773,400.00,859,541
144874,400.00,859,541
144975,400.00,860,537
145077,400.00,860,537
145178,400.00,859,541
145280,400.00,858,545
145381,400.00,859,541
145482,400.00,859,541
145583,400.00,858,545
145684,400.00,859,541
145785,400.00,858,545
145887,400.00,858,545
145988,400.00,860,537
146089,400.00,859,541
146191,400.00,859,541
146292,400.00,858,545
146394,400.00,860,537
146495,400.00,857,549
146596,400.00,858,545
146698,400.00,860,537
146799,400.00,860,537
146900,400.00,859,541
147002,400.00,857,549
147103,400.00,859,541
147204,400.00,860,537
147305,400.00,856,553
147406,400.00,860,537
147508,400.00,859,541
147609,400.00,860,537
147710,400.00,860,537
147812,400.00,859,541
147913,400.00,860,537
148015,400.00,860,537
148116,400.00,861,533
148217,400.00,862,529
148319,400.00,861,533
148420,400.00,861,533
148521,400.00,861,533
148623,400.00,859,541
148724,400.00,859,541
148826,400.00,857,549
148926,400.00,859,541
149027,400.00,859,541
149129,400.00,860,537
149230,400.00,859,541
149331,400.00,859,541
149433,400.00,859,541
149534,400.00,860,537
149636,400.00,859,541
149737,400.00,861,533
149838,400.00,862,529
149940,400.00,860,537
150041,400.00,860,537
150142,400.00,857,549
150244,400.00,861,533
150345,400.00,860,537
150447,400.00,861,533
150547,400.00,863,525
150648,400.00,860,537
150750,400.00,863,525
150851,400.00,862,529
150952,400.00,861,533
151054,400.00,862,529
151155,400.00,861,533
151257,400.00,861,533
151358,400.00,861,533
151459,400.00,860,537
151561,400.00,861,533
151662,400.00,862,529
151763,400.00,861,533
151865,400.00,861,533
151966,400.00,863,525
152068,400.00,861,533
152169,400.00,862,529
152269,400.00,863,525
152371,400.00,861,533
152472,400.00,860,537
152573,400.00,863,525
152675,400.00,862,529
152776,400.00,860,537
152878,400.00,861,533
152979,400.00,861,533
153080,400.00,861,533
153182,400.00,862,529
153283,400.00,861,533
153384,400.00,862,529
153486,400.00,863,525
153587,400.00,864,521
153689,400.00,863,525
153790,400.00,862,529
153890,400.00,862,529
153992,400.00,861,533
154093,400.00,860,537
154194,400.00,862,529
154296,400.00,862,529
154397,400.00,861,533
154499,400.00,861,533
154600,400.00,863,525
154701,400.00,863,525
154803,400.00,861,533
154904,400.00,863,525
155005,400.00,860,537
155107,400.00,862,529
155208,400.00,862,529
155310,400.00,861,533
155411,400.00,861,533
155511,400.00,863,525
155613,400.00,859,541
155714,400.00,864,521
155815,400.00,863,525
155917,400.00,863,525
156018,400.00,863,525
156120,400.00,864,521
156221,400.00,863,525
156322,400.00,861,533
156424,400.00,863,525
156525,400.00,861,533
156626,400.00,864,521
156728,400.00,861,533
156829,400.00,861,533
156931,400.00,863,525
157032,400.00,863,525
157133,400.00,864,521
157234,400.00,864,521
157335,400.00,863,525
157436,400.00,863,525
157538,400.00,862,529
157639,400.00,862,529
157741,400.00,865,517
157842,400.00,864,521
157943,400.00,864,521
158045,400.00,863,525
158146,400.00,863,525
158247,400.00,863,525
158349,400.00,859,541
158450,400.00,863,525
158552,400.00,863,525
158653,400.00,863,525
158754,400.00,863,525
158855,400.00,863,525
158956,400.00,864,521
159057,400.00,862,529
159159,400.00,861,533
159260,400.00,864,521
159362,400.00,863,525
159463,400.00,862,529
159564,400.00,865,517
159666,400.00,861,533
159767,400.00,863,525
159868,400.00,862,529
159970,400.00,862,529
160071,400.00,864,521
160173,400.00,863,525
160274,400.00,864,521
160375,400.00,863,525
160477,400.00,864,521
160577,400.00,865,517
160678,400.00,864,521
160780,400.00,862,529
160881,400.00,863,525
160983,400.00,863,525
161084,400.00,862,529
161185,400.00,865,517
161287,400.00,863,525
161388,400.00,865,517
161489,400.00,863,525
161591,400.00,865,517
161692,400.00,865,517
161794,400.00,865,517
161895,400.00,865,517
161996,400.00,864,521
162098,400.00,865,517
162198,400.00,864,521
162299,400.00,865,517
162401,400.00,864,521
162502,400.00,864,521
162604,400.00,864,521
162705,400.00,865,517
162806,400.00,866,514
162908,400.00,865,517
163009,400.00,865,517
163110,400.00,864,521
163212,400.00,864,521
163313,400.00,864,521
163415,400.00,865,517
163516,400.00,865,517
163617,400.00,864,521
163719,400.00,862,529
163819,400.00,864,521
163920,400.00,866,514
164022,400.00,863,525
164123,400.00,865,517
164225,400.00,863,525
164326,400.00,864,521
164427,400.00,865,517
164529,400.00,866,514
164630,400.00,866,514
164731,400.00,865,517
164833,400.00,863,525
164934,400.00,865,517
165036,400.00,865,517
165137,400.00,863,525
165238,400.00,865,517
165340,400.00,865,517
165441,400.00,865,517
165541,400.00,865,517
165643,400.00,864,521
165744,400.00,866,514
165846,400.00,864,521
165947,400.00,864,521
166048,400.00,864,521
166150,400.00,863,525
166251,400.00,865,517
166352,400.00,865,517
166454,400.00,864,521
166555,400.00,865,517
166657,400.00,865,517
166758,400.00,863,525
166859,400.00,864,521
166961,400.00,866,514
167062,400.00,863,525
167162,400.00,865,517
167264,400.00,866,514
167365,400.00,865,517
167467,400.00,864,521
167568,400.00,864,521
167669,400.00,865,517
167771,400.00,865,517
167872,400.00,864,521
167973,400.00,865,517
168075,400.00,865,517
168176,400.00,866,514
168278,400.00,865,517
168379,400.00,865,517
168480,400.00,864,521
168582,400.00,866,514
168683,400.00,866,514
168783,400.00,865,517
168885,400.00,865,517
168986,400.00,866,514
169088,400.00,863,525
169189,400.00,864,521
169290,400.00,865,517
169392,400.00,864,521
169493,400.00,865,517
169594,400.00,868,506
169696,400.00,864,521
169797,400.00,865,517
169899,400.00,865,517
170000,400.00,865,517
170101,400.00,867,510
# load_kg=0.00
170203,0.00,866,514
170304,0.00,866,514
170405,0.00,866,514
170507,0.00,865,517
170607,0.00,866,514
170708,0.00,864,521
170810,0.00,864,521
170911,0.00,865,517
171013,0.00,866,514
171114,0.00,866,514
171214,0.00,865,517
171316,0.00,865,517
171417,0.00,865,517
171518,0.00,865,517
171620,0.00,865,517
171721,0.00,865,517
171822,0.00,865,517
171923,0.00,865,517
172024,0.00,866,514
172126,0.00,865,517
172227,0.00,866,514
172328,0.00,866,514
172429,0.00,866,514
172530,0.00,865,517
172632,0.00,865,517
172733,0.00,867,510
172834,0.00,866,514
172936,0.00,866,514
173036,0.00,864,521
173137,0.00,865,517
173239,0.00,865,517
173340,0.00,864,521
173442,0.00,866,514
173543,0.00,866,514
173643,0.00,866,514
173745,0.00,864,521
173846,0.00,864,521
173947,0.00,863,525
174049,0.00,866,514
174149,0.00,864,521
174251,0.00,864,521
174352,0.00,863,525
174453,0.00,864,521
174555,0.00,863,525
174656,0.00,865,517
174756,0.00,864,521
174858,0.00,865,517
174959,0.00,859,541
175060,0.00,862,529
175162,0.00,862,529
175263,0.00,863,525
175364,0.00,867,510
175465,0.00,870,498
175566,0.00,869,502
175668,0.00,871,494
175769,0.00,869,502
175870,0.00,865,517
175971,0.00,865,517
176072,0.00,870,498
176174,0.00,868,506
176275,0.00,869,502
176376,0.00,868,506
176478,0.00,870,498
176578,0.00,869,502
176679,0.00,869,502
176781,0.00,868,506
176882,0.00,864,521
176984,0.00,861,533
177085,0.00,863,525
177185,0.00,866,514
177287,0.00,863,525
177388,0.00,865,517
177489,0.00,865,517
177591,0.00,868,506
177691,0.00,868,506
177793,0.00,867,510
177894,0.00,867,510
177995,0.00,868,506
178097,0.00,867,510
178198,0.00,868,506
178298,0.00,865,517
178400,0.00,869,502
178501,0.00,867,510
178603,0.00,868,506
178704,0.00,868,506
178805,0.00,868,506
178906,0.00,865,517
179007,0.00,867,510
179108,0.00,868,506
179210,0.00,868,506
179311,0.00,867,510
179412,0.00,866,514
179513,0.00,868,506
179614,0.00,868,506
179716,0.00,854,561
179817,0.00,889,427
179918,0.00,895,405
180020,0.00,901,384
180120,0.00,894,409
180221,0.00,893,412
180323,0.00,895,405
180424,0.00,914,338
180526,0.00,913,341
180627,0.00,918,324
180727,0.00,916,331
180829,0.00,924,304
180930,0.00,908,359
181031,0.00,918,324
181133,0.00,917,327
181233,0.00,917,327
181335,0.00,916,331
181436,0.00,884,445
181537,0.00,880,460
181639,0.00,910,352
181740,0.00,896,402
181840,0.00,903,376
181942,0.00,895,405
182043,0.00,916,331
182145,0.00,918,324
182246,0.00,920,317
182347,0.00,920,317
182448,0.00,871,494
182549,0.00,892,416
182650,0.00,916,331
182752,0.00,910,352
182853,0.00,917,327
182955,0.00,921,314
183055,0.00,905,369
183156,0.00,912,345
183258,0.00,910,352
183359,0.00,919,321
183460,0.00,916,331
183562,0.00,870,498
183662,0.00,869,502
183763,0.00,903,376
183865,0.00,888,431
183966,0.00,890,423
184068,0.00,894,409
184169,0.00,883,449
184269,0.00,889,427
184371,0.00,889,427
184472,0.00,888,431
184573,0.00,889,427
184675,0.00,888,431
184775,0.00,890,423
184877,0.00,888,431
184978,0.00,888,431
185079,0.00,888,431
185181,0.00,888,431
185282,0.00,889,427
185382,0.00,888,431
185484,0.00,889,427
185585,0.00,889,427
185687,0.00,887,434
185788,0.00,889,427
185889,0.00,890,423
185990,0.00,890,423
186091,0.00,889,427
186192,0.00,887,434
186294,0.00,889,427
186395,0.00,888,431
186497,0.00,888,431
186597,0.00,889,427
186698,0.00,886,438
186800,0.00,889,427
186901,0.00,888,431
187002,0.00,890,423
187104,0.00,888,431
187204,0.00,889,427
187305,0.00,889,427
187407,0.00,888,431
187508,0.00,890,423
187610,0.00,888,431
187711,0.00,888,431
187811,0.00,889,427
187913,0.00,889,427
188014,0.00,888,431
188115,0.00,889,427
188217,0.00,888,431
188317,0.00,888,431
188419,0.00,889,427
188520,0.00,888,431
188621,0.00,887,434
188723,0.00,887,434
188824,0.00,887,434
188924,0.00,889,427
189026,0.00,888,431
189127,0.00,890,423
189229,0.00,889,427
# load_kg=599.00
189330,599.00,888,431
189431,599.00,888,431
189533,599.00,890,423
189634,599.00,890,423
189735,599.00,888,431
189837,599.00,889,427
189938,599.00,889,427
190040,599.00,888,431
190141,599.00,890,423
190242,599.00,889,427
190344,599.00,890,423
190445,599.00,889,427
190546,599.00,890,423
190648,599.00,889,427
190749,599.00,888,431
190851,599.00,889,427
190952,599.00,890,423
191052,599.00,889,427
191154,599.00,887,434
191255,599.00,890,423
191356,599.00,892,416
191458,599.00,891,420
191559,599.00,889,427
191661,599.00,890,423
191762,599.00,890,423
191863,599.00,886,438
191965,599.00,888,431
192066,599.00,888,431
192167,599.00,890,423
192269,599.00,888,431
192370,599.00,887,434
192472,599.00,889,427
192573,599.00,890,423
192673,599.00,890,423
192775,599.00,890,423
192876,599.00,888,431
192977,599.00,888,431
193079,599.00,890,423
193180,599.00,885,442
193282,599.00,891,420
193383,599.00,890,423
193484,599.00,889,427
193586,599.00,889,427
193687,599.00,890,423
193788,599.00,890,423
193890,599.00,889,427
193991,599.00,889,427
194093,599.00,891,420
194194,599.00,889,427
194294,599.00,889,427
194396,599.00,889,427
194497,599.00,887,434
194598,599.00,890,423
194700,599.00,891,420
194801,599.00,889,427
194903,599.00,890,423
195004,599.00,889,427
195105,599.00,889,427
195207,599.00,890,423
195308,599.00,889,427
195409,599.00,889,427
195511,599.00,890,423
195612,599.00,888,431
195714,599.00,891,420
195815,599.00,889,427
195916,599.00,890,423
196017,599.00,888,431
196118,599.00,889,427
196219,599.00,890,423
196321,599.00,890,423
196422,599.00,890,423
196524,599.00,888,431
196625,599.00,890,423
196726,599.00,890,423
196828,599.00,889,427
196929,599.00,890,423
197030,599.00,889,427
197132,599.00,890,423
197233,599.00,890,423
197335,599.00,889,427
197436,599.00,889,427
197537,599.00,891,420
197638,599.00,889,427
197739,599.00,890,423
197840,599.00,891,420
197942,599.00,890,423
198043,599.00,889,427
198145,599.00,890,423
198246,599.00,890,423
198347,599.00,890,423
198449,599.00,889,427
198550,599.00,889,427
198651,599.00,891,420
198753,599.00,889,427
198854,599.00,892,416
198956,599.00,889,427
199057,599.00,889,427
199158,599.00,890,423
199260,599.00,891,420
199360,599.00,889,427
199461,599.00,889,427
199563,599.00,890,423
199664,599.00,890,423
199766,599.00,891,420
199867,599.00,886,438
199968,599.00,889,427
200070,599.00,891,420
200171,599.00,891,420
200272,599.00,889,427
200374,599.00,889,427
200475,599.00,891,420
200577,599.00,890,423
200678,599.00,890,423
200779,599.00,891,420
200881,599.00,890,423
200981,599.00,892,416
201082,599.00,892,416
201184,599.00,891,420
201285,599.00,892,416
201387,599.00,891,420
201488,599.00,891,420
201589,599.00,891,420
201691,599.00,892,416
201792,599.00,891,420
201893,599.00,890,423
201995,599.00,889,427
202096,599.00,890,423
202198,599.00,890,423
202299,599.00,890,423
202400,599.00,892,416
202502,599.00,890,423
202602,599.00,890,423
202703,599.00,893,412
202805,599.00,890,423
202906,599.00,890,423
203008,599.00,892,416
203109,599.00,891,420
203210,599.00,892,416
203312,599.00,890,423
203413,599.00,891,420
203514,599.00,890,423
203616,599.00,892,416
203717,599.00,892,416
203819,599.00,890,423
203920,599.00,890,423
204021,599.00,890,423
204123,599.00,891,420
204224,599.00,891,420
204324,599.00,891,420
204426,599.00,891,420
204527,599.00,892,416
204628,599.00,888,431
204730,599.00,890,423
204831,599.00,892,416
204933,599.00,891,420
205034,599.00,890,423
205135,599.00,891,420
205237,599.00,891,420
205338,599.00,891,420
205440,599.00,892,416
205541,599.00,892,416
205642,599.00,891,420
205744,599.00,892,416
205845,599.00,891,420
205945,599.00,890,423
206047,599.00,891,420
206148,599.00,891,420
206249,599.00,891,420
206351,599.00,891,420
206452,599.00,890,423
206554,599.00,891,420
206655,599.00,892,416
206756,599.00,891,420
206858,599.00,892,416
206959,599.00,892,416
207060,599.00,891,420
207162,599.00,893,412
207263,599.00,893,412
207365,599.00,892,416
207466,599.00,892,416
207566,599.00,891,420
207668,599.00,892,416
207769,599.00,893,412
207870,599.00,891,420
207972,599.00,892,416
208073,599.00,892,416
208175,599.00,891,420
208276,599.00,892,416
208377,599.00,891,420
208479,599.00,894,409
208580,599.00,893,412
208681,599.00,891,420
208783,599.00,894,409
208884,599.00,892,416
208986,599.00,891,420
209087,599.00,893,412
209188,599.00,892,416
209289,599.00,889,427
209390,599.00,891,420
209491,599.00,892,416
209593,599.00,891,420
209694,599.00,891,420
209796,599.00,891,420
209897,599.00,891,420
209998,599.00,893,412
210100,599.00,893,412
210201,599.00,892,416
210302,599.00,893,412
210404,599.00,893,412
210505,599.00,894,409
210607,599.00,891,420
210708,599.00,890,423
210809,599.00,892,416
210910,599.00,892,416
211011,599.00,893,412
211112,599.00,893,412
211214,599.00,891,420
211315,599.00,892,416
211417,599.00,893,412
211518,599.00,892,416
211619,599.00,892,416
# load_kg=0.00
211722,0.00,893,412
211822,0.00,893,412
211923,0.00,894,409
212025,0.00,888,431
212126,0.00,893,412
212228,0.00,893,412
212329,0.00,893,412
212429,0.00,891,420
212531,0.00,892,416
212632,0.00,893,412
212733,0.00,892,416
212835,0.00,891,420
212935,0.00,894,409
213037,0.00,893,412
213138,0.00,893,412
213239,0.00,892,416
213341,0.00,893,412
213442,0.00,894,409
213542,0.00,892,416
213644,0.00,893,412
213745,0.00,893,412
213847,0.00,892,416
213948,0.00,891,420
214049,0.00,892,416
214150,0.00,893,412
214251,0.00,893,412
214352,0.00,894,409
214454,0.00,893,412
214555,0.00,894,409
214657,0.00,893,412
214757,0.00,891,420
214858,0.00,894,409
214960,0.00,894,409
215061,0.00,893,412
215162,0.00,894,409
215264,0.00,892,416
215364,0.00,894,409
215465,0.00,892,416
215567,0.00,891,420
215668,0.00,893,412
215770,0.00,892,416
215871,0.00,894,409
215971,0.00,893,412
216073,0.00,893,412
216174,0.00,894,409
216275,0.00,897,398
216377,0.00,894,409
216477,0.00,892,416
216579,0.00,876,475
216680,0.00,865,517
216781,0.00,838,625
216883,0.00,843,605
216984,0.00,811,741
217084,0.00,818,710
217186,0.00,794,817
217287,0.00,705,1278
217389,0.00,593,2054
217490,0.00,389,4617
217591,0.00,134,18795
217693,0.00,90,29369
217794,0.00,93,28330
217894,0.00,93,28330
217996,0.00,90,29369
218097,0.00,91,29015
218199,0.00,89,29731
218300,0.00,86,30867
218401,0.00,75,35809
218503,0.00,0,-1
218603,0.00,0,-1
218704,0.00,0,-1
218805,0.00,0,-1
218906,0.00,0,-1
219008,0.00,0,-1
219108,0.00,0,-1
219209,0.00,0,-1
219310,0.00,0,-1
219411,0.00,0,-1
219511,0.00,0,-1
219613,0.00,0,-1
219714,0.00,0,-1
219814,0.00,0,-1
219916,0.00,0,-1
220016,0.00,1,-1
220118,0.00,0,-1
220219,0.00,0,-1
220319,0.00,0,-1
220421,0.00,0,-1
220521,0.00,0,-1
220622,0.00,0,-1
220723,0.00,0,-1
220824,0.00,0,-1
220925,0.00,0,-1
221026,0.00,0,-1
221127,0.00,0,-1
221228,0.00,0,-1
221329,0.00,0,-1
221430,0.00,0,-1
221531,0.00,0,-1
221632,0.00,0,-1
221732,0.00,0,-1
221834,0.00,1,-1
221934,0.00,0,-1
222035,0.00,0,-1
222137,0.00,0,-1
222237,0.00,0,-1
222339,0.00,0,-1
222439,0.00,0,-1
222540,0.00,0,-1
222642,0.00,0,-1
222742,0.00,0,-1
222843,0.00,0,-1
222944,0.00,0,-1
223045,0.00,0,-1
223145,0.00,0,-1
223247,0.00,1,-1
223348,0.00,0,-1
223449,0.00,0,-1
223550,0.00,6,-1
223650,0.00,0,-1
223752,0.00,0,-1
223853,0.00,0,-1
223953,0.00,0,-1
224055,0.00,0,-1
224155,0.00,0,-1
224257,0.00,0,-1
224358,0.00,0,-1
224458,0.00,0,-1
224560,0.00,0,-1
224660,0.00,625,1804
224761,0.00,505,2906
224863,0.00,775,907
224964,0.00,854,561
225065,0.00,892,416
225167,0.00,893,412
225267,0.00,892,416
225369,0.00,894,409
225470,0.00,897,398
225571,0.00,894,409
225673,0.00,894,409
225774,0.00,896,402
225874,0.00,896,402
225976,0.00,895,405
226077,0.00,897,398
226179,0.00,898,394
226280,0.00,900,387
226381,0.00,898,394
226482,0.00,900,387
226583,0.00,900,387
226684,0.00,898,394
226786,0.00,897,398
226887,0.00,899,391
226988,0.00,899,391
227089,0.00,901,384
227190,0.00,901,384
227292,0.00,899,391
227393,0.00,899,391
227494,0.00,899,391
227595,0.00,898,394
227696,0.00,900,387
227798,0.00,899,391
227899,0.00,901,384
228000,0.00,889,427
228102,0.00,900,387
228202,0.00,900,387
228303,0.00,901,384
228405,0.00,898,394
228506,0.00,900,387
228608,0.00,893,412
228709,0.00,880,460
228809,0.00,865,517
228911,0.00,827,671
229012,0.00,753,1016
229113,0.00,479,3217
229215,0.00,147,16882
229316,0.00,138,18168
229417,0.00,49,56313
229519,0.00,251,8713
229619,0.00,0,-1
229721,0.00,0,-1
229822,0.00,0,-1
229922,0.00,0,-1
230024,0.00,0,-1
230124,0.00,0,-1
230225,0.00,0,-1
230326,0.00,74,36331
230427,0.00,85,31263
230529,0.00,209,11034
230630,0.00,576,2199
230731,0.00,666,1519
230833,0.00,154,15986
230934,0.00,0,-1
231034,0.00,0,-1
231136,0.00,0,-1
231237,0.00,0,-1
231337,0.00,0,-1
231439,0.00,0,-1
231539,0.00,0,-1
231641,0.00,0,-1
231741,0.00,0,-1
231842,0.00,0,-1
231944,0.00,0,-1
232044,0.00,0,-1
232145,0.00,0,-1
232246,0.00,0,-1
232347,0.00,0,-1
232449,0.00,0,-1
232549,0.00,0,-1
232650,0.00,0,-1
232751,0.00,0,-1
232852,0.00,0,-1
232952,0.00,0,-1
233054,0.00,0,-1
233155,0.00,0,-1
233255,0.00,0,-1
233357,0.00,0,-1
233457,0.00,0,-1
233559,0.00,0,-1
233660,0.00,1,-1
233760,0.00,0,-1
233862,0.00,0,-1
233962,0.00,0,-1
234063,0.00,0,-1
234164,0.00,0,-1
234265,0.00,0,-1
234366,0.00,0,-1
234467,0.00,0,-1
234568,0.00,0,-1
234669,0.00,0,-1
234770,0.00,0,-1
234871,0.00,2,-1
234972,0.00,0,-1
235073,0.00,0,-1
235173,0.00,2,-1
235275,0.00,0,-1
235376,0.00,0,-1
235476,0.00,0,-1
235578,0.00,0,-1
235678,0.00,0,-1
235780,0.00,2,-1
235880,0.00,0,-1
235981,0.00,0,-1
236083,0.00,0,-1
236183,0.00,0,-1
236284,0.00,0,-1
236385,0.00,0,-1
236486,0.00,0,-1
236588,0.00,153,16109
236689,0.00,398,4449
236789,0.00,492,3058
236891,0.00,894,409
236992,0.00,933,273
237093,0.00,930,283
237195,0.00,921,314
237296,0.00,923,307
237396,0.00,918,324
237498,0.00,911,348
237599,0.00,921,314
237701,0.00,916,331
237802,0.00,919,321
237903,0.00,916,331
238004,0.00,919,321
238105,0.00,923,307
238206,0.00,910,352
238308,0.00,922,310
238409,0.00,919,321
238511,0.00,920,317
238611,0.00,922,310
238712,0.00,918,324
238814,0.00,920,317
238915,0.00,922,310
239016,0.00,922,310
239118,0.00,922,310
239218,0.00,920,317
239320,0.00,922,310
239421,0.00,920,317
239522,0.00,923,307
239624,0.00,919,321
239724,0.00,920,317
239825,0.00,922,310
239927,0.00,923,307
240028,0.00,921,314
240130,0.00,922,310
240231,0.00,922,310
240331,0.00,923,307
240433,0.00,924,304
240534,0.00,922,310
240635,0.00,922,310
240737,0.00,923,307
240838,0.00,922,310
240939,0.00,923,307
241040,0.00,922,310
241141,0.00,921,314
241243,0.00,923,307
241344,0.00,922,310
241445,0.00,924,304
241546,0.00,921,314
241647,0.00,924,304
241748,0.00,922,310
241850,0.00,924,304
241951,0.00,924,304
242053,0.00,922,310
242153,0.00,921,314
242254,0.00,923,307
242356,0.00,924,304
242457,0.00,921,314
242558,0.00,924,304
242660,0.00,922,310
242760,0.00,922,310
242862,0.00,923,307
242963,0.00,925,300
243064,0.00,923,307
243166,0.00,925,300
243266,0.00,926,297
243367,0.00,927,293
243469,0.00,911,348
243570,0.00,910,352
243672,0.00,872,491
243773,0.00,771,926
243873,0.00,813,732
243975,0.00,671,1486
244076,0.00,426,3970
244177,0.00,122,20922
244279,0.00,0,-1
244379,0.00,0,-1
244481,0.00,0,-1
244582,0.00,0,-1
244682,0.00,0,-1
244784,0.00,0,-1
244884,0.00,0,-1
244985,0.00,0,-1
245087,0.00,0,-1
245187,0.00,0,-1
245288,0.00,0,-1
245389,0.00,408,4270
245490,0.00,845,597
245592,0.00,898,394
245693,0.00,917,327
245794,0.00,919,321
245896,0.00,925,300
245996,0.00,914,338
246097,0.00,921,314
246199,0.00,911,348
246300,0.00,914,338
246402,0.00,914,338
246503,0.00,913,341
246603,0.00,917,327
246705,0.00,914,338
246806,0.00,912,345
246907,0.00,915,334
247009,0.00,918,324
247110,0.00,916,331
247211,0.00,915,334
247312,0.00,917,327
247413,0.00,918,324
247515,0.00,918,324
247616,0.00,920,317
247716,0.00,919,321
247818,0.00,916,331
247919,0.00,917,327
248020,0.00,918,324
248122,0.00,918,324
248223,0.00,917,327
248324,0.00,920,317
248425,0.00,918,324
248526,0.00,919,321
248628,0.00,918,324
248729,0.00,917,327
248830,0.00,918,324
248931,0.00,919,321
249032,0.00,918,324
249134,0.00,919,321
249235,0.00,918,324
249336,0.00,915,334
249438,0.00,921,314
249538,0.00,920,317
249639,0.00,921,314
249741,0.00,920,317
249842,0.00,922,310
249944,0.00,921,314
250045,0.00,923,307
250145,0.00,917,327
250247,0.00,920,317
250348,0.00,918,324
250449,0.00,914,338
250551,0.00,917,327
250652,0.00,906,366
250753,0.00,851,573
250854,0.00,763,965
250955,0.00,513,2816
251057,0.00,347,5519
251158,0.00,292,7092
251259,0.00,0,-1
251360,0.00,0,-1
251461,0.00,1,-1
251561,0.00,0,-1
251663,0.00,0,-1
251764,0.00,0,-1
251865,0.00,0,-1
251966,0.00,0,-1
252066,0.00,0,-1
252168,0.00,0,-1
252268,0.00,0,-1
252369,0.00,0,-1
252471,0.00,0,-1
252571,0.00,0,-1
252673,0.00,0,-1
252773,0.00,0,-1
252874,0.00,1,-1
252976,0.00,0,-1
253076,0.00,0,-1
253177,0.00,0,-1
253278,0.00,0,-1
253379,0.00,0,-1
253480,0.00,721,1187
253581,0.00,878,468
253682,0.00,912,345
253784,0.00,919,321
253885,0.00,924,304
253986,0.00,924,304
254088,0.00,921,314
254188,0.00,925,300
254289,0.00,925,300
254391,0.00,923,307
254492,0.00,923,307
254594,0.00,926,297
254695,0.00,921,314
254795,0.00,927,293
254897,0.00,925,300
254998,0.00,925,300
255099,0.00,927,293
255201,0.00,928,290
255301,0.00,927,293
255403,0.00,929,287
255504,0.00,926,297
255605,0.00,926,297
255707,0.00,926,297
255808,0.00,929,287
255908,0.00,926,297
256010,0.00,929,287
256111,0.00,926,297
256212,0.00,927,293
256314,0.00,927,293
256415,0.00,929,287
256516,0.00,930,283
256617,0.00,927,293
256718,0.00,927,293
256820,0.00,928,290
256921,0.00,928,290
257022,0.00,926,297
257123,0.00,930,283
257224,0.00,926,297
257326,0.00,927,293
257427,0.00,929,287
257528,0.00,929,287
257630,0.00,928,290
257730,0.00,927,293
257831,0.00,927,293
257933,0.00,927,293
258034,0.00,929,287
258136,0.00,928,290
258237,0.00,928,290
258337,0.00,927,293
258439,0.00,927,293
258540,0.00,928,290
258641,0.00,927,293
258743,0.00,926,297
258843,0.00,929,287
258945,0.00,928,290
259046,0.00,928,290
259147,0.00,925,300
259249,0.00,927,293
259350,0.00,927,293
259450,0.00,930,283
259552,0.00,930,283
259653,0.00,927,293
259755,0.00,928,290
259856,0.00,929,287
259957,0.00,929,287
260058,0.00,928,290
260159,0.00,929,287
260260,0.00,930,283
260362,0.00,929,287
260463,0.00,927,293
260564,0.00,928,290
260665,0.00,928,290
260766,0.00,930,283
260868,0.00,929,287
260969,0.00,927,293
261070,0.00,928,290
261172,0.00,930,283
261272,0.00,930,283
261373,0.00,928,290
261475,0.00,928,290
261576,0.00,930,283
261678,0.00,924,304
261779,0.00,929,287
261879,0.00,929,287
261981,0.00,929,287
262082,0.00,927,293
262183,0.00,929,287
262285,0.00,930,283
262385,0.00,929,287
262487,0.00,929,287
262588,0.00,930,283
262689,0.00,930,283
262791,0.00,929,287
262892,0.00,930,283
# load_kg=100.00
262993,0.00,929,287
263095,0.00,929,287
263196,0.00,930,283
263298,0.00,929,287
263399,0.00,929,287
263500,0.00,930,283
263602,0.00,929,287
263703,0.00,929,287
263804,0.00,929,287
263906,0.00,931,280
264007,0.00,929,287
264108,0.00,930,283
264209,0.00,928,290
264310,0.00,929,287
264412,0.00,931,280
264513,0.00,930,283
264614,0.00,927,293
# load_kg=0.00
264717,0.00,932,277
264817,0.00,929,287
264919,0.00,931,280
265020,0.00,929,287
265121,0.00,928,290
265223,0.00,932,277
265324,0.00,930,283
265424,0.00,930,283
265526,0.00,931,280
265627,0.00,930,283
265729,0.00,929,287
265830,0.00,930,283
265931,0.00,930,283
266032,0.00,925,300
266133,0.00,931,280
266234,0.00,930,283
266336,0.00,929,287
266437,0.00,929,287
266539,0.00,930,283
266639,0.00,930,283
266740,0.00,929,287
266842,0.00,930,283
266943,0.00,929,287
# load_kg=1000.00
267044,1000.00,926,297
267146,1000.00,929,287
267247,1000.00,932,277
267348,1000.00,931,280
267450,1000.00,932,277
267551,1000.00,930,283
267653,1000.00,929,287
267754,1000.00,930,283
267855,1000.00,931,280
267957,1000.00,932,277
268058,1000.00,929,287
268160,1000.00,931,280
268261,1000.00,929,287
268362,1000.00,930,283
268464,1000.00,926,297
268565,1000.00,930,283
268666,1000.00,932,277
268768,1000.00,930,283
268869,1000.00,930,283
268971,1000.00,932,277
269072,1000.00,930,283
269173,1000.00,931,280
269275,1000.00,930,283
269376,1000.00,932,277
269477,1000.00,929,287
269579,1000.00,930,283
269680,1000.00,929,287
269782,1000.00,930,283
269883,1000.00,931,280
269984,1000.00,932,277
270086,1000.00,930,283
270187,1000.00,930,283
270288,1000.00,930,283
270390,1000.00,930,283
270491,1000.00,930,283
270593,1000.00,931,280
270694,1000.00,929,287
270795,1000.00,932,277
270897,1000.00,930,283
270998,1000.00,930,283
271099,1000.00,931,280
271201,1000.00,931,280
271302,1000.00,932,277
271404,1000.00,930,283
271505,1000.00,930,283
271606,1000.00,931,280
271708,1000.00,932,277
271809,1000.00,931,280
271910,1000.00,930,283
272012,1000.00,932,277
272113,1000.00,929,287
272215,1000.00,930,283
272316,1000.00,933,273
272417,1000.00,930,283
272519,1000.00,930,283
272620,1000.00,933,273
272721,1000.00,931,280
272823,1000.00,931,280
272924,1000.00,931,280
273026,1000.00,932,277
273127,1000.00,932,277
273228,1000.00,930,283
273330,1000.00,927,293
273431,1000.00,933,273
273532,1000.00,933,273
273634,1000.00,932,277
273735,1000.00,932,277
273837,1000.00,930,283
273938,1000.00,929,287
274039,1000.00,931,280
274141,1000.00,933,273
274242,1000.00,930,283
274343,1000.00,931,280
274445,1000.00,933,273
274546,1000.00,932,277
274648,1000.00,933,273
274749,1000.00,930,283
274850,1000.00,929,287
274952,1000.00,932,277
275053,1000.00,931,280
275154,1000.00,930,283
275256,1000.00,930,283
275357,1000.00,931,280
275459,1000.00,931,280
275560,1000.00,931,280
275661,1000.00,932,277
275763,1000.00,930,283
275864,1000.00,932,277
275965,1000.00,932,277
276067,1000.00,930,283
276168,1000.00,932,277
276270,1000.00,932,277
276371,1000.00,931,280
276472,1000.00,930,283
276574,1000.00,932,277
276675,1000.00,931,280
276776,1000.00,932,277
276878,1000.00,931,280
276979,1000.00,931,280
277081,1000.00,931,280
277182,1000.00,933,273
277283,1000.00,932,277
277385,1000.00,930,283
277486,1000.00,930,283
277587,1000.00,932,277
277689,1000.00,932,277
277790,1000.00,932,277
277892,1000.00,932,277
277993,1000.00,930,283
278094,1000.00,932,277
278196,1000.00,934,270
278297,1000.00,931,280
278398,1000.00,930,283
278500,1000.00,933,273
278601,1000.00,930,283
278703,1000.00,931,280
278804,1000.00,931,280
278905,1000.00,932,277
279006,1000.00,931,280
279107,1000.00,931,280
279208,1000.00,932,277
279310,1000.00,933,273
279411,1000.00,932,277
279513,1000.00,930,283
279614,1000.00,933,273
279715,1000.00,931,280
279817,1000.00,932,277
279918,1000.00,931,280
280019,1000.00,932,277
280121,1000.00,932,277
280222,1000.00,934,270
280324,1000.00,932,277
280425,1000.00,931,280
280526,1000.00,931,280
280628,1000.00,929,287
280729,1000.00,932,277
280830,1000.00,931,280
280932,1000.00,931,280
281033,1000.00,932,277
281135,1000.00,932,277
281236,1000.00,932,277
281337,1000.00,932,277
281439,1000.00,931,280
281540,1000.00,932,277
281641,1000.00,932,277
281743,1000.00,934,270
281844,1000.00,932,277
281946,1000.00,931,280
282047,1000.00,932,277
282148,1000.00,933,273
282250,1000.00,933,273
282351,1000.00,932,277
282452,1000.00,931,280
282554,1000.00,930,283
282655,1000.00,931,280
282757,1000.00,932,277
282858,1000.00,934,270
282959,1000.00,933,273
283061,1000.00,932,277
283162,1000.00,933,273
283264,1000.00,932,277
283365,1000.00,929,287
283466,1000.00,931,280
283568,1000.00,934,270
283669,1000.00,933,273
283770,1000.00,932,277
283872,1000.00,932,277
283973,1000.00,934,270
284075,1000.00,933,273
284176,1000.00,932,277
284277,1000.00,931,280
284379,1000.00,932,277
284480,1000.00,932,277
284581,1000.00,932,277
284683,1000.00,932,277
284784,1000.00,931,280
284886,1000.00,934,270
284987,1000.00,933,273
285088,1000.00,933,273
285190,1000.00,933,273
285291,1000.00,933,273
285392,1000.00,931,280
285494,1000.00,932,277
285595,1000.00,932,277
285697,1000.00,933,273
285798,1000.00,934,270
285899,1000.00,931,280
286001,1000.00,933,273
286102,1000.00,931,280
286203,1000.00,933,273
286305,1000.00,933,273
286406,1000.00,933,273
286508,1000.00,932,277
286609,1000.00,934,270
286710,1000.00,932,277
286812,1000.00,933,273
286913,1000.00,930,283
287014,1000.00,932,277
287116,1000.00,933,273
287217,1000.00,932,277
287319,1000.00,930,283
287420,1000.00,931,280
287521,1000.00,933,273
# load_kg=0.00
287623,0.00,932,277
287724,0.00,934,270
287825,0.00,929,287
287927,0.00,933,273
288028,0.00,932,277
288129,0.00,932,277
288230,0.00,934,270
288331,0.00,934,270
288433,0.00,931,280
288534,0.00,933,273
288635,0.00,933,273
288736,0.00,932,277
288837,0.00,932,277
288939,0.00,932,277
289040,0.00,933,273
289141,0.00,931,280
289243,0.00,931,280
289343,0.00,933,273
289444,0.00,932,277
289546,0.00,931,280
289647,0.00,931,280
289748,0.00,932,277
289850,0.00,931,280
289950,0.00,933,273
290052,0.00,931,280
290153,0.00,931,280
290254,0.00,933,273
290356,0.00,933,273
290457,0.00,932,277
290557,0.00,931,280
290659,0.00,933,273
290760,0.00,933,273
290862,0.00,933,273
290963,0.00,932,277
291064,0.00,933,273
291165,0.00,933,273
291266,0.00,931,280
291367,0.00,934,270
291469,0.00,932,277
291570,0.00,933,273
291672,0.00,932,277
291772,0.00,933,273
291873,0.00,933,273
291975,0.00,933,273
292076,0.00,931,280
292177,0.00,933,273
292278,0.00,933,273
292379,0.00,932,277
292481,0.00,932,277
292582,0.00,931,280
292683,0.00,933,273
292785,0.00,934,270
292885,0.00,934,270
292986,0.00,934,270
293088,0.00,931,280
293189,0.00,931,280
293291,0.00,934,270
293392,0.00,932,277
293492,0.00,934,270
293594,0.00,932,277
293695,0.00,934,270
293796,0.00,933,273
293898,0.00,932,277
293999,0.00,933,273
294099,0.00,933,273
294201,0.00,931,280
294302,0.00,934,270
294404,0.00,933,273
294505,0.00,934,270
294606,0.00,929,287
294707,0.00,935,267
294808,0.00,931,280
294909,0.00,933,273
295011,0.00,934,270
295112,0.00,933,273
295214,0.00,933,273
295314,0.00,933,273
295415,0.00,934,270
295517,0.00,932,277
295618,0.00,932,277
295719,0.00,933,273
295820,0.00,934,270
295921,0.00,933,273
296023,0.00,933,273
296124,0.00,931,280
296225,0.00,932,277
296327,0.00,934,270
296427,0.00,934,270
296528,0.00,932,277
296630,0.00,934,270
296731,0.00,932,277
296833,0.00,933,273
296934,0.00,933,273
297034,0.00,934,270
297136,0.00,930,283
297237,0.00,933,273
297338,0.00,931,280
297440,0.00,933,273
297541,0.00,932,277
297641,0.00,933,273
297743,0.00,933,273
297844,0.00,934,270
297946,0.00,934,270
298047,0.00,931,280
298148,0.00,931,280
298249,0.00,934,270
298350,0.00,933,273
298451,0.00,934,270
298553,0.00,931,280
298654,0.00,933,273
298756,0.00,933,273
298856,0.00,931,280
298957,0.00,933,273
299059,0.00,933,273
299160,0.00,932,277
299261,0.00,934,270
299362,0.00,934,270
299463,0.00,932,277
299565,0.00,931,280
299666,0.00,934,270
299767,0.00,932,277
299869,0.00,933,273
299969,0.00,935,267
300070,0.00,933,273
300172,0.00,933,273
300273,0.00,934,270
300375,0.00,933,273
300476,0.00,934,270
300576,0.00,933,273
300678,0.00,933,273
300779,0.00,933,273
300880,0.00,934,270
300982,0.00,934,270
301083,0.00,934,270
301184,0.00,935,267
301285,0.00,932,277
301386,0.00,936,263
301488,0.00,933,273
301589,0.00,936,263
301690,0.00,935,267
301791,0.00,935,267
301892,0.00,934,270
301993,0.00,931,280
302095,0.00,930,283
302196,0.00,934,270
302298,0.00,934,270
302398,0.00,933,273
302499,0.00,936,263
302601,0.00,934,270
302702,0.00,933,273
302803,0.00,932,277
302904,0.00,934,270
303005,0.00,933,273
303107,0.00,933,273
303208,0.00,934,270
303309,0.00,934,270
303411,0.00,933,273
303511,0.00,934,270
303612,0.00,933,273
303714,0.00,936,263
303815,0.00,934,270
303917,0.00,931,280
304018,0.00,935,267
304118,0.00,932,277
304220,0.00,933,273
304321,0.00,933,273
304422,0.00,935,267
304524,0.00,932,277
304625,0.00,936,263
304726,0.00,933,273
304827,0.00,934,270
304928,0.00,934,270
305030,0.00,935,267
305131,0.00,933,273
305232,0.00,933,273
305333,0.00,935,267
305434,0.00,934,270
305536,0.00,933,273
305637,0.00,936,263
305738,0.00,934,270
305840,0.00,932,277
305940,0.00,934,270
306041,0.00,931,280
306143,0.00,933,273
306244,0.00,935,267
306345,0.00,934,270
306446,0.00,934,270
306547,0.00,935,267
306649,0.00,933,273
306750,0.00,933,273
306851,0.00,935,267
306953,0.00,933,273
307053,0.00,934,270
307154,0.00,933,273
307256,0.00,935,267
307357,0.00,935,267
307459,0.00,934,270
307560,0.00,935,267
307660,0.00,933,273
307762,0.00,934,270
307863,0.00,935,267
307964,0.00,933,273
308066,0.00,935,267
308167,0.00,933,273
308268,0.00,934,270
308369,0.00,933,273
308470,0.00,935,267
308572,0.00,934,270
308673,0.00,934,270
308774,0.00,933,273
308875,0.00,935,267
308976,0.00,933,273
309078,0.00,935,267
309179,0.00,933,273
309280,0.00,936,263
309382,0.00,934,270
309482,0.00,933,273
309583,0.00,935,267
309685,0.00,933,273
309786,0.00,934,270
309888,0.00,934,270
309988,0.00,935,267
310089,0.00,934,270
310191,0.00,935,267
310292,0.00,934,270
310393,0.00,934,270
310495,0.00,933,273
310595,0.00,927,293
310696,0.00,886,438
310798,0.00,145,17154
310899,0.00,200,11658
311001,0.00,193,12183
311102,0.00,178,13449
311203,0.00,169,14316
311305,0.00,168,14418
311406,0.00,153,16109
311507,0.00,155,15865
311608,0.00,148,16749
311709,0.00,150,16488
311811,0.00,150,16488
311912,0.00,138,18168
312013,0.00,125,20352
312115,0.00,90,29369
312216,0.00,80,33394
312317,0.00,77,34805
312419,0.00,73,36868
312520,0.00,70,38569
312621,0.00,71,37986
312722,0.00,0,-1
312823,0.00,0,-1
312924,0.00,0,-1
313025,0.00,0,-1
313126,0.00,0,-1
313227,0.00,0,-1
313328,0.00,0,-1
313428,0.00,0,-1
313530,0.00,0,-1
313631,0.00,0,-1
313732,0.00,0,-1
313833,0.00,0,-1
313933,0.00,0,-1
314035,0.00,0,-1
314135,0.00,0,-1
314236,0.00,0,-1
314338,0.00,1,-1
314438,0.00,0,-1
314540,0.00,0,-1
314640,0.00,4,-1
314741,0.00,0,-1
314843,0.00,0,-1
314943,0.00,0,-1
315044,0.00,0,-1
315145,0.00,0,-1
315246,0.00,0,-1
315347,0.00,0,-1
315448,0.00,0,-1
315549,0.00,0,-1
315650,0.00,0,-1
315751,0.00,0,-1
315851,0.00,0,-1
315953,0.00,0,-1
316054,0.00,0,-1
316154,0.00,0,-1
316256,0.00,0,-1
316356,0.00,0,-1
316457,0.00,0,-1
316559,0.00,0,-1
316659,0.00,0,-1
316761,0.00,0,-1
316861,0.00,0,-1
316962,0.00,1,-1
317063,0.00,0,-1
317164,0.00,0,-1
317265,0.00,0,-1
317366,0.00,0,-1
317467,0.00,0,-1
317568,0.00,0,-1
317669,0.00,0,-1
317770,0.00,0,-1
317871,0.00,0,-1
317972,0.00,0,-1
318072,0.00,0,-1
318174,0.00,0,-1
318275,0.00,0,-1
318375,0.00,0,-1
318477,0.00,0,-1
318577,0.00,0,-1
318679,0.00,0,-1
318779,0.00,0,-1
318880,0.00,0,-1
318982,0.00,0,-1
319082,0.00,0,-1
319183,0.00,0,-1
319284,0.00,0,-1
319385,0.00,0,-1
319486,0.00,0,-1
319587,0.00,0,-1
319688,0.00,0,-1
319789,0.00,0,-1
319890,0.00,0,-1
319990,0.00,0,-1
320092,0.00,0,-1
320193,0.00,0,-1
320293,0.00,1,-1
320395,0.00,3,-1
320495,0.00,1,-1
320596,0.00,0,-1
320698,0.00,0,-1
320798,0.00,0,-1
320900,0.00,0,-1
321000,0.00,0,-1
321101,0.00,0,-1
321203,0.00,0,-1
321303,0.00,0,-1
321404,0.00,0,-1
321505,0.00,116,22151
321606,0.00,30,93772
321708,0.00,230,9768
321809,0.00,459,3481
321910,0.00,704,1284
322012,0.00,840,617
322113,0.00,851,573
322213,0.00,812,736
322315,0.00,862,529
322416,0.00,868,506
322518,0.00,945,234
322619,0.00,944,237
322720,0.00,943,240
322821,0.00,944,237
322922,0.00,943,240
323023,0.00,933,273
323125,0.00,931,280
323226,0.00,908,359
323328,0.00,858,545
323428,0.00,835,638
323529,0.00,664,1532
323631,0.00,141,17721
323732,0.00,0,-1
323833,0.00,0,-1
323934,0.00,1,-1
324035,0.00,0,-1
324135,0.00,0,-1
324237,0.00,0,-1
324337,0.00,0,-1
324439,0.00,0,-1
324540,0.00,0,-1
324640,0.00,0,-1
324742,0.00,0,-1
324842,0.00,0,-1
324943,0.00,0,-1
325045,0.00,0,-1
325145,0.00,0,-1
325246,0.00,0,-1
325347,0.00,0,-1
325448,0.00,0,-1
325549,0.00,0,-1
325650,0.00,441,3739
325751,0.00,850,577
325853,0.00,875,479
325954,0.00,917,327
326054,0.00,930,283
326156,0.00,952,211
326257,0.00,946,231
326359,0.00,948,224
326460,0.00,949,221
326561,0.00,952,211
326662,0.00,953,208
326763,0.00,952,211
326864,0.00,950,218
326966,0.00,952,211
327067,0.00,953,208
327169,0.00,953,208
327269,0.00,950,218
327370,0.00,951,214
327472,0.00,955,202
327573,0.00,952,211
327674,0.00,955,202
327776,0.00,953,208
327876,0.00,951,214
327977,0.00,953,208
328079,0.00,950,218
328180,0.00,902,380
328282,0.00,902,380
328382,0.00,848,585
328483,0.00,820,701
328585,0.00,860,537
328686,0.00,774,911
328787,0.00,757,995
328889,0.00,154,15986
328989,0.00,0,-1
329091,0.00,27,104506
329192,0.00,48,57545
329293,0.00,34,82407
329395,0.00,8,-1
329495,0.00,0,-1
329596,0.00,0,-1
329698,0.00,0,-1
329798,0.00,0,-1
329900,0.00,0,-1
330000,0.00,0,-1
330101,0.00,0,-1
330202,0.00,0,-1
330303,0.00,0,-1
330404,0.00,0,-1
330505,0.00,0,-1
330606,0.00,0,-1
330706,0.00,0,-1
330808,0.00,0,-1
330909,0.00,0,-1
331010,0.00,186,12748
331111,0.00,199,11731
331212,0.00,331,5923
331314,0.00,614,1887
331415,0.00,805,767
331516,0.00,882,453
331617,0.00,923,307
331718,0.00,939,253
331820,0.00,955,202
331921,0.00,955,202
332022,0.00,957,195
332124,0.00,956,199
332224,0.00,956,199
332325,0.00,955,202
332427,0.00,954,205
332528,0.00,954,205
332630,0.00,953,208
332731,0.00,955,202
332831,0.00,957,195
332933,0.00,958,192
333034,0.00,956,199
333135,0.00,957,195
333237,0.00,957,195
333337,0.00,957,195
333438,0.00,956,199
333540,0.00,955,202
333641,0.00,954,205
333743,0.00,957,195
333844,0.00,956,199
333944,0.00,957,195
334046,0.00,956,199
334147,0.00,958,192
334248,0.00,956,199
334350,0.00,957,195
334451,0.00,957,195
334552,0.00,955,202
334653,0.00,958,192
334754,0.00,957,195
334856,0.00,957,195
334957,0.00,956,199
335058,0.00,957,195
335159,0.00,958,192
335260,0.00,957,195
335362,0.00,956,199
335463,0.00,957,195
335564,0.00,957,195
335666,0.00,958,192
335766,0.00,957,195
335867,0.00,957,195
335969,0.00,956,199
336070,0.00,957,195
336172,0.00,956,199
336272,0.00,955,202
336373,0.00,957,195
336475,0.00,958,192
336576,0.00,956,199
336677,0.00,956,199
336779,0.00,958,192
336879,0.00,958,192
336980,0.00,956,199
337082,0.00,957,195
337183,0.00,958,192
337285,0.00,955,202
337386,0.00,957,195
337486,0.00,958,192
337588,0.00,955,202
337689,0.00,958,192
337790,0.00,958,192
337892,0.00,957,195
337993,0.00,953,208
338094,0.00,957,195
338195,0.00,956,199
338296,0.00,957,195
338398,0.00,956,199
338499,0.00,956,199
338600,0.00,958,192
338701,0.00,958,192
338802,0.00,957,195
338904,0.00,958,192
339005,0.00,955,202
339106,0.00,958,192
339207,0.00,958,192
339308,0.00,958,192
339409,0.00,954,205
339511,0.00,955,202
339612,0.00,957,195
339714,0.00,958,192
339814,0.00,958,192
339915,0.00,956,199
340017,0.00,958,192
340118,0.00,955,202
340219,0.00,957,195
340321,0.00,957,195
340421,0.00,957,195
340523,0.00,957,195
340624,0.00,956,199
340725,0.00,957,195
340827,0.00,956,199
340928,0.00,958,192
341028,0.00,957,195
341130,0.00,960,186
341231,0.00,958,192
341332,0.00,957,195
341434,0.00,958,192
341535,0.00,959,189
341636,0.00,957,195
341737,0.00,957,195
# load_kg=1223.00
341839,1223.00,957,195
341941,1223.00,958,192
342042,1223.00,956,199
342144,1223.00,958,192
342245,1223.00,956,199
342346,1223.00,957,195
342448,1223.00,955,202
342549,1223.00,957,195
342650,1223.00,958,192
342752,1223.00,959,189
342853,1223.00,958,192
342955,1223.00,958,192
343056,1223.00,955,202
343157,1223.00,959,189
343259,1223.00,957,195
343360,1223.00,957,195
343461,1223.00,957,195
343563,1223.00,959,189
343664,1223.00,957,195
343766,1223.00,957,195
343867,1223.00,959,189
343968,1223.00,956,199
344070,1223.00,959,189
344171,1223.00,958,192
344272,1223.00,957,195
344373,1223.00,958,192
344474,1223.00,958,192
344576,1223.00,958,192
344677,1223.00,958,192
344778,1223.00,958,192
344880,1223.00,958,192
344981,1223.00,957,195
345082,1223.00,958,192
345184,1223.00,953,208
345285,1223.00,958,192
345387,1223.00,958,192
345488,1223.00,957,195
345589,1223.00,958,192
345691,1223.00,958,192
345792,1223.00,958,192
345893,1223.00,957,195
345995,1223.00,959,189
346096,1223.00,958,192
346198,1223.00,956,199
346299,1223.00,958,192
346400,1223.00,956,199
346502,1223.00,957,195
346603,1223.00,958,192
346704,1223.00,959,189
346806,1223.00,958,192
346907,1223.00,957,195
347009,1223.00,958,192
347110,1223.00,956,199
347211,1223.00,958,192
347313,1223.00,957,195
347414,1223.00,960,186
347515,1223.00,959,189
347617,1223.00,958,192
347718,1223.00,958,192
347820,1223.00,957,195
347921,1223.00,958,192
348022,1223.00,954,205
348124,1223.00,958,192
348225,1223.00,958,192
348326,1223.00,955,202
348428,1223.00,958,192
348529,1223.00,958,192
348631,1223.00,958,192
348732,1223.00,959,189
348833,1223.00,959,189
348935,1223.00,958,192
349036,1223.00,960,186
349137,1223.00,958,192
349239,1223.00,959,189
349340,1223.00,959,189
349442,1223.00,957,195
349543,1223.00,961,183
349644,1223.00,958,192
349746,1223.00,959,189
349847,1223.00,957,195
349948,1223.00,957,195
350050,1223.00,958,192
350151,1223.00,960,186
350253,1223.00,959,189
350354,1223.00,959,189
350455,1223.00,958,192
350557,1223.00,958,192
350658,1223.00,958,192
350759,1223.00,957,195
350861,1223.00,958,192
350962,1223.00,959,189
351064,1223.00,958,192
351165,1223.00,958,192
351266,1223.00,954,205
351368,1223.00,957,195
351469,1223.00,957,195
351570,1223.00,959,189
351672,1223.00,957,195
351773,1223.00,958,192
351875,1223.00,954,205
351976,1223.00,957,195
352077,1223.00,957,195
352179,1223.00,959,189
352280,1223.00,960,186
352381,1223.00,958,192
352483,1223.00,957,195
352584,1223.00,958,192
352686,1223.00,960,186
352787,1223.00,958,192
352888,1223.00,959,189
352990,1223.00,958,192
353090,1223.00,958,192
353191,1223.00,959,189
353293,1223.00,960,186
353394,1223.00,959,189
353496,1223.00,958,192
353597,1223.00,958,192
353698,1223.00,955,202
353800,1223.00,958,192
353901,1223.00,958,192
354002,1223.00,959,189
354104,1223.00,959,189
354205,1223.00,958,192
354307,1223.00,958,192
354408,1223.00,960,186
354509,1223.00,957,195
354611,1223.00,958,192
354712,1223.00,957,195
354813,1223.00,958,192
354915,1223.00,958,192
355016,1223.00,960,186
355118,1223.00,959,189
355219,1223.00,959,189
355320,1223.00,959,189
355422,1223.00,959,189
355523,1223.00,959,189
355624,1223.00,959,189
355726,1223.00,958,192
355827,1223.00,957,195
355929,1223.00,959,189
356030,1223.00,958,192
356131,1223.00,957,195
356233,1223.00,958,192
356334,1223.00,957,195
356435,1223.00,959,189
356537,1223.00,958,192
356638,1223.00,957,195
356740,1223.00,957,195
356841,1223.00,957,195
356942,1223.00,959,189
357044,1223.00,958,192
357145,1223.00,959,189
357246,1223.00,959,189
357348,1223.00,960,186
357449,1223.00,957,195
357551,1223.00,960,186
357652,1223.00,961,183
357753,1223.00,958,192
357855,1223.00,958,192
357956,1223.00,958,192
358057,1223.00,959,189
358159,1223.00,959,189
358260,1223.00,960,186
358362,1223.00,959,189
358463,1223.00,959,189
358564,1223.00,956,199
358666,1223.00,960,186
358767,1223.00,957,195
358868,1223.00,959,189
358970,1223.00,955,202
359071,1223.00,958,192
359173,1223.00,957,195
359274,1223.00,954,205
359375,1223.00,958,192
359477,1223.00,960,186
359578,1223.00,955,202
359680,1223.00,959,189
359781,1223.00,957,195
359882,1223.00,959,189
359984,1223.00,958,192
360085,1223.00,958,192
360186,1223.00,957,195
360288,1223.00,957,195
360389,1223.00,959,189
360491,1223.00,958,192
360592,1223.00,958,192
360693,1223.00,959,189
360795,1223.00,959,189
360896,1223.00,958,192
360997,1223.00,957,195
361099,1223.00,958,192
361200,1223.00,958,192
361302,1223.00,957,195
361403,1223.00,958,192
361504,1223.00,956,199
361606,1223.00,959,189
# load_kg=0.00
361707,0.00,957,195
361808,0.00,959,189
361910,0.00,960,186
362011,0.00,957,195
362112,0.00,958,192
362213,0.00,956,199
362314,0.00,960,186
362416,0.00,960,186
362517,0.00,959,189
362618,0.00,959,189
362719,0.00,958,192
362820,0.00,959,189
362921,0.00,958,192
363023,0.00,957,195
363124,0.00,959,189
363225,0.00,958,192
363326,0.00,957,195
363427,0.00,957,195
363529,0.00,959,189
363630,0.00,960,186
363731,0.00,957,195
363832,0.00,961,183
363933,0.00,958,192
364035,0.00,958,192
364136,0.00,960,186
364237,0.00,958,192
364339,0.00,956,199
364439,0.00,958,192
364540,0.00,955,202
364642,0.00,961,183
364743,0.00,958,192
364845,0.00,958,192
364946,0.00,960,186
365046,0.00,959,189
365148,0.00,959,189
365249,0.00,958,192
365350,0.00,958,192
365452,0.00,959,189
365553,0.00,960,186
365654,0.00,960,186
365755,0.00,958,192
365856,0.00,958,192
365958,0.00,959,189
366059,0.00,959,189
366159,0.00,958,192
366261,0.00,961,183
366362,0.00,958,192
366464,0.00,959,189
366565,0.00,957,195
366666,0.00,960,186
366767,0.00,960,186
366868,0.00,958,192
366969,0.00,960,186
367071,0.00,958,192
367172,0.00,955,202
367273,0.00,961,183
367374,0.00,961,183
367475,0.00,965,170
367577,0.00,967,164
367678,0.00,966,167
367779,0.00,969,158
367881,0.00,967,164
367981,0.00,966,167
368082,0.00,966,167
368184,0.00,966,167
368285,0.00,966,167
368387,0.00,966,167
368488,0.00,966,167
368588,0.00,968,161
368690,0.00,966,167
368791,0.00,965,170
368892,0.00,966,167
368994,0.00,964,173
369094,0.00,965,170
369196,0.00,969,158
369297,0.00,966,167
369398,0.00,967,164
369500,0.00,966,167
369601,0.00,965,170
369701,0.00,966,167
369803,0.00,966,167
369904,0.00,966,167
370006,0.00,967,164
370107,0.00,966,167
370208,0.00,966,167
370309,0.00,966,167
370410,0.00,967,164
370511,0.00,969,158
370613,0.00,969,158
370714,0.00,966,167
370816,0.00,966,167
370916,0.00,965,170
371017,0.00,969,158
371119,0.00,968,161
371220,0.00,967,164
371321,0.00,967,164
371423,0.00,962,180
371523,0.00,967,164
371624,0.00,966,167
371726,0.00,967,164
371827,0.00,965,170
371929,0.00,967,164
372029,0.00,966,167
372130,0.00,966,167
372232,0.00,968,161
372333,0.00,966,167
372434,0.00,966,167
372536,0.00,966,167
372636,0.00,966,167
372738,0.00,965,170
372839,0.00,967,164
372940,0.00,965,170
373042,0.00,969,158
373143,0.00,968,161
373243,0.00,966,167
373345,0.00,969,158
373446,0.00,965,170
373548,0.00,967,164
373649,0.00,967,164
373750,0.00,965,170
373851,0.00,967,164
373952,0.00,966,167
374053,0.00,967,164
374155,0.00,968,161
374256,0.00,967,164
374356,0.00,966,167
374458,0.00,969,158
374559,0.00,968,161
374661,0.00,966,167
374762,0.00,966,167
374863,0.00,966,167
374964,0.00,963,177
375065,0.00,969,158
375166,0.00,969,158
375268,0.00,967,164
375369,0.00,966,167
375471,0.00,967,164
375571,0.00,966,167
375672,0.00,966,167
375774,0.00,968,161
375875,0.00,967,164
375976,0.00,966,167
376078,0.00,968,161
376178,0.00,967,164
376280,0.00,967,164
376381,0.00,967,164
376482,0.00,970,155
376584,0.00,967,164
376685,0.00,968,161
376785,0.00,967,164
376887,0.00,967,164
376988,0.00,968,161
377090,0.00,968,161
377191,0.00,968,161
377291,0.00,968,161
377393,0.00,969,158
377494,0.00,966,167
377595,0.00,969,158
377697,0.00,968,161
377798,0.00,968,161
377899,0.00,969,158
378000,0.00,967,164
378101,0.00,964,173
378203,0.00,969,158
378304,0.00,967,164
378405,0.00,969,158
378506,0.00,966,167
378607,0.00,968,161
378708,0.00,968,161
378810,0.00,966,167
# load_kg=1621.00
378911,1621.00,967,164
379013,1621.00,969,158
379114,1621.00,966,167
379215,1621.00,965,170
379317,1621.00,969,158
379418,1621.00,967,164
379520,1621.00,967,164
379621,1621.00,968,161
379722,1621.00,968,161
379824,1621.00,969,158
379925,1621.00,968,161
380026,1621.00,968,161
380128,1621.00,969,158
380229,1621.00,968,161
380331,1621.00,968,161
380432,1621.00,965,170
380533,1621.00,966,167
380635,1621.00,967,164
380736,1621.00,966,167
380837,1621.00,967,164
380939,1621.00,967,164
381040,1621.00,968,161
381142,1621.00,967,164
381243,1621.00,966,167
381344,1621.00,968,161
381446,1621.00,968,161
381547,1621.00,970,155
381648,1621.00,966,167
381750,1621.00,967,164
381851,1621.00,968,161
381953,1621.00,968,161
382054,1621.00,970,155
382155,1621.00,967,164
382257,1621.00,968,161
382358,1621.00,965,170
382459,1621.00,968,161
382561,1621.00,966,167
382662,1621.00,966,167
382764,1621.00,967,164
382865,1621.00,967,164
382966,1621.00,969,158
383068,1621.00,970,155
383169,1621.00,968,161
383270,1621.00,968,161
383372,1621.00,967,164
383473,1621.00,966,167
383575,1621.00,967,164
383676,1621.00,970,155
383777,1621.00,968,161
383879,1621.00,967,164
383980,1621.00,968,161
384081,1621.00,967,164
384183,1621.00,969,158
384284,1621.00,968,161
384386,1621.00,968,161
384487,1621.00,966,167
384588,1621.00,968,161
384690,1621.00,968,161
384791,1621.00,967,164
384892,1621.00,970,155
384994,1621.00,965,170
385095,1621.00,968,161
385197,1621.00,969,158
385298,1621.00,967,164
385399,1621.00,967,164
385501,1621.00,967,164
385602,1621.00,967,164
385703,1621.00,966,167
385805,1621.00,965,170
385906,1621.00,966,167
386008,1621.00,968,161
386109,1621.00,969,158
386210,1621.00,968,161
386312,1621.00,966,167
386413,1621.00,966,167
386514,1621.00,967,164
386616,1621.00,969,158
386717,1621.00,967,164
386819,1621.00,966,167
386920,1621.00,966,167
387021,1621.00,967,164
387123,1621.00,968,161
387224,1621.00,966,167
387324,1621.00,968,161
387426,1621.00,967,164
387527,1621.00,968,161
387629,1621.00,969,158
387730,1621.00,967,164
387831,1621.00,967,164
387933,1621.00,966,167
388034,1621.00,968,161
388135,1621.00,969,158
388237,1621.00,967,164
388338,1621.00,967,164
388440,1621.00,969,158
388541,1621.00,966,167
388642,1621.00,969,158
388744,1621.00,969,158
388845,1621.00,968,161
388946,1621.00,968,161
389048,1621.00,968,161
389149,1621.00,966,167
389251,1621.00,968,161
389352,1621.00,968,161
389453,1621.00,966,167
389555,1621.00,969,158
389656,1621.00,965,170
389757,1621.00,968,161
389859,1621.00,966,167
389960,1621.00,968,161
390062,1621.00,968,161
390163,1621.00,966,167
390264,1621.00,970,155
390366,1621.00,968,161
390467,1621.00,967,164
390568,1621.00,970,155
390670,1621.00,969,158
390771,1621.00,969,158
390873,1621.00,967,164
390974,1621.00,970,155
391075,1621.00,966,167
391177,1621.00,967,164
391278,1621.00,969,158
391379,1621.00,968,161
391481,1621.00,966,167
391582,1621.00,968,161
391684,1621.00,968,161
391785,1621.00,967,164
391886,1621.00,968,161
391988,1621.00,967,164
392089,1621.00,966,167
392190,1621.00,970,155
392292,1621.00,968,161
392393,1621.00,965,170
392495,1621.00,970,155
392596,1621.00,969,158
392697,1621.00,968,161
392799,1621.00,966,167
392900,1621.00,968,161
393001,1621.00,965,170
393103,1621.00,968,161
393204,1621.00,967,164
393306,1621.00,967,164
393407,1621.00,969,158
393508,1621.00,968,161
393610,1621.00,968,161
393711,1621.00,968,161
393812,1621.00,967,164
393914,1621.00,968,161
394015,1621.00,966,167
394117,1621.00,969,158
394218,1621.00,967,164
394319,1621.00,968,161
394421,1621.00,969,158
394522,1621.00,969,158
394624,1621.00,970,155
394725,1621.00,967,164
394826,1621.00,969,158
394928,1621.00,967,164
395029,1621.00,967,164
395130,1621.00,968,161
395232,1621.00,968,161
395333,1621.00,967,164
395435,1621.00,969,158
395535,1621.00,966,167
395636,1621.00,968,161
395738,1621.00,968,161
395839,1621.00,967,164
395940,1621.00,967,164
396042,1621.00,969,158
396143,1621.00,968,161
396244,1621.00,969,158
396346,1621.00,968,161
396447,1621.00,969,158
396549,1621.00,968,161
396650,1621.00,967,164
396751,1621.00,965,170
396853,1621.00,966,167
396954,1621.00,964,173
397056,1621.00,968,161
397157,1621.00,970,155
397258,1621.00,969,158
397360,1621.00,969,158
397461,1621.00,968,161
397562,1621.00,968,161
397664,1621.00,969,158
397765,1621.00,970,155
397867,1621.00,969,158
397968,1621.00,967,164
398069,1621.00,966,167
398171,1621.00,968,161
398272,1621.00,968,161
398373,1621.00,967,164
398475,1621.00,969,158
398576,1621.00,967,164
398678,1621.00,968,161
398779,1621.00,970,155
398880,1621.00,970,155
398982,1621.00,969,158
399083,1621.00,968,161
399184,1621.00,970,155
399286,1621.00,970,155
399387,1621.00,967,164
399489,1621.00,967,164
399590,1621.00,967,164
399691,1621.00,967,164
399793,1621.00,966,167
399894,1621.00,970,155
399995,1621.00,969,158
400097,1621.00,967,164
400198,1621.00,968,161
400300,1621.00,968,161
400401,1621.00,964,173
400502,1621.00,968,161
400604,1621.00,969,158
400705,1621.00,968,161
400806,1621.00,969,158
400908,1621.00,970,155
401009,1621.00,967,164
401111,1621.00,968,161
401212,1621.00,968,161
401313,1621.00,969,158
401415,1621.00,966,167
401516,1621.00,968,161
401617,1621.00,968,161
401719,1621.00,967,164
401820,1621.00,970,155
401922,1621.00,968,161
402023,1621.00,969,158
402124,1621.00,969,158
402226,1621.00,970,155
402327,1621.00,967,164
402428,1621.00,968,161
402530,1621.00,969,158
402631,1621.00,970,155
402733,1621.00,969,158
402834,1621.00,967,164
402935,1621.00,970,155
403037,1621.00,967,164
403138,1621.00,968,161
403239,1621.00,969,158
403341,1621.00,967,164
403442,1621.00,968,161
403544,1621.00,969,158
403645,1621.00,969,158
403746,1621.00,968,161
403848,1621.00,969,158
403948,1621.00,968,161
404049,1621.00,970,155
404151,1621.00,968,161
404252,1621.00,970,155
404354,1621.00,969,158
404455,1621.00,968,161
404556,1621.00,969,158
404658,1621.00,969,158
404759,1621.00,967,164
404860,1621.00,968,161
404962,1621.00,968,161
405063,1621.00,968,161
405165,1621.00,968,161
405266,1621.00,968,161
405367,1621.00,968,161
405469,1621.00,967,164
405570,1621.00,969,158
405671,1621.00,966,167
405773,1621.00,968,161
405874,1621.00,967,164
405976,1621.00,970,155
406077,1621.00,969,158
406178,1621.00,968,161
406280,1621.00,969,158
406381,1621.00,968,161
406482,1621.00,969,158
406584,1621.00,968,161
406685,1621.00,968,161
406787,1621.00,970,155
406888,1621.00,968,161
406989,1621.00,968,161
407091,1621.00,965,170
407192,1621.00,969,158
407293,1621.00,970,155
407395,1621.00,970,155
407496,1621.00,968,161
407598,1621.00,969,158
407699,1621.00,968,161
407800,1621.00,967,164
407902,1621.00,968,161
408003,1621.00,968,161
408104,1621.00,970,155
408206,1621.00,968,161
408307,1621.00,967,164
408409,1621.00,966,167
408510,1621.00,968,161
408611,1621.00,969,158
408713,1621.00,964,173
408814,1621.00,968,161
408915,1621.00,968,161
409017,1621.00,968,161
409118,1621.00,967,164
409220,1621.00,968,161
409321,1621.00,968,161
409422,1621.00,967,164
409524,1621.00,968,161
409625,1621.00,967,164
409726,1621.00,967,164
409828,1621.00,970,155
409929,1621.00,969,158
410031,1621.00,967,164
410132,1621.00,967,164
410233,1621.00,968,161
410335,1621.00,967,164
410436,1621.00,969,158
410537,1621.00,966,167
410639,1621.00,969,158
410740,1621.00,967,164
410842,1621.00,971,152
410943,1621.00,969,158
411044,1621.00,968,161
411146,1621.00,968,161
411247,1621.00,969,158
411348,1621.00,963,177
411450,1621.00,970,155
411551,1621.00,968,161
411653,1621.00,967,164
411754,1621.00,968,161
411855,1621.00,970,155
411957,1621.00,968,161
412058,1621.00,970,155
412160,1621.00,970,155
412260,1621.00,970,155
412361,1621.00,967,164
# load_kg=0.00
412464,0.00,968,161
412565,0.00,965,170
412666,0.00,968,161
412768,0.00,970,155
412868,0.00,967,164
412969,0.00,969,158
413071,0.00,966,167
413172,0.00,966,167
413274,0.00,968,161
413374,0.00,968,161
413475,0.00,967,164
413577,0.00,967,164
413678,0.00,967,164
413779,0.00,966,167
413881,0.00,969,158
413981,0.00,966,167
414083,0.00,968,161
414184,0.00,968,161
414285,0.00,967,164
414387,0.00,968,161
414488,0.00,970,155
414588,0.00,969,158
414690,0.00,969,158
414791,0.00,968,161
414893,0.00,967,164
414994,0.00,968,161
415095,0.00,969,158
415196,0.00,969,158
415297,0.00,968,161
415398,0.00,969,158
415500,0.00,968,161
415601,0.00,968,161
415703,0.00,968,161
415803,0.00,968,161
415904,0.00,969,158
416006,0.00,967,164
416107,0.00,968,161
416208,0.00,969,158
416309,0.00,969,158
416410,0.00,969,158
416512,0.00,968,161
416613,0.00,968,161
416714,0.00,968,161
416816,0.00,970,155
416916,0.00,969,158
417017,0.00,968,161
417119,0.00,967,164
417220,0.00,966,167
417321,0.00,970,155
417423,0.00,968,161
417523,0.00,968,161
417625,0.00,969,158
417726,0.00,967,164
417827,0.00,970,155
417929,0.00,965,170
418030,0.00,968,161
418130,0.00,968,161
418232,0.00,969,158
418333,0.00,968,161
418435,0.00,967,164
418536,0.00,966,167
418636,0.00,967,164
418738,0.00,968,161
418839,0.00,968,161
418940,0.00,969,158
419042,0.00,970,155
419143,0.00,968,161
419244,0.00,969,158
419345,0.00,969,158
419446,0.00,969,158
419548,0.00,968,161
419649,0.00,967,164
419750,0.00,970,155
419851,0.00,969,158
419952,0.00,968,161
420054,0.00,968,161
420155,0.00,968,161
420256,0.00,968,161
420358,0.00,969,158
420458,0.00,968,161
420559,0.00,969,158
420661,0.00,969,158
420762,0.00,968,161
420864,0.00,968,161
420965,0.00,969,158
421065,0.00,968,161
421167,0.00,968,161
421268,0.00,967,164
421369,0.00,967,164
421471,0.00,969,158
421571,0.00,968,161
421672,0.00,967,164
421774,0.00,968,161
421875,0.00,967,164
421977,0.00,969,158
422078,0.00,968,161
422178,0.00,970,155
422280,0.00,970,155
422381,0.00,970,155
422482,0.00,964,173
422584,0.00,969,158
422685,0.00,970,155
422786,0.00,970,155
422887,0.00,966,167
422988,0.00,969,158
423090,0.00,966,167
423191,0.00,969,158
423292,0.00,969,158
423393,0.00,968,161
423494,0.00,969,158
423596,0.00,966,167
423697,0.00,968,161
423798,0.00,968,161
423900,0.00,966,167
424000,0.00,965,170
424101,0.00,964,173
424203,0.00,964,173
424304,0.00,965,170
424406,0.00,965,170
424506,0.00,964,173
424607,0.00,965,170
424709,0.00,965,170
424810,0.00,966,167
424911,0.00,963,177
425013,0.00,966,167
425113,0.00,963,177
425214,0.00,964,173
425316,0.00,966,167
425417,0.00,961,183
425519,0.00,963,177
425620,0.00,966,167
425720,0.00,966,167
425822,0.00,964,173
425923,0.00,966,167
426024,0.00,962,180
426126,0.00,965,170
426227,0.00,965,170
426328,0.00,966,167
426429,0.00,961,183
426530,0.00,965,170
426632,0.00,965,170
426733,0.00,964,173
426834,0.00,966,167
426935,0.00,965,170
427036,0.00,965,170
427138,0.00,963,177
427239,0.00,965,170
427340,0.00,963,177
427441,0.00,963,177
427542,0.00,966,167
427643,0.00,966,167
427745,0.00,963,177
427846,0.00,964,173
427948,0.00,963,177
428048,0.00,964,173
428149,0.00,964,173
428251,0.00,961,183
428352,0.00,956,199
428453,0.00,963,177
428555,0.00,966,167
428655,0.00,963,177
428756,0.00,965,170
428858,0.00,964,173
428959,0.00,966,167
429061,0.00,966,167
429162,0.00,961,183
429262,0.00,967,164
429364,0.00,966,167
429465,0.00,966,167
429566,0.00,963,177
429668,0.00,966,167
429769,0.00,966,167
429870,0.00,967,164
429971,0.00,963,177
430072,0.00,965,170
430174,0.00,966,167
430275,0.00,966,167
430375,0.00,966,167
430477,0.00,965,170
430578,0.00,966,167
430680,0.00,965,170
430781,0.00,967,164
430882,0.00,967,164
430983,0.00,966,167
431084,0.00,966,167
431185,0.00,966,167
431287,0.00,966,167
431388,0.00,965,170
431490,0.00,965,170
431590,0.00,965,170
431691,0.00,967,164
431793,0.00,967,164
431894,0.00,966,167
431995,0.00,965,170
432097,0.00,967,164
432197,0.00,967,164
432299,0.00,968,161
432400,0.00,968,161
432501,0.00,966,167
432603,0.00,967,164
432704,0.00,965,170
432804,0.00,966,167
432906,0.00,966,167
433007,0.00,967,164
433108,0.00,963,177
433210,0.00,966,167
433310,0.00,966,167
433412,0.00,965,170
433513,0.00,967,164
433614,0.00,966,167
433716,0.00,966,167
433817,0.00,963,177
433917,0.00,967,164
434019,0.00,964,173
434120,0.00,969,158
434222,0.00,967,164
434323,0.00,969,158
434424,0.00,961,183
434525,0.00,963,177
434626,0.00,963,177
434727,0.00,964,173
434829,0.00,965,170
434930,0.00,965,170
435032,0.00,964,173
435132,0.00,964,173
435233,0.00,965,170
435335,0.00,965,170
435436,0.00,963,177
435537,0.00,963,177
435639,0.00,965,170
435739,0.00,964,173
435841,0.00,964,173
435942,0.00,965,170
436043,0.00,963,177
436145,0.00,966,167
436245,0.00,966,167
436346,0.00,965,170
436448,0.00,963,177
436549,0.00,965,170
436651,0.00,965,170
436752,0.00,966,167
436852,0.00,966,167
436954,0.00,966,167
437055,0.00,966,167
437156,0.00,964,173
437258,0.00,965,170
437359,0.00,965,170
437459,0.00,966,167
437561,0.00,964,173
437662,0.00,965,170
437764,0.00,966,167
437865,0.00,962,180
437966,0.00,965,170
438067,0.00,965,170
438168,0.00,966,167
438269,0.00,966,167
438371,0.00,966,167
438472,0.00,966,167
438574,0.00,964,173
438674,0.00,965,170
438775,0.00,965,170
438877,0.00,965,170
438978,0.00,965,170
439079,0.00,967,164
439180,0.00,967,164
439281,0.00,965,170
439383,0.00,966,167
439484,0.00,964,173
439585,0.00,968,161
439687,0.00,966,167
439787,0.00,966,167
439888,0.00,967,164
439990,0.00,965,170
440091,0.00,967,164
440193,0.00,966,167
440294,0.00,965,170
440394,0.00,965,170
440496,0.00,965,170
440597,0.00,966,167
440698,0.00,965,170
440800,0.00,965,170
440901,0.00,966,167
441001,0.00,967,164
441103,0.00,966,167
441204,0.00,967,164
441306,0.00,967,164
441407,0.00,967,164
441507,0.00,969,158
441609,0.00,966,167
441710,0.00,966,167
441811,0.00,968,161
441913,0.00,966,167
442014,0.00,965,170
442115,0.00,969,158
442216,0.00,968,161
442317,0.00,965,170
442419,0.00,966,167
442520,0.00,968,161
442621,0.00,965,170
442722,0.00,966,167
442823,0.00,966,167
442925,0.00,966,167
443026,0.00,968,161
443127,0.00,970,155
443229,0.00,966,167
443329,0.00,968,161
443430,0.00,965,170
443532,0.00,967,164
443633,0.00,965,170
443735,0.00,966,167
443835,0.00,963,177
443936,0.00,966,167
444038,0.00,967,164
444139,0.00,967,164
444240,0.00,963,177
444342,0.00,969,158
444442,0.00,965,170
444544,0.00,965,170
444645,0.00,967,164
444746,0.00,966,167
444848,0.00,966,167
444949,0.00,967,164
445049,0.00,965,170
445151,0.00,965,170
445252,0.00,968,161
445353,0.00,965,170
445455,0.00,967,164
445556,0.00,967,164
445657,0.00,966,167
445758,0.00,967,164
445859,0.00,967,164
445961,0.00,966,167
446062,0.00,965,170
446163,0.00,967,164
446264,0.00,966,167
446365,0.00,967,164
446467,0.00,967,164
446568,0.00,968,161
446669,0.00,966,167
446770,0.00,966,167
446871,0.00,965,170
446972,0.00,967,164
447074,0.00,967,164
447175,0.00,967,164
# load_kg=2000.00
447277,2000.00,966,167
447378,2000.00,969,158
447479,2000.00,965,170
447581,2000.00,968,161
447682,2000.00,969,158
447783,2000.00,967,164
447885,2000.00,965,170
447986,2000.00,967,164
448088,2000.00,965,170
448189,2000.00,967,164
448290,2000.00,967,164
448392,2000.00,969,158
448493,2000.00,965,170
448594,2000.00,965,170
448696,2000.00,967,164
448797,2000.00,966,167
448899,2000.00,967,164
449000,2000.00,966,167
449101,2000.00,965,170
449203,2000.00,968,161
449304,2000.00,966,167
449405,2000.00,968,161
449507,2000.00,968,161
449608,2000.00,967,164
449710,2000.00,969,158
449811,2000.00,966,167
449912,2000.00,966,167
450014,2000.00,966,167
450115,2000.00,965,170
450216,2000.00,964,173
450318,2000.00,966,167
450419,2000.00,968,161
450521,2000.00,965,170
450622,2000.00,966,167
450723,2000.00,966,167
450825,2000.00,967,164
450926,2000.00,968,161
451027,2000.00,970,155
451129,2000.00,968,161
451230,2000.00,967,164
451332,2000.00,965,170
451433,2000.00,968,161
451534,2000.00,965,170
451636,2000.00,967,164
451737,2000.00,968,161
451838,2000.00,968,161
451940,2000.00,967,164
452041,2000.00,967,164
452143,2000.00,969,158
452244,2000.00,968,161
452345,2000.00,969,158
452447,2000.00,967,164
452548,2000.00,966,167
452649,2000.00,967,164
452751,2000.00,966,167
452852,2000.00,963,177
452954,2000.00,968,161
453055,2000.00,966,167
453156,2000.00,965,170
453258,2000.00,968,161
453359,2000.00,968,161
453460,2000.00,965,170
453562,2000.00,967,164
453662,2000.00,966,167
453764,2000.00,965,170
453865,2000.00,966,167
453966,2000.00,967,164
454068,2000.00,969,158
454169,2000.00,969,158
454270,2000.00,967,164
454372,2000.00,966,167
454473,2000.00,967,164
454575,2000.00,966,167
454676,2000.00,965,170
454777,2000.00,968,161
454879,2000.00,965,170
454980,2000.00,966,167
455081,2000.00,968,161
455183,2000.00,967,164
455284,2000.00,967,164
455386,2000.00,967,164
455487,2000.00,964,173
455588,2000.00,966,167
455690,2000.00,968,161
455791,2000.00,965,170
455892,2000.00,966,167
455994,2000.00,966,167
456095,2000.00,967,164
456197,2000.00,967,164
456298,2000.00,968,161
456399,2000.00,967,164
456501,2000.00,966,167
456602,2000.00,966,167
456704,2000.00,965,170
456805,2000.00,966,167
456906,2000.00,965,170
457008,2000.00,966,167
457109,2000.00,966,167
457210,2000.00,966,167
457312,2000.00,967,164
457413,2000.00,967,164
457515,2000.00,968,161
457616,2000.00,969,158
457717,2000.00,967,164
457819,2000.00,966,167
457920,2000.00,968,161
458021,2000.00,966,167
458123,2000.00,968,161
458224,2000.00,965,170
458326,2000.00,967,164
458427,2000.00,966,167
458528,2000.00,967,164
458630,2000.00,965,170
458731,2000.00,969,158
458832,2000.00,965,170
458934,2000.00,969,158
459035,2000.00,967,164
459137,2000.00,966,167
459238,2000.00,966,167
459339,2000.00,968,161
459441,2000.00,966,167
459542,2000.00,966,167
459643,2000.00,967,164
459745,2000.00,967,164
459846,2000.00,968,161
459948,2000.00,968,161
460049,2000.00,968,161
460150,2000.00,967,164
460252,2000.00,969,158
460353,2000.00,966,167
460454,2000.00,969,158
460556,2000.00,968,161
460657,2000.00,966,167
460759,2000.00,965,170
460860,2000.00,967,164
460961,2000.00,969,158
461063,2000.00,967,164
461164,2000.00,967,164
461265,2000.00,966,167
461367,2000.00,967,164
461468,2000.00,967,164
461570,2000.00,966,167
461671,2000.00,965,170
461772,2000.00,968,161
461874,2000.00,966,167
461974,2000.00,965,170
462075,2000.00,966,167
462177,2000.00,969,158
462278,2000.00,969,158
462380,2000.00,965,170
462481,2000.00,966,167
462582,2000.00,964,173
462684,2000.00,967,164
462785,2000.00,967,164
462886,2000.00,967,164
462988,2000.00,966,167
463089,2000.00,968,161
463191,2000.00,967,164
463292,2000.00,967,164
463393,2000.00,967,164
463495,2000.00,966,167
463596,2000.00,966,167
463697,2000.00,967,164
463799,2000.00,966,167
463900,2000.00,967,164
464002,2000.00,967,164
464103,2000.00,966,167
464204,2000.00,969,158
464306,2000.00,967,164
464407,2000.00,965,170
464508,2000.00,968,161
464610,2000.00,968,161
464711,2000.00,967,164
464813,2000.00,967,164
464914,2000.00,968,161
465015,2000.00,966,167
465117,2000.00,968,161
465218,2000.00,967,164
465319,2000.00,967,164
465421,2000.00,968,161
465522,2000.00,966,167
465624,2000.00,968,161
465725,2000.00,966,167
465826,2000.00,966,167
465928,2000.00,968,161
466029,2000.00,968,161
466130,2000.00,969,158
466232,2000.00,967,164
466333,2000.00,969,158
466435,2000.00,968,161
466536,2000.00,966,167
466637,2000.00,967,164
466739,2000.00,967,164
466840,2000.00,967,164
466941,2000.00,967,164
467043,2000.00,965,170
467144,2000.00,967,164
467246,2000.00,968,161
467347,2000.00,967,164
467448,2000.00,966,167
467550,2000.00,968,161
467651,2000.00,967,164
467752,2000.00,967,164
467854,2000.00,966,167
467955,2000.00,968,161
468057,2000.00,969,158
468158,2000.00,966,167
468259,2000.00,966,167
468361,2000.00,968,161
468462,2000.00,965,170
468563,2000.00,966,167
468665,2000.00,968,161
468766,2000.00,968,161
468868,2000.00,966,167
468969,2000.00,967,164
469070,2000.00,965,170
469172,2000.00,968,161
469273,2000.00,968,161
469374,2000.00,966,167
469476,2000.00,968,161
469577,2000.00,965,170
469678,2000.00,965,170
469779,2000.00,967,164
469880,2000.00,967,164
469982,2000.00,968,161
470083,2000.00,967,164
470184,2000.00,968,161
470286,2000.00,966,167
470387,2000.00,965,170
470489,2000.00,968,161
470590,2000.00,965,170
470691,2000.00,967,164
470793,2000.00,967,164
470894,2000.00,967,164
470995,2000.00,967,164
471097,2000.00,968,161
471198,2000.00,968,161
471300,2000.00,965,170
471401,2000.00,966,167
471502,2000.00,963,177
471604,2000.00,966,167
471705,2000.00,966,167
471806,2000.00,966,167
471908,2000.00,967,164
472009,2000.00,969,158
472111,2000.00,967,164
472212,2000.00,965,170
472313,2000.00,968,161
472415,2000.00,968,161
472516,2000.00,969,158
472617,2000.00,968,161
# load_kg=0.00
472720,0.00,966,167
472821,0.00,966,167
472922,0.00,966,167
473023,0.00,965,170
473124,0.00,970,155
473226,0.00,968,161
473327,0.00,967,164
473428,0.00,967,164
473529,0.00,969,158
473630,0.00,969,158
473732,0.00,968,161
473833,0.00,966,167
473934,0.00,966,167
474035,0.00,965,170
474136,0.00,969,158
474237,0.00,969,158
474339,0.00,967,164
474440,0.00,966,167
474542,0.00,967,164
474642,0.00,965,170
474743,0.00,969,158
474845,0.00,968,161
474946,0.00,968,161
475047,0.00,967,164
475149,0.00,968,161
475249,0.00,966,167
475351,0.00,968,161
475452,0.00,967,164
475553,0.00,965,170
475655,0.00,968,161
475756,0.00,967,164
475856,0.00,967,164
475958,0.00,969,158
476059,0.00,966,167
476161,0.00,968,161
476262,0.00,966,167
476363,0.00,970,155
476464,0.00,969,158
476565,0.00,968,161
476666,0.00,968,161
476768,0.00,967,164
476869,0.00,965,170
476971,0.00,968,161
477071,0.00,969,158
477172,0.00,967,164
477274,0.00,967,164
477375,0.00,966,167
477476,0.00,967,164
477577,0.00,966,167
477678,0.00,969,158
477779,0.00,968,161
477881,0.00,965,170
477982,0.00,968,161
478084,0.00,966,167
478184,0.00,964,173
478285,0.00,968,161
478387,0.00,967,164
478488,0.00,969,158
478589,0.00,967,164
478691,0.00,967,164
478791,0.00,967,164
478893,0.00,967,164
478994,0.00,967,164
479095,0.00,967,164
479197,0.00,967,164
479298,0.00,967,164
479398,0.00,968,161
479500,0.00,967,164
479601,0.00,967,164
479703,0.00,966,167
479804,0.00,967,164
479905,0.00,969,158
480006,0.00,965,170
480107,0.00,966,167
480208,0.00,968,161
480310,0.00,966,167
480411,0.00,969,158
480512,0.00,966,167
480613,0.00,967,164
480714,0.00,968,161
480816,0.00,966,167
480917,0.00,966,167
481018,0.00,969,158
481119,0.00,967,164
481220,0.00,966,167
481321,0.00,964,173
481423,0.00,967,164
481524,0.00,967,164
481626,0.00,966,167
481726,0.00,969,158
481827,0.00,967,164
481929,0.00,968,161
482030,0.00,968,161
482131,0.00,967,164
482233,0.00,972,149
482333,0.00,968,161
482435,0.00,966,167
482536,0.00,962,180
482637,0.00,965,170
482739,0.00,965,170
482840,0.00,968,161
482940,0.00,966,167
483042,0.00,964,173
483143,0.00,965,170
483245,0.00,965,170
483346,0.00,965,170
483446,0.00,968,161
483548,0.00,966,167
483649,0.00,966,167
483750,0.00,965,170
483852,0.00,965,170
483953,0.00,967,164
484054,0.00,965,170
484155,0.00,965,170
484256,0.00,963,177
484358,0.00,966,167
484459,0.00,965,170
484560,0.00,965,170
484661,0.00,963,177
484762,0.00,965,170
484864,0.00,966,167
484965,0.00,966,167
485066,0.00,963,177
485168,0.00,967,164
485268,0.00,966,167
485369,0.00,965,170
485471,0.00,962,180
485572,0.00,968,161
485673,0.00,961,183
485775,0.00,965,170
485875,0.00,963,177
485977,0.00,967,164
486078,0.00,965,170
486179,0.00,966,167
486281,0.00,963,177
486381,0.00,965,170
486482,0.00,964,173
486584,0.00,966,167
486685,0.00,965,170
486787,0.00,966,167
486888,0.00,965,170
486988,0.00,967,164
487090,0.00,966,167
487191,0.00,967,164
487292,0.00,966,167
487394,0.00,967,164
487495,0.00,963,177
487596,0.00,966,167
487697,0.00,966,167
487798,0.00,967,164
487900,0.00,966,167
488001,0.00,965,170
488102,0.00,965,170
488203,0.00,966,167
488304,0.00,967,164
488406,0.00,967,164
488507,0.00,964,173
488608,0.00,967,164
488709,0.00,965,170
488810,0.00,965,170
488911,0.00,965,170
489013,0.00,965,170
489114,0.00,965,170
489216,0.00,965,170
489316,0.00,966,167
489417,0.00,966,167
489519,0.00,966,167
489620,0.00,965,170
489721,0.00,964,173
489823,0.00,965,170
489923,0.00,967,164
490024,0.00,965,170
490126,0.00,966,167
490227,0.00,966,167
490329,0.00,967,164
490430,0.00,965,170
490530,0.00,965,170
490632,0.00,967,164
490733,0.00,965,170
490834,0.00,966,167
490936,0.00,967,164
491037,0.00,965,170
491138,0.00,968,161
491239,0.00,967,164
491340,0.00,967,164
491442,0.00,961,183
491543,0.00,965,170
491643,0.00,967,164
491745,0.00,966,167
491846,0.00,965,170
491948,0.00,966,167
492049,0.00,965,170
492150,0.00,966,167
492251,0.00,964,173
492352,0.00,966,167
492453,0.00,965,170
492555,0.00,966,167
492656,0.00,965,170
492758,0.00,964,173
492858,0.00,966,167
492959,0.00,965,170
493061,0.00,966,167
493162,0.00,966,167
493263,0.00,963,177
493365,0.00,969,158
493465,0.00,965,170
493566,0.00,965,170
493668,0.00,965,170
493769,0.00,967,164
493871,0.00,967,164
493971,0.00,968,161
494072,0.00,965,170
494174,0.00,966,167
494275,0.00,964,173
494376,0.00,966,167
494478,0.00,967,164
494578,0.00,966,167
494680,0.00,966,167
494781,0.00,965,170
494882,0.00,967,164
494984,0.00,964,173
495085,0.00,965,170
495185,0.00,964,173
495287,0.00,965,170
495388,0.00,965,170
495490,0.00,965,170
495591,0.00,964,173
495692,0.00,964,173
495793,0.00,964,173
495894,0.00,964,173
495995,0.00,965,170
496097,0.00,968,161
496198,0.00,965,170
496300,0.00,965,170
496400,0.00,965,170
496501,0.00,967,164
496603,0.00,961,183
496704,0.00,965,170
496805,0.00,966,167
496906,0.00,965,170
497007,0.00,966,167
497108,0.00,965,170
497210,0.00,965,170
497311,0.00,967,164
497413,0.00,966,167
497513,0.00,966,167
497614,0.00,963,177
497716,0.00,967,164
497817,0.00,965,170
497918,0.00,964,173
498020,0.00,966,167
498120,0.00,965,170
498222,0.00,965,170
498323,0.00,965,170
498424,0.00,965,170
498526,0.00,965,170
498627,0.00,966,167
498727,0.00,964,173
498829,0.00,965,170
498930,0.00,965,170
499032,0.00,964,173
499133,0.00,965,170
499234,0.00,965,170
499335,0.00,965,170
499436,0.00,966,167
499537,0.00,965,170
499639,0.00,965,170
499740,0.00,963,177
499842,0.00,966,167
499942,0.00,965,170
500043,0.00,963,177
500145,0.00,965,170
500246,0.00,966,167
500347,0.00,961,183
500448,0.00,968,161
500549,0.00,963,177
500651,0.00,967,164
500752,0.00,963,177
500853,0.00,964,173
500955,0.00,966,167
501055,0.00,963,177
501156,0.00,965,170
501258,0.00,965,170
501359,0.00,966,167
501460,0.00,964,173
501562,0.00,966,167
501662,0.00,964,173
501764,0.00,966,167
501865,0.00,966,167
501966,0.00,963,177
502068,0.00,965,170
502169,0.00,964,173
502269,0.00,966,167
502371,0.00,964,173
502472,0.00,964,173
502574,0.00,966,167
502675,0.00,966,167
502775,0.00,966,167
502877,0.00,966,167
502978,0.00,965,170
503079,0.00,966,167
503181,0.00,967,164
503282,0.00,965,170
503383,0.00,966,167
503484,0.00,967,164
503585,0.00,967,164
503687,0.00,965,170
503788,0.00,967,164
503889,0.00,967,164
503990,0.00,965,170
504091,0.00,965,170
504193,0.00,966,167
504294,0.00,962,180
504395,0.00,965,170
504497,0.00,964,173
504597,0.00,966,167
504698,0.00,967,164
504800,0.00,966,167
504901,0.00,965,170
505003,0.00,968,161
505104,0.00,964,173
505204,0.00,967,164
505306,0.00,965,170
505407,0.00,965,170
505508,0.00,965,170
505610,0.00,964,173
505710,0.00,964,173
505811,0.00,966,167
505913,0.00,966,167
506014,0.00,963,177
506116,0.00,963,177
506217,0.00,965,170
506317,0.00,964,173
506419,0.00,964,173
506520,0.00,966,167
506621,0.00,962,180
506723,0.00,967,164
506824,0.00,963,177
506925,0.00,964,173
507026,0.00,965,170
507127,0.00,967,164
507229,0.00,964,173
507330,0.00,964,173
507431,0.00,965,170
507532,0.00,966,167
507633,0.00,964,173
507735,0.00,966,167
507836,0.00,967,164
507937,0.00,966,167
508039,0.00,965,170
508139,0.00,964,173
508240,0.00,966,167
508342,0.00,965,170
508443,0.00,965,170
508545,0.00,965,170
508646,0.00,966,167
508746,0.00,962,180
508848,0.00,963,177
508949,0.00,966,167
509050,0.00,965,170
509152,0.00,967,164
509252,0.00,963,177
509353,0.00,967,164
509455,0.00,961,183
509556,0.00,966,167
509658,0.00,965,170
509759,0.00,964,173
509859,0.00,966,167
509961,0.00,962,180
510062,0.00,965,170
510163,0.00,966,167
510265,0.00,964,173
510366,0.00,965,170
510467,0.00,965,170
510568,0.00,965,170
510669,0.00,967,164
510771,0.00,966,167
510872,0.00,965,170
510973,0.00,967,164
511074,0.00,962,180
511175,0.00,968,161
511277,0.00,965,170
511378,0.00,965,170
511479,0.00,966,167
511581,0.00,967,164
511681,0.00,966,167
511782,0.00,963,177
511884,0.00,965,170
511985,0.00,963,177
512087,0.00,964,173
512187,0.00,968,161
512288,0.00,965,170
512390,0.00,966,167
512491,0.00,967,164
512592,0.00,967,164
512694,0.00,966,167
512794,0.00,965,170
512896,0.00,964,173
512997,0.00,965,170
513098,0.00,963,177
513200,0.00,967,164
513301,0.00,965,170
513401,0.00,967,164
513503,0.00,966,167
513604,0.00,966,167
513705,0.00,963,177
513807,0.00,965,170
513908,0.00,966,167
514009,0.00,965,170
514110,0.00,968,161
514211,0.00,966,167
514313,0.00,965,170
514414,0.00,966,167
514514,0.00,966,167
514616,0.00,965,170
514717,0.00,967,164
514819,0.00,967,164
514920,0.00,965,170
515021,0.00,963,177
515122,0.00,966,167
515223,0.00,966,167
515324,0.00,965,170
515426,0.00,965,170
515527,0.00,965,170
515629,0.00,964,173
515729,0.00,965,170
515830,0.00,966,167
515932,0.00,967,164
516033,0.00,967,164
516134,0.00,968,161
516236,0.00,962,180
516336,0.00,967,164
516438,0.00,966,167
516539,0.00,967,164
516640,0.00,966,167
516742,0.00,966,167
516842,0.00,968,161
516943,0.00,966,167
517045,0.00,965,170
517146,0.00,965,170
517248,0.00,963,177
517349,0.00,966,167
517449,0.00,966,167
517551,0.00,965,170
517652,0.00,963,177
517753,0.00,968,161
517855,0.00,964,173
517956,0.00,965,170
518056,0.00,966,167
518158,0.00,966,167
518259,0.00,966,167
518361,0.00,968,161
518462,0.00,966,167
518563,0.00,966,167
518664,0.00,965,170
518765,0.00,966,167
518866,0.00,966,167
518968,0.00,966,167
519069,0.00,966,167
519170,0.00,964,173
519271,0.00,966,167
519372,0.00,967,164
519474,0.00,966,167
519575,0.00,966,167
519676,0.00,966,167
519777,0.00,966,167
519878,0.00,966,167
519980,0.00,968,161
520081,0.00,961,183
520182,0.00,966,167
520284,0.00,965,170
520384,0.00,962,180
520485,0.00,969,158
520587,0.00,968,161
520688,0.00,970,155
520790,0.00,966,167
520891,0.00,970,155
520991,0.00,967,164
521093,0.00,969,158
521194,0.00,969,158
521295,0.00,970,155
521397,0.00,969,158
521498,0.00,970,155
521598,0.00,968,161
521700,0.00,968,161
521801,0.00,969,158
521903,0.00,970,155
522004,0.00,968,161
522104,0.00,968,161
522206,0.00,970,155
522307,0.00,968,161
522408,0.00,969,158
522510,0.00,970,155
522611,0.00,969,158
522712,0.00,970,155
522813,0.00,970,155
522914,0.00,970,155
523016,0.00,969,158
523117,0.00,970,155
523218,0.00,971,152
523319,0.00,970,155
523420,0.00,969,158
523522,0.00,968,161
523623,0.00,971,152
523724,0.00,971,152
523826,0.00,968,161
523926,0.00,969,158
524027,0.00,970,155
524129,0.00,968,161
524230,0.00,969,158
524332,0.00,971,152
524433,0.00,969,158
524533,0.00,968,161
524635,0.00,971,152
524736,0.00,971,152
524837,0.00,969,158
524939,0.00,969,158
525039,0.00,970,155
525140,0.00,970,155
525242,0.00,965,170
525343,0.00,969,158
525445,0.00,969,158
# load_kg=1621.00
525546,1621.00,969,158
525647,1621.00,969,158
525749,1621.00,969,158
525850,1621.00,970,155
525952,1621.00,970,155
526053,1621.00,970,155
526154,1621.00,969,158
526256,1621.00,969,158
526357,1621.00,970,155
526458,1621.00,971,152
526560,1621.00,969,158
526661,1621.00,968,161
526763,1621.00,970,155
526864,1621.00,969,158
526965,1621.00,969,158
527067,1621.00,972,149
527168,1621.00,969,158
527269,1621.00,969,158
527371,1621.00,970,155
527472,1621.00,971,152
527574,1621.00,969,158
527675,1621.00,969,158
527776,1621.00,972,149
527878,1621.00,968,161
527979,1621.00,964,173
528080,1621.00,968,161
528182,1621.00,969,158
528283,1621.00,968,161
528385,1621.00,969,158
528486,1621.00,972,149
528587,1621.00,971,152
528689,1621.00,971,152
528790,1621.00,970,155
528891,1621.00,970,155
528993,1621.00,970,155
529094,1621.00,970,155
529196,1621.00,970,155
529297,1621.00,969,158
529398,1621.00,969,158
529500,1621.00,968,161
529601,1621.00,969,158
529702,1621.00,972,149
529804,1621.00,969,158
529905,1621.00,969,158
530007,1621.00,971,152
530108,1621.00,969,158
530209,1621.00,964,173
530311,1621.00,969,158
530412,1621.00,968,161
530513,1621.00,969,158
530615,1621.00,969,158
530716,1621.00,969,158
530818,1621.00,970,155
530919,1621.00,971,152
531020,1621.00,968,161
531122,1621.00,969,158
531223,1621.00,972,149
531324,1621.00,970,155
531426,1621.00,971,152
531527,1621.00,970,155
531629,1621.00,970,155
531730,1621.00,969,158
531831,1621.00,970,155
531933,1621.00,970,155
532034,1621.00,969,158
532135,1621.00,972,149
532237,1621.00,972,149
532338,1621.00,969,158
532440,1621.00,971,152
532541,1621.00,969,158
532642,1621.00,970,155
532744,1621.00,972,149
532845,1621.00,971,152
532946,1621.00,969,158
533047,1621.00,971,152
533148,1621.00,969,158
533250,1621.00,972,149
533351,1621.00,971,152
533452,1621.00,973,146
533554,1621.00,970,155
533655,1621.00,970,155
533756,1621.00,971,152
533858,1621.00,970,155
533959,1621.00,969,158
534061,1621.00,972,149
534162,1621.00,969,158
534263,1621.00,972,149
534365,1621.00,972,149
534466,1621.00,971,152
534567,1621.00,970,155
534669,1621.00,970,155
534770,1621.00,970,155
534872,1621.00,969,158
534973,1621.00,969,158
535074,1621.00,972,149
535176,1621.00,970,155
535277,1621.00,965,170
535378,1621.00,971,152
535480,1621.00,969,158
535581,1621.00,970,155
535683,1621.00,972,149
535784,1621.00,972,149
535885,1621.00,968,161
535987,1621.00,970,155
536088,1621.00,969,158
536189,1621.00,968,161
536291,1621.00,970,155
536392,1621.00,970,155
536494,1621.00,969,158
536595,1621.00,970,155
536696,1621.00,971,152
536798,1621.00,972,149
536899,1621.00,970,155
537000,1621.00,972,149
537102,1621.00,971,152
537203,1621.00,970,155
537305,1621.00,969,158
537406,1621.00,969,158
537507,1621.00,967,164
537609,1621.00,969,158
537710,1621.00,971,152
537811,1621.00,968,161
537913,1621.00,971,152
538014,1621.00,970,155
538116,1621.00,970,155
538217,1621.00,972,149
538318,1621.00,972,149
538420,1621.00,969,158
538521,1621.00,967,164
538622,1621.00,969,158
538724,1621.00,971,152
538825,1621.00,970,155
538927,1621.00,971,152
539028,1621.00,972,149
539129,1621.00,970,155
539231,1621.00,971,152
539332,1621.00,972,149
539433,1621.00,972,149
539535,1621.00,970,155
539636,1621.00,972,149
539738,1621.00,971,152
539839,1621.00,971,152
539940,1621.00,971,152
540042,1621.00,969,158
540143,1621.00,969,158
540244,1621.00,972,149
540346,1621.00,971,152
540447,1621.00,970,155
540549,1621.00,972,149
540650,1621.00,969,158
540751,1621.00,968,161
540853,1621.00,969,158
540954,1621.00,970,155
541056,1621.00,969,158
541157,1621.00,969,158
541258,1621.00,970,155
541360,1621.00,970,155
541461,1621.00,969,158
541561,1621.00,970,155
541663,1621.00,969,158
541764,1621.00,968,161
541865,1621.00,970,155
541967,1621.00,968,161
542068,1621.00,969,158
542170,1621.00,969,158
542271,1621.00,970,155
542372,1621.00,969,158
542474,1621.00,970,155
542575,1621.00,967,164
542676,1621.00,968,161
542778,1621.00,971,152
542879,1621.00,969,158
542981,1621.00,970,155
543082,1621.00,968,161
543183,1621.00,972,149
543285,1621.00,972,149
543386,1621.00,971,152
543488,1621.00,967,164
543589,1621.00,970,155
543690,1621.00,971,152
543792,1621.00,970,155
543893,1621.00,970,155
543994,1621.00,969,158
544096,1621.00,970,155
544197,1621.00,969,158
544299,1621.00,970,155
544400,1621.00,971,152
544501,1621.00,968,161
544603,1621.00,970,155
544704,1621.00,969,158
544805,1621.00,970,155
544907,1621.00,972,149
545008,1621.00,969,158
545110,1621.00,970,155
545211,1621.00,969,158
545312,1621.00,968,161
545414,1621.00,968,161
545515,1621.00,969,158
545616,1621.00,972,149
545718,1621.00,972,149
545819,1621.00,967,164
545921,1621.00,971,152
546022,1621.00,970,155
546123,1621.00,972,149
546225,1621.00,972,149
546326,1621.00,969,158
546427,1621.00,968,161
546529,1621.00,970,155
546630,1621.00,970,155
546732,1621.00,970,155
546833,1621.00,968,161
546934,1621.00,968,161
547036,1621.00,969,158
547137,1621.00,972,149
547238,1621.00,970,155
547340,1621.00,970,155
547441,1621.00,969,158
547543,1621.00,971,152
547644,1621.00,970,155
547745,1621.00,971,152
547847,1621.00,972,149
# load_kg=0.00
547948,0.00,971,152
548049,0.00,970,155
548151,0.00,968,161
548252,0.00,970,155
548354,0.00,970,155
548454,0.00,972,149
548555,0.00,972,149
548657,0.00,969,158
548758,0.00,970,155
548859,0.00,972,149
548961,0.00,972,149
549061,0.00,968,161
549163,0.00,969,158
549264,0.00,969,158
549365,0.00,970,155
549467,0.00,970,155
549568,0.00,970,155
549668,0.00,970,155
549770,0.00,970,155
549871,0.00,969,158
549972,0.00,972,149
550074,0.00,971,152
550175,0.00,968,161
550276,0.00,970,155
550377,0.00,969,158
550478,0.00,969,158
550580,0.00,972,149
550681,0.00,970,155
550781,0.00,970,155
550883,0.00,970,155
550984,0.00,970,155
551086,0.00,967,164
551187,0.00,968,161
551288,0.00,965,170
551389,0.00,961,183
551490,0.00,964,173
551591,0.00,964,173
551693,0.00,964,173
551794,0.00,963,177
551896,0.00,964,173
551996,0.00,963,177
552097,0.00,961,183
552199,0.00,964,173
552300,0.00,963,177
552401,0.00,963,177
552503,0.00,965,170
552603,0.00,963,177
552705,0.00,964,173
552806,0.00,963,177
552907,0.00,964,173
553009,0.00,959,189
553110,0.00,965,170
553210,0.00,961,183
553312,0.00,965,170
553413,0.00,964,173
553515,0.00,961,183
553616,0.00,961,183
553717,0.00,963,177
553818,0.00,961,183
553919,0.00,962,180
554020,0.00,963,177
554122,0.00,962,180
554223,0.00,961,183
554323,0.00,964,173
554425,0.00,963,177
554526,0.00,961,183
554628,0.00,962,180
554729,0.00,962,180
554830,0.00,963,177
554931,0.00,963,177
555032,0.00,962,180
555133,0.00,962,180
555235,0.00,963,177
555336,0.00,962,180
555438,0.00,963,177
555538,0.00,961,183
555639,0.00,964,173
555741,0.00,961,183
555842,0.00,961,183
555943,0.00,964,173
556045,0.00,961,183
556145,0.00,961,183
556247,0.00,962,180
556348,0.00,964,173
556449,0.00,962,180
556551,0.00,961,183
556652,0.00,963,177
556752,0.00,962,180
556854,0.00,961,183
556955,0.00,962,180
557057,0.00,961,183
557158,0.00,963,177
557258,0.00,962,180
557360,0.00,959,189
557461,0.00,963,177
557562,0.00,962,180
557664,0.00,962,180
# load_kg=1223.00
557765,1223.00,963,177
557867,1223.00,964,173
557968,1223.00,962,180
558069,1223.00,961,183
558171,1223.00,964,173
558272,1223.00,961,183
558373,1223.00,961,183
558475,1223.00,961,183
558576,1223.00,964,173
558678,1223.00,964,173
558779,1223.00,963,177
558880,1223.00,965,170
558982,1223.00,964,173
559083,1223.00,958,192
559184,1223.00,964,173
559286,1223.00,964,173
559387,1223.00,965,170
559489,1223.00,961,183
559590,1223.00,962,180
559691,1223.00,964,173
559793,1223.00,963,177
559894,1223.00,963,177
559995,1223.00,961,183
560097,1223.00,962,180
560198,1223.00,961,183
560300,1223.00,962,180
560401,1223.00,962,180
560502,1223.00,962,180
560604,1223.00,962,180
560705,1223.00,964,173
560806,1223.00,961,183
560908,1223.00,965,170
561009,1223.00,965,170
561111,1223.00,961,183
561212,1223.00,962,180
561313,1223.00,963,177
561415,1223.00,963,177
561516,1223.00,962,180
561617,1223.00,961,183
561719,1223.00,963,177
561820,1223.00,962,180
561922,1223.00,962,180
562023,1223.00,962,180
562124,1223.00,964,173
562226,1223.00,963,177
562327,1223.00,964,173
562428,1223.00,965,170
562530,1223.00,962,180
562631,1223.00,963,177
562733,1223.00,962,180
562834,1223.00,964,173
562935,1223.00,962,180
563037,1223.00,961,183
563138,1223.00,962,180
563239,1223.00,964,173
563341,1223.00,965,170
563442,1223.00,962,180
563544,1223.00,961,183
563645,1223.00,964,173
563746,1223.00,963,177
563848,1223.00,962,180
563949,1223.00,964,173
564050,1223.00,963,177
564152,1223.00,964,173
564253,1223.00,965,170
564355,1223.00,963,177
564456,1223.00,964,173
564557,1223.00,964,173
564659,1223.00,962,180
564760,1223.00,962,180
564861,1223.00,961,183
564963,1223.00,963,177
565064,1223.00,964,173
565165,1223.00,962,180
565266,1223.00,964,173
565367,1223.00,961,183
565469,1223.00,962,180
565570,1223.00,962,180
565671,1223.00,964,173
565773,1223.00,961,183
565874,1223.00,964,173
565976,1223.00,963,177
566077,1223.00,964,173
566178,1223.00,961,183
566280,1223.00,963,177
566381,1223.00,961,183
566482,1223.00,962,180
566584,1223.00,963,177
566685,1223.00,964,173
566787,1223.00,963,177
566888,1223.00,964,173
566989,1223.00,964,173
567091,1223.00,963,177
567192,1223.00,962,180
567293,1223.00,961,183
567395,1223.00,962,180
567496,1223.00,962,180
567598,1223.00,963,177
567699,1223.00,962,180
567800,1223.00,962,180
567902,1223.00,964,173
568003,1223.00,963,177
568104,1223.00,962,180
568206,1223.00,961,183
568307,1223.00,962,180
568409,1223.00,961,183
568510,1223.00,961,183
568611,1223.00,963,177
568713,1223.00,965,170
568814,1223.00,961,183
568915,1223.00,959,189
569017,1223.00,962,180
569118,1223.00,961,183
569220,1223.00,959,189
569321,1223.00,963,177
569422,1223.00,962,180
569524,1223.00,961,183
569625,1223.00,962,180
569726,1223.00,963,177
569828,1223.00,960,186
569929,1223.00,963,177
570031,1223.00,964,173
570132,1223.00,963,177
570233,1223.00,962,180
570335,1223.00,963,177
570436,1223.00,961,183
570537,1223.00,962,180
570639,1223.00,964,173
570740,1223.00,963,177
570842,1223.00,963,177
570943,1223.00,964,173
571044,1223.00,964,173
571146,1223.00,962,180
571247,1223.00,964,173
571348,1223.00,961,183
571450,1223.00,963,177
571551,1223.00,962,180
571653,1223.00,963,177
571754,1223.00,963,177
571855,1223.00,965,170
571957,1223.00,960,186
572058,1223.00,964,173
# load_kg=0.00
572160,0.00,963,177
572261,0.00,962,180
572362,0.00,965,170
572464,0.00,961,183
572565,0.00,961,183
572665,0.00,963,177
572767,0.00,964,173
572868,0.00,962,180
572969,0.00,964,173
573071,0.00,963,177
573172,0.00,964,173
573273,0.00,963,177
573374,0.00,964,173
573475,0.00,961,183
573577,0.00,963,177
573678,0.00,961,183
573779,0.00,962,180
573880,0.00,964,173
573981,0.00,964,173
574083,0.00,959,189
574184,0.00,963,177
574285,0.00,964,173
574386,0.00,963,177
574487,0.00,965,170
574588,0.00,963,177
574690,0.00,962,180
574791,0.00,961,183
574893,0.00,964,173
574993,0.00,961,183
575094,0.00,965,170
575196,0.00,963,177
575297,0.00,963,177
575398,0.00,961,183
575500,0.00,964,173
575600,0.00,964,173
575702,0.00,963,177
575803,0.00,964,173
575904,0.00,962,180
576006,0.00,956,199
576107,0.00,900,387
576207,0.00,345,5567
576309,0.00,361,5195
576410,0.00,358,5262
576512,0.00,362,5173
576613,0.00,363,5151
576714,0.00,362,5173
576816,0.00,354,5354
576917,0.00,351,5424
577017,0.00,341,5666
577119,0.00,325,6084
577220,0.00,284,7372
577321,0.00,282,7444
577423,0.00,283,7408
577524,0.00,284,7372
577626,0.00,286,7300
577727,0.00,285,7336
577827,0.00,286,7300
577929,0.00,286,7300
578030,0.00,284,7372
578131,0.00,286,7300
578233,0.00,285,7336
578334,0.00,287,7265
578436,0.00,286,7300
578537,0.00,285,7336
578637,0.00,285,7336
578739,0.00,284,7372
578840,0.00,283,7408
578941,0.00,283,7408
579043,0.00,283,7408
579144,0.00,282,7444
579246,0.00,279,7555
579347,0.00,275,7706
579447,0.00,267,8022
579549,0.00,256,8488
579650,0.00,255,8532
579751,0.00,255,8532
579853,0.00,255,8532
579954,0.00,254,8577
580056,0.00,254,8577
580156,0.00,254,8577
580257,0.00,252,8668
580359,0.00,252,8668
580460,0.00,251,8713
580561,0.00,251,8713
580663,0.00,252,8668
580764,0.00,253,8622
580866,0.00,254,8577
580966,0.00,249,8806
581067,0.00,247,8900
581169,0.00,246,8948
581270,0.00,243,9094
581371,0.00,242,9143
581473,0.00,241,9193
581574,0.00,241,9193
581676,0.00,242,9143
581776,0.00,243,9094
581877,0.00,242,9143
581979,0.00,242,9143
582080,0.00,243,9094
582181,0.00,244,9045
582283,0.00,242,9143
582384,0.00,243,9094
582484,0.00,241,9193
582586,0.00,240,9243
582687,0.00,241,9193
582789,0.00,239,9293
582890,0.00,240,9243
582991,0.00,235,9500
583093,0.00,237,9396
583194,0.00,485,3143
583294,0.00,655,1592
583396,0.00,830,659
583497,0.00,854,561
583599,0.00,877,472
583700,0.00,894,409
583801,0.00,896,402
583902,0.00,893,412
584003,0.00,896,402
584104,0.00,893,412
584206,0.00,892,416
584307,0.00,895,405
584409,0.00,896,402
584509,0.00,894,409
584610,0.00,895,405
584712,0.00,893,412
584813,0.00,894,409
584914,0.00,893,412
585016,0.00,895,405
585116,0.00,895,405
585218,0.00,894,409
585319,0.00,895,405
585420,0.00,894,409
585522,0.00,894,409
585623,0.00,896,402
585723,0.00,896,402
585825,0.00,894,409
585926,0.00,897,398
586028,0.00,895,405
586129,0.00,896,402
586230,0.00,897,398
586331,0.00,895,405
586432,0.00,897,398
586533,0.00,897,398
586635,0.00,897,398
586736,0.00,895,405
586836,0.00,895,405
586938,0.00,895,405
587039,0.00,897,398
587141,0.00,897,398
587242,0.00,898,394
587343,0.00,891,420
587444,0.00,901,384
587545,0.00,895,405
587646,0.00,900,387
587748,0.00,901,384
587849,0.00,703,1290
587951,0.00,649,1633
588052,0.00,324,6112
588152,0.00,208,11100
588254,0.00,239,9293
588355,0.00,244,9045
588456,0.00,251,8713
588558,0.00,249,8806
588659,0.00,260,8314
588761,0.00,254,8577
588862,0.00,236,9447
588962,0.00,237,9396
589064,0.00,243,9094
589165,0.00,244,9045
589266,0.00,246,8948
589368,0.00,248,8853
589469,0.00,251,8713
589571,0.00,249,8806
589671,0.00,247,8900
589772,0.00,249,8806
589874,0.00,244,9045
589975,0.00,245,8996
590076,0.00,250,8760
590178,0.00,244,9045
590279,0.00,244,9045
590381,0.00,244,9045
590481,0.00,248,8853
590582,0.00,247,8900
590684,0.00,249,8806
590785,0.00,245,8996
590886,0.00,244,9045
590988,0.00,241,9193
591089,0.00,242,9143
591191,0.00,241,9193
591291,0.00,240,9243
591392,0.00,238,9344
591494,0.00,239,9293
591595,0.00,238,9344
591696,0.00,237,9396
591798,0.00,238,9344
591899,0.00,237,9396
592000,0.00,238,9344
592101,0.00,235,9500
592202,0.00,235,9500
592304,0.00,238,9344
592405,0.00,235,9500
592506,0.00,278,7592
592608,0.00,893,412
592709,0.00,923,307
592809,0.00,916,331
592911,0.00,921,314
593012,0.00,908,359
593114,0.00,909,355
593215,0.00,914,338
593316,0.00,927,293
593417,0.00,924,304
593518,0.00,931,280
593619,0.00,929,287
593721,0.00,931,280
593822,0.00,930,283
593924,0.00,930,283
594024,0.00,932,277
594125,0.00,931,280
594227,0.00,931,280
594328,0.00,931,280
594429,0.00,930,283
594530,0.00,930,283
594631,0.00,931,280
594733,0.00,933,273
594834,0.00,932,277
594935,0.00,931,280
595037,0.00,933,273
595137,0.00,933,273
595238,0.00,931,280
595340,0.00,933,273
595441,0.00,934,270
595543,0.00,932,277
595644,0.00,932,277
595744,0.00,932,277
595846,0.00,932,277
595947,0.00,933,273
596048,0.00,934,270
596150,0.00,931,280
596251,0.00,931,280
596352,0.00,934,270
596453,0.00,929,287
596554,0.00,934,270
596656,0.00,933,273
596757,0.00,933,273
596858,0.00,934,270
596959,0.00,932,277
597060,0.00,933,273
597161,0.00,931,280
597263,0.00,931,280
597364,0.00,931,280
597466,0.00,933,273
597566,0.00,931,280
597667,0.00,934,270
597769,0.00,933,273
597870,0.00,931,280
597971,0.00,934,270
598072,0.00,933,273
598173,0.00,932,277
598275,0.00,933,273
598376,0.00,935,267
598477,0.00,934,270
598579,0.00,934,270
598679,0.00,933,273
598780,0.00,934,270
598882,0.00,934,270
598983,0.00,932,277
599085,0.00,934,270
599186,0.00,929,287
599286,0.00,933,273
599388,0.00,932,277
599489,0.00,933,273
599590,0.00,934,270
599692,0.00,935,267
599793,0.00,934,270
599894,0.00,933,273
599995,0.00,934,270
600096,0.00,933,273
600198,0.00,933,273
600299,0.00,934,270
600400,0.00,934,270
600501,0.00,934,270
600602,0.00,933,273
600704,0.00,933,273
600805,0.00,935,267
600906,0.00,936,263
601008,0.00,934,270
601108,0.00,934,270
601209,0.00,934,270
601311,0.00,934,270
601412,0.00,933,273
601513,0.00,935,267
601614,0.00,934,270
601715,0.00,933,273
601817,0.00,934,270
601918,0.00,931,280
602019,0.00,935,267
602121,0.00,935,267
602221,0.00,933,273
602322,0.00,934,270
602424,0.00,934,270
602525,0.00,934,270
602627,0.00,936,263
602728,0.00,934,270
602828,0.00,934,270
602930,0.00,935,267
603031,0.00,937,260
603132,0.00,936,263
603234,0.00,934,270
603335,0.00,933,273
603436,0.00,935,267
603537,0.00,934,270
603638,0.00,933,273
603740,0.00,933,273
603841,0.00,934,270
603942,0.00,934,270
604043,0.00,933,273
604144,0.00,934,270
604246,0.00,936,263
604347,0.00,934,270
604448,0.00,934,270
604550,0.00,934,270
604650,0.00,935,267
604751,0.00,936,263
604853,0.00,934,270
604954,0.00,933,273
605056,0.00,935,267
605156,0.00,935,267
605257,0.00,933,273
605359,0.00,935,267
605460,0.00,934,270
605561,0.00,934,270
605663,0.00,934,270
605763,0.00,934,270
605864,0.00,935,267
605966,0.00,933,273
606067,0.00,935,267
606169,0.00,934,270
606270,0.00,934,270
606370,0.00,934,270
606472,0.00,934,270
606573,0.00,936,263
606674,0.00,934,270
606776,0.00,934,270
606877,0.00,935,267
606978,0.00,935,267
607079,0.00,935,267
607180,0.00,935,267
607282,0.00,935,267
607383,0.00,935,267
607484,0.00,934,270
607585,0.00,935,267
607686,0.00,934,270
# load_kg=1000.00
607789,1000.00,933,273
607890,1000.00,937,260
607991,1000.00,935,267
608093,1000.00,934,270
608194,1000.00,935,267
608295,1000.00,936,263
608397,1000.00,933,273
608498,1000.00,934,270
608600,1000.00,936,263
608701,1000.00,935,267
608802,1000.00,935,267
608904,1000.00,935,267
609005,1000.00,935,267
609106,1000.00,935,267
609208,1000.00,937,260
609309,1000.00,935,267
609411,1000.00,935,267
609512,1000.00,937,260
609613,1000.00,935,267
609715,1000.00,935,267
609816,1000.00,933,273
609917,1000.00,931,280
610019,1000.00,933,273
610120,1000.00,935,267
610222,1000.00,934,270
610323,1000.00,936,263
610424,1000.00,934,270
610526,1000.00,933,273
610627,1000.00,934,270
610728,1000.00,933,273
610830,1000.00,933,273
610931,1000.00,935,267
611033,1000.00,935,267
611134,1000.00,936,263
611235,1000.00,935,267
611337,1000.00,936,263
611438,1000.00,934,270
611539,1000.00,938,257
611641,1000.00,935,267
611742,1000.00,936,263
611844,1000.00,936,263
611945,1000.00,933,273
612046,1000.00,934,270
612148,1000.00,933,273
612249,1000.00,935,267
612350,1000.00,937,260
612452,1000.00,933,273
612553,1000.00,935,267
612655,1000.00,937,260
612756,1000.00,931,280
612857,1000.00,936,263
612959,1000.00,934,270
613060,1000.00,935,267
613161,1000.00,936,263
613263,1000.00,936,263
613364,1000.00,934,270
613466,1000.00,935,267
613567,1000.00,932,277
613668,1000.00,937,260
613770,1000.00,935,267
613871,1000.00,936,263
613972,1000.00,934,270
614074,1000.00,936,263
614175,1000.00,936,263
614277,1000.00,935,267
614378,1000.00,935,267
614479,1000.00,937,260
614581,1000.00,935,267
614682,1000.00,936,263
614784,1000.00,936,263
614885,1000.00,936,263
614986,1000.00,935,267
615087,1000.00,934,270
615188,1000.00,934,270
615289,1000.00,935,267
615391,1000.00,935,267
615492,1000.00,936,263
615593,1000.00,938,257
615695,1000.00,935,267
615796,1000.00,936,263
615898,1000.00,935,267
615999,1000.00,937,260
616100,1000.00,933,273
616202,1000.00,935,267
616303,1000.00,938,257
616404,1000.00,936,263
616506,1000.00,938,257
616607,1000.00,936,263
616709,1000.00,934,270
616810,1000.00,935,267
616911,1000.00,936,263
617013,1000.00,935,267
617114,1000.00,935,267
617216,1000.00,936,263
617317,1000.00,935,267
617418,1000.00,936,263
617520,1000.00,938,257
617621,1000.00,937,260
617722,1000.00,937,260
617824,1000.00,935,267
617925,1000.00,937,260
618027,1000.00,935,267
618128,1000.00,935,267
618229,1000.00,936,263
618331,1000.00,936,263
618432,1000.00,936,263
618533,1000.00,934,270
618635,1000.00,936,263
618736,1000.00,936,263
618838,1000.00,936,263
618939,1000.00,934,270
619040,1000.00,937,260
619142,1000.00,935,267
619243,1000.00,937,260
619344,1000.00,936,263
619446,1000.00,934,270
619547,1000.00,935,267
619649,1000.00,935,267
619750,1000.00,937,260
619851,1000.00,935,267
619953,1000.00,936,263
620054,1000.00,936,263
620155,1000.00,937,260
620257,1000.00,936,263
620358,1000.00,936,263
620460,1000.00,936,263
620561,1000.00,935,267
620662,1000.00,936,263
620764,1000.00,938,257
620865,1000.00,935,267
620966,1000.00,935,267
621068,1000.00,934,270
621169,1000.00,936,263
621271,1000.00,937,260
621372,1000.00,936,263
621473,1000.00,933,273
621575,1000.00,936,263
621676,1000.00,937,260
621777,1000.00,937,260
621879,1000.00,937,260
621980,1000.00,938,257
622082,1000.00,935,267
622183,1000.00,936,263
622284,1000.00,938,257
622386,1000.00,937,260
622487,1000.00,937,260
622588,1000.00,937,260
622690,1000.00,934,270
622791,1000.00,936,263
622893,1000.00,936,263
622994,1000.00,936,263
623095,1000.00,935,267
623197,1000.00,935,267
623298,1000.00,936,263
623399,1000.00,937,260
623501,1000.00,936,263
623602,1000.00,932,277
623704,1000.00,936,263
623805,1000.00,935,267
623906,1000.00,935,267
624008,1000.00,936,263
624109,1000.00,934,270
624210,1000.00,934,270
624312,1000.00,937,260
624413,1000.00,937,260
624515,1000.00,936,263
624616,1000.00,938,257
624717,1000.00,936,263
624819,1000.00,938,257
624920,1000.00,937,260
625021,1000.00,935,267
625123,1000.00,935,267
625224,1000.00,938,257
625326,1000.00,936,263
625427,1000.00,936,263
625528,1000.00,937,260
625630,1000.00,936,263
625731,1000.00,935,267
625832,1000.00,936,263
625934,1000.00,936,263
626035,1000.00,934,270
626137,1000.00,937,260
626238,1000.00,936,263
626339,1000.00,937,260
626441,1000.00,937,260
626542,1000.00,936,263
626643,1000.00,938,257
626745,1000.00,937,260
626846,1000.00,935,267
626948,1000.00,935,267
627049,1000.00,935,267
627150,1000.00,936,263
627252,1000.00,937,260
627353,1000.00,934,270
627454,1000.00,936,263
627556,1000.00,936,263
627657,1000.00,936,263
627759,1000.00,935,267
627860,1000.00,937,260
627961,1000.00,938,257
628063,1000.00,935,267
628163,1000.00,938,257
628264,1000.00,936,263
628366,1000.00,937,260
628467,1000.00,938,257
628569,1000.00,936,263
628670,1000.00,937,260
628771,1000.00,938,257
628873,1000.00,936,263
628974,1000.00,938,257
629075,1000.00,935,267
629177,1000.00,935,267
629278,1000.00,937,260
629380,1000.00,935,267
629481,1000.00,935,267
629582,1000.00,938,257
629684,1000.00,937,260
629785,1000.00,936,263
629886,1000.00,936,263
629988,1000.00,933,273
630089,1000.00,936,263
630191,1000.00,937,260
630292,1000.00,935,267
630393,1000.00,935,267
630495,1000.00,935,267
630596,1000.00,937,260
630697,1000.00,935,267
630799,1000.00,937,260
630900,1000.00,937,260
631002,1000.00,936,263
631103,1000.00,934,270
631204,1000.00,936,263
631306,1000.00,937,260
631407,1000.00,938,257
631508,1000.00,935,267
631610,1000.00,935,267
631711,1000.00,938,257
631813,1000.00,935,267
631914,1000.00,935,267
632015,1000.00,936,263
632117,1000.00,936,263
632218,1000.00,937,260
632320,1000.00,936,263
632421,1000.00,935,267
632522,1000.00,938,257
632624,1000.00,936,263
632725,1000.00,936,263
632826,1000.00,937,260
632928,1000.00,936,263
633029,1000.00,937,260
633131,1000.00,936,263
633232,1000.00,935,267
633333,1000.00,936,263
633435,1000.00,938,257
633536,1000.00,936,263
633637,1000.00,937,260
633739,1000.00,936,263
633840,1000.00,936,263
633942,1000.00,936,263
634043,1000.00,936,263
634144,1000.00,934,270
634246,1000.00,935,267
634347,1000.00,937,260
634448,1000.00,937,260
634550,1000.00,938,257
634651,1000.00,936,263
634753,1000.00,937,260
634854,1000.00,937,260
634955,1000.00,937,260
635057,1000.00,935,267
635158,1000.00,936,263
635259,1000.00,937,260
635361,1000.00,938,257
635462,1000.00,935,267
635564,1000.00,938,257
635665,1000.00,935,267
635766,1000.00,937,260
635868,1000.00,936,263
635969,1000.00,935,267
636070,1000.00,936,263
636172,1000.00,936,263
636273,1000.00,935,267
636375,1000.00,938,257
636476,1000.00,937,260
636577,1000.00,936,263
636679,1000.00,937,260
636780,1000.00,937,260
636881,1000.00,937,260
636983,1000.00,937,260
637084,1000.00,933,273
637186,1000.00,938,257
637287,1000.00,936,263
637388,1000.00,938,257
637490,1000.00,937,260
637591,1000.00,936,263
637692,1000.00,935,267
637794,1000.00,939,253
637895,1000.00,937,260
637997,1000.00,935,267
638098,1000.00,936,263
638199,1000.00,937,260
638301,1000.00,937,260
638402,1000.00,938,257
638503,1000.00,939,253
638605,1000.00,938,257
638706,1000.00,939,253
638808,1000.00,937,260
638909,1000.00,936,263
639010,1000.00,937,260
639112,1000.00,938,257
639213,1000.00,934,270
639314,1000.00,936,263
639416,1000.00,933,273
639517,1000.00,937,260
639619,1000.00,936,263
639720,1000.00,936,263
639821,1000.00,936,263
639923,1000.00,938,257
640024,1000.00,937,260
640125,1000.00,937,260
640227,1000.00,938,257
640328,1000.00,937,260
640430,1000.00,937,260
640531,1000.00,937,260
640632,1000.00,936,263
640734,1000.00,937,260
640835,1000.00,937,260
640936,1000.00,938,257
641038,1000.00,935,267
641139,1000.00,938,257
641241,1000.00,936,263
641341,1000.00,936,263
641442,1000.00,936,263
641544,1000.00,937,260
641645,1000.00,937,260
641746,1000.00,936,263
641848,1000.00,935,267
641949,1000.00,937,260
642051,1000.00,936,263
642152,1000.00,938,257
642253,1000.00,936,263
642355,1000.00,936,263
642456,1000.00,937,260
642557,1000.00,938,257
642659,1000.00,937,260
642760,1000.00,937,260
642862,1000.00,935,267
642963,1000.00,936,263
643064,1000.00,935,267
643166,1000.00,936,263
643267,1000.00,936,263
643368,1000.00,938,257
643470,1000.00,937,260
643571,1000.00,936,263
643673,1000.00,937,260
643774,1000.00,938,257
643875,1000.00,937,260
643977,1000.00,938,257
644078,1000.00,936,263
644179,1000.00,935,267
644281,1000.00,937,260
644382,1000.00,934,270
644484,1000.00,936,263
644585,1000.00,936,263
644686,1000.00,936,263
644788,1000.00,936,263
644889,1000.00,937,260
644990,1000.00,937,260
645092,1000.00,936,263
645193,1000.00,936,263
645295,1000.00,935,267
645396,1000.00,935,267
645497,1000.00,936,263
645599,1000.00,937,260
645700,1000.00,934,270
645801,1000.00,937,260
645903,1000.00,938,257
646004,1000.00,937,260
646106,1000.00,936,263
646207,1000.00,937,260
646308,1000.00,936,263
646410,1000.00,935,267
646511,1000.00,938,257
646612,1000.00,934,270
646714,1000.00,936,263
646815,1000.00,936,263
646917,1000.00,938,257
647018,1000.00,938,257
647119,1000.00,938,257
647221,1000.00,938,257
647322,1000.00,937,260
647424,1000.00,936,263
647525,1000.00,935,267
647626,1000.00,936,263
647728,1000.00,936,263
647829,1000.00,937,260
647930,1000.00,938,257
648032,1000.00,938,257
648133,1000.00,938,257
648235,1000.00,937,260
648336,1000.00,940,250
648437,1000.00,937,260
648539,1000.00,938,257
648640,1000.00,937,260
648741,1000.00,936,263
648843,1000.00,937,260
648944,1000.00,938,257
649046,1000.00,938,257
649147,1000.00,936,263
649248,1000.00,936,263
649350,1000.00,937,260
649451,1000.00,937,260
649552,1000.00,936,263
649654,1000.00,937,260
649755,1000.00,937,260
649857,1000.00,936,263
649958,1000.00,937,260
650059,1000.00,937,260
650161,1000.00,934,270
650262,1000.00,937,260
650363,1000.00,938,257
650465,1000.00,936,263
650566,1000.00,936,263
650668,1000.00,936,263
650769,1000.00,937,260
650870,1000.00,937,260
650972,1000.00,936,263
651073,1000.00,935,267
651174,1000.00,936,263
651276,1000.00,938,257
651377,1000.00,936,263
651479,1000.00,937,260
651580,1000.00,938,257
651681,1000.00,937,260
651783,1000.00,936,263
651884,1000.00,935,267
651985,1000.00,938,257
652087,1000.00,938,257
652188,1000.00,936,263
652290,1000.00,936,263
652391,1000.00,937,260
652492,1000.00,936,263
652594,1000.00,937,260
652695,1000.00,937,260
652796,1000.00,933,273
652898,1000.00,937,260
652999,1000.00,938,257
653101,1000.00,937,260
653202,1000.00,936,263
653303,1000.00,936,263
653405,1000.00,937,260
653506,1000.00,937,260
653607,1000.00,937,260
653709,1000.00,937,260
653809,1000.00,937,260
653911,1000.00,937,260
654012,1000.00,936,263
654113,1000.00,936,263
654215,1000.00,936,263
654316,1000.00,936,263
654417,1000.00,935,267
654519,1000.00,935,267
654620,1000.00,938,257
654722,1000.00,938,257
654823,1000.00,936,263
# load_kg=0.00
654925,0.00,937,260
655027,0.00,937,260
655128,0.00,935,267
655228,0.00,938,257
655330,0.00,936,263
655431,0.00,937,260
655533,0.00,936,263
655634,0.00,936,263
655735,0.00,936,263
655836,0.00,938,257
655937,0.00,938,257
656038,0.00,937,260
656140,0.00,937,260
656241,0.00,937,260
656343,0.00,936,263
656443,0.00,937,260
656544,0.00,938,257
656646,0.00,935,267
656747,0.00,937,260
656848,0.00,936,263
656950,0.00,937,260
657050,0.00,935,267
657152,0.00,938,257
657253,0.00,937,260
657354,0.00,936,263
657456,0.00,934,270
657557,0.00,936,263
657657,0.00,937,260
657759,0.00,938,257
657860,0.00,937,260
657961,0.00,936,263
658063,0.00,937,260
658164,0.00,938,257
658265,0.00,937,260
658366,0.00,936,263
658467,0.00,937,260
658569,0.00,936,263
658670,0.00,936,263
658770,0.00,937,260
658872,0.00,937,260
658973,0.00,937,260
659075,0.00,936,263
659176,0.00,934,270
659277,0.00,937,260
659378,0.00,941,247
659479,0.00,785,859
659580,0.00,176,13634
659682,0.00,284,7372
659783,0.00,295,6991
659885,0.00,283,7408
659986,0.00,279,7555
660087,0.00,258,8400
660188,0.00,252,8668
660289,0.00,254,8577
660390,0.00,253,8622
660492,0.00,252,8668
660593,0.00,249,8806
660695,0.00,251,8713
660796,0.00,249,8806
660896,0.00,250,8760
660998,0.00,250,8760
661099,0.00,249,8806
661200,0.00,249,8806
661302,0.00,249,8806
661403,0.00,247,8900
661505,0.00,240,9243
661606,0.00,240,9243
661706,0.00,239,9293
661808,0.00,237,9396
661909,0.00,238,9344
662010,0.00,237,9396
662112,0.00,237,9396
662213,0.00,236,9447
662315,0.00,237,9396
662415,0.00,236,9447
662516,0.00,238,9344
662618,0.00,237,9396
662719,0.00,237,9396
662820,0.00,238,9344
662922,0.00,237,9396
663023,0.00,237,9396
663124,0.00,236,9447
663225,0.00,232,9659
663326,0.00,233,9605
663428,0.00,232,9659
663529,0.00,232,9659
663630,0.00,231,9713
663732,0.00,230,9768
663833,0.00,229,9823
663934,0.00,229,9823
664035,0.00,230,9768
664136,0.00,228,9878
664238,0.00,227,9934
664339,0.00,226,9991
664440,0.00,226,9991
664542,0.00,224,10105
664643,0.00,226,9991
664744,0.00,225,10048
664845,0.00,225,10048
664946,0.00,227,9934
665048,0.00,222,10222
665149,0.00,219,10401
665250,0.00,210,10968
665352,0.00,211,10902
665453,0.00,212,10838
665554,0.00,211,10902
665656,0.00,209,11034
665757,0.00,209,11034
665859,0.00,202,11514
665960,0.00,201,11586
666060,0.00,197,11878
666162,0.00,193,12183
666263,0.00,192,12262
666364,0.00,192,12262
666466,0.00,191,12341
666567,0.00,197,11878
666669,0.00,196,11954
666770,0.00,196,11954
666871,0.00,193,12183
666973,0.00,197,11878
667074,0.00,190,12420
667175,0.00,188,12583
667277,0.00,189,12501
667377,0.00,190,12420
667479,0.00,191,12341
667580,0.00,189,12501
667681,0.00,202,11514
667783,0.00,193,12183
667884,0.00,190,12420
667985,0.00,189,12501
668087,0.00,190,12420
668188,0.00,189,12501
668290,0.00,190,12420
668391,0.00,191,12341
668492,0.00,192,12262
668594,0.00,189,12501
668694,0.00,188,12583
668795,0.00,191,12341
668897,0.00,194,12106
668998,0.00,194,12106
669100,0.00,191,12341
669201,0.00,191,12341
669302,0.00,192,12262
669404,0.00,187,12665
669505,0.00,187,12665
669606,0.00,186,12748
669708,0.00,183,13004
669809,0.00,183,13004
669911,0.00,184,12918
670011,0.00,182,13091
670112,0.00,181,13179
670214,0.00,181,13179
670315,0.00,181,13179
670416,0.00,168,14418
670518,0.00,165,14732
670619,0.00,163,14947
670721,0.00,165,14732
670822,0.00,162,15057
670923,0.00,165,14732
671025,0.00,163,14947
671126,0.00,161,15168
671227,0.00,162,15057
671328,0.00,159,15394
671429,0.00,155,15865
671531,0.00,157,15627
671632,0.00,158,15510
671733,0.00,159,15394
671835,0.00,156,15745
671936,0.00,154,15986
672037,0.00,154,15986
672139,0.00,161,15168
672240,0.00,160,15280
672342,0.00,158,15510
672443,0.00,161,15168
672544,0.00,160,15280
672645,0.00,158,15510
672746,0.00,158,15510
672847,0.00,157,15627
672949,0.00,161,15168
673050,0.00,160,15280
673152,0.00,157,15627
673253,0.00,157,15627
673354,0.00,151,16360
673456,0.00,155,15865
673557,0.00,153,16109
673658,0.00,152,16234
673760,0.00,152,16234
673861,0.00,153,16109
673961,0.00,151,16360
674063,0.00,149,16618
674164,0.00,150,16488
674266,0.00,150,16488
674367,0.00,149,16618
674468,0.00,147,16882
674570,0.00,145,17154
674671,0.00,145,17154
674772,0.00,137,18321
674874,0.00,139,18017
674975,0.00,138,18168
675077,0.00,140,17868
675178,0.00,138,18168
675278,0.00,138,18168
675380,0.00,137,18321
675481,0.00,133,18958
675582,0.00,136,18477
675684,0.00,135,18635
675785,0.00,137,18321
675887,0.00,132,19123
675988,0.00,135,18635
676089,0.00,130,19461
676191,0.00,132,19123
676292,0.00,130,19461
676393,0.00,128,19809
676495,0.00,125,20352
676595,0.00,109,23756
676697,0.00,112,23043
676798,0.00,111,23277
676899,0.00,111,23277
677001,0.00,111,23277
677102,0.00,111,23277
677203,0.00,109,23756
677305,0.00,110,23514
677406,0.00,108,24002
677508,0.00,109,23756
677609,0.00,110,23514
677710,0.00,107,24253
677812,0.00,107,24253
677912,0.00,106,24508
678013,0.00,87,30479
678115,0.00,94,27998
678216,0.00,93,28330
678318,0.00,97,27045
678419,0.00,94,27998
678520,0.00,94,27998
678622,0.00,92,28669
678723,0.00,96,27356
678823,0.00,97,27045
678925,0.00,94,27998
679026,0.00,96,27356
679128,0.00,92,28669
679229,0.00,88,30101
679330,0.00,90,29369
679432,0.00,89,29731
679533,0.00,90,29369
679633,0.00,92,28669
679735,0.00,91,29015
679836,0.00,88,30101
679938,0.00,88,30101
680039,0.00,89,29731
680140,0.00,87,30479
680242,0.00,86,30867
680343,0.00,85,31263
680443,0.00,86,30867
680545,0.00,84,31669
680646,0.00,84,31669
680748,0.00,87,30479
680849,0.00,86,30867
680950,0.00,85,31263
681052,0.00,87,30479
681153,0.00,89,29731
681253,0.00,87,30479
681355,0.00,83,32085
681456,0.00,83,32085
681558,0.00,85,31263
681659,0.00,82,32510
681760,0.00,83,32085
681862,0.00,82,32510
681962,0.00,81,32947
682063,0.00,81,32947
682165,0.00,79,33853
682266,0.00,82,32510
682368,0.00,82,32510
682469,0.00,82,32510
682570,0.00,80,33394
682672,0.00,79,33853
682772,0.00,77,34805
682873,0.00,77,34805
682975,0.00,76,35301
683076,0.00,189,12501
683177,0.00,0,-1
683279,0.00,217,10523
683379,0.00,372,4958
683481,0.00,604,1965
683582,0.00,730,1137
683683,0.00,810,745
683785,0.00,884,445
683886,0.00,927,293
683987,0.00,934,270
684088,0.00,939,253
684189,0.00,924,304
684291,0.00,913,341
684392,0.00,920,317
684493,0.00,930,283
684595,0.00,925,300
684695,0.00,920,317
684796,0.00,907,362
684898,0.00,916,331
684999,0.00,915,334
685101,0.00,914,338
685202,0.00,917,327
685302,0.00,910,352
685404,0.00,894,409
685505,0.00,909,355
685606,0.00,890,423
685708,0.00,889,427
685809,0.00,912,345
685910,0.00,915,334
686011,0.00,917,327
686112,0.00,915,334
686214,0.00,899,391
686315,0.00,900,387
686416,0.00,897,398
686517,0.00,901,384
686618,0.00,913,341
686720,0.00,912,345
686821,0.00,911,348
686922,0.00,909,355
687023,0.00,908,359
687124,0.00,907,362
687225,0.00,882,453
687327,0.00,907,362
687428,0.00,910,352
687529,0.00,911,348
687630,0.00,913,341
687731,0.00,913,341
687833,0.00,902,380
687934,0.00,894,409
688035,0.00,888,431
688137,0.00,917,327
688237,0.00,917,327
688338,0.00,916,331
688440,0.00,908,359
688541,0.00,913,341
688643,0.00,911,348
688744,0.00,915,334
688844,0.00,917,327
688946,0.00,906,366
689047,0.00,912,345
689148,0.00,919,321
689250,0.00,919,321
689351,0.00,920,317
689452,0.00,915,334
689553,0.00,916,331
689654,0.00,919,321
689756,0.00,922,310
689857,0.00,917,327
689958,0.00,913,341
690059,0.00,889,427
690160,0.00,881,457
690262,0.00,889,427
690363,0.00,888,431
690464,0.00,885,442
690565,0.00,878,468
690666,0.00,874,483
690767,0.00,874,483
690869,0.00,893,412
690970,0.00,901,384
# load_kg=599.00
691072,599.00,896,402
691173,599.00,883,449
691274,599.00,870,498
691376,599.00,885,442
691477,599.00,874,483
691578,599.00,872,491
691680,599.00,890,423
691781,599.00,888,431
691883,599.00,858,545
691984,599.00,874,483
692085,599.00,872,491
692187,599.00,858,545
692288,599.00,901,384
692389,599.00,893,412
692490,599.00,873,487
692591,599.00,848,585
692692,599.00,876,475
692794,599.00,861,533
692895,599.00,910,352
692997,599.00,898,394
693098,599.00,917,327
693199,599.00,912,345
693301,599.00,887,434
693402,599.00,898,394
693504,599.00,902,380
693605,599.00,894,409
693706,599.00,885,442
693808,599.00,880,460
693909,599.00,890,423
694010,599.00,895,405
694112,599.00,889,427
694212,599.00,868,506
694313,599.00,859,541
694415,599.00,870,498
694516,599.00,877,472
694618,599.00,875,479
694719,599.00,883,449
694820,599.00,864,521
694922,599.00,875,479
695023,599.00,900,387
695124,599.00,913,341
695226,599.00,918,324
695327,599.00,916,331
695429,599.00,916,331
695530,599.00,912,345
695631,599.00,913,341
695733,599.00,911,348
695833,599.00,909,355
695934,599.00,914,338
696036,599.00,917,327
696137,599.00,918,324
696239,599.00,918,324
696340,599.00,919,321
696441,599.00,919,321
696543,599.00,917,327
696644,599.00,919,321
696745,599.00,919,321
696847,599.00,918,324
696948,599.00,919,321
697050,599.00,919,321
697151,599.00,919,321
697252,599.00,917,327
697354,599.00,916,331
697455,599.00,918,324
697555,599.00,915,334
697657,599.00,919,321
697758,599.00,920,317
697860,599.00,918,324
697961,599.00,917,327
698062,599.00,917,327
698164,599.00,915,334
698265,599.00,917,327
698366,599.00,915,334
698468,599.00,914,338
698569,599.00,914,338
698671,599.00,916,331
698772,599.00,916,331
698873,599.00,913,341
698975,599.00,905,369
699076,599.00,845,597
699176,599.00,907,362
699278,599.00,908,359
699379,599.00,908,359
699481,599.00,907,362
699582,599.00,903,376
699683,599.00,883,449
699785,599.00,884,445
699886,599.00,907,362
699987,599.00,915,334
700089,599.00,920,317
700190,599.00,921,314
700292,599.00,920,317
700393,599.00,922,310
700494,599.00,917,327
700596,599.00,918,324
700697,599.00,918,324
700798,599.00,916,331
700899,599.00,918,324
701000,599.00,918,324
701102,599.00,917,327
701203,599.00,919,321
701304,599.00,919,321
701406,599.00,921,314
701507,599.00,918,324
701608,599.00,918,324
701710,599.00,921,314
701811,599.00,919,321
701913,599.00,916,331
702014,599.00,917,327
702115,599.00,919,321
702217,599.00,918,324
702318,599.00,917,327
702419,599.00,918,324
702520,599.00,920,317
702621,599.00,920,317
702723,599.00,922,310
702824,599.00,922,310
702925,599.00,920,317
703027,599.00,920,317
703128,599.00,921,314
703229,599.00,923,307
703331,599.00,922,310
703432,599.00,919,321
703534,599.00,920,317
703635,599.00,923,307
703736,599.00,921,314
703838,599.00,921,314
703939,599.00,922,310
704040,599.00,920,317
704142,599.00,921,314
704242,599.00,920,317
704344,599.00,920,317
704445,599.00,918,324
704546,599.00,918,324
704648,599.00,916,331
704749,599.00,915,334
704850,599.00,916,331
704952,599.00,915,334
705053,599.00,913,341
705155,599.00,910,352
705256,599.00,912,345
705357,599.00,913,341
705459,599.00,911,348
705560,599.00,908,359
705661,599.00,911,348
705763,599.00,917,327
705863,599.00,919,321
705965,599.00,918,324
706066,599.00,919,321
706167,599.00,921,314
706269,599.00,920,317
706370,599.00,922,310
706471,599.00,920,317
706573,599.00,920,317
706674,599.00,922,310
706776,599.00,922,310
706877,599.00,920,317
706978,599.00,922,310
707080,599.00,924,304
707181,599.00,921,314
707282,599.00,922,310
707384,599.00,921,314
707485,599.00,923,307
707586,599.00,923,307
707687,599.00,923,307
707788,599.00,922,310
707890,599.00,923,307
707991,599.00,922,310
708092,599.00,923,307
708194,599.00,924,304
708295,599.00,922,310
708397,599.00,924,304
708498,599.00,918,324
708599,599.00,922,310
708701,599.00,921,314
708802,599.00,923,307
708903,599.00,922,310
709005,599.00,922,310
709106,599.00,922,310
709207,599.00,924,304
709308,599.00,923,307
709409,599.00,922,310
709511,599.00,922,310
709612,599.00,922,310
709713,599.00,924,304
709815,599.00,921,314
709916,599.00,922,310
710018,599.00,923,307
710119,599.00,923,307
710220,599.00,921,314
710322,599.00,923,307
710423,599.00,921,314
710524,599.00,922,310
710626,599.00,922,310
710727,599.00,923,307
710829,599.00,921,314
710929,599.00,923,307
711030,599.00,923,307
711132,599.00,923,307
711233,599.00,922,310
# load_kg=0.00
711335,0.00,922,310
711437,0.00,921,314
711537,0.00,920,317
711639,0.00,922,310
711740,0.00,922,310
711841,0.00,920,317
711943,0.00,922,310
712044,0.00,921,314
712144,0.00,922,310
712246,0.00,923,307
712347,0.00,920,317
712449,0.00,921,314
712550,0.00,921,314
712651,0.00,922,310
712752,0.00,921,314
712853,0.00,922,310
712954,0.00,923,307
713056,0.00,921,314
713157,0.00,920,317
713259,0.00,921,314
713359,0.00,919,321
713460,0.00,921,314
713562,0.00,921,314
713663,0.00,921,314
713764,0.00,920,317
713865,0.00,920,317
713966,0.00,922,310
714067,0.00,922,310
714169,0.00,920,317
714270,0.00,921,314
714372,0.00,920,317
714472,0.00,919,321
714573,0.00,918,324
714675,0.00,919,321
714776,0.00,917,327
714877,0.00,914,338
714979,0.00,866,514
715079,0.00,915,334
715181,0.00,931,280
715282,0.00,921,314
715383,0.00,897,398
715485,0.00,920,317
715586,0.00,909,355
715686,0.00,896,402
715788,0.00,897,398
715889,0.00,909,355
715991,0.00,900,387
716092,0.00,902,380
716193,0.00,909,355
716294,0.00,903,376
716395,0.00,904,373
716496,0.00,905,369
716598,0.00,907,362
716699,0.00,903,376
716801,0.00,906,366
716901,0.00,904,373
717002,0.00,904,373
717104,0.00,904,373
717205,0.00,905,369
717306,0.00,904,373
717407,0.00,905,369
717508,0.00,906,366
717609,0.00,906,366
717711,0.00,906,366
717812,0.00,905,369
717914,0.00,907,362
718014,0.00,906,366
718115,0.00,905,369
718217,0.00,906,366
718318,0.00,906,366
718419,0.00,905,369
718521,0.00,905,369
718621,0.00,904,373
718723,0.00,905,369
718824,0.00,906,366
718925,0.00,907,362
719027,0.00,905,369
719128,0.00,905,369
719228,0.00,906,366
719330,0.00,905,369
719431,0.00,906,366
719533,0.00,906,366
719634,0.00,906,366
719735,0.00,906,366
719836,0.00,905,369
719937,0.00,905,369
720038,0.00,906,366
720140,0.00,908,359
720241,0.00,906,366
720343,0.00,907,362
720443,0.00,908,359
720544,0.00,906,366
720646,0.00,905,369
720747,0.00,906,366
720848,0.00,906,366
720949,0.00,905,369
721050,0.00,906,366
721152,0.00,905,369
721253,0.00,907,362
721354,0.00,906,366
721456,0.00,905,369
721556,0.00,906,366
721657,0.00,906,366
721759,0.00,902,380
721860,0.00,907,362
721961,0.00,905,369
722063,0.00,904,373
722163,0.00,903,376
722265,0.00,907,362
722366,0.00,906,366
722467,0.00,907,362
# load_kg=399.00
722569,399.00,905,369
722670,399.00,906,366
722771,399.00,907,362
722873,399.00,906,366
722974,399.00,903,376
723076,399.00,906,366
723177,399.00,906,366
723278,399.00,905,369
723380,399.00,906,366
723481,399.00,905,369
723582,399.00,906,366
723684,399.00,908,359
723785,399.00,905,369
723887,399.00,906,366
723988,399.00,905,369
724089,399.00,907,362
724190,399.00,905,369
724291,399.00,905,369
724392,399.00,906,366
724494,399.00,906,366
724595,399.00,906,366
724697,399.00,906,366
724798,399.00,906,366
724899,399.00,906,366
725001,399.00,906,366
725102,399.00,907,362
725203,399.00,907,362
725305,399.00,905,369
725406,399.00,906,366
725508,399.00,906,366
725609,399.00,906,366
725710,399.00,904,373
725811,399.00,906,366
725912,399.00,906,366
726013,399.00,904,373
726115,399.00,905,369
726216,399.00,906,366
726318,399.00,905,369
726419,399.00,905,369
726520,399.00,905,369
726622,399.00,907,362
726723,399.00,905,369
726824,399.00,905,369
726926,399.00,905,369
727027,399.00,905,369
727129,399.00,908,359
727230,399.00,906,366
727331,399.00,904,373
727433,399.00,906,366
727533,399.00,906,366
727634,399.00,907,362
727736,399.00,906,366
727837,399.00,908,359
727939,399.00,906,366
728040,399.00,905,369
728141,399.00,905,369
728243,399.00,907,362
728344,399.00,906,366
728445,399.00,907,362
728547,399.00,904,373
728648,399.00,904,373
728750,399.00,907,362
728851,399.00,906,366
728952,399.00,905,369
729054,399.00,906,366
729154,399.00,907,362
729255,399.00,907,362
729357,399.00,908,359
729458,399.00,906,366
729560,399.00,908,359
729661,399.00,906,366
729762,399.00,906,366
729864,399.00,903,376
729965,399.00,907,362
730066,399.00,906,366
730168,399.00,906,366
730269,399.00,906,366
730371,399.00,907,362
730472,399.00,905,369
730573,399.00,908,359
730675,399.00,906,366
730776,399.00,907,362
730876,399.00,905,369
730978,399.00,906,366
731079,399.00,906,366
731181,399.00,905,369
731282,399.00,905,369
731383,399.00,905,369
731485,399.00,905,369
731586,399.00,906,366
731687,399.00,905,369
731789,399.00,905,369
731890,399.00,905,369
731992,399.00,906,366
732093,399.00,906,366
732194,399.00,904,373
732296,399.00,905,369
732397,399.00,904,373
732497,399.00,906,366
732599,399.00,906,366
732700,399.00,907,362
732802,399.00,906,366
732903,399.00,906,366
733004,399.00,907,362
733106,399.00,906,366
733207,399.00,905,369
733308,399.00,908,359
733410,399.00,906,366
733511,399.00,904,373
733613,399.00,906,366
733714,399.00,906,366
733815,399.00,907,362
733917,399.00,906,366
734018,399.00,905,369
734119,399.00,908,359
734220,399.00,906,366
734321,399.00,907,362
734423,399.00,906,366
734524,399.00,906,366
734625,399.00,906,366
734727,399.00,904,373
734828,399.00,906,366
734929,399.00,905,369
735031,399.00,906,366
735132,399.00,905,369
735234,399.00,907,362
735335,399.00,907,362
735436,399.00,906,366
735538,399.00,907,362
735639,399.00,906,366
735740,399.00,906,366
735842,399.00,906,366
735942,399.00,907,362
736044,399.00,906,366
736145,399.00,906,366
736246,399.00,906,366
736348,399.00,906,366
736449,399.00,905,369
736550,399.00,906,366
736652,399.00,907,362
736753,399.00,906,366
736855,399.00,904,373
736956,399.00,906,366
737057,399.00,904,373
737159,399.00,907,362
737260,399.00,906,366
737361,399.00,905,369
737463,399.00,907,362
737564,399.00,906,366
737665,399.00,906,366
737766,399.00,906,366
737867,399.00,907,362
737969,399.00,906,366
738070,399.00,905,369
738171,399.00,905,369
738273,399.00,906,366
738374,399.00,904,373
738476,399.00,906,366
738577,399.00,906,366
738678,399.00,905,369
738780,399.00,905,369
738881,399.00,906,366
738982,399.00,905,369
739084,399.00,906,366
739185,399.00,906,366
739286,399.00,905,369
739387,399.00,906,366
739488,399.00,906,366
739590,399.00,906,366
739691,399.00,905,369
739792,399.00,907,362
739894,399.00,906,366
739995,399.00,906,366
740097,399.00,906,366
740198,399.00,905,369
740299,399.00,906,366
740401,399.00,905,369
740502,399.00,906,366
740603,399.00,906,366
740705,399.00,905,369
740806,399.00,906,366
740907,399.00,906,366
741008,399.00,905,369
741109,399.00,906,366
741211,399.00,906,366
741312,399.00,904,373
741413,399.00,906,366
741515,399.00,906,366
741616,399.00,906,366
741718,399.00,905,369
741819,399.00,905,369
741920,399.00,906,366
742022,399.00,905,369
742123,399.00,905,369
742224,399.00,906,366
742326,399.00,905,369
742427,399.00,905,369
742529,399.00,905,369
742629,399.00,906,366
742730,399.00,906,366
742832,399.00,904,373
742933,399.00,905,369
743034,399.00,905,369
743136,399.00,906,366
743237,399.00,904,373
743339,399.00,905,369
743440,399.00,905,369
743541,399.00,904,373
743643,399.00,906,366
743744,399.00,906,366
743845,399.00,907,362
743947,399.00,908,359
744048,399.00,904,373
744150,399.00,906,366
744251,399.00,904,373
744351,399.00,905,369
744453,399.00,905,369
744554,399.00,906,366
744655,399.00,906,366
744757,399.00,904,373
744858,399.00,905,369
744960,399.00,906,366
745061,399.00,906,366
745162,399.00,906,366
745264,399.00,905,369
745365,399.00,904,373
745466,399.00,906,366
745568,399.00,901,384
745669,399.00,904,373
745771,399.00,906,366
745872,399.00,905,369
745972,399.00,905,369
746074,399.00,906,366
746175,399.00,904,373
746276,399.00,907,362
746378,399.00,906,366
746479,399.00,906,366
746580,399.00,905,369
746682,399.00,906,366
746783,399.00,905,369
746885,399.00,903,376
746986,399.00,905,369
747087,399.00,904,373
747189,399.00,903,376
747290,399.00,905,369
747392,399.00,905,369
747493,399.00,905,369
747594,399.00,905,369
747695,399.00,905,369
747796,399.00,903,376
747897,399.00,906,366
747999,399.00,906,366
748100,399.00,904,373
748201,399.00,906,366
748303,399.00,907,362
748404,399.00,907,362
748506,399.00,906,366
748607,399.00,906,366
748708,399.00,905,369
748810,399.00,906,366
748911,399.00,905,369
749012,399.00,905,369
749114,399.00,905,369
749215,399.00,905,369
749316,399.00,906,366
749417,399.00,905,369
749518,399.00,904,373
749620,399.00,905,369
749721,399.00,904,373
749822,399.00,905,369
749924,399.00,904,373
750025,399.00,905,369
750127,399.00,906,366
750228,399.00,905,369
750329,399.00,905,369
750431,399.00,906,366
750532,399.00,904,373
750633,399.00,904,373
750735,399.00,905,369
750836,399.00,907,362
750937,399.00,906,366
751038,399.00,903,376
751139,399.00,904,373
751241,399.00,906,366
751342,399.00,906,366
751443,399.00,905,369
751545,399.00,905,369
751646,399.00,905,369
751748,399.00,905,369
# load_kg=0.00
751849,0.00,906,366
751950,0.00,905,369
752052,0.00,905,369
752153,0.00,906,366
752254,0.00,906,366
752356,0.00,901,384
752456,0.00,905,369
752558,0.00,905,369
752659,0.00,904,373
752760,0.00,907,362
752862,0.00,906,366
752963,0.00,904,373
753063,0.00,905,369
753165,0.00,906,366
753266,0.00,908,359
753368,0.00,905,369
753469,0.00,903,376
753570,0.00,905,369
753671,0.00,904,373
753772,0.00,904,373
753873,0.00,903,376
753975,0.00,905,369
754076,0.00,904,373
754178,0.00,905,369
754278,0.00,906,366
754379,0.00,905,369
754481,0.00,905,369
754582,0.00,904,373
754683,0.00,905,369
754785,0.00,903,376
754885,0.00,907,362
754987,0.00,903,376
755088,0.00,900,387
755189,0.00,905,369
755291,0.00,888,431
755392,0.00,897,398
755492,0.00,902,380
755594,0.00,880,460
755695,0.00,859,541
755796,0.00,829,663
755898,0.00,831,655
755998,0.00,833,646
756100,0.00,833,646
756201,0.00,834,642
756302,0.00,834,642
756404,0.00,834,642
756505,0.00,832,650
756605,0.00,832,650
756707,0.00,833,646
756808,0.00,831,655
756910,0.00,831,655
757011,0.00,831,655
757112,0.00,832,650
757213,0.00,831,655
757314,0.00,830,659
757415,0.00,830,659
757517,0.00,834,642
757618,0.00,830,659
757720,0.00,832,650
757820,0.00,830,659
757921,0.00,831,655
758023,0.00,831,655
758124,0.00,832,650
758225,0.00,829,663
758327,0.00,833,646
758427,0.00,830,659
758529,0.00,830,659
758630,0.00,831,655
758731,0.00,831,655
758833,0.00,832,650
758934,0.00,832,650
759034,0.00,832,650
759136,0.00,832,650
759237,0.00,830,659
759339,0.00,832,650
759440,0.00,832,650
759540,0.00,833,646
759642,0.00,831,655
759743,0.00,830,659
759844,0.00,831,655
759946,0.00,832,650
760047,0.00,830,659
760147,0.00,831,655
760249,0.00,832,650
760350,0.00,829,663
760452,0.00,829,663
760553,0.00,831,655
760654,0.00,831,655
760755,0.00,830,659
760856,0.00,831,655
# load_kg=200.00
760958,200.00,830,659
761060,200.00,830,659
761161,200.00,832,650
761263,200.00,832,650
761364,200.00,831,655
761464,200.00,831,655
761566,200.00,830,659
761667,200.00,831,655
761768,200.00,830,659
761870,200.00,831,655
761971,200.00,831,655
762073,200.00,830,659
762174,200.00,832,650
762275,200.00,831,655
762377,200.00,830,659
762478,200.00,831,655
762579,200.00,832,650
762681,200.00,831,655
762782,200.00,832,650
762884,200.00,831,655
762985,200.00,827,671
763086,200.00,831,655
763187,200.00,831,655
763288,200.00,831,655
763389,200.00,831,655
763491,200.00,831,655
763592,200.00,830,659
763694,200.00,830,659
763795,200.00,830,659
763896,200.00,831,655
763998,200.00,829,663
764099,200.00,830,659
764200,200.00,828,667
764302,200.00,830,659
764403,200.00,829,663
764505,200.00,829,663
764606,200.00,829,663
764707,200.00,830,659
764808,200.00,831,655
764909,200.00,829,663
765010,200.00,831,655
765112,200.00,830,659
765213,200.00,830,659
765315,200.00,831,655
765416,200.00,831,655
765517,200.00,831,655
765619,200.00,829,663
765720,200.00,830,659
765821,200.00,831,655
765923,200.00,829,663
766024,200.00,830,659
766126,200.00,830,659
766227,200.00,830,659
766328,200.00,830,659
766429,200.00,830,659
766530,200.00,830,659
766631,200.00,830,659
766733,200.00,829,663
766834,200.00,830,659
766936,200.00,828,667
767037,200.00,828,667
767138,200.00,829,663
767240,200.00,829,663
767341,200.00,831,655
767442,200.00,830,659
767544,200.00,829,663
767645,200.00,830,659
767747,200.00,831,655
767848,200.00,829,663
767949,200.00,830,659
768051,200.00,829,663
768151,200.00,830,659
768252,200.00,829,663
768354,200.00,829,663
768455,200.00,830,659
768557,200.00,830,659
768658,200.00,827,671
768759,200.00,830,659
768861,200.00,829,663
768962,200.00,830,659
769063,200.00,829,663
769165,200.00,830,659
769266,200.00,829,663
769368,200.00,830,659
769469,200.00,829,663
769570,200.00,829,663
769671,200.00,830,659
769772,200.00,829,663
769873,200.00,830,659
769975,200.00,831,655
770076,200.00,829,663
770178,200.00,829,663
770279,200.00,826,676
770380,200.00,830,659
770482,200.00,831,655
770583,200.00,830,659
770684,200.00,828,667
770786,200.00,830,659
770887,200.00,829,663
770989,200.00,830,659
771090,200.00,830,659
771191,200.00,830,659
771293,200.00,830,659
771393,200.00,830,659
771494,200.00,829,663
771596,200.00,829,663
771697,200.00,830,659
771799,200.00,829,663
771900,200.00,830,659
772001,200.00,829,663
772103,200.00,831,655
772204,200.00,830,659
772305,200.00,829,663
772407,200.00,831,655
772508,200.00,830,659
772610,200.00,829,663
772711,200.00,832,650
772812,200.00,829,663
772914,200.00,830,659
773014,200.00,831,655
773115,200.00,830,659
773217,200.00,830,659
773318,200.00,828,667
773420,200.00,830,659
773521,200.00,830,659
773622,200.00,831,655
773724,200.00,830,659
773825,200.00,829,663
773926,200.00,831,655
774028,200.00,832,650
774129,200.00,830,659
774231,200.00,828,667
774332,200.00,831,655
774433,200.00,830,659
774535,200.00,830,659
774635,200.00,829,663
774736,200.00,830,659
774838,200.00,830,659
774939,200.00,829,663
775041,200.00,830,659
775142,200.00,828,667
775243,200.00,830,659
775345,200.00,830,659
775446,200.00,831,655
775547,200.00,832,650
775649,200.00,830,659
775750,200.00,830,659
775852,200.00,831,655
775953,200.00,829,663
776054,200.00,831,655
776156,200.00,831,655
776256,200.00,829,663
776357,200.00,829,663
776459,200.00,829,663
776560,200.00,830,659
776662,200.00,829,663
776763,200.00,830,659
776864,200.00,830,659
776966,200.00,829,663
777067,200.00,829,663
777168,200.00,829,663
777270,200.00,829,663
777371,200.00,832,650
777473,200.00,829,663
777574,200.00,830,659
777675,200.00,830,659
777777,200.00,827,671
777877,200.00,829,663
777978,200.00,830,659
778080,200.00,830,659
778181,200.00,829,663
778283,200.00,830,659
778384,200.00,829,663
778485,200.00,829,663
778587,200.00,829,663
778688,200.00,830,659
778789,200.00,828,667
778891,200.00,830,659
778992,200.00,830,659
779094,200.00,831,655
779195,200.00,827,671
779296,200.00,828,667
779398,200.00,831,655
779498,200.00,829,663
779599,200.00,829,663
779701,200.00,830,659
779802,200.00,830,659
779904,200.00,829,663
780005,200.00,830,659
780106,200.00,830,659
780208,200.00,829,663
780309,200.00,829,663
780410,200.00,829,663
780512,200.00,832,650
780613,200.00,828,667
780715,200.00,830,659
780816,200.00,831,655
780917,200.00,831,655
781019,200.00,828,667
781119,200.00,829,663
781220,200.00,830,659
781322,200.00,831,655
781423,200.00,831,655
781524,200.00,831,655
781626,200.00,833,646
781727,200.00,829,663
781829,200.00,830,659
781930,200.00,830,659
782031,200.00,829,663
782133,200.00,829,663
782234,200.00,829,663
782336,200.00,830,659
782437,200.00,830,659
782538,200.00,831,655
782640,200.00,831,655
782740,200.00,830,659
782841,200.00,830,659
782943,200.00,828,667
783044,200.00,831,655
783145,200.00,830,659
783247,200.00,828,667
783348,200.00,831,655
783450,200.00,830,659
783551,200.00,829,663
783652,200.00,829,663
783754,200.00,829,663
783855,200.00,831,655
783956,200.00,830,659
784058,200.00,829,663
784159,200.00,829,663
784261,200.00,828,667
784361,200.00,829,663
784462,200.00,829,663
784564,200.00,828,667
784665,200.00,832,650
784766,200.00,830,659
784868,200.00,829,663
784969,200.00,830,659
785071,200.00,827,671
785172,200.00,829,663
785273,200.00,829,663
785375,200.00,829,663
785476,200.00,830,659
785577,200.00,829,663
785679,200.00,829,663
785780,200.00,830,659
785882,200.00,830,659
785982,200.00,830,659
786083,200.00,830,659
786185,200.00,829,663
786286,200.00,829,663
786387,200.00,830,659
786489,200.00,828,667
786590,200.00,831,655
786692,200.00,829,663
786793,200.00,829,663
786894,200.00,829,663
786996,200.00,830,659
787097,200.00,830,659
787198,200.00,828,667
787300,200.00,829,663
787401,200.00,829,663
787503,200.00,831,655
787604,200.00,830,659
787704,200.00,829,663
787806,200.00,830,659
787907,200.00,828,667
788008,200.00,830,659
788110,200.00,828,667
788211,200.00,830,659
788313,200.00,831,655
788414,200.00,830,659
788515,200.00,830,659
788617,200.00,829,663
788718,200.00,830,659
788819,200.00,829,663
788921,200.00,830,659
789022,200.00,831,655
789124,200.00,828,667
789225,200.00,828,667
789325,200.00,830,659
789427,200.00,828,667
789528,200.00,830,659
789629,200.00,829,663
789731,200.00,829,663
789832,200.00,830,659
789934,200.00,829,663
790035,200.00,830,659
790136,200.00,830,659
790238,200.00,829,663
790339,200.00,829,663
790440,200.00,829,663
790542,200.00,829,663
790643,200.00,828,667
790745,200.00,829,663
790846,200.00,828,667
790946,200.00,827,671
791048,200.00,829,663
791149,200.00,829,663
791250,200.00,830,659
791352,200.00,830,659
791453,200.00,829,663
791555,200.00,830,659
791656,200.00,828,667
791757,200.00,829,663
791859,200.00,830,659
791960,200.00,828,667
792061,200.00,830,659
792163,200.00,829,663
792264,200.00,830,659
792366,200.00,829,663
792467,200.00,828,667
792567,200.00,828,667
792669,200.00,830,659
792770,200.00,831,655
792871,200.00,829,663
792973,200.00,829,663
793074,200.00,829,663
793176,200.00,829,663
793277,200.00,830,659
793378,200.00,828,667
793480,200.00,829,663
793581,200.00,828,667
793682,200.00,830,659
793784,200.00,829,663
793885,200.00,828,667
793987,200.00,830,659
794088,200.00,828,667
794188,200.00,829,663
794290,200.00,829,663
794391,200.00,830,659
794492,200.00,830,659
794594,200.00,828,667
794695,200.00,828,667
794797,200.00,830,659
794898,200.00,830,659
794999,200.00,829,663
795101,200.00,829,663
795202,200.00,830,659
795303,200.00,829,663
795405,200.00,829,663
795506,200.00,830,659
795608,200.00,829,663
795709,200.00,829,663
795810,200.00,830,659
795911,200.00,829,663
796012,200.00,830,659
796113,200.00,829,663
796215,200.00,830,659
796316,200.00,828,667
796418,200.00,828,667
796519,200.00,830,659
796620,200.00,830,659
796722,200.00,829,663
796823,200.00,829,663
796924,200.00,829,663
797026,200.00,830,659
797127,200.00,829,663
797229,200.00,829,663
797330,200.00,829,663
797431,200.00,830,659
797532,200.00,829,663
797633,200.00,829,663
797734,200.00,828,667
797836,200.00,828,667
797937,200.00,827,671
798039,200.00,830,659
798140,200.00,830,659
798241,200.00,830,659
798343,200.00,827,671
798444,200.00,830,659
798545,200.00,829,663
798647,200.00,828,667
798748,200.00,830,659
798850,200.00,828,667
798951,200.00,830,659
799052,200.00,830,659
799153,200.00,827,671
799254,200.00,829,663
799355,200.00,828,667
799457,200.00,828,667
799558,200.00,829,663
799660,200.00,829,663
799761,200.00,829,663
799862,200.00,828,667
799964,200.00,828,667
800065,200.00,828,667
800166,200.00,829,663
800268,200.00,829,663
800369,200.00,829,663
800471,200.00,829,663
800572,200.00,829,663
800673,200.00,828,667
800774,200.00,829,663
800875,200.00,826,676
800976,200.00,829,663
801078,200.00,829,663
801179,200.00,829,663
801281,200.00,828,667
801382,200.00,830,659
801483,200.00,828,667
801585,200.00,831,655
801686,200.00,828,667
801787,200.00,828,667
801889,200.00,830,659
801990,200.00,827,671
802092,200.00,828,667
802193,200.00,829,663
802294,200.00,829,663
802395,200.00,827,671
802496,200.00,829,663
802597,200.00,829,663
802699,200.00,828,667
802800,200.00,830,659
802902,200.00,828,667
803003,200.00,830,659
803104,200.00,828,667
803206,200.00,829,663
803307,200.00,829,663
803408,200.00,828,667
803510,200.00,828,667
803611,200.00,830,659
803713,200.00,828,667
803814,200.00,829,663
803915,200.00,825,680
804016,200.00,829,663
804117,200.00,829,663
804218,200.00,830,659
804320,200.00,829,663
804421,200.00,830,659
804523,200.00,830,659
804624,200.00,831,655
804725,200.00,829,663
804827,200.00,828,667
804928,200.00,829,663
805029,200.00,830,659
805131,200.00,829,663
805232,200.00,830,659
805334,200.00,829,663
805435,200.00,827,671
805536,200.00,829,663
805637,200.00,829,663
805738,200.00,829,663
805839,200.00,827,671
805941,200.00,829,663
806042,200.00,828,667
806144,200.00,829,663
806245,200.00,827,671
806346,200.00,828,667
806448,200.00,828,667
806549,200.00,829,663
806650,200.00,829,663
806752,200.00,829,663
806853,200.00,827,671
806955,200.00,829,663
807056,200.00,829,663
807157,200.00,829,663
807258,200.00,828,667
807359,200.00,827,671
807460,200.00,829,663
807562,200.00,829,663
807663,200.00,828,667
807764,200.00,830,659
807866,200.00,829,663
807967,200.00,830,659
808069,200.00,830,659
808170,200.00,829,663
808271,200.00,828,667
808373,200.00,830,659
808474,200.00,829,663
808576,200.00,829,663
808677,200.00,829,663
808778,200.00,828,667
808880,200.00,829,663
808980,200.00,830,659
809081,200.00,828,667
809183,200.00,827,671
809284,200.00,828,667
809385,200.00,829,663
809487,200.00,827,671
809588,200.00,828,667
809690,200.00,829,663
809791,200.00,827,671
809892,200.00,828,667
809994,200.00,828,667
810095,200.00,828,667
810196,200.00,827,671
810298,200.00,829,663
810399,200.00,828,667
810501,200.00,827,671
810601,200.00,828,667
810702,200.00,827,671
810804,200.00,829,663
810905,200.00,829,663
811006,200.00,827,671
811108,200.00,827,671
811209,200.00,829,663
811311,200.00,827,671
811412,200.00,827,671
811513,200.00,829,663
811615,200.00,828,667
811716,200.00,827,671
811817,200.00,829,663
811919,200.00,827,671
812020,200.00,829,663
812122,200.00,828,667
812222,200.00,829,663
812323,200.00,828,667
812425,200.00,829,663
812526,200.00,827,671
812627,200.00,828,667
812729,200.00,828,667
812830,200.00,828,667
812932,200.00,830,659
813033,200.00,825,680
813134,200.00,828,667
813236,200.00,829,663
813337,200.00,829,663
813438,200.00,828,667
813540,200.00,829,663
813641,200.00,828,667
813743,200.00,828,667
813843,200.00,828,667
813944,200.00,828,667
814046,200.00,827,671
814147,200.00,829,663
814248,200.00,828,667
814350,200.00,828,667
814451,200.00,829,663
814553,200.00,828,667
814654,200.00,830,659
814755,200.00,829,663
814857,200.00,828,667
814958,200.00,830,659
815059,200.00,828,667
815161,200.00,829,663
815262,200.00,830,659
815364,200.00,828,667
815465,200.00,828,667
815565,200.00,828,667
815667,200.00,827,671
815768,200.00,827,671
815869,200.00,826,676
815971,200.00,832,650
816072,200.00,828,667
816174,200.00,827,671
816275,200.00,828,667
816376,200.00,829,663
816478,200.00,827,671
816579,200.00,830,659
816680,200.00,829,663
816782,200.00,828,667
816883,200.00,827,671
816985,200.00,829,663
817086,200.00,829,663
817186,200.00,827,671
817288,200.00,825,680
817389,200.00,827,671
817490,200.00,828,667
817592,200.00,829,663
817693,200.00,828,667
817795,200.00,829,663
817896,200.00,828,667
817997,200.00,828,667
818099,200.00,828,667
818200,200.00,828,667
818301,200.00,828,667
818403,200.00,828,667
818504,200.00,829,663
818606,200.00,828,667
818707,200.00,827,671
818808,200.00,828,667
818909,200.00,827,671
819010,200.00,829,663
819111,200.00,827,671
819213,200.00,827,671
819314,200.00,828,667
819416,200.00,829,663
819517,200.00,829,663
819618,200.00,827,671
819720,200.00,829,663
819821,200.00,828,667
819922,200.00,829,663
820024,200.00,827,671
820125,200.00,827,671
820227,200.00,827,671
820328,200.00,825,680
820429,200.00,829,663
820530,200.00,829,663
820631,200.00,827,671
820732,200.00,827,671
820834,200.00,829,663
820935,200.00,828,667
821037,200.00,827,671
821138,200.00,830,659
821239,200.00,830,659
821341,200.00,828,667
821442,200.00,828,667
821543,200.00,827,671
821645,200.00,829,663
821746,200.00,827,671
821848,200.00,828,667
821949,200.00,827,671
822049,200.00,828,667
822151,200.00,826,676
822252,200.00,829,663
822353,200.00,830,659
822455,200.00,828,667
822556,200.00,827,671
# load_kg=0.00
822659,0.00,825,680
822759,0.00,829,663
822860,0.00,828,667
822962,0.00,828,667
823063,0.00,829,663
823164,0.00,828,667
823266,0.00,829,663
823366,0.00,829,663
823468,0.00,828,667
823569,0.00,828,667
823670,0.00,828,667
823772,0.00,827,671
823873,0.00,830,659
823973,0.00,829,663
824075,0.00,829,663
824176,0.00,829,663
824278,0.00,828,667
824379,0.00,829,663
824480,0.00,829,663
824581,0.00,828,667
824682,0.00,829,663
824783,0.00,829,663
824885,0.00,828,667
824986,0.00,828,667
825088,0.00,827,671
825188,0.00,827,671
825289,0.00,828,667
825391,0.00,834,642
825492,0.00,784,864
825593,0.00,705,1278
825695,0.00,716,1215
825795,0.00,723,1176
825896,0.00,721,1187
825998,0.00,720,1192
826099,0.00,720,1192
826201,0.00,721,1187
826302,0.00,720,1192
826403,0.00,719,1198
826505,0.00,719,1198
826605,0.00,719,1198
826706,0.00,718,1203
826808,0.00,712,1237
826909,0.00,717,1209
827011,0.00,716,1215
827112,0.00,719,1198
827213,0.00,714,1226
827314,0.00,714,1226
827415,0.00,717,1209
827516,0.00,717,1209
827618,0.00,713,1232
827719,0.00,716,1215
827821,0.00,716,1215
827922,0.00,715,1220
828023,0.00,712,1237
828124,0.00,716,1215
828225,0.00,716,1215
828326,0.00,715,1220
828428,0.00,715,1220
828529,0.00,716,1215
828631,0.00,715,1220
828732,0.00,714,1226
828833,0.00,714,1226
828934,0.00,715,1220
829035,0.00,715,1220
829136,0.00,714,1226
829238,0.00,713,1232
829339,0.00,714,1226
829441,0.00,715,1220
829542,0.00,712,1237
829643,0.00,713,1232
829744,0.00,713,1232
829845,0.00,715,1220
829946,0.00,713,1232
830048,0.00,715,1220
830149,0.00,714,1226
830251,0.00,714,1226
830352,0.00,714,1226
830453,0.00,714,1226
830554,0.00,714,1226
830655,0.00,715,1220
830756,0.00,714,1226
830858,0.00,714,1226
830959,0.00,715,1220
831060,0.00,714,1226
# load_kg=100.00
831162,100.00,716,1215
831263,100.00,714,1226
831365,100.00,714,1226
831466,100.00,714,1226
831567,100.00,713,1232
831669,100.00,715,1220
831770,100.00,714,1226
831872,100.00,714,1226
831973,100.00,714,1226
832074,100.00,713,1232
832176,100.00,714,1226
832277,100.00,714,1226
832378,100.00,714,1226
832480,100.00,713,1232
832581,100.00,715,1220
832683,100.00,714,1226
832784,100.00,714,1226
832885,100.00,714,1226
832987,100.00,715,1220
833088,100.00,714,1226
833189,100.00,714,1226
833291,100.00,714,1226
833392,100.00,713,1232
833494,100.00,714,1226
833595,100.00,714,1226
833696,100.00,714,1226
833798,100.00,716,1215
833899,100.00,715,1220
834000,100.00,714,1226
834102,100.00,714,1226
834203,100.00,713,1232
834305,100.00,714,1226
834406,100.00,712,1237
834507,100.00,714,1226
834609,100.00,713,1232
834710,100.00,715,1220
834811,100.00,713,1232
834913,100.00,714,1226
835014,100.00,714,1226
835116,100.00,715,1220
835217,100.00,714,1226
835318,100.00,713,1232
835420,100.00,713,1232
835521,100.00,714,1226
835622,100.00,713,1232
835724,100.00,712,1237
835825,100.00,714,1226
835927,100.00,713,1232
836028,100.00,713,1232
836129,100.00,713,1232
836231,100.00,713,1232
836332,100.00,713,1232
836433,100.00,713,1232
836535,100.00,714,1226
836636,100.00,712,1237
836738,100.00,713,1232
836839,100.00,712,1237
836940,100.00,712,1237
837042,100.00,713,1232
837143,100.00,712,1237
837243,100.00,712,1237
837345,100.00,712,1237
837446,100.00,712,1237
837548,100.00,713,1232
837649,100.00,714,1226
837750,100.00,712,1237
837852,100.00,713,1232
837953,100.00,713,1232
838054,100.00,713,1232
838156,100.00,713,1232
838257,100.00,712,1237
838359,100.00,713,1232
838460,100.00,713,1232
838561,100.00,712,1237
838663,100.00,713,1232
838764,100.00,714,1226
838865,100.00,711,1243
838967,100.00,714,1226
839068,100.00,712,1237
839170,100.00,714,1226
839271,100.00,713,1232
839372,100.00,713,1232
839474,100.00,713,1232
839575,100.00,712,1237
839676,100.00,714,1226
839778,100.00,714,1226
839879,100.00,713,1232
839981,100.00,713,1232
840082,100.00,711,1243
840183,100.00,714,1226
840285,100.00,713,1232
840386,100.00,713,1232
840487,100.00,713,1232
840589,100.00,712,1237
840690,100.00,713,1232
840792,100.00,712,1237
840893,100.00,713,1232
840994,100.00,713,1232
841096,100.00,713,1232
841197,100.00,713,1232
841298,100.00,713,1232
841400,100.00,713,1232
841501,100.00,713,1232
841603,100.00,713,1232
841704,100.00,714,1226
841805,100.00,713,1232
841907,100.00,713,1232
842008,100.00,714,1226
842109,100.00,713,1232
842211,100.00,714,1226
842312,100.00,712,1237
842414,100.00,713,1232
842515,100.00,713,1232
842616,100.00,712,1237
842718,100.00,714,1226
842819,100.00,713,1232
842920,100.00,713,1232
843022,100.00,712,1237
843123,100.00,714,1226
843225,100.00,712,1237
843326,100.00,713,1232
843427,100.00,713,1232
843529,100.00,713,1232
843630,100.00,714,1226
843731,100.00,712,1237
843833,100.00,713,1232
843934,100.00,714,1226
844036,100.00,712,1237
844137,100.00,714,1226
844238,100.00,714,1226
844340,100.00,712,1237
844441,100.00,713,1232
844542,100.00,713,1232
844644,100.00,714,1226
844745,100.00,714,1226
844847,100.00,712,1237
844948,100.00,713,1232
845049,100.00,713,1232
845151,100.00,714,1226
845252,100.00,715,1220
845353,100.00,713,1232
845455,100.00,714,1226
845555,100.00,712,1237
845657,100.00,713,1232
845758,100.00,714,1226
845859,100.00,715,1220
845961,100.00,715,1220
846062,100.00,715,1220
846163,100.00,714,1226
846265,100.00,713,1232
846366,100.00,714,1226
846468,100.00,714,1226
846569,100.00,713,1232
846670,100.00,713,1232
846772,100.00,713,1232
846873,100.00,713,1232
846974,100.00,714,1226
847076,100.00,711,1243
847177,100.00,713,1232
847279,100.00,713,1232
847380,100.00,714,1226
847481,100.00,714,1226
847583,100.00,714,1226
847684,100.00,712,1237
847785,100.00,714,1226
847887,100.00,713,1232
847988,100.00,713,1232
848090,100.00,714,1226
848191,100.00,714,1226
848292,100.00,713,1232
848394,100.00,713,1232
848495,100.00,713,1232
848596,100.00,714,1226
848698,100.00,713,1232
848799,100.00,712,1237
848901,100.00,715,1220
849002,100.00,713,1232
849103,100.00,712,1237
849205,100.00,713,1232
849306,100.00,713,1232
849408,100.00,710,1249
849509,100.00,714,1226
849610,100.00,713,1232
849712,100.00,712,1237
849813,100.00,713,1232
849914,100.00,713,1232
850016,100.00,712,1237
850117,100.00,713,1232
850219,100.00,711,1243
850320,100.00,712,1237
850421,100.00,712,1237
850523,100.00,712,1237
850624,100.00,712,1237
850725,100.00,713,1232
850827,100.00,712,1237
850928,100.00,712,1237
851030,100.00,712,1237
851131,100.00,712,1237
851232,100.00,713,1232
851334,100.00,713,1232
851435,100.00,713,1232
851536,100.00,713,1232
851638,100.00,712,1237
851739,100.00,712,1237
851841,100.00,711,1243
851942,100.00,712,1237
852043,100.00,712,1237
852145,100.00,711,1243
852246,100.00,711,1243
852347,100.00,712,1237
852449,100.00,711,1243
852550,100.00,712,1237
852652,100.00,711,1243
852753,100.00,711,1243
852854,100.00,711,1243
852956,100.00,712,1237
853057,100.00,713,1232
853158,100.00,715,1220
853260,100.00,710,1249
853361,100.00,712,1237
853463,100.00,714,1226
853563,100.00,711,1243
853664,100.00,711,1243
853766,100.00,713,1232
853867,100.00,713,1232
853968,100.00,713,1232
854070,100.00,712,1237
854171,100.00,713,1232
854273,100.00,713,1232
854374,100.00,714,1226
854475,100.00,713,1232
854577,100.00,714,1226
854678,100.00,712,1237
854779,100.00,714,1226
854881,100.00,713,1232
854982,100.00,714,1226
855084,100.00,713,1232
855185,100.00,712,1237
855286,100.00,714,1226
855388,100.00,712,1237
855489,100.00,712,1237
855590,100.00,713,1232
855692,100.00,714,1226
855793,100.00,713,1232
855895,100.00,713,1232
855996,100.00,712,1237
856097,100.00,713,1232
856199,100.00,714,1226
856300,100.00,712,1237
856401,100.00,713,1232
856503,100.00,713,1232
856604,100.00,712,1237
856706,100.00,713,1232
856807,100.00,712,1237
856908,100.00,714,1226
857010,100.00,713,1232
857111,100.00,713,1232
857212,100.00,711,1243
857314,100.00,713,1232
857415,100.00,712,1237
857517,100.00,712,1237
857618,100.00,712,1237
857719,100.00,713,1232
857821,100.00,711,1243
857922,100.00,712,1237
858023,100.00,712,1237
858125,100.00,711,1243
858226,100.00,712,1237
858328,100.00,713,1232
858429,100.00,713,1232
858530,100.00,711,1243
858632,100.00,712,1237
858733,100.00,713,1232
858834,100.00,711,1243
858936,100.00,712,1237
859037,100.00,712,1237
859139,100.00,713,1232
859240,100.00,712,1237
859341,100.00,711,1243
859443,100.00,711,1243
859544,100.00,711,1243
859645,100.00,712,1237
859747,100.00,711,1243
859848,100.00,712,1237
859950,100.00,713,1232
860051,100.00,712,1237
860152,100.00,711,1243
860254,100.00,710,1249
860355,100.00,712,1237
860456,100.00,711,1243
860558,100.00,710,1249
860659,100.00,712,1237
860761,100.00,711,1243
860862,100.00,712,1237
860963,100.00,711,1243
861065,100.00,712,1237
861166,100.00,712,1237
861267,100.00,711,1243
861369,100.00,712,1237
861470,100.00,711,1243
861572,100.00,712,1237
861673,100.00,711,1243
861774,100.00,712,1237
861876,100.00,711,1243
861977,100.00,710,1249
862078,100.00,712,1237
862180,100.00,711,1243
862281,100.00,711,1243
862383,100.00,711,1243
862483,100.00,710,1249
862584,100.00,712,1237
862686,100.00,712,1237
862787,100.00,711,1243
862888,100.00,712,1237
862990,100.00,711,1243
863091,100.00,711,1243
863193,100.00,710,1249
863294,100.00,712,1237
863395,100.00,712,1237
863497,100.00,711,1243
863598,100.00,711,1243
863699,100.00,711,1243
863801,100.00,711,1243
863902,100.00,711,1243
864004,100.00,711,1243
864105,100.00,711,1243
864206,100.00,712,1237
864308,100.00,711,1243
864409,100.00,711,1243
864510,100.00,713,1232
864612,100.00,712,1237
864713,100.00,711,1243
864815,100.00,713,1232
864916,100.00,713,1232
865017,100.00,712,1237
865119,100.00,713,1232
865220,100.00,712,1237
865321,100.00,711,1243
865423,100.00,711,1243
865524,100.00,710,1249
865626,100.00,712,1237
865727,100.00,711,1243
865828,100.00,710,1249
865930,100.00,712,1237
866031,100.00,711,1243
866132,100.00,709,1255
866234,100.00,709,1255
866335,100.00,707,1266
866437,100.00,711,1243
866538,100.00,710,1249
866639,100.00,712,1237
866741,100.00,711,1243
866842,100.00,712,1237
866944,100.00,712,1237
867045,100.00,712,1237
867146,100.00,712,1237
867248,100.00,711,1243
867349,100.00,711,1243
867450,100.00,712,1237
867552,100.00,712,1237
867653,100.00,711,1243
867755,100.00,711,1243
867856,100.00,712,1237
867957,100.00,711,1243
868059,100.00,712,1237
868160,100.00,712,1237
868261,100.00,711,1243
868363,100.00,712,1237
868464,100.00,711,1243
868566,100.00,711,1243
868667,100.00,711,1243
868768,100.00,711,1243
868870,100.00,711,1243
868971,100.00,710,1249
869072,100.00,711,1243
869174,100.00,710,1249
869275,100.00,711,1243
869377,100.00,710,1249
869478,100.00,711,1243
869579,100.00,712,1237
869681,100.00,710,1249
869782,100.00,713,1232
869883,100.00,712,1237
869985,100.00,712,1237
870086,100.00,710,1249
870188,100.00,709,1255
870288,100.00,711,1243
870389,100.00,712,1237
870491,100.00,711,1243
870592,100.00,710,1249
870693,100.00,710,1249
870795,100.00,712,1237
870896,100.00,710,1249
870998,100.00,710,1249
871099,100.00,710,1249
871200,100.00,711,1243
871302,100.00,710,1249
871403,100.00,711,1243
871504,100.00,711,1243
871606,100.00,711,1243
871707,100.00,711,1243
871809,100.00,711,1243
871910,100.00,711,1243
872011,100.00,708,1260
872113,100.00,711,1243
872214,100.00,711,1243
872315,100.00,707,1266
872417,100.00,711,1243
872518,100.00,711,1243
872620,100.00,711,1243
872721,100.00,710,1249
872822,100.00,712,1237
872924,100.00,710,1249
873025,100.00,711,1243
873126,100.00,711,1243
873228,100.00,712,1237
873329,100.00,710,1249
873431,100.00,713,1232
873532,100.00,712,1237
873633,100.00,712,1237
873735,100.00,711,1243
873836,100.00,711,1243
873937,100.00,713,1232
874039,100.00,713,1232
874140,100.00,711,1243
874242,100.00,710,1249
874343,100.00,711,1243
874444,100.00,711,1243
874546,100.00,712,1237
874647,100.00,711,1243
874748,100.00,712,1237
874850,100.00,711,1243
874951,100.00,710,1249
875053,100.00,711,1243
875154,100.00,710,1249
875255,100.00,711,1243
875357,100.00,711,1243
875458,100.00,712,1237
875559,100.00,712,1237
875661,100.00,712,1237
875762,100.00,712,1237
875864,100.00,712,1237
875965,100.00,711,1243
876066,100.00,712,1237
876168,100.00,712,1237
876269,100.00,711,1243
876370,100.00,712,1237
876472,100.00,712,1237
876573,100.00,711,1243
876675,100.00,713,1232
876776,100.00,713,1232
876877,100.00,712,1237
876979,100.00,713,1232
877080,100.00,713,1232
877181,100.00,712,1237
877283,100.00,712,1237
877384,100.00,712,1237
877486,100.00,711,1243
877587,100.00,712,1237
877688,100.00,712,1237
877790,100.00,712,1237
877891,100.00,713,1232
877992,100.00,712,1237
878094,100.00,711,1243
878195,100.00,712,1237
878297,100.00,711,1243
878398,100.00,712,1237
878499,100.00,713,1232
878601,100.00,713,1232
878702,100.00,712,1237
878803,100.00,712,1237
878905,100.00,712,1237
879005,100.00,712,1237
879107,100.00,712,1237
879208,100.00,713,1232
879309,100.00,711,1243
879411,100.00,711,1243
879512,100.00,713,1232
879613,100.00,712,1237
879715,100.00,712,1237
879816,100.00,711,1243
879918,100.00,712,1237
880019,100.00,712,1237
880120,100.00,712,1237
880222,100.00,713,1232
880323,100.00,711,1243
880424,100.00,712,1237
880526,100.00,712,1237
880627,100.00,712,1237
880729,100.00,712,1237
880830,100.00,712,1237
880931,100.00,712,1237
881033,100.00,712,1237
881134,100.00,712,1237
881235,100.00,712,1237
881337,100.00,712,1237
881438,100.00,714,1226
881540,100.00,713,1232
881641,100.00,712,1237
881742,100.00,713,1232
881844,100.00,713,1232
881945,100.00,711,1243
882046,100.00,712,1237
882148,100.00,711,1243
882249,100.00,712,1237
882351,100.00,711,1243
882452,100.00,713,1232
882553,100.00,713,1232
882655,100.00,711,1243
882756,100.00,712,1237
882857,100.00,712,1237
882959,100.00,712,1237
883060,100.00,712,1237
883162,100.00,713,1232
883263,100.00,712,1237
883364,100.00,713,1232
883466,100.00,713,1232
883567,100.00,713,1232
883668,100.00,712,1237
883770,100.00,711,1243
883871,100.00,712,1237
883973,100.00,713,1232
884074,100.00,713,1232
884175,100.00,713,1232
884277,100.00,712,1237
884378,100.00,713,1232
884480,100.00,710,1249
884581,100.00,712,1237
884682,100.00,713,1232
884784,100.00,710,1249
884885,100.00,712,1237
884986,100.00,712,1237
885088,100.00,712,1237
885189,100.00,713,1232
885291,100.00,712,1237
885392,100.00,712,1237
885493,100.00,711,1243
885595,100.00,712,1237
885696,100.00,712,1237
885797,100.00,712,1237
885899,100.00,712,1237
886000,100.00,713,1232
886102,100.00,711,1243
886203,100.00,712,1237
886304,100.00,712,1237
886406,100.00,711,1243
886507,100.00,712,1237
886608,100.00,711,1243
886710,100.00,713,1232
886811,100.00,712,1237
886913,100.00,712,1237
887014,100.00,710,1249
887115,100.00,711,1243
887217,100.00,713,1232
887318,100.00,712,1237
887419,100.00,713,1232
887521,100.00,713,1232
887622,100.00,713,1232
887723,100.00,713,1232
887824,100.00,711,1243
887925,100.00,711,1243
888027,100.00,713,1232
# load_kg=0.00
888129,0.00,711,1243
888230,0.00,712,1237
888332,0.00,713,1232
888433,0.00,712,1237
888535,0.00,712,1237
888635,0.00,712,1237
888736,0.00,711,1243
888838,0.00,711,1243
888939,0.00,711,1243
889040,0.00,712,1237
889142,0.00,712,1237
889243,0.00,712,1237
889345,0.00,712,1237
889445,0.00,712,1237
889546,0.00,712,1237
889648,0.00,712,1237
889749,0.00,713,1232
889850,0.00,713,1232
889952,0.00,712,1237
890053,0.00,711,1243
890155,0.00,712,1237
890255,0.00,713,1232
890356,0.00,711,1243
890458,0.00,711,1243
890559,0.00,712,1237
890660,0.00,713,1232
890762,0.00,712,1237
890863,0.00,711,1243
890964,0.00,713,1232
891065,0.00,712,1237
891166,0.00,606,1949
891268,0.00,545,2485
891369,0.00,522,2719
891470,0.00,527,2666
891572,0.00,525,2687
891673,0.00,525,2687
891774,0.00,527,2666
891875,0.00,527,2666
891976,0.00,518,2762
892078,0.00,522,2719
892179,0.00,524,2698
892280,0.00,527,2666
892382,0.00,527,2666
892483,0.00,526,2677
892584,0.00,527,2666
892685,0.00,527,2666
892786,0.00,528,2656
892888,0.00,527,2666
892989,0.00,528,2656
893090,0.00,526,2677
893192,0.00,524,2698
893293,0.00,524,2698
893394,0.00,524,2698
893495,0.00,524,2698
893596,0.00,524,2698
893698,0.00,523,2708
893799,0.00,523,2708
893900,0.00,524,2698
894002,0.00,523,2708
894103,0.00,522,2719
894204,0.00,523,2708
894305,0.00,522,2719
894406,0.00,523,2708
894508,0.00,522,2719
894609,0.00,523,2708
894710,0.00,522,2719
894812,0.00,522,2719
894913,0.00,522,2719
895014,0.00,521,2730
895115,0.00,521,2730
895216,0.00,521,2730
895318,0.00,520,2740
895419,0.00,521,2730
895520,0.00,520,2740
895622,0.00,519,2751
# load_kg=50.00
895723,50.00,520,2740
895824,50.00,518,2762
895926,50.00,519,2751
896027,50.00,519,2751
896129,50.00,519,2751
896230,50.00,518,2762
896331,50.00,513,2816
896433,50.00,515,2794
896534,50.00,516,2784
896635,50.00,515,2794
896737,50.00,511,2839
896838,50.00,510,2850
896940,50.00,511,2839
897041,50.00,510,2850
897141,50.00,509,2861
897243,50.00,508,2872
897344,50.00,511,2839
897445,50.00,511,2839
897547,50.00,506,2895
897648,50.00,513,2816
897750,50.00,512,2827
897851,50.00,506,2895
897952,50.00,504,2917
898054,50.00,512,2827
898155,50.00,505,2906
898256,50.00,504,2917
898358,50.00,497,2998
898459,50.00,500,2963
898561,50.00,499,2975
898662,50.00,497,2998
898762,50.00,497,2998
898864,50.00,497,2998
898965,50.00,497,2998
899066,50.00,497,2998
899168,50.00,498,2987
899269,50.00,498,2987
899371,50.00,499,2975
899472,50.00,495,3022
899573,50.00,499,2975
899675,50.00,498,2987
899776,50.00,498,2987
899877,50.00,496,3010
899979,50.00,497,2998
900080,50.00,498,2987
900182,50.00,499,2975
900283,50.00,497,2998
900383,50.00,498,2987
900485,50.00,499,2975
900586,50.00,498,2987
900687,50.00,498,2987
900789,50.00,498,2987
900890,50.00,498,2987
900992,50.00,499,2975
901093,50.00,496,3010
901194,50.00,497,2998
901296,50.00,496,3010
901397,50.00,496,3010
901498,50.00,496,3010
901600,50.00,495,3022
901701,50.00,495,3022
901803,50.00,495,3022
901904,50.00,495,3022
902005,50.00,495,3022
902106,50.00,495,3022
902207,50.00,496,3010
902308,50.00,495,3022
902410,50.00,496,3010
902511,50.00,496,3010
902612,50.00,496,3010
902714,50.00,495,3022
902815,50.00,494,3034
902917,50.00,496,3010
903018,50.00,496,3010
903119,50.00,495,3022
903221,50.00,495,3022
903322,50.00,496,3010
903424,50.00,495,3022
903525,50.00,497,2998
903626,50.00,495,3022
903727,50.00,495,3022
903828,50.00,496,3010
903929,50.00,496,3010
904031,50.00,495,3022
904132,50.00,496,3010
904233,50.00,495,3022
904335,50.00,496,3010
904436,50.00,496,3010
904538,50.00,495,3022
904639,50.00,495,3022
904740,50.00,496,3010
904842,50.00,495,3022
904943,50.00,495,3022
905044,50.00,495,3022
905146,50.00,495,3022
905247,50.00,496,3010
905348,50.00,496,3010
905449,50.00,496,3010
905550,50.00,495,3022
905652,50.00,495,3022
905753,50.00,494,3034
905854,50.00,495,3022
905956,50.00,495,3022
906057,50.00,495,3022
906159,50.00,495,3022
906260,50.00,495,3022
906361,50.00,494,3034
906463,50.00,495,3022
906564,50.00,495,3022
906665,50.00,495,3022
906767,50.00,495,3022
906868,50.00,495,3022
906970,50.00,495,3022
907070,50.00,495,3022
907171,50.00,495,3022
907273,50.00,496,3010
907374,50.00,494,3034
907475,50.00,495,3022
907577,50.00,495,3022
907678,50.00,495,3022
907780,50.00,495,3022
907881,50.00,494,3034
907982,50.00,494,3034
908084,50.00,495,3022
908185,50.00,493,3046
908286,50.00,495,3022
908388,50.00,494,3034
908489,50.00,494,3034
908591,50.00,495,3022
908691,50.00,494,3034
908792,50.00,493,3046
908894,50.00,494,3034
908995,50.00,493,3046
909096,50.00,493,3046
909198,50.00,494,3034
909299,50.00,495,3022
909401,50.00,494,3034
909502,50.00,495,3022
909603,50.00,495,3022
909705,50.00,495,3022
909806,50.00,495,3022
909907,50.00,495,3022
910009,50.00,495,3022
910110,50.00,495,3022
910212,50.00,496,3010
910312,50.00,495,3022
910413,50.00,495,3022
910515,50.00,495,3022
910616,50.00,494,3034
910717,50.00,495,3022
# load_kg=0.00
910820,0.00,495,3022
910921,0.00,496,3010
911023,0.00,495,3022
911123,0.00,496,3010
911224,0.00,496,3010
911326,0.00,496,3010
911427,0.00,496,3010
911528,0.00,496,3010
911630,0.00,496,3010
911731,0.00,495,3022
911833,0.00,496,3010
911933,0.00,495,3022
912034,0.00,495,3022
912136,0.00,495,3022
912237,0.00,495,3022
912338,0.00,497,2998
912440,0.00,498,2987
912541,0.00,496,3010
912643,0.00,496,3010
912743,0.00,496,3010
912844,0.00,496,3010
912946,0.00,577,2190
913047,0.00,0,-1
913148,0.00,0,-1
913249,0.00,2,-1
913350,0.00,65,41754
913452,0.00,49,56313
913553,0.00,47,58830
913653,0.00,51,53994
913755,0.00,47,58830
913856,0.00,45,61571
913957,0.00,46,60170
914059,0.00,42,66171
914160,0.00,41,67854
914262,0.00,37,75496
914363,0.00,34,82407
914463,0.00,33,84990
914565,0.00,30,93772
914666,0.00,32,87734
914767,0.00,24,117924
914869,0.00,0,-1
914970,0.00,0,-1
915070,0.00,0,-1
915172,0.00,0,-1
915272,0.00,0,-1
915374,0.00,0,-1
915474,0.00,0,-1
915575,0.00,0,-1
915677,0.00,0,-1
915777,0.00,0,-1
915878,0.00,0,-1
915979,0.00,0,-1
916080,0.00,0,-1
916182,0.00,0,-1
916282,0.00,0,-1
916383,0.00,0,-1
916484,0.00,2,-1
916585,0.00,0,-1
916685,0.00,0,-1
916787,0.00,0,-1
916888,0.00,0,-1
916988,0.00,0,-1
917090,0.00,0,-1
917190,0.00,0,-1
917292,0.00,0,-1
917393,0.00,0,-1
# load_kg=-1.00
917494,-1.00,0,-1
917595,-1.00,0,-1
917696,-1.00,0,-1
917797,-1.00,0,-1
917898,-1.00,0,-1
917999,-1.00,0,-1
918099,-1.00,0,-1
918201,-1.00,0,-1
918302,-1.00,0,-1
918403,-1.00,0,-1
918504,-1.00,0,-1
918604,-1.00,0,-1
918706,-1.00,0,-1
918807,-1.00,1,-1
918907,-1.00,0,-1
919009,-1.00,0,-1
919110,-1.00,0,-1
919211,-1.00,0,-1
919312,-1.00,0,-1
919412,-1.00,0,-1
919514,-1.00,0,-1
919615,-1.00,0,-1
919715,-1.00,0,-1
919817,-1.00,0,-1
919918,-1.00,1,-1
920018,-1.00,0,-1
920120,-1.00,0,-1
920220,-1.00,1,-1
920322,-1.00,0,-1
920423,-1.00,0,-1
920523,-1.00,0,-1
920625,-1.00,0,-1
920725,-1.00,0,-1
920826,-1.00,0,-1
920928,-1.00,0,-1
921028,-1.00,0,-1
921129,-1.00,0,-1
921231,-1.00,0,-1
921331,-1.00,0,-1
921433,-1.00,0,-1
921533,-1.00,0,-1
921634,-1.00,0,-1
921736,-1.00,0,-1
921836,-1.00,0,-1
921937,-1.00,0,-1
922038,-1.00,0,-1
922139,-1.00,0,-1
922241,-1.00,0,-1
922341,-1.00,0,-1
922442,-1.00,0,-1
922543,-1.00,0,-1
922644,-1.00,0,-1
922745,-1.00,0,-1
922846,-1.00,0,-1
922947,-1.00,0,-1
923048,-1.00,0,-1
923149,-1.00,0,-1
923250,-1.00,0,-1
923351,-1.00,0,-1
923452,-1.00,0,-1
923553,-1.00,0,-1
923654,-1.00,0,-1
923755,-1.00,0,-1
923855,-1.00,0,-1
923957,-1.00,0,-1
924058,-1.00,0,-1
924158,-1.00,0,-1
924260,-1.00,0,-1
924361,-1.00,0,-1
924462,-1.00,1,-1
924563,-1.00,0,-1
924663,-1.00,0,-1
924765,-1.00,0,-1
924866,-1.00,0,-1
924966,-1.00,0,-1
925068,-1.00,0,-1
925168,-1.00,0,-1
925270,-1.00,1,-1
925371,-1.00,0,-1
925471,-1.00,0,-1
925573,-1.00,0,-1
925674,-1.00,0,-1
925774,-1.00,0,-1
925876,-1.00,2,-1
925976,-1.00,0,-1
926077,-1.00,0,-1
926179,-1.00,0,-1
926279,-1.00,0,-1
926381,-1.00,0,-1
926481,-1.00,0,-1
926582,-1.00,0,-1
926684,-1.00,0,-1
926784,-1.00,0,-1
926885,-1.00,0,-1
926987,-1.00,0,-1
927087,-1.00,0,-1
927188,-1.00,0,-1
927289,-1.00,0,-1
