57627,1802.00,952,211
57729,1802.00,953,208
57830,180# FSR402 characterization. 'l' = CSV mode; type the scale
# reading in kg to stamp load. Default view: raw  V_node  R(ohm).
953	4.658	208
953	4.658	208
953	4.658	208
950	4.643	218
951	4.648	214
956	4.673	199
952	4.653	211
951	4.648	214
954	4.663	205
953	4.658	208
952	4.653	211
953	4.658	208
952	4.653	211
951	4.648	214
952	4.653	211
# CSV mode ON. Header follows; type a number (kg) to set load.
t_ms,load_kg,raw,ohms
3022,0.00,954,205
3124,0.00,953,208
3225,0.00,952,211
3326,0.00,952,211
3427,0.00,952,211
3528,0.00,953,208
3630,0.00,953,208
3731,0.00,954,205
3831,0.00,953,208
3933,0.00,953,208
4034,0.00,954,205
4134,0.00,951,214
4236,0.00,951,214
4337,0.00,953,208
4439,0.00,953,208
4539,0.00,951,214
4640,0.00,953,208
4742,0.00,949,221
4843,0.00,952,211
4943,0.00,952,211
5045,0.00,951,214
5146,0.00,953,208
5248,0.00,950,218
5348,0.00,950,218
5449,0.00,951,214
5551,0.00,951,214
5651,0.00,953,208
5752,0.00,952,211
5854,0.00,952,211
5955,0.00,951,214
# load_kg=1802.00
6056,1802.00,952,211
6158,1802.00,950,218
6259,1802.00,954,205
6361,1802.00,953,208
6462,1802.00,951,214
6563,1802.00,951,214
6665,1802.00,952,211
6765,1802.00,952,211
6866,1802.00,952,211
6968,1802.00,953,208
7069,1802.00,952,211
7171,1802.00,952,211
7272,1802.00,954,205
7373,1802.00,951,214
7475,1802.00,954,205
7576,1802.00,952,211
7676,1802.00,951,214
7778,1802.00,950,218
7879,1802.00,952,211
7981,1802.00,953,208
8082,1802.00,953,208
8183,1802.00,951,214
8285,1802.00,952,211
8386,1802.00,950,218
8487,1802.00,953,208
8588,1802.00,953,208
8689,1802.00,952,211
8791,1802.00,952,211
8892,1802.00,953,208
8993,1802.00,951,214
9095,1802.00,952,211
9196,1802.00,952,211
9297,1802.00,953,208
9399,1802.00,952,211
9500,1802.00,951,214
9601,1802.00,953,208
9702,1802.00,953,208
9803,1802.00,952,211
9905,1802.00,952,211
10006,1802.00,949,221
10107,1802.00,952,211
10209,1802.00,954,205
10310,1802.00,951,214
10412,1802.00,954,205
10513,1802.00,953,208
10614,1802.00,952,211
10716,1802.00,952,211
10817,1802.00,953,208
10917,1802.00,954,205
11019,1802.00,953,208
11120,1802.00,953,208
11222,1802.00,952,211
11323,1802.00,954,205
11424,1802.00,952,211
11526,1802.00,953,208
11627,1802.00,953,208
11728,1802.00,952,211
11830,1802.00,951,214
11931,1802.00,952,211
12033,1802.00,951,214
12134,1802.00,952,211
12235,1802.00,953,208
12337,1802.00,954,205
12438,1802.00,952,211
12538,1802.00,951,214
12640,1802.00,953,208
12741,1802.00,954,205
12843,1802.00,955,202
12944,1802.00,952,211
13045,1802.00,953,208
13147,1802.00,954,205
13248,1802.00,954,205
13349,1802.00,953,208
13451,1802.00,954,205
13552,1802.00,951,214
13654,1802.00,954,205
13755,1802.00,951,214
13856,1802.00,953,208
13958,1802.00,952,211
14059,1802.00,952,211
14159,1802.00,952,211
14261,1802.00,948,224
14362,1802.00,952,211
14464,1802.00,952,211
14565,1802.00,953,208
14666,1802.00,954,205
14768,1802.00,952,211
14869,1802.00,953,208
14970,1802.00,953,208
15072,1802.00,952,211
15173,1802.00,953,208
15275,1802.00,954,205
15376,1802.00,954,205
15477,1802.00,953,208
15579,1802.00,954,205
15680,1802.00,954,205
15780,1802.00,953,208
15882,1802.00,952,211
15983,1802.00,951,214
16084,1802.00,952,211
16186,1802.00,952,211
16287,1802.00,948,224
16389,1802.00,953,208
16490,1802.00,954,205
16591,1802.00,953,208
16693,1802.00,953,208
16794,1802.00,954,205
16896,1802.00,952,211
16997,1802.00,954,205
17098,1802.00,953,208
17200,1802.00,951,214
17301,1802.00,952,211
17402,1802.00,952,211
17503,1802.00,952,211
17604,1802.00,951,214
17705,1802.00,952,211
17807,1802.00,951,214
17908,1802.00,952,211
18010,1802.00,949,221
18111,1802.00,951,214
18212,1802.00,952,211
18314,1802.00,951,214
18415,1802.00,953,208
18516,1802.00,954,205
18618,1802.00,951,214
18719,1802.00,952,211
18821,1802.00,951,214
18922,1802.00,952,211
19023,1802.00,951,214
19124,1802.00,952,211
19225,1802.00,952,211
19326,1802.00,953,208
19428,1802.00,954,205
19529,1802.00,953,208
19631,1802.00,953,208
19732,1802.00,954,205
19833,1802.00,951,214
19935,1802.00,952,211
20036,1802.00,951,214
20137,1802.00,954,205
20239,1802.00,953,208
20340,1802.00,951,214
20442,1802.00,952,211
20543,1802.00,953,208
20644,1802.00,953,208
20745,1802.00,951,214
20846,1802.00,954,205
20947,1802.00,954,205
21049,1802.00,953,208
21150,1802.00,953,208
21252,1802.00,952,211
21353,1802.00,952,211
21454,1802.00,953,208
21556,1802.00,954,205
21657,1802.00,951,214
21758,1802.00,951,214
21860,1802.00,953,208
21961,1802.00,954,205
22063,1802.00,949,221
22164,1802.00,953,208
22265,1802.00,953,208
22366,1802.00,951,214
22467,1802.00,953,208
22568,1802.00,953,208
22670,1802.00,954,205
22771,1802.00,953,208
22873,1802.00,951,214
22974,1802.00,951,214
23075,1802.00,952,211
23177,1802.00,953,208
23278,1802.00,950,218
23379,1802.00,952,211
23481,1802.00,952,211
23582,1802.00,951,214
23684,1802.00,954,205
23785,1802.00,953,208
23886,1802.00,952,211
23988,1802.00,952,211
24088,1802.00,949,221
24189,1802.00,953,208
24291,1802.00,951,214
24392,1802.00,951,214
24494,1802.00,954,205
24595,1802.00,952,211
24696,1802.00,953,208
24798,1802.00,954,205
24899,1802.00,952,211
25000,1802.00,951,214
25102,1802.00,953,208
25203,1802.00,951,214
25305,1802.00,952,211
25406,1802.00,953,208
25507,1802.00,952,211
25609,1802.00,952,211
25709,1802.00,951,214
25810,1802.00,952,211
25912,1802.00,952,211
26013,1802.00,952,211
26115,1802.00,951,214
26216,1802.00,951,214
26317,1802.00,952,211
26419,1802.00,951,214
26520,1802.00,954,205
26621,1802.00,953,208
26723,1802.00,953,208
26824,1802.00,954,205
26926,1802.00,953,208
27027,1802.00,953,208
27128,1802.00,951,214
27230,1802.00,953,208
27330,1802.00,953,208
27431,1802.00,952,211
27533,1802.00,952,211
27634,1802.00,954,205
27736,1802.00,952,211
27837,1802.00,952,211
27938,1802.00,951,214
28040,1802.00,952,211
28141,1802.00,952,211
28242,1802.00,951,214
28344,1802.00,952,211
28445,1802.00,953,208
28547,1802.00,954,205
28648,1802.00,952,211
28749,1802.00,952,211
28851,1802.00,951,214
28951,1802.00,952,211
29052,1802.00,954,205
29154,1802.00,953,208
29255,1802.00,952,211
29357,1802.00,953,208
29458,1802.00,954,205
29559,1802.00,953,208
29661,1802.00,952,211
29762,1802.00,953,208
29863,1802.00,953,208
29965,1802.00,953,208
30066,1802.00,954,205
30168,1802.00,950,218
30269,1802.00,952,211
30370,1802.00,952,211
30472,1802.00,950,218
30573,1802.00,952,211
30673,1802.00,952,211
30775,1802.00,953,208
30876,1802.00,954,205
30978,1802.00,952,211
31079,1802.00,953,208
31180,1802.00,954,205
31282,1802.00,954,205
31383,1802.00,953,208
31484,1802.00,951,214
31586,1802.00,954,205
31687,1802.00,953,208
31789,1802.00,952,211
31890,1802.00,952,211
31991,1802.00,952,211
32093,1802.00,953,208
32194,1802.00,953,208
32294,1802.00,954,205
32396,1802.00,954,205
32497,1802.00,954,205
32599,1802.00,952,211
32700,1802.00,952,211
32801,1802.00,951,214
32903,1802.00,954,205
33004,1802.00,954,205
33105,1802.00,952,211
33207,1802.00,954,205
33308,1802.00,952,211
33410,1802.00,953,208
33511,1802.00,954,205
33612,1802.00,953,208
33714,1802.00,953,208
33815,1802.00,952,211
33915,1802.00,953,208
34017,1802.00,952,211
34118,1802.00,952,211
34220,1802.00,952,211
34321,1802.00,952,211
34422,1802.00,950,218
34524,1802.00,952,211
34625,1802.00,953,208
34726,1802.00,953,208
34828,1802.00,952,211
34929,1802.00,952,211
35031,1802.00,953,208
35132,1802.00,951,214
35233,1802.00,953,208
35335,1802.00,953,208
35436,1802.00,952,211
35537,1802.00,953,208
35638,1802.00,952,211
35739,1802.00,954,205
35841,1802.00,954,205
35942,1802.00,952,211
36043,1802.00,952,211
36145,1802.00,952,211
36246,1802.00,951,214
36347,1802.00,952,211
36449,1802.00,953,208
36550,1802.00,950,218
36652,1802.00,951,214
36753,1802.00,953,208
36854,1802.00,953,208
36956,1802.00,954,205
37057,1802.00,953,208
37158,1802.00,954,205
37259,1802.00,952,211
37360,1802.00,954,205
37462,1802.00,953,208
37563,1802.00,954,205
37664,1802.00,952,211
37766,1802.00,954,205
37867,1802.00,952,211
37968,1802.00,951,214
38070,1802.00,952,211
38171,1802.00,953,208
38273,1802.00,953,208
38374,1802.00,952,211
38475,1802.00,950,218
38577,1802.00,952,211
38678,1802.00,951,214
38779,1802.00,954,205
38881,1802.00,954,205
38981,1802.00,953,208
39083,1802.00,952,211
39184,1802.00,953,208
39285,1802.00,953,208
39387,1802.00,951,214
39488,1802.00,953,208
39589,1802.00,952,211
39691,1802.00,953,208
39792,1802.00,953,208
39894,1802.00,952,211
39995,1802.00,952,211
40096,1802.00,952,211
40198,1802.00,954,205
40299,1802.00,951,214
40400,1802.00,954,205
40502,1802.00,950,218
40602,1802.00,952,211
40704,1802.00,952,211
40805,1802.00,954,205
40906,1802.00,951,214
41008,1802.00,952,211
41109,1802.00,953,208
41210,1802.00,954,205
41312,1802.00,951,214
41413,1802.00,953,208
41515,1802.00,952,211
41616,1802.00,952,211
41717,1802.00,953,208
41819,1802.00,953,208
41920,1802.00,952,211
42021,1802.00,953,208
42123,1802.00,953,208
42223,1802.00,954,205
42324,1802.00,953,208
42426,1802.00,954,205
42527,1802.00,950,218
42629,1802.00,954,205
42730,1802.00,953,208
42831,1802.00,952,211
42933,1802.00,954,205
43034,1802.00,952,211
43136,1802.00,953,208
43237,1802.00,952,211
43338,1802.00,953,208
43440,1802.00,954,205
43541,1802.00,954,205
43642,1802.00,953,208
43744,1802.00,953,208
43845,1802.00,954,205
43945,1802.00,953,208
44047,1802.00,953,208
44148,1802.00,953,208
44250,1802.00,952,211
44351,1802.00,952,211
44452,1802.00,953,208
44554,1802.00,952,211
44655,1802.00,954,205
44756,1802.00,953,208
44858,1802.00,952,211
44959,1802.00,952,211
45061,1802.00,953,208
45162,1802.00,952,211
45263,1802.00,951,214
45365,1802.00,953,208
45466,1802.00,952,211
45566,1802.00,951,214
45668,1802.00,951,214
45769,1802.00,952,211
45871,1802.00,954,205
45972,1802.00,951,214
46073,1802.00,952,211
46175,1802.00,953,208
46276,1802.00,952,211
46377,1802.00,953,208
46479,1802.00,952,211
46580,1802.00,953,208
46682,1802.00,953,208
46783,1802.00,947,227
46884,1802.00,952,211
46986,1802.00,952,211
47087,1802.00,951,214
47187,1802.00,953,208
47289,1802.00,953,208
47390,1802.00,955,202
47492,1802.00,952,211
47593,1802.00,955,202
47694,1802.00,952,211
47796,1802.00,952,211
47897,1802.00,953,208
47998,1802.00,952,211
48100,1802.00,953,208
48201,1802.00,953,208
48303,1802.00,952,211
48404,1802.00,953,208
48505,1802.00,954,205
48607,1802.00,951,214
48708,1802.00,952,211
48809,1802.00,952,211
48910,1802.00,952,211
49011,1802.00,953,208
49113,1802.00,954,205
49214,1802.00,954,205
49315,1802.00,953,208
49417,1802.00,952,211
49518,1802.00,952,211
49619,1802.00,952,211
49721,1802.00,954,205
49822,1802.00,954,205
49924,1802.00,953,208
50025,1802.00,955,202
50126,1802.00,951,214
50228,1802.00,953,208
50329,1802.00,954,205
50430,1802.00,952,211
50531,1802.00,952,211
50632,1802.00,953,208
50734,1802.00,949,221
50835,1802.00,953,208
50936,1802.00,953,208
51038,1802.00,953,208
51139,1802.00,953,208
51240,1802.00,952,211
51342,1802.00,953,208
51443,1802.00,952,211
51545,1802.00,952,211
51646,1802.00,953,208
51747,1802.00,954,205
51849,1802.00,953,208
51950,1802.00,954,205
52051,1802.00,953,208
52152,1802.00,953,208
52253,1802.00,952,211
52355,1802.00,952,211
52456,1802.00,950,218
52557,1802.00,954,205
52659,1802.00,953,208
52760,1802.00,950,218
52861,1802.00,952,211
52963,1802.00,951,214
53064,1802.00,952,211
53166,1802.00,954,205
53267,1802.00,953,208
53368,1802.00,951,214
53470,1802.00,954,205
53571,1802.00,953,208
53672,1802.00,953,208
53774,1802.00,953,208
53874,1802.00,953,208
53976,1802.00,952,211
54077,1802.00,953,208
54178,1802.00,953,208
54280,1802.00,952,211
54381,1802.00,953,208
54482,1802.00,951,214
54584,1802.00,952,211
54685,1802.00,953,208
54787,1802.00,952,211
54888,1802.00,952,211
54989,1802.00,952,211
55091,1802.00,953,208
55192,1802.00,952,211
55293,1802.00,951,214
55395,1802.00,953,208
55495,1802.00,953,208
55597,1802.00,953,208
55698,1802.00,952,211
55799,1802.00,953,208
55901,1802.00,954,205
56002,1802.00,952,211
56103,1802.00,952,211
56205,1802.00,951,214
56306,1802.00,953,208
56408,1802.00,952,211
56509,1802.00,952,211
56610,1802.00,952,211
56712,1802.00,954,205
56813,1802.00,949,221
56914,1802.00,952,211
57016,1802.00,953,208
57116,1802.00,949,221
57218,1802.00,951,214
57319,1802.00,953,208
57420,1802.00,954,205
57522,1802.00,952,211
57623,1802.00,953,208
57724,1802.00,952,211
57826,1802.00,951,214
57927,1802.00,953,208
58029,1802.00,952,211
58130,1802.00,951,214
58231,1802.00,953,208
58333,1802.00,953,208
58434,1802.00,953,208
58535,1802.00,952,211
58637,1802.00,952,211
58737,1802.00,954,205
58839,1802.00,952,211
58940,1802.00,950,218
59041,1802.00,953,208
59143,1802.00,952,211
59244,1802.00,952,211
59345,1802.00,952,211
59447,1802.00,952,211
59548,1802.00,952,211
59650,1802.00,951,214
59751,1802.00,952,211
59852,1802.00,952,211
59954,1802.00,951,214
60055,1802.00,954,205
60156,1802.00,953,208
60258,1802.00,954,205
60359,1802.00,953,208
60460,1802.00,953,208
60561,1802.00,952,211
60662,1802.00,952,211
60764,1802.00,952,211
60865,1802.00,953,208
60966,1802.00,953,208
61068,1802.00,949,221
61169,1802.00,952,211
61271,1802.00,953,208
61372,1802.00,953,208
61473,1802.00,953,208
61575,1802.00,951,214
61676,1802.00,953,208
61777,1802.00,954,205
61879,1802.00,952,211
61980,1802.00,953,208
62081,1802.00,952,211
62182,1802.00,951,214
62283,1802.00,953,208
62385,1802.00,952,211
62486,1802.00,953,208
62587,1802.00,953,208
62689,1802.00,951,214
62790,1802.00,951,214
62892,1802.00,952,211
62993,1802.00,950,218
63094,1802.00,952,211
63196,1802.00,952,211
63297,1802.00,953,208
63398,1802.00,954,205
63500,1802.00,953,208
63601,1802.00,951,214
63702,1802.00,951,214
63803,1802.00,954,205
63904,1802.00,953,208
64006,1802.00,954,205
64107,1802.00,952,211
64208,1802.00,952,211
64310,1802.00,952,211
64411,1802.00,952,211
64513,1802.00,952,211
64614,1802.00,951,214
64715,1802.00,952,211
64817,1802.00,953,208
64918,1802.00,948,224
65019,1802.00,952,211
65121,1802.00,953,208
65222,1802.00,951,214
65324,1802.00,952,211
65424,1802.00,951,214
65525,1802.00,953,208
65627,1802.00,953,208
65728,1802.00,954,205
65829,1802.00,952,211
65931,1802.00,953,208
66032,1802.00,954,205
66134,1802.00,953,208
66235,1802.00,951,214
66336,1802.00,953,208
66438,1802.00,951,214
66539,1802.00,954,205
66640,1802.00,953,208
66742,1802.00,953,208
66843,1802.00,953,208
66945,1802.00,951,214
67045,1802.00,952,211
67146,1802.00,952,211
67248,1802.00,953,208
67349,1802.00,952,211
67450,1802.00,952,211
67552,1802.00,952,211
67653,1802.00,953,208
67755,1802.00,953,208
67856,1802.00,953,208
67957,1802.00,954,205
68059,1802.00,952,211
68160,1802.00,953,208
68261,1802.00,951,214
68363,1802.00,954,205
68464,1802.00,953,208
68566,1802.00,953,208
68666,1802.00,953,208
68767,1802.00,953,208
68869,1802.00,951,214
68970,1802.00,953,208
69071,1802.00,953,208
69173,1802.00,949,221
69274,1802.00,952,211
69376,1802.00,952,211
69477,1802.00,952,211
69578,1802.00,954,205
69680,1802.00,952,211
69781,1802.00,952,211
69882,1802.00,954,205
69984,1802.00,953,208
70085,1802.00,952,211
70187,1802.00,952,211
70288,1802.00,953,208
70388,1802.00,954,205
70490,1802.00,953,208
70591,1802.00,953,208
70692,1802.00,952,211
70794,1802.00,953,208
70895,1802.00,952,211
70996,1802.00,953,208
71098,1802.00,953,208
71199,1802.00,951,214
71301,1802.00,953,208
71402,1802.00,951,214
71503,1802.00,953,208
71605,1802.00,951,214
71706,1802.00,951,214
71808,1802.00,952,211
71909,1802.00,953,208
72009,1802.00,952,211
72111,1802.00,953,208
72212,1802.00,951,214
72313,1802.00,953,208
72415,1802.00,954,205
72516,1802.00,954,205
72617,1802.00,951,214
72719,1802.00,954,205
72820,1802.00,954,205
72922,1802.00,950,218
73023,1802.00,953,208
73124,1802.00,951,214
73226,1802.00,953,208
73327,1802.00,951,214
73428,1802.00,952,211
73530,1802.00,952,211
73631,1802.00,951,214
73732,1802.00,953,208
73833,1802.00,953,208
73934,1802.00,952,211
74036,1802.00,953,208
74137,1802.00,951,214
74238,1802.00,954,205
74340,1802.00,953,208
74441,1802.00,953,208
74543,1802.00,954,205
74644,1802.00,951,214
74745,1802.00,952,211
74847,1802.00,951,214
74948,1802.00,952,211
75049,1802.00,950,218
75151,1802.00,953,208
75252,1802.00,952,211
75353,1802.00,949,221
75454,1802.00,952,211
75555,1802.00,952,211
75657,1802.00,953,208
75758,1802.00,953,208
75859,1802.00,954,205
75961,1802.00,952,211
76062,1802.00,951,214
76164,1802.00,954,205
76265,1802.00,953,208
76366,1802.00,952,211
76468,1802.00,952,211
76569,1802.00,953,208
76670,1802.00,952,211
76772,1802.00,951,214
76873,1802.00,952,211
76975,1802.00,954,205
77075,1802.00,952,211
77176,1802.00,951,214
77278,1802.00,953,208
77379,1802.00,952,211
77480,1802.00,952,211
77582,1802.00,952,211
77683,1802.00,954,205
77785,1802.00,952,211
77886,1802.00,953,208
77987,1802.00,953,208
78089,1802.00,953,208
78190,1802.00,954,205
78291,1802.00,953,208
78393,1802.00,953,208
78494,1802.00,954,205
78596,1802.00,951,214
78696,1802.00,952,211
78797,1802.00,953,208
78899,1802.00,952,211
79000,1802.00,951,214
79101,1802.00,951,214
79203,1802.00,951,214
79304,1802.00,953,208
79406,1802.00,952,211
79507,1802.00,953,208
79608,1802.00,953,208
79710,1802.00,952,211
79811,1802.00,954,205
79912,1802.00,951,214
80014,1802.00,954,205
80115,1802.00,951,214
80217,1802.00,952,211
80318,1802.00,953,208
80418,1802.00,952,211
80520,1802.00,953,208
80621,1802.00,953,208
80722,1802.00,951,214
80824,1802.00,952,211
80925,1802.00,952,211
81027,1802.00,952,211
81128,1802.00,950,218
81229,1802.00,953,208
81331,1802.00,952,211
81432,1802.00,951,214
81533,1802.00,953,208
81635,1802.00,953,208
81736,1802.00,952,211
81838,1802.00,954,205
81939,1802.00,952,211
82039,1802.00,953,208
82141,1802.00,953,208
82242,1802.00,953,208
82343,1802.00,954,205
82445,1802.00,952,211
82546,1802.00,952,211
82648,1802.00,952,211
82749,1802.00,953,208
82850,1802.00,951,214
82952,1802.00,951,214
83053,1802.00,951,214
83154,1802.00,952,211
83256,1802.00,952,211
83357,1802.00,948,224
83459,1802.00,952,211
83560,1802.00,952,211
83660,1802.00,952,211
83762,1802.00,951,214
83863,1802.00,952,211
83964,1802.00,952,211
84066,1802.00,954,205
84167,1802.00,952,211
84269,1802.00,953,208
84370,1802.00,951,214
84471,1802.00,951,214
84573,1802.00,953,208
84674,1802.00,952,211
84775,1802.00,953,208
84877,1802.00,953,208
84978,1802.00,952,211
85080,1802.00,953,208
85181,1802.00,952,211
85281,1802.00,953,208
85383,1802.00,951,214
85484,1802.00,953,208
85585,1802.00,953,208
85687,1802.00,951,214
85788,1802.00,953,208
85890,1802.00,952,211
85991,1802.00,952,211
86092,1802.00,954,205
86194,1802.00,953,208
86295,1802.00,953,208
86396,1802.00,954,205
86498,1802.00,953,208
86599,1802.00,953,208
86701,1802.00,954,205
86802,1802.00,952,211
86903,1802.00,953,208
87004,1802.00,952,211
87105,1802.00,952,211
87206,1802.00,953,208
87308,1802.00,950,218
87409,1802.00,953,208
87511,1802.00,952,211
87612,1802.00,951,214
87713,1802.00,954,205
87815,1802.00,953,208
87916,1802.00,951,214
88017,1802.00,954,205
88119,1802.00,953,208
88220,1802.00,953,208
88322,1802.00,952,211
88423,1802.00,952,211
88524,1802.00,953,208
88625,1802.00,953,208
88726,1802.00,953,208
88827,1802.00,953,208
88929,1802.00,953,208
89030,1802.00,952,211
89132,1802.00,953,208
89233,1802.00,951,214
89334,1802.00,952,211
89436,1802.00,952,211
89537,1802.00,952,211
89638,1802.00,952,211
89740,1802.00,948,224
89841,1802.00,954,205
89943,1802.00,953,208
90044,1802.00,952,211
90145,1802.00,952,211
90246,1802.00,953,208
90347,1802.00,954,205
90448,1802.00,953,208
90550,1802.00,954,205
90651,1802.00,952,211
90753,1802.00,954,205
90854,1802.00,952,211
90955,1802.00,954,205
91057,1802.00,951,214
91158,1802.00,953,208
91259,1802.00,952,211
91361,1802.00,953,208
91462,1802.00,952,211
91564,1802.00,952,211
91665,1802.00,952,211
91766,1802.00,952,211
91867,1802.00,951,214
91968,1802.00,954,205
92069,1802.00,953,208
92171,1802.00,951,214
92272,1802.00,954,205
92374,1802.00,953,208
92475,1802.00,953,208
92576,1802.00,954,205
92678,1802.00,951,214
92779,1802.00,952,211
92880,1802.00,952,211
92982,1802.00,953,208
93083,1802.00,952,211
93185,1802.00,954,205
93286,1802.00,952,211
93387,1802.00,952,211
93489,1802.00,952,211
93589,1802.00,952,211
93690,1802.00,952,211
93792,1802.00,949,221
93893,1802.00,952,211
93995,1802.00,951,214
94096,1802.00,951,214
94197,1802.00,954,205
94299,1802.00,953,208
94400,1802.00,953,208
94501,1802.00,954,205
94603,1802.00,952,211
94704,1802.00,953,208
94806,1802.00,952,211
94907,1802.00,952,211
95008,1802.00,953,208
95110,1802.00,953,208
95210,1802.00,952,211
95311,1802.00,952,211
95413,1802.00,952,211
95514,1802.00,952,211
95616,1802.00,951,214
95717,1802.00,947,227
95818,1802.00,954,205
95920,1802.00,953,208
96021,1802.00,951,214
96122,1802.00,951,214
96224,1802.00,952,211
96325,1802.00,953,208
96427,1802.00,954,205
96528,1802.00,952,211
96629,1802.00,952,211
96731,1802.00,952,211
96831,1802.00,954,205
96932,1802.00,952,211
97034,1802.00,951,214
97135,1802.00,952,211
97236,1802.00,952,211
97338,1802.00,952,211
97439,1802.00,954,205
97541,1802.00,953,208
97642,1802.00,952,211
97743,1802.00,951,214
97845,1802.00,954,205
97946,1802.00,953,208
98048,1802.00,951,214
98149,1802.00,952,211
98250,1802.00,954,205
98352,1802.00,953,208
98453,1802.00,952,211
98553,1802.00,952,211
98655,1802.00,953,208
98756,1802.00,954,205
98857,1802.00,953,208
98959,1802.00,952,211
99060,1802.00,952,211
99162,1802.00,952,211
99263,1802.00,953,208
99364,1802.00,952,211
99466,1802.00,952,211
99567,1802.00,952,211
99668,1802.00,952,211
99770,1802.00,953,208
99871,1802.00,951,214
99973,1802.00,952,211
100074,1802.00,949,221
100175,1802.00,952,211
100277,1802.00,953,208
100377,1802.00,952,211
100478,1802.00,953,208
100580,1802.00,952,211
100681,1802.00,952,211
100783,1802.00,954,205
100884,1802.00,952,211
100985,1802.00,952,211
101087,1802.00,952,211
101188,1802.00,952,211
101289,1802.00,953,208
101391,1802.00,953,208
101492,1802.00,953,208
101594,1802.00,952,211
101695,1802.00,953,208
101796,1802.00,952,211
101898,1802.00,951,214
101999,1802.00,953,208
102100,1802.00,954,205
102202,1802.00,952,211
102303,1802.00,952,211
102405,1802.00,953,208
102506,1802.00,953,208
102607,1802.00,953,208
102709,1802.00,952,211
102810,1802.00,951,214
102912,1802.00,953,208
103013,1802.00,951,214
103114,1802.00,953,208
103216,1802.00,953,208
103317,1802.00,952,211
103418,1802.00,950,218
103520,1802.00,952,211
103621,1802.00,953,208
103723,1802.00,952,211
103824,1802.00,951,214
103925,1802.00,951,214
104027,1802.00,953,208
104128,1802.00,954,205
104229,1802.00,953,208
104331,1802.00,951,214
104432,1802.00,951,214
104534,1802.00,955,202
104635,1802.00,953,208
104736,1802.00,953,208
104838,1802.00,952,211
104939,1802.00,952,211
105040,1802.00,953,208
105142,1802.00,951,214
105243,1802.00,952,211
105345,1802.00,953,208
105446,1802.00,953,208
105547,1802.00,951,214
105649,1802.00,952,211
105750,1802.00,952,211
105851,1802.00,952,211
105953,1802.00,952,211
106054,1802.00,952,211
106156,1802.00,951,214
106257,1802.00,952,211
106358,1802.00,952,211
106460,1802.00,953,208
106561,1802.00,952,211
106662,1802.00,951,214
106764,1802.00,951,214
106865,1802.00,954,205
106967,1802.00,952,211
107068,1802.00,951,214
107169,1802.00,952,211
107271,1802.00,954,205
107372,1802.00,952,211
107473,1802.00,952,211
107575,1802.00,954,205
107676,1802.00,952,211
107778,1802.00,953,208
107879,1802.00,953,208
107980,1802.00,954,205
108082,1802.00,949,221
108182,1802.00,952,211
108283,1802.00,953,208
108385,1802.00,953,208
108486,1802.00,953,208
108588,1802.00,952,211
108689,1802.00,954,205
108790,1802.00,953,208
108892,1802.00,952,211
108993,1802.00,951,214
109094,1802.00,953,208
109196,1802.00,952,211
109297,1802.00,953,208
109399,1802.00,952,211
109500,1802.00,953,208
109601,1802.00,951,214
109703,1802.00,949,221
109804,1802.00,952,211
109905,1802.00,954,205
110007,1802.00,952,211
110108,1802.00,953,208
110210,1802.00,954,205
110311,1802.00,953,208
110412,1802.00,950,218
110514,1802.00,951,214
110615,1802.00,952,211
110716,1802.00,952,211
110818,1802.00,954,205
110919,1802.00,952,211
111021,1802.00,953,208
111122,1802.00,949,221
111223,1802.00,952,211
111325,1802.00,953,208
111426,1802.00,953,208
111527,1802.00,951,214
111629,1802.00,953,208
111730,1802.00,952,211
111832,1802.00,953,208
111933,1802.00,953,208
112034,1802.00,953,208
112136,1802.00,952,211
112237,1802.00,952,211
112338,1802.00,952,211
112440,1802.00,952,211
112541,1802.00,951,214
112643,1802.00,951,214
112744,1802.00,955,202
112845,1802.00,953,208
112947,1802.00,952,211
113048,1802.00,951,214
113149,1802.00,953,208
113251,1802.00,951,214
113352,1802.00,953,208
113454,1802.00,954,205
113555,1802.00,953,208
113656,1802.00,952,211
113758,1802.00,954,205
113859,1802.00,953,208
113960,1802.00,951,214
114062,1802.00,951,214
114163,1802.00,953,208
114265,1802.00,953,208
114366,1802.00,953,208
114467,1802.00,952,211
114569,1802.00,954,205
114670,1802.00,953,208
114771,1802.00,952,211
114873,1802.00,953,208
114974,1802.00,953,208
115076,1802.00,953,208
115177,1802.00,952,211
115278,1802.00,954,205
115380,1802.00,952,211
115481,1802.00,952,211
115582,1802.00,954,205
115684,1802.00,952,211
115785,1802.00,953,208
115887,1802.00,953,208
115988,1802.00,952,211
116089,1802.00,950,218
116191,1802.00,952,211
116291,1802.00,953,208
116392,1802.00,951,214
116494,1802.00,953,208
116595,1802.00,952,211
116697,1802.00,952,211
116798,1802.00,953,208
116899,1802.00,953,208
117001,1802.00,951,214
117102,1802.00,952,211
117203,1802.00,953,208
117305,1802.00,953,208
117406,1802.00,953,208
117508,1802.00,953,208
117609,1802.00,953,208
117710,1802.00,951,214
117812,1802.00,952,211
117913,1802.00,952,211
118014,1802.00,953,208
118116,1802.00,954,205
118217,1802.00,953,208
118319,1802.00,952,211
118420,1802.00,952,211
118521,1802.00,953,208
118623,1802.00,952,211
118724,1802.00,949,221
118825,1802.00,951,214
118927,1802.00,952,211
119028,1802.00,952,211
119130,1802.00,955,202
119231,1802.00,954,205
119332,1802.00,953,208
119434,1802.00,952,211
119535,1802.00,953,208
119636,1802.00,952,211
119738,1802.00,952,211
119839,1802.00,951,214
119941,1802.00,952,211
120042,1802.00,954,205
120143,1802.00,954,205
120245,1802.00,952,211
120346,1802.00,953,208
120448,1802.00,950,218
120549,1802.00,952,211
120650,1802.00,952,211
120752,1802.00,952,211
120853,1802.00,951,214
120954,1802.00,952,211
121056,1802.00,952,211
121157,1802.00,953,208
121259,1802.00,953,208
121360,1802.00,953,208
121461,1802.00,951,214
121563,1802.00,955,202
121664,1802.00,952,211
121765,1802.00,950,218
121867,1802.00,953,208
121968,1802.00,952,211
122070,1802.00,951,214
122171,1802.00,953,208
122272,1802.00,953,208
122374,1802.00,951,214
122475,1802.00,951,214
122576,1802.00,952,211
122678,1802.00,952,211
122779,1802.00,952,211
122881,1802.00,952,211
122982,1802.00,953,208
123083,1802.00,952,211
123185,1802.00,952,211
123286,1802.00,954,205
123387,1802.00,951,214
123489,1802.00,952,211
123590,1802.00,953,208
123692,1802.00,953,208
123793,1802.00,952,211
123894,1802.00,949,221
123996,1802.00,954,205
124097,1802.00,954,205
124198,1802.00,952,211
124300,1802.00,952,211
124401,1802.00,952,211
124503,1802.00,954,205
124604,1802.00,954,205
124705,1802.00,952,211
124807,1802.00,952,211
124907,1802.00,952,211
125008,1802.00,952,211
125110,1802.00,953,208
125211,1802.00,952,211
125313,1802.00,955,202
125414,1802.00,952,211
125515,1802.00,952,211
125617,1802.00,953,208
125718,1802.00,953,208
125819,1802.00,948,224
125921,1802.00,954,205
126022,1802.00,954,205
126124,1802.00,953,208
126225,1802.00,952,211
126326,1802.00,952,211
126428,1802.00,952,211
126529,1802.00,954,205
126630,1802.00,952,211
126732,1802.00,952,211
126833,1802.00,952,211
126935,1802.00,954,205
127036,1802.00,952,211
127137,1802.00,953,208
127239,1802.00,952,211
127340,1802.00,952,211
127441,1802.00,953,208
127543,1802.00,951,214
127644,1802.00,953,208
127746,1802.00,954,205
127847,1802.00,948,224
127948,1802.00,952,211
128050,1802.00,952,211
128151,1802.00,954,205
128252,1802.00,953,208
128354,1802.00,953,208
128455,1802.00,953,208
128557,1802.00,949,221
128658,1802.00,952,211
128759,1802.00,952,211
128861,1802.00,952,211
128962,1802.00,952,211
129063,1802.00,952,211
129165,1802.00,953,208
129266,1802.00,953,208
129368,1802.00,953,208
129469,1802.00,952,211
129570,1802.00,952,211
129672,1802.00,952,211
129773,1802.00,953,208
129874,1802.00,951,214
129976,1802.00,953,208
130077,1802.00,952,211
130179,1802.00,953,208
130280,1802.00,951,214
130381,1802.00,951,214
130483,1802.00,953,208
130584,1802.00,954,205
130685,1802.00,954,205
130787,1802.00,953,208
130888,1802.00,953,208
130990,1802.00,955,202
131091,1802.00,953,208
131192,1802.00,951,214
131294,1802.00,952,211
131395,1802.00,952,211
131496,1802.00,951,214
131598,1802.00,952,211
131699,1802.00,953,208
131801,1802.00,953,208
131902,1802.00,953,208
132003,1802.00,954,205
132105,1802.00,953,208
132206,1802.00,952,211
132307,1802.00,951,214
132409,1802.00,952,211
132510,1802.00,951,214
132612,1802.00,952,211
132713,1802.00,953,208
132814,1802.00,951,214
132916,1802.00,953,208
133016,1802.00,953,208
133117,1802.00,951,214
133219,1802.00,953,208
133320,1802.00,955,202
133422,1802.00,951,214
133523,1802.00,954,205
133624,1802.00,954,205
133726,1802.00,951,214
133827,1802.00,951,214
133928,1802.00,951,214
134030,1802.00,950,218
134131,1802.00,952,211
134233,1802.00,951,214
134334,1802.00,954,205
134435,1802.00,952,211
134537,1802.00,951,214
134638,1802.00,952,211
134739,1802.00,951,214
134841,1802.00,953,208
134942,1802.00,952,211
135044,1802.00,949,221
135145,1802.00,951,214
135246,1802.00,952,211
135348,1802.00,952,211
135449,1802.00,952,211
135550,1802.00,951,214
135652,1802.00,954,205
135753,1802.00,953,208
135855,1802.00,951,214
135956,1802.00,954,205
136057,1802.00,951,214
136159,1802.00,953,208
136260,1802.00,953,208
136361,1802.00,954,205
136463,1802.00,953,208
136564,1802.00,953,208
136666,1802.00,953,208
136767,1802.00,954,205
136868,1802.00,952,211
136970,1802.00,952,211
137071,1802.00,953,208
137172,1802.00,951,214
137274,1802.00,954,205
137375,1802.00,953,208
137477,1802.00,952,211
137578,1802.00,954,205
137679,1802.00,953,208
137781,1802.00,954,205
137882,1802.00,952,211
137984,1802.00,952,211
138085,1802.00,951,214
138186,1802.00,954,205
138288,1802.00,952,211
138389,1802.00,953,208
138490,1802.00,952,211
138592,1802.00,951,214
138693,1802.00,950,218
138795,1802.00,953,208
138896,1802.00,952,211
138997,1802.00,952,211
139099,1802.00,949,221
139200,1802.00,953,208
139301,1802.00,951,214
139403,1802.00,952,211
139504,1802.00,953,208
139606,1802.00,953,208
139707,1802.00,953,208
139808,1802.00,952,211
139910,1802.00,953,208
140011,1802.00,951,214
140112,1802.00,954,205
140214,1802.00,954,205
140315,1802.00,951,214
140417,1802.00,953,208
140518,1802.00,952,211
140619,1802.00,952,211
140721,1802.00,952,211
140822,1802.00,950,218
140923,1802.00,952,211
141025,1802.00,951,214
141126,1802.00,954,205
141228,1802.00,953,208
141328,1802.00,953,208
141429,1802.00,954,205
141531,1802.00,952,211
141632,1802.00,951,214
141733,1802.00,953,208
141835,1802.00,952,211
141936,1802.00,953,208
142038,1802.00,953,208
142139,1802.00,952,211
142240,1802.00,953,208
142342,1802.00,952,211
142443,1802.00,949,221
142544,1802.00,953,208
142646,1802.00,951,214
142747,1802.00,952,211
142849,1802.00,952,211
142950,1802.00,953,208
143051,1802.00,953,208
143153,1802.00,953,208
143254,1802.00,952,211
143355,1802.00,952,211
143457,1802.00,950,218
143558,1802.00,952,211
143660,1802.00,953,208
143761,1802.00,952,211
143862,1802.00,953,208
143964,1802.00,954,205
144065,1802.00,951,214
144166,1802.00,952,211
144268,1802.00,950,218
144369,1802.00,954,205
144471,1802.00,952,211
144572,1802.00,952,211
144673,1802.00,952,211
144775,1802.00,954,205
144876,1802.00,953,208
144977,1802.00,954,205
145079,1802.00,953,208
145180,1802.00,954,205
145282,1802.00,953,208
145383,1802.00,952,211
145484,1802.00,953,208
145586,1802.00,953,208
145687,1802.00,953,208
145788,1802.00,952,211
145890,1802.00,953,208
145991,1802.00,953,208
146093,1802.00,952,211
146194,1802.00,953,208
146295,1802.00,953,208
146397,1802.00,952,211
146498,1802.00,953,208
146599,1802.00,952,211
146701,1802.00,954,205
146802,1802.00,953,208
146904,1802.00,951,214
147005,1802.00,954,205
147106,1802.00,952,211
147208,1802.00,952,211
147309,1802.00,953,208
147410,1802.00,952,211
147512,1802.00,951,214
147613,1802.00,953,208
147715,1802.00,953,208
147816,1802.00,953,208
147917,1802.00,951,214
148019,1802.00,951,214
148120,1802.00,952,211
148221,1802.00,952,211
148323,1802.00,952,211
148424,1802.00,953,208
148526,1802.00,950,218
148627,1802.00,952,211
148728,1802.00,953,208
148830,1802.00,954,205
148931,1802.00,953,208
149032,1802.00,953,208
149134,1802.00,953,208
149235,1802.00,952,211
149337,1802.00,953,208
149437,1802.00,953,208
149538,1802.00,953,208
149640,1802.00,952,211
149741,1802.00,954,205
149842,1802.00,952,211
149944,1802.00,952,211
150045,1802.00,953,208
150147,1802.00,953,208
150248,1802.00,949,221
150349,1802.00,952,211
150451,1802.00,951,214
150552,1802.00,954,205
150653,1802.00,955,202
150755,1802.00,954,205
150856,1802.00,951,214
150958,1802.00,952,211
151059,1802.00,951,214
# load_kg=0.00
151161,0.00,954,205
151263,0.00,951,214
151364,0.00,954,205
151464,0.00,949,221
151566,0.00,952,211
151667,0.00,952,211
151769,0.00,952,211
151870,0.00,953,208
151971,0.00,954,205
152072,0.00,952,211
152173,0.00,954,205
152274,0.00,950,218
152376,0.00,954,205
152477,0.00,954,205
152579,0.00,954,205
152679,0.00,952,211
152780,0.00,954,205
152882,0.00,952,211
152983,0.00,953,208
153084,0.00,952,211
153185,0.00,952,211
153286,0.00,952,211
153388,0.00,951,214
153489,0.00,951,214
153590,0.00,952,211
153692,0.00,953,208
153792,0.00,952,211
153893,0.00,953,208
153995,0.00,952,211
154096,0.00,953,208
154198,0.00,952,211
154299,0.00,952,211
154399,0.00,952,211
154501,0.00,954,205
154602,0.00,950,218
154703,0.00,952,211
154805,0.00,952,211
154906,0.00,953,208
155006,0.00,951,214
155108,0.00,954,205
155209,0.00,951,214
155311,0.00,951,214
155412,0.00,952,211
155513,0.00,951,214
155614,0.00,954,205
155715,0.00,955,202
155816,0.00,953,208
155918,0.00,953,208
156019,0.00,952,211
156120,0.00,952,211
156221,0.00,954,205
156322,0.00,953,208
156424,0.00,954,205
156525,0.00,952,211
156626,0.00,953,208
156727,0.00,953,208
156828,0.00,952,211
156930,0.00,952,211
157031,0.00,953,208
157132,0.00,951,214
157234,0.00,953,208
157334,0.00,953,208
157435,0.00,953,208
157537,0.00,952,211
157638,0.00,952,211
157740,0.00,951,214
157841,0.00,953,208
157941,0.00,950,218
158043,0.00,951,214
158144,0.00,948,224
158245,0.00,953,208
158347,0.00,952,211
158448,0.00,954,205
158548,0.00,952,211
158650,0.00,953,208
158751,0.00,949,221
158853,0.00,953,208
158954,0.00,952,211
159054,0.00,953,208
159156,0.00,953,208
159257,0.00,954,205
159358,0.00,950,218
159460,0.00,953,208
159561,0.00,953,208
159662,0.00,952,211
159763,0.00,954,205
159864,0.00,950,218
159966,0.00,953,208
160067,0.00,952,211
160168,0.00,953,208
160269,0.00,954,205
160370,0.00,952,211
160472,0.00,953,208
160573,0.00,953,208
160674,0.00,952,211
160776,0.00,953,208
160876,0.00,951,214
160977,0.00,952,211
161079,0.00,954,205
161180,0.00,954,205
161282,0.00,949,221
161383,0.00,954,205
161483,0.00,952,211
161585,0.00,954,205
161686,0.00,952,211
161787,0.00,953,208
161889,0.00,953,208
161989,0.00,953,208
162091,0.00,953,208
162192,0.00,953,208
162293,0.00,953,208
162395,0.00,953,208
162496,0.00,952,211
162596,0.00,951,214
162698,0.00,954,205
162799,0.00,954,205
162900,0.00,952,211
163002,0.00,951,214
163103,0.00,954,205
163204,0.00,951,214
163305,0.00,952,211
163406,0.00,953,208
163508,0.00,952,211
163609,0.00,952,211
163710,0.00,953,208
163811,0.00,952,211
163912,0.00,952,211
164014,0.00,950,218
164115,0.00,953,208
164216,0.00,952,211
164318,0.00,951,214
164418,0.00,952,211
164519,0.00,951,214
164621,0.00,950,218
164722,0.00,953,208
164824,0.00,952,211
164924,0.00,954,205
165025,0.00,953,208
165127,0.00,952,211
165228,0.00,950,218
165329,0.00,953,208
165431,0.00,952,211
165531,0.00,953,208
165633,0.00,953,208
165734,0.00,954,205
165835,0.00,952,211
165937,0.00,954,205
166038,0.00,952,211
166138,0.00,953,208
166240,0.00,953,208
166341,0.00,954,205
166443,0.00,951,214
166544,0.00,953,208
166645,0.00,953,208
166746,0.00,952,211
166847,0.00,953,208
166948,0.00,953,208
167050,0.00,954,205
167151,0.00,952,211
167251,0.00,952,211
167353,0.00,951,214
167454,0.00,952,211
167556,0.00,953,208
167657,0.00,954,205
167758,0.00,954,205
167859,0.00,952,211
167960,0.00,951,214
168061,0.00,953,208
168163,0.00,952,211
168264,0.00,952,211
168366,0.00,953,208
168466,0.00,952,211
168567,0.00,953,208
168669,0.00,952,211
168770,0.00,953,208
168871,0.00,953,208
168973,0.00,953,208
169073,0.00,950,218
169175,0.00,952,211
169276,0.00,953,208
169377,0.00,953,208
169479,0.00,951,214
169579,0.00,953,208
169680,0.00,953,208
169782,0.00,952,211
169883,0.00,952,211
169985,0.00,952,211
170086,0.00,953,208
170186,0.00,954,205
170288,0.00,954,205
170389,0.00,953,208
170490,0.00,953,208
170592,0.00,954,205
170693,0.00,951,214
170793,0.00,953,208
170895,0.00,953,208
170996,0.00,952,211
171098,0.00,954,205
171199,0.00,949,221
171300,0.00,954,205
171401,0.00,953,208
171502,0.00,953,208
171603,0.00,955,202
171705,0.00,954,205
171806,0.00,951,214
171907,0.00,952,211
172008,0.00,953,208
172109,0.00,951,214
172211,0.00,952,211
172312,0.00,953,208
172413,0.00,954,205
172514,0.00,954,205
172615,0.00,954,205
172717,0.00,954,205
172818,0.00,951,214
172919,0.00,954,205
173021,0.00,952,211
173121,0.00,951,214
173222,0.00,954,205
173324,0.00,953,208
173425,0.00,953,208
173527,0.00,951,214
173628,0.00,953,208
173728,0.00,952,211
173830,0.00,952,211
173931,0.00,952,211
174032,0.00,952,211
174134,0.00,953,208
174235,0.00,953,208
174336,0.00,952,211
174437,0.00,951,214
174538,0.00,950,218
174640,0.00,953,208
174741,0.00,951,214
174841,0.00,954,205
174943,0.00,952,211
175044,0.00,954,205
175145,0.00,953,208
175247,0.00,953,208
175348,0.00,953,208
175449,0.00,952,211
175550,0.00,952,211
175651,0.00,952,211
175753,0.00,953,208
175854,0.00,954,205
175955,0.00,954,205
176056,0.00,953,208
176157,0.00,953,208
176259,0.00,953,208
176360,0.00,951,214
176461,0.00,951,214
176563,0.00,953,208
176663,0.00,951,214
176764,0.00,952,211
176866,0.00,953,208
176967,0.00,954,205
177069,0.00,949,221
177169,0.00,954,205
177270,0.00,952,211
177372,0.00,954,205
177473,0.00,952,211
177574,0.00,952,211
177676,0.00,951,214
177776,0.00,951,214
177878,0.00,954,205
177979,0.00,954,205
178080,0.00,953,208
178182,0.00,952,211
178283,0.00,953,208
178383,0.00,954,205
178485,0.00,953,208
178586,0.00,953,208
178688,0.00,953,208
178789,0.00,953,208
178890,0.00,953,208
178991,0.00,953,208
179092,0.00,953,208
179193,0.00,951,214
179295,0.00,952,211
179396,0.00,952,211
179497,0.00,954,205
179598,0.00,950,218
179699,0.00,953,208
179801,0.00,952,211
179902,0.00,952,211
180003,0.00,951,214
180104,0.00,953,208
180205,0.00,951,214
180306,0.00,953,208
180408,0.00,952,211
180509,0.00,954,205
180611,0.00,951,214
180711,0.00,952,211
180812,0.00,952,211
180914,0.00,953,208
181015,0.00,953,208
181116,0.00,954,205
181218,0.00,952,211
181318,0.00,952,211
181420,0.00,952,211
181521,0.00,951,214
181622,0.00,954,205
181724,0.00,952,211
181825,0.00,952,211
181925,0.00,953,208
182027,0.00,954,205
182128,0.00,952,211
182230,0.00,952,211
182331,0.00,953,208
182432,0.00,953,208
182533,0.00,954,205
182634,0.00,951,214
182735,0.00,952,211
182837,0.00,953,208
182938,0.00,952,211
183038,0.00,952,211
183140,0.00,954,205
183241,0.00,953,208
183343,0.00,952,211
183444,0.00,952,211
183545,0.00,951,214
183646,0.00,953,208
183747,0.00,954,205
183848,0.00,956,199
183950,0.00,951,214
184051,0.00,952,211
184153,0.00,950,218
184253,0.00,953,208
184354,0.00,951,214
184456,0.00,954,205
184557,0.00,950,218
184658,0.00,953,208
184760,0.00,952,211
184860,0.00,952,211
184962,0.00,952,211
185063,0.00,952,211
185164,0.00,952,211
185266,0.00,954,205
185367,0.00,953,208
185467,0.00,953,208
185569,0.00,953,208
185670,0.00,953,208
185772,0.00,953,208
185873,0.00,952,211
185973,0.00,952,211
186075,0.00,953,208
186176,0.00,953,208
186277,0.00,951,214
186379,0.00,954,205
186480,0.00,949,221
186580,0.00,953,208
186682,0.00,953,208
186783,0.00,951,214
186885,0.00,950,218
186986,0.00,952,211
187087,0.00,954,205
187188,0.00,952,211
187289,0.00,953,208
187390,0.00,952,211
187492,0.00,951,214
187593,0.00,953,208
187695,0.00,953,208
187795,0.00,953,208
187896,0.00,952,211
187998,0.00,954,205
188099,0.00,950,218
188200,0.00,951,214
188302,0.00,953,208
188402,0.00,952,211
188504,0.00,953,208
188605,0.00,954,205
188706,0.00,953,208
188808,0.00,951,214
188908,0.00,951,214
189009,0.00,952,211
189111,0.00,951,214
189212,0.00,951,214
189314,0.00,952,211
189415,0.00,953,208
189515,0.00,952,211
189617,0.00,953,208
189718,0.00,951,214
189819,0.00,953,208
189921,0.00,953,208
190022,0.00,953,208
190123,0.00,951,214
190224,0.00,955,202
190325,0.00,952,211
190427,0.00,951,214
190528,0.00,954,205
190629,0.00,953,208
190730,0.00,950,218
190831,0.00,946,231
190932,0.00,948,224
191034,0.00,947,227
191135,0.00,949,221
191237,0.00,949,221
191337,0.00,949,221
191438,0.00,951,214
191540,0.00,950,218
191641,0.00,949,221
191742,0.00,947,227
191843,0.00,948,224
191944,0.00,947,227
192046,0.00,949,221
192147,0.00,948,224
192248,0.00,949,221
192350,0.00,947,227
192450,0.00,948,224
192551,0.00,949,221
192653,0.00,949,221
192754,0.00,949,221
192856,0.00,948,224
192957,0.00,948,224
193057,0.00,947,227
193159,0.00,947,227
193260,0.00,950,218
193361,0.00,947,227
193463,0.00,950,218
193564,0.00,948,224
193665,0.00,950,218
193766,0.00,947,227
193867,0.00,949,221
193969,0.00,949,221
194070,0.00,947,227
194170,0.00,946,231
194272,0.00,949,221
194373,0.00,948,224
194475,0.00,948,224
194576,0.00,947,227
194677,0.00,953,208
194778,0.00,950,218
194879,0.00,949,221
194980,0.00,946,231
195082,0.00,946,231
195183,0.00,950,218
195284,0.00,951,214
195385,0.00,947,227
195486,0.00,951,214
195588,0.00,950,218
195689,0.00,950,218
195790,0.00,950,218
195892,0.00,949,221
195992,0.00,949,221
196093,0.00,949,221
196195,0.00,951,214
196296,0.00,951,214
196398,0.00,949,221
196499,0.00,949,221
196599,0.00,949,221
196701,0.00,951,214
196802,0.00,950,218
196903,0.00,949,221
197005,0.00,948,224
197105,0.00,947,227
197207,0.00,949,221
197308,0.00,948,224
197409,0.00,948,224
197511,0.00,949,221
197612,0.00,948,224
197712,0.00,947,227
197814,0.00,950,218
197915,0.00,950,218
198017,0.00,950,218
198118,0.00,948,224
198219,0.00,947,227
198320,0.00,948,224
198421,0.00,947,227
198522,0.00,949,221
198624,0.00,950,218
198725,0.00,950,218
198827,0.00,947,227
198927,0.00,947,227
199028,0.00,948,224
199130,0.00,950,218
199231,0.00,948,224
199332,0.00,946,231
199434,0.00,947,227
199534,0.00,950,218
199635,0.00,949,221
199737,0.00,949,221
199838,0.00,950,218
199940,0.00,948,224
200040,0.00,949,221
200141,0.00,949,221
200243,0.00,950,218
200344,0.00,949,221
200445,0.00,949,221
200547,0.00,948,224
200647,0.00,951,214
200749,0.00,949,221
200850,0.00,947,227
200951,0.00,948,224
201053,0.00,948,224
201154,0.00,949,221
201254,0.00,950,218
201356,0.00,950,218
201457,0.00,947,227
201559,0.00,947,227
201660,0.00,949,221
201761,0.00,950,218
201862,0.00,949,221
201963,0.00,950,218
202064,0.00,947,227
202166,0.00,949,221
202267,0.00,951,214
202369,0.00,948,224
202469,0.00,948,224
202570,0.00,950,218
202672,0.00,946,231
202773,0.00,949,221
202874,0.00,947,227
202975,0.00,951,214
203076,0.00,950,218
203177,0.00,950,218
203279,0.00,947,227
203380,0.00,947,227
203482,0.00,948,224
203582,0.00,949,221
203683,0.00,950,218
203785,0.00,950,218
203886,0.00,947,227
203987,0.00,947,227
204089,0.00,948,224
204189,0.00,948,224
204291,0.00,948,224
204392,0.00,950,218
204493,0.00,950,218
204595,0.00,949,221
204696,0.00,948,224
204796,0.00,949,221
204898,0.00,948,224
# load_kg=1603.00
205000,1603.00,948,224
205102,1603.00,948,224
205203,1603.00,949,221
205304,1603.00,947,227
205406,1603.00,950,218
205507,1603.00,948,224
205608,1603.00,949,221
205710,1603.00,947,227
205811,1603.00,947,227
205913,1603.00,950,218
206014,1603.00,949,221
206115,1603.00,948,224
206217,1603.00,951,214
206318,1603.00,949,221
206419,1603.00,950,218
206521,1603.00,949,221
206622,1603.00,947,227
206724,1603.00,947,227
206825,1603.00,949,221
206926,1603.00,947,227
207028,1603.00,948,224
207129,1603.00,945,234
207230,1603.00,950,218
207331,1603.00,950,218
207432,1603.00,951,214
207534,1603.00,950,218
207635,1603.00,948,224
207736,1603.00,947,227
207838,1603.00,949,221
207939,1603.00,948,224
208040,1603.00,950,218
208142,1603.00,948,224
208243,1603.00,950,218
208345,1603.00,949,221
208446,1603.00,947,227
208547,1603.00,951,214
208649,1603.00,948,224
208750,1603.00,946,231
208851,1603.00,948,224
208953,1603.00,949,221
209054,1603.00,949,221
209156,1603.00,949,221
209257,1603.00,949,221
209358,1603.00,947,227
209460,1603.00,949,221
209561,1603.00,948,224
209662,1603.00,950,218
209764,1603.00,950,218
209865,1603.00,950,218
209967,1603.00,950,218
210068,1603.00,947,227
210169,1603.00,949,221
210271,1603.00,949,221
210372,1603.00,949,221
210473,1603.00,949,221
210575,1603.00,947,227
210676,1603.00,949,221
210778,1603.00,950,218
210879,1603.00,950,218
210980,1603.00,945,234
211082,1603.00,950,218
211183,1603.00,949,221
211284,1603.00,949,221
211386,1603.00,947,227
211487,1603.00,947,227
211589,1603.00,950,218
211690,1603.00,949,221
211791,1603.00,947,227
211893,1603.00,948,224
211994,1603.00,950,218
212096,1603.00,950,218
212197,1603.00,947,227
212298,1603.00,951,214
212400,1603.00,950,218
212501,1603.00,949,221
212602,1603.00,949,221
212704,1603.00,949,221
212805,1603.00,947,227
212907,1603.00,948,224
213008,1603.00,948,224
213109,1603.00,950,218
213211,1603.00,950,218
213312,1603.00,947,227
213413,1603.00,949,221
213515,1603.00,949,221
213616,1603.00,949,221
213718,1603.00,951,214
213819,1603.00,948,224
213920,1603.00,946,231
214022,1603.00,950,218
214123,1603.00,950,218
214224,1603.00,950,218
214326,1603.00,950,218
214427,1603.00,950,218
214529,1603.00,948,224
214630,1603.00,946,231
214731,1603.00,950,218
214833,1603.00,947,227
214934,1603.00,950,218
215034,1603.00,949,221
215136,1603.00,948,224
215237,1603.00,949,221
215339,1603.00,950,218
215440,1603.00,948,224
215541,1603.00,946,231
215643,1603.00,949,221
215744,1603.00,947,227
215845,1603.00,949,221
215947,1603.00,949,221
216048,1603.00,951,214
216150,1603.00,950,218
216251,1603.00,947,227
216352,1603.00,950,218
216454,1603.00,948,224
216555,1603.00,951,214
216656,1603.00,951,214
216758,1603.00,948,224
216859,1603.00,947,227
216961,1603.00,950,218
217062,1603.00,951,214
217163,1603.00,950,218
217265,1603.00,949,221
217366,1603.00,950,218
217467,1603.00,949,221
217569,1603.00,949,221
217670,1603.00,946,231
217772,1603.00,947,227
217873,1603.00,949,221
217974,1603.00,949,221
218076,1603.00,947,227
218177,1603.00,950,218
218278,1603.00,949,221
218380,1603.00,950,218
218481,1603.00,950,218
218583,1603.00,950,218
218684,1603.00,950,218
218785,1603.00,949,221
218887,1603.00,949,221
218988,1603.00,950,218
219089,1603.00,947,227
219191,1603.00,949,221
219292,1603.00,947,227
219394,1603.00,951,214
219495,1603.00,950,218
219596,1603.00,949,221
219698,1603.00,949,221
219799,1603.00,949,221
219900,1603.00,948,224
220002,1603.00,947,227
220103,1603.00,950,218
220205,1603.00,950,218
220306,1603.00,948,224
220407,1603.00,949,221
220509,1603.00,949,221
220610,1603.00,950,218
220711,1603.00,948,224
220813,1603.00,950,218
220914,1603.00,949,221
221016,1603.00,949,221
221117,1603.00,948,224
221218,1603.00,950,218
221320,1603.00,948,224
221421,1603.00,947,227
221522,1603.00,947,227
221624,1603.00,949,221
221725,1603.00,948,224
221827,1603.00,949,221
221928,1603.00,950,218
222029,1603.00,949,221
222131,1603.00,949,221
222232,1603.00,950,218
222333,1603.00,948,224
222435,1603.00,949,221
222536,1603.00,949,221
222638,1603.00,948,224
222738,1603.00,950,218
222839,1603.00,947,227
222941,1603.00,949,221
223042,1603.00,948,224
223143,1603.00,947,227
223245,1603.00,949,221
223346,1603.00,948,224
223448,1603.00,950,218
223549,1603.00,950,218
223650,1603.00,948,224
223752,1603.00,950,218
223853,1603.00,950,218
223954,1603.00,950,218
224056,1603.00,948,224
224157,1603.00,951,214
224259,1603.00,947,227
224360,1603.00,950,218
224461,1603.00,947,227
224563,1603.00,950,218
224664,1603.00,946,231
224765,1603.00,947,227
224867,1603.00,947,227
224968,1603.00,949,221
225070,1603.00,950,218
225171,1603.00,951,214
225272,1603.00,950,218
225374,1603.00,949,221
225475,1603.00,948,224
225576,1603.00,949,221
225678,1603.00,949,221
225779,1603.00,950,218
225881,1603.00,951,214
225982,1603.00,950,218
226083,1603.00,949,221
226185,1603.00,950,218
226286,1603.00,949,221
226387,1603.00,950,218
226489,1603.00,949,221
226590,1603.00,948,224
226692,1603.00,949,221
226793,1603.00,949,221
226894,1603.00,950,218
226996,1603.00,948,224
227097,1603.00,947,227
227198,1603.00,948,224
227300,1603.00,950,218
227401,1603.00,949,221
227503,1603.00,950,218
227604,1603.00,949,221
227705,1603.00,949,221
227807,1603.00,949,221
227908,1603.00,947,227
228009,1603.00,947,227
228111,1603.00,949,221
228212,1603.00,950,218
228314,1603.00,947,227
228415,1603.00,949,221
228516,1603.00,951,214
228618,1603.00,949,221
228719,1603.00,949,221
228820,1603.00,947,227
228922,1603.00,948,224
229023,1603.00,951,214
229125,1603.00,948,224
229226,1603.00,948,224
229327,1603.00,947,227
229429,1603.00,946,231
229530,1603.00,950,218
229632,1603.00,948,224
229733,1603.00,950,218
229834,1603.00,950,218
229936,1603.00,949,221
230037,1603.00,949,221
230138,1603.00,946,231
230240,1603.00,949,221
230341,1603.00,948,224
230443,1603.00,950,218
230543,1603.00,950,218
230644,1603.00,947,227
230746,1603.00,949,221
230847,1603.00,948,224
230948,1603.00,949,221
231050,1603.00,948,224
231151,1603.00,947,227
231252,1603.00,951,214
231354,1603.00,947,227
231455,1603.00,948,224
231557,1603.00,949,221
231658,1603.00,949,221
231759,1603.00,947,227
231861,1603.00,950,218
231962,1603.00,951,214
232064,1603.00,947,227
232165,1603.00,951,214
232266,1603.00,943,240
232368,1603.00,950,218
232469,1603.00,949,221
232570,1603.00,947,227
232672,1603.00,947,227
232773,1603.00,948,224
232875,1603.00,949,221
232976,1603.00,949,221
233077,1603.00,947,227
233179,1603.00,948,224
233280,1603.00,949,221
233381,1603.00,950,218
233483,1603.00,949,221
233584,1603.00,951,214
233686,1603.00,949,221
233787,1603.00,950,218
233888,1603.00,949,221
233990,1603.00,950,218
234091,1603.00,949,221
234192,1603.00,950,218
234294,1603.00,949,221
234395,1603.00,950,218
234497,1603.00,950,218
234598,1603.00,951,214
234699,1603.00,949,221
234801,1603.00,948,224
234902,1603.00,948,224
235003,1603.00,949,221
235105,1603.00,949,221
235206,1603.00,950,218
235308,1603.00,949,221
235409,1603.00,950,218
235510,1603.00,949,221
235612,1603.00,949,221
235713,1603.00,949,221
235814,1603.00,949,221
235916,1603.00,947,227
236017,1603.00,949,221
236119,1603.00,950,218
236220,1603.00,949,221
236321,1603.00,947,227
236423,1603.00,948,224
236524,1603.00,948,224
236625,1603.00,949,221
236727,1603.00,948,224
236828,1603.00,949,221
236930,1603.00,950,218
237031,1603.00,949,221
237132,1603.00,949,221
237234,1603.00,949,221
237335,1603.00,950,218
237436,1603.00,949,221
237538,1603.00,949,221
237639,1603.00,947,227
237741,1603.00,950,218
237842,1603.00,948,224
237943,1603.00,949,221
238045,1603.00,949,221
238146,1603.00,950,218
238247,1603.00,950,218
238349,1603.00,950,218
238449,1603.00,950,218
238551,1603.00,949,221
238652,1603.00,950,218
238753,1603.00,949,221
238855,1603.00,950,218
238956,1603.00,950,218
239057,1603.00,950,218
239159,1603.00,946,231
239260,1603.00,949,221
239362,1603.00,949,221
239463,1603.00,950,218
239564,1603.00,950,218
239666,1603.00,947,227
239767,1603.00,949,221
239868,1603.00,948,224
239970,1603.00,949,221
240071,1603.00,950,218
240173,1603.00,948,224
240274,1603.00,947,227
240375,1603.00,949,221
240477,1603.00,950,218
240578,1603.00,950,218
240679,1603.00,950,218
240781,1603.00,948,224
240882,1603.00,949,221
240984,1603.00,949,221
241085,1603.00,951,214
241186,1603.00,950,218
241288,1603.00,948,224
241389,1603.00,951,214
241490,1603.00,947,227
241592,1603.00,950,218
241693,1603.00,949,221
241795,1603.00,947,227
241896,1603.00,949,221
241997,1603.00,950,218
242099,1603.00,948,224
242200,1603.00,949,221
242301,1603.00,949,221
242403,1603.00,949,221
242504,1603.00,951,214
242606,1603.00,948,224
242707,1603.00,948,224
242808,1603.00,949,221
242910,1603.00,950,218
243011,1603.00,948,224
243112,1603.00,949,221
243214,1603.00,950,218
243315,1603.00,947,227
243417,1603.00,949,221
243518,1603.00,949,221
243619,1603.00,950,218
243721,1603.00,947,227
243822,1603.00,947,227
243923,1603.00,948,224
244025,1603.00,949,221
244126,1603.00,951,214
244228,1603.00,949,221
244329,1603.00,949,221
244430,1603.00,949,221
244532,1603.00,947,227
244633,1603.00,948,224
244734,1603.00,950,218
244836,1603.00,948,224
244937,1603.00,948,224
245039,1603.00,950,218
245140,1603.00,949,221
245241,1603.00,949,221
245343,1603.00,949,221
245444,1603.00,948,224
245545,1603.00,947,227
245647,1603.00,949,221
245748,1603.00,950,218
# load_kg=0.00
245850,0.00,948,224
245951,0.00,949,221
246052,0.00,949,221
246154,0.00,947,227
246254,0.00,948,224
246355,0.00,948,224
246457,0.00,948,224
246558,0.00,950,218
246660,0.00,948,224
246761,0.00,948,224
246861,0.00,949,221
246963,0.00,950,218
247064,0.00,945,234
247165,0.00,950,218
247267,0.00,950,218
247368,0.00,948,224
247469,0.00,947,227
247570,0.00,950,218
247671,0.00,947,227
247773,0.00,947,227
247874,0.00,947,227
247974,0.00,948,224
248076,0.00,950,218
248177,0.00,948,224
248279,0.00,947,227
248380,0.00,949,221
248481,0.00,949,221
248582,0.00,950,218
248683,0.00,950,218
248784,0.00,948,224
248886,0.00,950,218
248987,0.00,948,224
249089,0.00,949,221
249189,0.00,947,227
249290,0.00,947,227
249392,0.00,949,221
249493,0.00,947,227
249594,0.00,951,214
249696,0.00,947,227
249796,0.00,950,218
249897,0.00,949,221
249999,0.00,949,221
250100,0.00,948,224
250202,0.00,950,218
250303,0.00,950,218
250403,0.00,950,218
250505,0.00,950,218
250606,0.00,949,221
250707,0.00,949,221
250809,0.00,948,224
250909,0.00,949,221
251011,0.00,948,224
251112,0.00,950,218
251213,0.00,950,218
251315,0.00,950,218
251416,0.00,949,221
251516,0.00,949,221
251618,0.00,948,224
251719,0.00,950,218
251821,0.00,947,227
251922,0.00,947,227
252023,0.00,948,224
252124,0.00,950,218
252225,0.00,949,221
252326,0.00,950,218
252428,0.00,949,221
252529,0.00,949,221
252631,0.00,947,227
252731,0.00,948,224
252832,0.00,949,221
252934,0.00,952,211
253035,0.00,948,224
253136,0.00,949,221
253238,0.00,950,218
253338,0.00,949,221
253440,0.00,948,224
253541,0.00,951,214
253642,0.00,953,208
253744,0.00,953,208
253845,0.00,948,224
253945,0.00,950,218
254047,0.00,952,211
254148,0.00,950,218
254249,0.00,949,221
254351,0.00,950,218
254451,0.00,950,218
254553,0.00,947,227
254654,0.00,942,244
254755,0.00,950,218
254857,0.00,946,231
254958,0.00,947,227
255058,0.00,949,221
255160,0.00,948,224
255261,0.00,948,224
255363,0.00,947,227
255464,0.00,948,224
255565,0.00,944,237
255666,0.00,948,224
255767,0.00,948,224
255868,0.00,948,224
255970,0.00,946,231
256071,0.00,947,227
256173,0.00,949,221
256273,0.00,949,221
256374,0.00,946,231
256476,0.00,947,227
256577,0.00,946,231
256678,0.00,945,234
256779,0.00,948,224
256880,0.00,950,218
256982,0.00,948,224
257083,0.00,946,231
257184,0.00,948,224
257286,0.00,949,221
257386,0.00,947,227
257487,0.00,947,227
257589,0.00,948,224
257690,0.00,948,224
257792,0.00,948,224
257893,0.00,948,224
257993,0.00,947,227
258095,0.00,946,231
258196,0.00,946,231
258297,0.00,946,231
258399,0.00,947,227
258499,0.00,945,234
258600,0.00,947,227
258702,0.00,947,227
258803,0.00,948,224
258905,0.00,947,227
259006,0.00,948,224
259106,0.00,945,234
259208,0.00,949,221
259309,0.00,947,227
259410,0.00,948,224
259512,0.00,947,227
259613,0.00,944,237
259714,0.00,949,221
259815,0.00,936,263
259916,0.00,948,224
260018,0.00,949,221
260119,0.00,944,237
260220,0.00,945,234
260321,0.00,949,221
260422,0.00,950,218
260524,0.00,943,240
260625,0.00,948,224
260726,0.00,950,218
260827,0.00,950,218
260928,0.00,948,224
261029,0.00,950,218
261131,0.00,951,214
261232,0.00,949,221
261334,0.00,949,221
261434,0.00,950,218
261535,0.00,949,221
261637,0.00,949,221
261738,0.00,946,231
261839,0.00,948,224
261941,0.00,949,221
262041,0.00,947,227
262142,0.00,949,221
262244,0.00,948,224
262345,0.00,949,221
262447,0.00,951,214
262548,0.00,949,221
262648,0.00,949,221
262750,0.00,950,218
262851,0.00,950,218
262952,0.00,949,221
263054,0.00,950,218
263154,0.00,947,227
263256,0.00,949,221
263357,0.00,952,211
263458,0.00,950,218
263560,0.00,948,224
263661,0.00,950,218
263761,0.00,950,218
263863,0.00,949,221
263964,0.00,949,221
264066,0.00,949,221
264167,0.00,950,218
264268,0.00,946,231
264369,0.00,951,214
264470,0.00,951,214
264571,0.00,950,218
264673,0.00,948,224
264774,0.00,950,218
264876,0.00,948,224
264976,0.00,950,218
265077,0.00,949,221
265179,0.00,950,218
265280,0.00,949,221
265381,0.00,947,227
265483,0.00,949,221
265583,0.00,948,224
265684,0.00,950,218
265786,0.00,949,221
265887,0.00,950,218
265989,0.00,947,227
266089,0.00,950,218
266190,0.00,950,218
266292,0.00,949,221
266393,0.00,949,221
266494,0.00,950,218
266596,0.00,951,214
266696,0.00,950,218
266798,0.00,949,221
266899,0.00,950,218
267000,0.00,949,221
267102,0.00,949,221
267203,0.00,951,214
267303,0.00,949,221
# load_kg=1403.00
267406,1403.00,949,221
267507,1403.00,949,221
267609,1403.00,950,218
267710,1403.00,950,218
267811,1403.00,947,227
267913,1403.00,949,221
268014,1403.00,951,214
268115,1403.00,950,218
268217,1403.00,949,221
268318,1403.00,949,221
268420,1403.00,951,214
268521,1403.00,945,234
268622,1403.00,949,221
268724,1403.00,949,221
268825,1403.00,950,218
268926,1403.00,949,221
269028,1403.00,950,218
269129,1403.00,949,221
269231,1403.00,950,218
269332,1403.00,950,218
269433,1403.00,950,218
269535,1403.00,951,214
269636,1403.00,949,221
269737,1403.00,948,224
269839,1403.00,950,218
269940,1403.00,949,221
270042,1403.00,950,218
270143,1403.00,949,221
270244,1403.00,949,221
270346,1403.00,950,218
270447,1403.00,950,218
270548,1403.00,951,214
270650,1403.00,948,224
270751,1403.00,950,218
270853,1403.00,951,214
270954,1403.00,950,218
271055,1403.00,946,231
271157,1403.00,949,221
271258,1403.00,950,218
271360,1403.00,951,214
271460,1403.00,950,218
271561,1403.00,949,221
271663,1403.00,949,221
271764,1403.00,949,221
271865,1403.00,949,221
271967,1403.00,950,218
272068,1403.00,948,224
272169,1403.00,950,218
272271,1403.00,949,221
272372,1403.00,950,218
272474,1403.00,949,221
272575,1403.00,948,224
272676,1403.00,949,221
272778,1403.00,949,221
272879,1403.00,950,218
272980,1403.00,949,221
273082,1403.00,949,221
273183,1403.00,950,218
273285,1403.00,948,224
273386,1403.00,949,221
273487,1403.00,950,218
273589,1403.00,949,221
273690,1403.00,951,214
273792,1403.00,947,227
273893,1403.00,950,218
273994,1403.00,949,221
274096,1403.00,948,224
274197,1403.00,949,221
274298,1403.00,949,221
274400,1403.00,949,221
274501,1403.00,946,231
274603,1403.00,950,218
274704,1403.00,948,224
274805,1403.00,949,221
274907,1403.00,946,231
275008,1403.00,950,218
275109,1403.00,951,214
275211,1403.00,950,218
275312,1403.00,950,218
275414,1403.00,950,218
275515,1403.00,949,221
275616,1403.00,948,224
275718,1403.00,950,218
275819,1403.00,951,214
275920,1403.00,949,221
276022,1403.00,951,214
276123,1403.00,950,218
276225,1403.00,949,221
276326,1403.00,950,218
276427,1403.00,950,218
276529,1403.00,949,221
276630,1403.00,945,234
276731,1403.00,949,221
276833,1403.00,951,214
276934,1403.00,948,224
277036,1403.00,949,221
277137,1403.00,950,218
277238,1403.00,950,218
277340,1403.00,946,231
277441,1403.00,950,218
277542,1403.00,948,224
277644,1403.00,950,218
277745,1403.00,948,224
277847,1403.00,949,221
277948,1403.00,950,218
278049,1403.00,949,221
278151,1403.00,949,221
278252,1403.00,950,218
278353,1403.00,949,221
278455,1403.00,949,221
278556,1403.00,950,218
278658,1403.00,952,211
278759,1403.00,949,221
278860,1403.00,948,224
278962,1403.00,952,211
279063,1403.00,949,221
279164,1403.00,949,221
279266,1403.00,949,221
279367,1403.00,949,221
279469,1403.00,946,231
279570,1403.00,948,224
279671,1403.00,949,221
279773,1403.00,949,221
279874,1403.00,949,221
279975,1403.00,947,227
280076,1403.00,950,218
280177,1403.00,951,214
280279,1403.00,950,218
280380,1403.00,949,221
280481,1403.00,949,221
280583,1403.00,948,224
280684,1403.00,948,224
280785,1403.00,949,221
280887,1403.00,948,224
280988,1403.00,950,218
281090,1403.00,947,227
281191,1403.00,949,221
281292,1403.00,951,214
281394,1403.00,949,221
281495,1403.00,949,221
281596,1403.00,951,214
281698,1403.00,950,218
281799,1403.00,949,221
281901,1403.00,949,221
282002,1403.00,951,214
282103,1403.00,949,221
282205,1403.00,947,227
282306,1403.00,949,221
282407,1403.00,949,221
282509,1403.00,950,218
282610,1403.00,951,214
282712,1403.00,949,221
282813,1403.00,949,221
282914,1403.00,948,224
283016,1403.00,950,218
283117,1403.00,949,221
283218,1403.00,949,221
283320,1403.00,951,214
283421,1403.00,949,221
283523,1403.00,950,218
283624,1403.00,947,227
283725,1403.00,950,218
283827,1403.00,947,227
283928,1403.00,950,218
284029,1403.00,951,214
284131,1403.00,952,211
284232,1403.00,950,218
284334,1403.00,950,218
284435,1403.00,948,224
284536,1403.00,949,221
284638,1403.00,951,214
284739,1403.00,950,218
284840,1403.00,949,221
284942,1403.00,948,224
285043,1403.00,946,231
285145,1403.00,950,218
285246,1403.00,949,221
285347,1403.00,950,218
285449,1403.00,949,221
285550,1403.00,950,218
285651,1403.00,949,221
285753,1403.00,952,211
285854,1403.00,950,218
285956,1403.00,948,224
286057,1403.00,949,221
286158,1403.00,950,218
286260,1403.00,952,211
286361,1403.00,948,224
286462,1403.00,949,221
286564,1403.00,950,218
286665,1403.00,948,224
286767,1403.00,949,221
286868,1403.00,949,221
286969,1403.00,949,221
287071,1403.00,950,218
287172,1403.00,950,218
287273,1403.00,949,221
287375,1403.00,949,221
287476,1403.00,950,218
287578,1403.00,950,218
287679,1403.00,950,218
287780,1403.00,949,221
287882,1403.00,948,224
287983,1403.00,950,218
288084,1403.00,950,218
288186,1403.00,950,218
288287,1403.00,949,221
288389,1403.00,948,224
288490,1403.00,949,221
288591,1403.00,949,221
288693,1403.00,950,218
288794,1403.00,947,227
288894,1403.00,950,218
288996,1403.00,951,214
289097,1403.00,949,221
289199,1403.00,950,218
289300,1403.00,948,224
289401,1403.00,948,224
289503,1403.00,950,218
289604,1403.00,950,218
289705,1403.00,950,218
289807,1403.00,949,221
289908,1403.00,949,221
290010,1403.00,950,218
290111,1403.00,948,224
290212,1403.00,948,224
290314,1403.00,951,214
290415,1403.00,950,218
290516,1403.00,949,221
290618,1403.00,949,221
290719,1403.00,950,218
290821,1403.00,949,221
290922,1403.00,947,227
291023,1403.00,951,214
291125,1403.00,949,221
291226,1403.00,946,231
291328,1403.00,951,214
291429,1403.00,946,231
291530,1403.00,949,221
291632,1403.00,950,218
291733,1403.00,949,221
291834,1403.00,949,221
291936,1403.00,948,224
292037,1403.00,949,221
292139,1403.00,949,221
292240,1403.00,950,218
292341,1403.00,949,221
292443,1403.00,950,218
292544,1403.00,950,218
292645,1403.00,949,221
292747,1403.00,949,221
292848,1403.00,950,218
292950,1403.00,949,221
293051,1403.00,947,227
293152,1403.00,950,218
293254,1403.00,949,221
293355,1403.00,950,218
293456,1403.00,949,221
293558,1403.00,950,218
293659,1403.00,949,221
293761,1403.00,948,224
293862,1403.00,949,221
293963,1403.00,949,221
294065,1403.00,949,221
294166,1403.00,950,218
294267,1403.00,950,218
294369,1403.00,948,224
294470,1403.00,949,221
294572,1403.00,949,221
294673,1403.00,949,221
294774,1403.00,950,218
294876,1403.00,949,221
294977,1403.00,951,214
295078,1403.00,950,218
295180,1403.00,950,218
295281,1403.00,950,218
295383,1403.00,950,218
295484,1403.00,950,218
295585,1403.00,947,227
295687,1403.00,950,218
295788,1403.00,950,218
295889,1403.00,949,221
295991,1403.00,950,218
296092,1403.00,950,218
296194,1403.00,950,218
296295,1403.00,950,218
296396,1403.00,950,218
296498,1403.00,949,221
296599,1403.00,949,221
296700,1403.00,949,221
296802,1403.00,946,231
296903,1403.00,950,218
297005,1403.00,948,224
297106,1403.00,949,221
297207,1403.00,950,218
297309,1403.00,949,221
297410,1403.00,950,218
297511,1403.00,949,221
297612,1403.00,949,221
297713,1403.00,948,224
297815,1403.00,949,221
297916,1403.00,950,218
298017,1403.00,949,221
298119,1403.00,950,218
298220,1403.00,948,224
298321,1403.00,948,224
298423,1403.00,951,214
298524,1403.00,950,218
298626,1403.00,948,224
298727,1403.00,949,221
298828,1403.00,948,224
298930,1403.00,949,221
299031,1403.00,950,218
299132,1403.00,949,221
299234,1403.00,950,218
299335,1403.00,951,214
299437,1403.00,948,224
299538,1403.00,946,231
299639,1403.00,947,227
299741,1403.00,949,221
299842,1403.00,947,227
299943,1403.00,950,218
300045,1403.00,948,224
300146,1403.00,949,221
300248,1403.00,948,224
300349,1403.00,949,221
300450,1403.00,949,221
300552,1403.00,950,218
300653,1403.00,949,221
300754,1403.00,949,221
300856,1403.00,949,221
300957,1403.00,950,218
301059,1403.00,949,221
301160,1403.00,951,214
301261,1403.00,949,221
301363,1403.00,950,218
301464,1403.00,949,221
301565,1403.00,948,224
301667,1403.00,949,221
301768,1403.00,949,221
301870,1403.00,948,224
301971,1403.00,949,221
302072,1403.00,948,224
302174,1403.00,950,218
302275,1403.00,950,218
302376,1403.00,950,218
302478,1403.00,949,221
302579,1403.00,949,221
302681,1403.00,950,218
302782,1403.00,947,227
302883,1403.00,949,221
302985,1403.00,949,221
303086,1403.00,950,218
303187,1403.00,949,221
303289,1403.00,947,227
303390,1403.00,950,218
303492,1403.00,949,221
303593,1403.00,947,227
303694,1403.00,948,224
303796,1403.00,948,224
303897,1403.00,949,221
303998,1403.00,951,214
304100,1403.00,949,221
304201,1403.00,948,224
304303,1403.00,948,224
304404,1403.00,949,221
304505,1403.00,948,224
304607,1403.00,951,214
304708,1403.00,948,224
304809,1403.00,948,224
304911,1403.00,949,221
305012,1403.00,949,221
305114,1403.00,948,224
305215,1403.00,950,218
305316,1403.00,950,218
305418,1403.00,951,214
305519,1403.00,948,224
305620,1403.00,949,221
305722,1403.00,950,218
305823,1403.00,950,218
305924,1403.00,950,218
306025,1403.00,948,224
306126,1403.00,947,227
306228,1403.00,950,218
306329,1403.00,949,221
306430,1403.00,948,224
306532,1403.00,950,218
306633,1403.00,949,221
306735,1403.00,950,218
306836,1403.00,949,221
306937,1403.00,948,224
307039,1403.00,952,211
307140,1403.00,951,214
307241,1403.00,949,221
307343,1403.00,950,218
307444,1403.00,951,214
307546,1403.00,951,214
307647,1403.00,947,227
307748,1403.00,949,221
307850,1403.00,951,214
307951,1403.00,950,218
308052,1403.00,950,218
308154,1403.00,950,218
308255,1403.00,949,221
308357,1403.00,950,218
308458,1403.00,949,221
308559,1403.00,949,221
308661,1403.00,949,221
308762,1403.00,950,218
308864,1403.00,949,221
308965,1403.00,949,221
309066,1403.00,951,214
309168,1403.00,949,221
309269,1403.00,950,218
309370,1403.00,951,214
309472,1403.00,950,218
309573,1403.00,948,224
309675,1403.00,947,227
309776,1403.00,948,224
309877,1403.00,949,221
309979,1403.00,950,218
310080,1403.00,949,221
310181,1403.00,950,218
310283,1403.00,948,224
310384,1403.00,950,218
310486,1403.00,949,221
310587,1403.00,950,218
310688,1403.00,949,221
310790,1403.00,947,227
310891,1403.00,950,218
310992,1403.00,950,218
311094,1403.00,951,214
311195,1403.00,949,221
311297,1403.00,951,214
311398,1403.00,949,221
311499,1403.00,949,221
311601,1403.00,949,221
311702,1403.00,950,218
311803,1403.00,947,227
311905,1403.00,950,218
312006,1403.00,950,218
312108,1403.00,950,218
312209,1403.00,950,218
312310,1403.00,950,218
312412,1403.00,949,221
312513,1403.00,950,218
312614,1403.00,948,224
312716,1403.00,950,218
312817,1403.00,949,221
312919,1403.00,948,224
313020,1403.00,950,218
313121,1403.00,950,218
313223,1403.00,946,231
313324,1403.00,950,218
313425,1403.00,950,218
313527,1403.00,949,221
313628,1403.00,947,227
313730,1403.00,950,218
313831,1403.00,949,221
313932,1403.00,947,227
314034,1403.00,950,218
314135,1403.00,951,214
314236,1403.00,950,218
314338,1403.00,949,221
314439,1403.00,950,218
314541,1403.00,949,221
314642,1403.00,948,224
314743,1403.00,947,227
314845,1403.00,950,218
314946,1403.00,951,214
315047,1403.00,950,218
315148,1403.00,951,214
315249,1403.00,948,224
315351,1403.00,950,218
315452,1403.00,951,214
315553,1403.00,948,224
315655,1403.00,948,224
315756,1403.00,948,224
315857,1403.00,947,227
315959,1403.00,950,218
316060,1403.00,950,218
# load_kg=0.00
316163,0.00,952,211
316264,0.00,949,221
316365,0.00,949,221
316466,0.00,949,221
316567,0.00,949,221
316668,0.00,951,214
316770,0.00,950,218
316871,0.00,946,231
316973,0.00,949,221
317073,0.00,949,221
317174,0.00,950,218
317276,0.00,949,221
317377,0.00,950,218
317478,0.00,948,224
317580,0.00,949,221
317680,0.00,947,227
317782,0.00,948,224
317883,0.00,949,221
317984,0.00,950,218
318086,0.00,950,218
318187,0.00,948,224
318287,0.00,950,218
318389,0.00,950,218
318490,0.00,951,214
318592,0.00,950,218
318693,0.00,949,221
318793,0.00,950,218
318895,0.00,949,221
318996,0.00,951,214
319097,0.00,950,218
319199,0.00,949,221
319300,0.00,947,227
319400,0.00,948,224
319502,0.00,950,218
319603,0.00,950,218
319705,0.00,950,218
319806,0.00,949,221
319907,0.00,955,202
320008,0.00,951,214
320109,0.00,950,218
320210,0.00,955,202
320312,0.00,948,224
320413,0.00,944,237
320515,0.00,945,234
320615,0.00,933,273
320716,0.00,948,224
320818,0.00,947,227
320919,0.00,946,231
321020,0.00,944,237
321122,0.00,945,234
321222,0.00,944,237
321324,0.00,945,234
321425,0.00,946,231
321526,0.00,946,231
321628,0.00,946,231
321729,0.00,945,234
321829,0.00,943,240
321931,0.00,945,234
322032,0.00,945,234
322134,0.00,946,231
322235,0.00,946,231
322335,0.00,945,234
322437,0.00,944,237
322538,0.00,946,231
322639,0.00,947,227
322741,0.00,943,240
322842,0.00,944,237
322942,0.00,945,234
323044,0.00,946,231
323145,0.00,943,240
323247,0.00,945,234
323348,0.00,943,240
323449,0.00,944,237
323550,0.00,947,227
323651,0.00,946,231
323752,0.00,946,231
323854,0.00,946,231
323955,0.00,945,234
324057,0.00,944,237
324157,0.00,945,234
324258,0.00,943,240
324360,0.00,944,237
324461,0.00,944,237
324562,0.00,945,234
324663,0.00,946,231
324764,0.00,946,231
324866,0.00,944,237
324967,0.00,946,231
325068,0.00,943,240
325170,0.00,944,237
325270,0.00,944,237
325371,0.00,945,234
325473,0.00,946,231
325574,0.00,946,231
325676,0.00,946,231
325777,0.00,946,231
325877,0.00,946,231
325979,0.00,941,247
326080,0.00,946,231
326181,0.00,946,231
326283,0.00,945,234
326384,0.00,946,231
326484,0.00,946,231
326586,0.00,945,234
326687,0.00,945,234
326789,0.00,946,231
326890,0.00,941,247
326991,0.00,945,234
327092,0.00,945,234
327193,0.00,947,227
327294,0.00,943,240
327396,0.00,946,231
327497,0.00,943,240
327598,0.00,943,240
327699,0.00,943,240
327800,0.00,944,237
327902,0.00,945,234
328003,0.00,944,237
328104,0.00,946,231
328205,0.00,943,240
328306,0.00,944,237
328408,0.00,944,237
328509,0.00,945,234
328610,0.00,947,227
328712,0.00,948,224
328812,0.00,943,240
328913,0.00,946,231
329015,0.00,946,231
329116,0.00,945,234
329218,0.00,946,231
329319,0.00,945,234
329419,0.00,946,231
329521,0.00,944,237
329622,0.00,946,231
329723,0.00,945,234
329825,0.00,946,231
329925,0.00,943,240
330027,0.00,944,237
330128,0.00,945,234
330229,0.00,945,234
330331,0.00,944,237
330432,0.00,945,234
330532,0.00,946,231
330634,0.00,946,231
330735,0.00,946,231
330836,0.00,946,231
330938,0.00,943,240
331039,0.00,947,227
331140,0.00,941,247
331241,0.00,945,234
331342,0.00,945,234
331444,0.00,944,237
331545,0.00,945,234
331646,0.00,946,231
331747,0.00,943,240
331848,0.00,946,231
331950,0.00,944,237
332051,0.00,944,237
332152,0.00,944,237
332254,0.00,946,231
332354,0.00,945,234
332455,0.00,947,227
332557,0.00,945,234
332658,0.00,944,237
332760,0.00,945,234
332860,0.00,946,231
332961,0.00,946,231
333063,0.00,945,234
333164,0.00,945,234
333265,0.00,945,234
333367,0.00,943,240
333467,0.00,946,231
333569,0.00,945,234
333670,0.00,943,240
333771,0.00,945,234
333873,0.00,946,231
333974,0.00,944,237
334074,0.00,944,237
334176,0.00,946,231
334277,0.00,946,231
334379,0.00,945,234
334480,0.00,945,234
334581,0.00,944,237
334682,0.00,942,244
334783,0.00,945,234
334884,0.00,945,234
334986,0.00,945,234
335087,0.00,946,231
335187,0.00,946,231
335289,0.00,946,231
335390,0.00,944,237
335492,0.00,946,231
335593,0.00,945,234
335694,0.00,945,234
335795,0.00,945,234
335896,0.00,945,234
335997,0.00,945,234
336099,0.00,945,234
336200,0.00,945,234
336302,0.00,946,231
336402,0.00,943,240
336503,0.00,944,237
336605,0.00,946,231
336706,0.00,946,231
336807,0.00,943,240
336909,0.00,944,237
337009,0.00,945,234
337111,0.00,946,231
337212,0.00,943,240
337313,0.00,945,234
337415,0.00,945,234
337516,0.00,944,237
337616,0.00,945,234
# load_kg=1233.00
337719,1233.00,944,237
337820,1233.00,943,240
337922,1233.00,947,227
338023,1233.00,946,231
338124,1233.00,944,237
338226,1233.00,943,240
338327,1233.00,944,237
338428,1233.00,944,237
338530,1233.00,943,240
338631,1233.00,944,237
338733,1233.00,945,234
338834,1233.00,946,231
338935,1233.00,944,237
339037,1233.00,945,234
339138,1233.00,945,234
339239,1233.00,944,237
339341,1233.00,943,240
339442,1233.00,944,237
339544,1233.00,946,231
339645,1233.00,945,234
339746,1233.00,946,231
339848,1233.00,945,234
339949,1233.00,946,231
340050,1233.00,944,237
340152,1233.00,945,234
340253,1233.00,942,244
340355,1233.00,944,237
340456,1233.00,945,234
340557,1233.00,945,234
340659,1233.00,944,237
340760,1233.00,946,231
340861,1233.00,946,231
340963,1233.00,948,224
341064,1233.00,946,231
341165,1233.00,945,234
341266,1233.00,941,247
341367,1233.00,945,234
341469,1233.00,947,227
341570,1233.00,943,240
341671,1233.00,943,240
341773,1233.00,943,240
341874,1233.00,944,237
341976,1233.00,943,240
342077,1233.00,946,231
342178,1233.00,945,234
342280,1233.00,943,240
342381,1233.00,947,227
342482,1233.00,945,234
342584,1233.00,946,231
342685,1233.00,947,227
342787,1233.00,943,240
342888,1233.00,942,244
342989,1233.00,945,234
343091,1233.00,946,231
343192,1233.00,946,231
343293,1233.00,946,231
343395,1233.00,945,234
343496,1233.00,945,234
343598,1233.00,946,231
343699,1233.00,945,234
343800,1233.00,947,227
343902,1233.00,945,234
344003,1233.00,942,244
344104,1233.00,944,237
344206,1233.00,946,231
344307,1233.00,943,240
344409,1233.00,945,234
344510,1233.00,946,231
344611,1233.00,946,231
344713,1233.00,944,237
344814,1233.00,947,227
344915,1233.00,944,237
345017,1233.00,943,240
345118,1233.00,945,234
345220,1233.00,944,237
345321,1233.00,945,234
345422,1233.00,944,237
345524,1233.00,945,234
345625,1233.00,946,231
345726,1233.00,946,231
345828,1233.00,945,234
345929,1233.00,945,234
346031,1233.00,946,231
346132,1233.00,945,234
346233,1233.00,944,237
346335,1233.00,945,234
346436,1233.00,946,231
346537,1233.00,944,237
346639,1233.00,943,240
346740,1233.00,946,231
346842,1233.00,945,234
346943,1233.00,945,234
347044,1233.00,946,231
347146,1233.00,944,237
347247,1233.00,945,234
347348,1233.00,944,237
347450,1233.00,944,237
347551,1233.00,946,231
347653,1233.00,944,237
347754,1233.00,944,237
347855,1233.00,946,231
347957,1233.00,945,234
348058,1233.00,943,240
348160,1233.00,946,231
348261,1233.00,944,237
348362,1233.00,943,240
348464,1233.00,943,240
348565,1233.00,947,227
348666,1233.00,945,234
348768,1233.00,946,231
348869,1233.00,946,231
348971,1233.00,946,231
349072,1233.00,944,237
349173,1233.00,946,231
349275,1233.00,946,231
349376,1233.00,945,234
349476,1233.00,945,234
349578,1233.00,944,237
349679,1233.00,942,244
349780,1233.00,945,234
349882,1233.00,946,231
349983,1233.00,943,240
350085,1233.00,944,237
350186,1233.00,945,234
350287,1233.00,945,234
350389,1233.00,946,231
350490,1233.00,946,231
350592,1233.00,944,237
350693,1233.00,946,231
350794,1233.00,944,237
350896,1233.00,943,240
350997,1233.00,945,234
351098,1233.00,945,234
351200,1233.00,945,234
351301,1233.00,940,250
351403,1233.00,945,234
351504,1233.00,945,234
351605,1233.00,946,231
351707,1233.00,944,237
351808,1233.00,944,237
351909,1233.00,945,234
352011,1233.00,942,244
352112,1233.00,943,240
352214,1233.00,945,234
352315,1233.00,945,234
352416,1233.00,942,244
352518,1233.00,944,237
352619,1233.00,945,234
352720,1233.00,945,234
352822,1233.00,945,234
352923,1233.00,944,237
353025,1233.00,946,231
353126,1233.00,943,240
353227,1233.00,945,234
353329,1233.00,945,234
353430,1233.00,946,231
353531,1233.00,941,247
353633,1233.00,945,234
353734,1233.00,945,234
353836,1233.00,944,237
353937,1233.00,945,234
354038,1233.00,946,231
354140,1233.00,944,237
354241,1233.00,944,237
354342,1233.00,946,231
354444,1233.00,946,231
354545,1233.00,946,231
354647,1233.00,945,234
354748,1233.00,945,234
354849,1233.00,943,240
354951,1233.00,943,240
355052,1233.00,945,234
355153,1233.00,947,227
355255,1233.00,946,231
355356,1233.00,943,240
355458,1233.00,943,240
355559,1233.00,946,231
355660,1233.00,944,237
355762,1233.00,945,234
355863,1233.00,948,224
355964,1233.00,946,231
356066,1233.00,942,244
356167,1233.00,944,237
356269,1233.00,945,234
356370,1233.00,945,234
356471,1233.00,944,237
356573,1233.00,944,237
356674,1233.00,945,234
356775,1233.00,945,234
356877,1233.00,946,231
356978,1233.00,946,231
357080,1233.00,943,240
357181,1233.00,945,234
357282,1233.00,946,231
357384,1233.00,944,237
357485,1233.00,945,234
357586,1233.00,944,237
357688,1233.00,946,231
357789,1233.00,943,240
357890,1233.00,943,240
357991,1233.00,945,234
358092,1233.00,945,234
358194,1233.00,945,234
358295,1233.00,945,234
358396,1233.00,943,240
358498,1233.00,946,231
358599,1233.00,944,237
358701,1233.00,947,227
358802,1233.00,944,237
358903,1233.00,945,234
359005,1233.00,944,237
359106,1233.00,943,240
359207,1233.00,944,237
359309,1233.00,944,237
359410,1233.00,946,231
359512,1233.00,944,237
359613,1233.00,942,244
359714,1233.00,945,234
359816,1233.00,946,231
359917,1233.00,943,240
360018,1233.00,943,240
360120,1233.00,944,237
360221,1233.00,944,237
360323,1233.00,945,234
360424,1233.00,946,231
360525,1233.00,944,237
360627,1233.00,946,231
360728,1233.00,943,240
360829,1233.00,944,237
360931,1233.00,944,237
361032,1233.00,945,234
361134,1233.00,946,231
361235,1233.00,945,234
361336,1233.00,945,234
361438,1233.00,945,234
361539,1233.00,945,234
361640,1233.00,945,234
361742,1233.00,943,240
361843,1233.00,944,237
361945,1233.00,943,240
362046,1233.00,944,237
362147,1233.00,944,237
362249,1233.00,945,234
362350,1233.00,944,237
362451,1233.00,944,237
362553,1233.00,944,237
362654,1233.00,946,231
362756,1233.00,941,247
362857,1233.00,943,240
362958,1233.00,945,234
363060,1233.00,945,234
363161,1233.00,943,240
363262,1233.00,946,231
363364,1233.00,945,234
363465,1233.00,943,240
363567,1233.00,945,234
363668,1233.00,946,231
363769,1233.00,945,234
363871,1233.00,945,234
363972,1233.00,945,234
364073,1233.00,945,234
364175,1233.00,946,231
364276,1233.00,943,240
364378,1233.00,946,231
364479,1233.00,946,231
364580,1233.00,943,240
364682,1233.00,945,234
364783,1233.00,944,237
364884,1233.00,944,237
364986,1233.00,945,234
365087,1233.00,946,231
365189,1233.00,946,231
365290,1233.00,942,244
365391,1233.00,946,231
365493,1233.00,945,234
365594,1233.00,944,237
365696,1233.00,944,237
365797,1233.00,945,234
365898,1233.00,945,234
365999,1233.00,943,240
366100,1233.00,946,231
366201,1233.00,943,240
366303,1233.00,945,234
366404,1233.00,946,231
366505,1233.00,946,231
366607,1233.00,945,234
366708,1233.00,946,231
# load_kg=0.00
366811,0.00,946,231
366912,0.00,945,234
367013,0.00,946,231
367114,0.00,945,234
367215,0.00,945,234
367316,0.00,941,247
367418,0.00,945,234
367519,0.00,943,240
367621,0.00,946,231
367721,0.00,945,234
367822,0.00,944,237
367924,0.00,942,244
368025,0.00,943,240
368126,0.00,944,237
368228,0.00,944,237
368328,0.00,944,237
368430,0.00,944,237
368531,0.00,945,234
368632,0.00,944,237
368734,0.00,944,237
368835,0.00,944,237
368935,0.00,945,234
369037,0.00,943,240
369138,0.00,944,237
369240,0.00,945,234
369341,0.00,944,237
369441,0.00,945,234
369543,0.00,944,237
369644,0.00,946,231
369745,0.00,944,237
369847,0.00,945,234
369948,0.00,946,231
370049,0.00,945,234
370150,0.00,944,237
370251,0.00,945,234
370353,0.00,945,234
370454,0.00,945,234
370555,0.00,946,231
370656,0.00,942,244
370757,0.00,945,234
370859,0.00,945,234
370960,0.00,944,237
371061,0.00,945,234
371163,0.00,955,202
371263,0.00,951,214
371364,0.00,941,247
371466,0.00,937,260
371567,0.00,916,331
371668,0.00,901,384
371770,0.00,788,845
371870,0.00,593,2054
371972,0.00,594,2046
372073,0.00,581,2155
372174,0.00,561,2333
372276,0.00,556,2380
372377,0.00,543,2504
372478,0.00,536,2574
372579,0.00,539,2544
372680,0.00,536,2574
372782,0.00,526,2677
372883,0.00,515,2794
372984,0.00,516,2784
373086,0.00,514,2805
373187,0.00,512,2827
373288,0.00,512,2827
373389,0.00,512,2827
373490,0.00,509,2861
373592,0.00,506,2895
373693,0.00,505,2906
373794,0.00,501,2952
373896,0.00,498,2987
373997,0.00,489,3094
374098,0.00,491,3070
374199,0.00,486,3130
374300,0.00,486,3130
374402,0.00,484,3155
374503,0.00,484,3155
374604,0.00,485,3143
374706,0.00,482,3180
374807,0.00,481,3192
374908,0.00,479,3217
375009,0.00,486,3130
375110,0.00,477,3243
375212,0.00,475,3268
375313,0.00,474,3281
375414,0.00,472,3307
375516,0.00,473,3294
375617,0.00,470,3333
375718,0.00,475,3268
375819,0.00,474,3281
375920,0.00,473,3294
376022,0.00,473,3294
376123,0.00,475,3268
376224,0.00,474,3281
376326,0.00,472,3307
376427,0.00,476,3256
376528,0.00,475,3268
376629,0.00,478,3230
376730,0.00,475,3268
376832,0.00,474,3281
376933,0.00,474,3281
377034,0.00,473,3294
377136,0.00,472,3307
377237,0.00,474,3281
377338,0.00,472,3307
377439,0.00,472,3307
377540,0.00,471,3320
377641,0.00,474,3281
377743,0.00,472,3307
377844,0.00,472,3307
377946,0.00,469,3346
378047,0.00,471,3320
378148,0.00,470,3333
378249,0.00,468,3360
378350,0.00,470,3333
378451,0.00,471,3320
378553,0.00,473,3294
378654,0.00,471,3320
378756,0.00,472,3307
378857,0.00,473,3294
378958,0.00,472,3307
379059,0.00,473,3294
379160,0.00,473,3294
379261,0.00,472,3307
379363,0.00,469,3346
379464,0.00,469,3346
379566,0.00,472,3307
379667,0.00,472,3307
379768,0.00,471,3320
379869,0.00,472,3307
379970,0.00,468,3360
380071,0.00,466,3386
380173,0.00,467,3373
380274,0.00,469,3346
380376,0.00,464,3413
380477,0.00,465,3400
380578,0.00,463,3427
380679,0.00,464,3413
380780,0.00,464,3413
380881,0.00,465,3400
380983,0.00,465,3400
381084,0.00,463,3427
381186,0.00,463,3427
381287,0.00,464,3413
381388,0.00,463,3427
381489,0.00,463,3427
381590,0.00,464,3413
381691,0.00,463,3427
381793,0.00,461,3454
381894,0.00,466,3386
381996,0.00,460,3467
382097,0.00,460,3467
382198,0.00,461,3454
382299,0.00,460,3467
382400,0.00,459,3481
382501,0.00,456,3523
382603,0.00,457,3509
382704,0.00,453,3565
382806,0.00,452,3579
382907,0.00,450,3607
383008,0.00,457,3509
383109,0.00,452,3579
383210,0.00,451,3593
383311,0.00,447,3651
383413,0.00,446,3665
383514,0.00,445,3680
383616,0.00,441,3739
383717,0.00,441,3739
383818,0.00,440,3754
383919,0.00,437,3799
384020,0.00,435,3829
384121,0.00,433,3860
384223,0.00,437,3799
384324,0.00,436,3814
384425,0.00,436,3814
384527,0.00,434,3845
384628,0.00,433,3860
384729,0.00,432,3876
384830,0.00,434,3845
384931,0.00,437,3799
385033,0.00,434,3845
385134,0.00,434,3845
385235,0.00,436,3814
385337,0.00,431,3891
385438,0.00,430,3907
385539,0.00,429,3923
385640,0.00,430,3907
385741,0.00,428,3938
385843,0.00,425,3986
385944,0.00,424,4002
386045,0.00,426,3970
386147,0.00,427,3954
386248,0.00,421,4051
386349,0.00,423,4018
386450,0.00,420,4067
386551,0.00,420,4067
386653,0.00,406,4305
386754,0.00,410,4236
386855,0.00,410,4236
386957,0.00,412,4201
387057,0.00,412,4201
387159,0.00,410,4236
387260,0.00,413,4184
387361,0.00,412,4201
387463,0.00,413,4184
387564,0.00,417,4117
387665,0.00,419,4084
387767,0.00,422,4035
387867,0.00,422,4035
387969,0.00,425,3986
388070,0.00,426,3970
388171,0.00,426,3970
388273,0.00,427,3954
388374,0.00,429,3923
388475,0.00,430,3907
# load_kg=10.00
388577,10.00,428,3938
388678,10.00,427,3954
388780,10.00,428,3938
388881,10.00,431,3891
388982,10.00,427,3954
389084,10.00,426,3970
389185,10.00,430,3907
389286,10.00,428,3938
389388,10.00,430,3907
389489,10.00,428,3938
389591,10.00,433,3860
389691,10.00,433,3860
389792,10.00,436,3814
389894,10.00,437,3799
389995,10.00,437,3799
390096,10.00,435,3829
390198,10.00,436,3814
390299,10.00,438,3784
390401,10.00,439,3769
390502,10.00,436,3814
390603,10.00,437,3799
390705,10.00,439,3769
390806,10.00,439,3769
390907,10.00,437,3799
391009,10.00,438,3784
391110,10.00,438,3784
391212,10.00,438,3784
391312,10.00,438,3784
391413,10.00,437,3799
391515,10.00,439,3769
391616,10.00,439,3769
391717,10.00,439,3769
391819,10.00,441,3739
391920,10.00,444,3694
392022,10.00,445,3680
392123,10.00,445,3680
392224,10.00,449,3622
392326,10.00,447,3651
392427,10.00,447,3651
392528,10.00,448,3636
392630,10.00,448,3636
392731,10.00,449,3622
392833,10.00,450,3607
392934,10.00,451,3593
393034,10.00,450,3607
393136,10.00,453,3565
393237,10.00,451,3593
393338,10.00,452,3579
393440,10.00,452,3579
393541,10.00,451,3593
393643,10.00,453,3565
393744,10.00,453,3565
393845,10.00,451,3593
393947,10.00,454,3551
394048,10.00,453,3565
394149,10.00,451,3593
394251,10.00,452,3579
394352,10.00,452,3579
394454,10.00,451,3593
394555,10.00,452,3579
394655,10.00,452,3579
394757,10.00,452,3579
394858,10.00,450,3607
394959,10.00,446,3665
395061,10.00,448,3636
395162,10.00,452,3579
395264,10.00,452,3579
395365,10.00,448,3636
395466,10.00,449,3622
395568,10.00,450,3607
395669,10.00,448,3636
395770,10.00,451,3593
395872,10.00,450,3607
395973,10.00,448,3636
396075,10.00,449,3622
396176,10.00,450,3607
396276,10.00,448,3636
396378,10.00,447,3651
396479,10.00,448,3636
396580,10.00,448,3636
396682,10.00,448,3636
396783,10.00,447,3651
396884,10.00,448,3636
396986,10.00,445,3680
397087,10.00,447,3651
397189,10.00,447,3651
397290,10.00,448,3636
397391,10.00,446,3665
397493,10.00,448,3636
397594,10.00,446,3665
397696,10.00,442,3724
397797,10.00,445,3680
397898,10.00,444,3694
397999,10.00,441,3739
398100,10.00,442,3724
398201,10.00,442,3724
398303,10.00,443,3709
398404,10.00,442,3724
398505,10.00,443,3709
398607,10.00,443,3709
398708,10.00,442,3724
398810,10.00,441,3739
398911,10.00,444,3694
399012,10.00,442,3724
399114,10.00,442,3724
399215,10.00,445,3680
399316,10.00,444,3694
399418,10.00,444,3694
399519,10.00,444,3694
399620,10.00,441,3739
399721,10.00,441,3739
399822,10.00,442,3724
399924,10.00,440,3754
400025,10.00,441,3739
400126,10.00,443,3709
400228,10.00,439,3769
400329,10.00,440,3754
400431,10.00,440,3754
400532,10.00,440,3754
400633,10.00,440,3754
400735,10.00,440,3754
400836,10.00,438,3784
400937,10.00,437,3799
401039,10.00,433,3860
401140,10.00,433,3860
401241,10.00,432,3876
401342,10.00,433,3860
401443,10.00,430,3907
401545,10.00,429,3923
401646,10.00,429,3923
401747,10.00,432,3876
401849,10.00,430,3907
401950,10.00,433,3860
402052,10.00,432,3876
402153,10.00,432,3876
402254,10.00,432,3876
402356,10.00,432,3876
402457,10.00,431,3891
402558,10.00,434,3845
402660,10.00,436,3814
402761,10.00,436,3814
402862,10.00,435,3829
402963,10.00,435,3829
403064,10.00,435,3829
403166,10.00,434,3845
403267,10.00,433,3860
403368,10.00,434,3845
403470,10.00,431,3891
403571,10.00,432,3876
403673,10.00,432,3876
403774,10.00,430,3907
403875,10.00,431,3891
403977,10.00,427,3954
404078,10.00,429,3923
404179,10.00,429,3923
404281,10.00,430,3907
404382,10.00,424,4002
404484,10.00,422,4035
404584,10.00,422,4035
404685,10.00,421,4051
404787,10.00,422,4035
404888,10.00,421,4051
404989,10.00,419,4084
405091,10.00,421,4051
405192,10.00,422,4035
405294,10.00,420,4067
405395,10.00,417,4117
405496,10.00,411,4218
405598,10.00,413,4184
405699,10.00,411,4218
405800,10.00,406,4305
405902,10.00,409,4253
406003,10.00,408,4270
406105,10.00,406,4305
406205,10.00,408,4270
406306,10.00,406,4305
406408,10.00,406,4305
406509,10.00,403,4358
406610,10.00,405,4323
406712,10.00,404,4341
406813,10.00,403,4358
406915,10.00,403,4358
407016,10.00,403,4358
407117,10.00,409,4253
407219,10.00,406,4305
407320,10.00,405,4323
407421,10.00,404,4341
407523,10.00,406,4305
407624,10.00,404,4341
407726,10.00,406,4305
407826,10.00,402,4376
407927,10.00,403,4358
408029,10.00,394,4523
408130,10.00,394,4523
408231,10.00,395,4504
408333,10.00,394,4523
408434,10.00,394,4523
408536,10.00,393,4541
408637,10.00,396,4486
408738,10.00,396,4486
408840,10.00,396,4486
408941,10.00,397,4467
409042,10.00,396,4486
409144,10.00,397,4467
409245,10.00,397,4467
409347,10.00,396,4486
409447,10.00,396,4486
409548,10.00,395,4504
409650,10.00,394,4523
409751,10.00,396,4486
409852,10.00,397,4467
409954,10.00,396,4486
410055,10.00,395,4504
410157,10.00,397,4467
410258,10.00,397,4467
410359,10.00,396,4486
410461,10.00,396,4486
410562,10.00,399,4431
410663,10.00,399,4431
410765,10.00,399,4431
410866,10.00,396,4486
410968,10.00,398,4449
411068,10.00,397,4467
411169,10.00,396,4486
411271,10.00,398,4449
411372,10.00,397,4467
411473,10.00,395,4504
411575,10.00,397,4467
411676,10.00,398,4449
411778,10.00,397,4467
411879,10.00,398,4449
411980,10.00,396,4486
412082,10.00,397,4467
412183,10.00,397,4467
412284,10.00,396,4486
412386,10.00,397,4467
412487,10.00,398,4449
412589,10.00,397,4467
412689,10.00,396,4486
412790,10.00,397,4467
412892,10.00,394,4523
412993,10.00,396,4486
413094,10.00,398,4449
413196,10.00,398,4449
413297,10.00,399,4431
413399,10.00,397,4467
413500,10.00,397,4467
413601,10.00,396,4486
413703,10.00,395,4504
413804,10.00,397,4467
413905,10.00,397,4467
414007,10.00,395,4504
414108,10.00,397,4467
414210,10.00,399,4431
414310,10.00,398,4449
414411,10.00,398,4449
414513,10.00,396,4486
414614,10.00,398,4449
414715,10.00,396,4486
414817,10.00,398,4449
414918,10.00,400,4412
415020,10.00,398,4449
# load_kg=0.00
415121,0.00,397,4467
415222,0.00,398,4449
415324,0.00,397,4467
415425,0.00,398,4449
415526,0.00,398,4449
415628,0.00,398,4449
415729,0.00,397,4467
415831,0.00,395,4504
415932,0.00,396,4486
416032,0.00,396,4486
416134,0.00,399,4431
416235,0.00,399,4431
416336,0.00,399,4431
416438,0.00,399,4431
416539,0.00,401,4394
416641,0.00,398,4449
416741,0.00,398,4449
416842,0.00,399,4431
416944,0.00,399,4431
417045,0.00,397,4467
417146,0.00,398,4449
417248,0.00,396,4486
417349,0.00,395,4504
417451,0.00,394,4523
417551,0.00,395,4504
417652,0.00,396,4486
417754,0.00,395,4504
417855,0.00,398,4449
417956,0.00,396,4486
418058,0.00,396,4486
418159,0.00,397,4467
418260,0.00,396,4486
418361,0.00,397,4467
418462,0.00,396,4486
418564,0.00,397,4467
418665,0.00,396,4486
418766,0.00,396,4486
418868,0.00,395,4504
418969,0.00,396,4486
419070,0.00,395,4504
419171,0.00,397,4467
419272,0.00,394,4523
419374,0.00,392,4560
419475,0.00,391,4579
419576,0.00,393,4541
419678,0.00,392,4560
419779,0.00,393,4541
419880,0.00,392,4560
419981,0.00,391,4579
420082,0.00,395,4504
420184,0.00,395,4504
420285,0.00,395,4504
420386,0.00,395,4504
420488,0.00,394,4523
420589,0.00,396,4486
420690,0.00,394,4523
420791,0.00,393,4541
420892,0.00,395,4504
420994,0.00,394,4523
421095,0.00,394,4523
421196,0.00,396,4486
421298,0.00,395,4504
421399,0.00,396,4486
421500,0.00,396,4486
421601,0.00,395,4504
421702,0.00,394,4523
421804,0.00,393,4541
421905,0.00,393,4541
422006,0.00,394,4523
422108,0.00,394,4523
422209,0.00,394,4523
422310,0.00,391,4579
422411,0.00,393,4541
422512,0.00,392,4560
422614,0.00,393,4541
422715,0.00,385,4695
422816,0.00,385,4695
422918,0.00,392,4560
423019,0.00,393,4541
423120,0.00,392,4560
423221,0.00,393,4541
423322,0.00,394,4523
423424,0.00,395,4504
423525,0.00,394,4523
423626,0.00,394,4523
423728,0.00,395,4504
423829,0.00,395,4504
423930,0.00,394,4523
424031,0.00,394,4523
424132,0.00,395,4504
424233,0.00,395,4504
424335,0.00,397,4467
424436,0.00,395,4504
424538,0.00,395,4504
424639,0.00,397,4467
424740,0.00,398,4449
424841,0.00,396,4486
424942,0.00,396,4486
425043,0.00,394,4523
425145,0.00,396,4486
425246,0.00,395,4504
425348,0.00,395,4504
425449,0.00,394,4523
425550,0.00,394,4523
425651,0.00,393,4541
425752,0.00,396,4486
425853,0.00,395,4504
425955,0.00,394,4523
426056,0.00,394,4523
426158,0.00,395,4504
426259,0.00,395,4504
426360,0.00,392,4560
426461,0.00,394,4523
426562,0.00,395,4504
426663,0.00,393,4541
426765,0.00,395,4504
426866,0.00,396,4486
426968,0.00,395,4504
427069,0.00,394,4523
427170,0.00,395,4504
427271,0.00,391,4579
427372,0.00,390,4598
427473,0.00,392,4560
427575,0.00,392,4560
427676,0.00,392,4560
427778,0.00,391,4579
427879,0.00,391,4579
427980,0.00,392,4560
428081,0.00,392,4560
428182,0.00,394,4523
428283,0.00,394,4523
428385,0.00,393,4541
428486,0.00,393,4541
428588,0.00,392,4560
428689,0.00,389,4617
428790,0.00,391,4579
428891,0.00,403,4358
428992,0.00,394,4523
429093,0.00,392,4560
429195,0.00,393,4541
429296,0.00,393,4541
429398,0.00,393,4541
429499,0.00,394,4523
429600,0.00,395,4504
429701,0.00,393,4541
429802,0.00,394,4523
429903,0.00,393,4541
430005,0.00,392,4560
430106,0.00,391,4579
430208,0.00,395,4504
430309,0.00,393,4541
430410,0.00,393,4541
430511,0.00,396,4486
430612,0.00,394,4523
430713,0.00,395,4504
430815,0.00,392,4560
430916,0.00,395,4504
431017,0.00,395,4504
431119,0.00,394,4523
431220,0.00,393,4541
431321,0.00,381,4774
431422,0.00,397,4467
431523,0.00,395,4504
431625,0.00,393,4541
431726,0.00,316,6338
431827,0.00,317,6309
431929,0.00,334,5844
432030,0.00,356,5308
432131,0.00,319,6252
432232,0.00,250,8760
432333,0.00,299,6860
432435,0.00,296,6958
432536,0.00,291,7126
432637,0.00,296,6958
432739,0.00,299,6860
432840,0.00,295,6991
432941,0.00,297,6925
433042,0.00,298,6892
433143,0.00,295,6991
433245,0.00,295,6991
433346,0.00,297,6925
433447,0.00,298,6892
433549,0.00,295,6991
433650,0.00,295,6991
433751,0.00,296,6958
433852,0.00,297,6925
433953,0.00,297,6925
434055,0.00,296,6958
434156,0.00,298,6892
434257,0.00,297,6925
434359,0.00,297,6925
434460,0.00,296,6958
434561,0.00,297,6925
434662,0.00,297,6925
434763,0.00,297,6925
434865,0.00,296,6958
434966,0.00,297,6925
435067,0.00,295,6991
435169,0.00,296,6958
435270,0.00,298,6892
435371,0.00,297,6925
435472,0.00,295,6991
435573,0.00,293,7058
435675,0.00,291,7126
435776,0.00,291,7126
435877,0.00,289,7195
435979,0.00,292,7092
436080,0.00,290,7161
436180,0.00,286,7300
436282,0.00,287,7265
436383,0.00,289,7195
436485,0.00,289,7195
436586,0.00,288,7230
436687,0.00,288,7230
436789,0.00,288,7230
436890,0.00,285,7336
436990,0.00,287,7265
437092,0.00,287,7265
437193,0.00,289,7195
437295,0.00,290,7161
437396,0.00,290,7161
437497,0.00,291,7126
437599,0.00,291,7126
437700,0.00,288,7230
437800,0.00,298,6892
437902,0.00,292,7092
438003,0.00,291,7126
438105,0.00,287,7265
438206,0.00,290,7161
438307,0.00,289,7195
438409,0.00,289,7195
438510,0.00,289,7195
438610,0.00,291,7126
438712,0.00,292,7092
438813,0.00,290,7161
438915,0.00,289,7195
439016,0.00,290,7161
439117,0.00,289,7195
439219,0.00,288,7230
439320,0.00,286,7300
439420,0.00,286,7300
439522,0.00,288,7230
439623,0.00,288,7230
439725,0.00,287,7265
439826,0.00,285,7336
439927,0.00,285,7336
440029,0.00,283,7408
440130,0.00,280,7518
440230,0.00,282,7444
440332,0.00,286,7300
440433,0.00,292,7092
440535,0.00,294,7025
440636,0.00,293,7058
440737,0.00,293,7058
440839,0.00,293,7058
440940,0.00,293,7058
441040,0.00,293,7058
441142,0.00,292,7092
441243,0.00,291,7126
441345,0.00,292,7092
441446,0.00,291,7126
441547,0.00,289,7195
441649,0.00,293,7058
441750,0.00,291,7126
441850,0.00,289,7195
441952,0.00,290,7161
442053,0.00,291,7126
442155,0.00,288,7230
442256,0.00,288,7230
442357,0.00,288,7230
442459,0.00,289,7195
442560,0.00,288,7230
442660,0.00,288,7230
442762,0.00,290,7161
442863,0.00,288,7230
442964,0.00,287,7265
443066,0.00,289,7195
443167,0.00,291,7126
443269,0.00,288,7230
443370,0.00,285,7336
443470,0.00,286,7300
443572,0.00,284,7372
443673,0.00,285,7336
443774,0.00,286,7300
443876,0.00,284,7372
443977,0.00,285,7336
444079,0.00,286,7300
444180,0.00,287,7265
444280,0.00,286,7300
444382,0.00,288,7230
444483,0.00,286,7300
444584,0.00,286,7300
444686,0.00,284,7372
444787,0.00,284,7372
444889,0.00,283,7408
444990,0.00,283,7408
445090,0.00,285,7336
445192,0.00,281,7481
445293,0.00,282,7444
445394,0.00,280,7518
445496,0.00,286,7300
445597,0.00,279,7555
445699,0.00,279,7555
445800,0.00,280,7518
445900,0.00,278,7592
446002,0.00,278,7592
446103,0.00,281,7481
446204,0.00,282,7444
446306,0.00,278,7592
446407,0.00,278,7592
446509,0.00,279,7555
446610,0.00,276,7668
446710,0.00,276,7668
446812,0.00,276,7668
446913,0.00,274,7744
447014,0.00,276,7668
447116,0.00,274,7744
447217,0.00,274,7744
447319,0.00,272,7822
447420,0.00,274,7744
447520,0.00,273,7783
447622,0.00,273,7783
447723,0.00,272,7822
447824,0.00,273,7783
447926,0.00,272,7822
448027,0.00,273,7783
448129,0.00,272,7822
448230,0.00,270,7901
448330,0.00,269,7941
448432,0.00,270,7901
448533,0.00,270,7901
448634,0.00,267,8022
448736,0.00,266,8062
448837,0.00,256,8488
448939,0.00,256,8488
449040,0.00,258,8400
449140,0.00,258,8400
449242,0.00,256,8488
449343,0.00,252,8668
449444,0.00,234,9552
449546,0.00,269,7941
449647,0.00,284,7372
449748,0.00,269,7941
449850,0.00,269,7941
449950,0.00,281,7481
450052,0.00,286,7300
450153,0.00,291,7126
450254,0.00,287,7265
450356,0.00,310,6516
450457,0.00,326,6057
450558,0.00,329,5976
450660,0.00,322,6167
450760,0.00,338,5741
450862,0.00,341,5666
450963,0.00,348,5495
451064,0.00,339,5716
451166,0.00,268,7981
451267,0.00,230,9768
451368,0.00,230,9768
451470,0.00,227,9934
451570,0.00,231,9713
451672,0.00,258,8400
451773,0.00,227,9934
451874,0.00,230,9768
451976,0.00,230,9768
452077,0.00,263,8187
452178,0.00,225,10048
452280,0.00,226,9991
452380,0.00,258,8400
452482,0.00,267,8022
452583,0.00,268,7981
452684,0.00,269,7941
452786,0.00,225,10048
452887,0.00,227,9934
452988,0.00,226,9991
453090,0.00,226,9991
453190,0.00,226,9991
453292,0.00,226,9991
453393,0.00,227,9934
453494,0.00,227,9934
453596,0.00,227,9934
453697,0.00,227,9934
453798,0.00,227,9934
453900,0.00,227,9934
454000,0.00,228,9878
454102,0.00,226,9991
454203,0.00,227,9934
454304,0.00,228,9878
454406,0.00,226,9991
454507,0.00,230,9768
454608,0.00,227,9934
454709,0.00,228,9878
454810,0.00,227,9934
454912,0.00,229,9823
455013,0.00,227,9934
455114,0.00,226,9991
455216,0.00,228,9878
455317,0.00,225,10048
455418,0.00,227,9934
455520,0.00,227,9934
455620,0.00,226,9991
455721,0.00,225,10048
455823,0.00,226,9991
455924,0.00,227,9934
456026,0.00,228,9878
456127,0.00,226,9991
456228,0.00,224,10105
456330,0.00,224,10105
456430,0.00,226,9991
456531,0.00,228,9878
456633,0.00,227,9934
456734,0.00,226,9991
456836,0.00,225,10048
456937,0.00,226,9991
457038,0.00,225,10048
457140,0.00,225,10048
457241,0.00,224,10105
457342,0.00,226,9991
457443,0.00,226,9991
457544,0.00,227,9934
457646,0.00,226,9991
457747,0.00,226,9991
457848,0.00,227,9934
457950,0.00,226,9991
458051,0.00,226,9991
458152,0.00,228,9878
458253,0.00,226,9991
458354,0.00,226,9991
458456,0.00,226,9991
458557,0.00,228,9878
458658,0.00,226,9991
458760,0.00,227,9934
458861,0.00,225,10048
458962,0.00,227,9934
459063,0.00,229,9823
459164,0.00,226,9991
459266,0.00,228,9878
459367,0.00,226,9991
459468,0.00,225,10048
459570,0.00,225,10048
459671,0.00,227,9934
459772,0.00,225,10048
459874,0.00,226,9991
459974,0.00,225,10048
460076,0.00,226,9991
460177,0.00,227,9934
460278,0.00,226,9991
460380,0.00,225,10048
460481,0.00,230,9768
460582,0.00,226,9991
460684,0.00,227,9934
460785,0.00,228,9878
460886,0.00,226,9991
460987,0.00,227,9934
461088,0.00,226,9991
461190,0.00,227,9934
461291,0.00,228,9878
461392,0.00,227,9934
461494,0.00,226,9991
461594,0.00,227,9934
461696,0.00,233,9605
461797,0.00,228,9878
461898,0.00,227,9934
462000,0.00,228,9878
462101,0.00,225,10048
462202,0.00,225,10048
462304,0.00,227,9934
462405,0.00,224,10105
462505,0.00,226,9991
462607,0.00,224,10105
462708,0.00,225,10048
462810,0.00,222,10222
462911,0.00,217,10523
463012,0.00,222,10222
463114,0.00,219,10401
463215,0.00,220,10340
463316,0.00,219,10401
463418,0.00,221,10281
463519,0.00,220,10340
463621,0.00,220,10340
463721,0.00,221,10281
463822,0.00,220,10340
463924,0.00,220,10340
464025,0.00,219,10401
464126,0.00,219,10401
464228,0.00,219,10401
464329,0.00,221,10281
464431,0.00,219,10401
464532,0.00,221,10281
464633,0.00,220,10340
464735,0.00,220,10340
464836,0.00,220,10340
464937,0.00,220,10340
465038,0.00,220,10340
465139,0.00,219,10401
465241,0.00,219,10401
465342,0.00,219,10401
465443,0.00,221,10281
465545,0.00,219,10401
465646,0.00,220,10340
465747,0.00,220,10340
465849,0.00,217,10523
465950,0.00,220,10340
466052,0.00,219,10401
466153,0.00,218,10461
466254,0.00,219,10401
466355,0.00,220,10340
466456,0.00,218,10461
466557,0.00,218,10461
466659,0.00,221,10281
466760,0.00,216,10584
466862,0.00,218,10461
466963,0.00,217,10523
467064,0.00,218,10461
467166,0.00,219,10401
467267,0.00,217,10523
467368,0.00,219,10401
467470,0.00,219,10401
467571,0.00,219,10401
467672,0.00,219,10401
467773,0.00,220,10340
467874,0.00,219,10401
467976,0.00,217,10523
468077,0.00,218,10461
468178,0.00,217,10523
468280,0.00,217,10523
468381,0.00,214,10710
468483,0.00,214,10710
468584,0.00,217,10523
468685,0.00,216,10584
468787,0.00,218,10461
468887,0.00,217,10523
468988,0.00,216,10584
469090,0.00,218,10461
469191,0.00,217,10523
469293,0.00,215,10647
469394,0.00,216,10584
469495,0.00,216,10584
469597,0.00,217,10523
469698,0.00,216,10584
469799,0.00,218,10461
469901,0.00,218,10461
470002,0.00,216,10584
470104,0.00,217,10523
470204,0.00,217,10523
470305,0.00,220,10340
470407,0.00,215,10647
470508,0.00,218,10461
470609,0.00,217,10523
470711,0.00,217,10523
470812,0.00,215,10647
470914,0.00,214,10710
471015,0.00,214,10710
471116,0.00,214,10710
471218,0.00,215,10647
471319,0.00,215,10647
471420,0.00,216,10584
471521,0.00,214,10710
471622,0.00,214,10710
471724,0.00,214,10710
471825,0.00,218,10461
471926,0.00,215,10647
472028,0.00,214,10710
472129,0.00,216,10584
472230,0.00,215,10647
472332,0.00,216,10584
472433,0.00,213,10773
472535,0.00,213,10773
472636,0.00,217,10523
472737,0.00,215,10647
472838,0.00,215,10647
472939,0.00,215,10647
473040,0.00,216,10584
473142,0.00,217,10523
473243,0.00,215,10647
473345,0.00,214,10710
473446,0.00,213,10773
473547,0.00,214,10710
473649,0.00,215,10647
473750,0.00,217,10523
473851,0.00,214,10710
473953,0.00,216,10584
474054,0.00,213,10773
474155,0.00,215,10647
474256,0.00,215,10647
474357,0.00,217,10523
474459,0.00,213,10773
474560,0.00,213,10773
474661,0.00,212,10838
474763,0.00,213,10773
474864,0.00,212,10838
474966,0.00,210,10968
475067,0.00,212,10838
475168,0.00,211,10902
475270,0.00,210,10968
475371,0.00,209,11034
475471,0.00,211,10902
475573,0.00,209,11034
475674,0.00,213,10773
475776,0.00,212,10838
475877,0.00,211,10902
475978,0.00,212,10838
476080,0.00,210,10968
476181,0.00,210,10968
476282,0.00,209,11034
476384,0.00,210,10968
476485,0.00,211,10902
476587,0.00,211,10902
476688,0.00,210,10968
476788,0.00,210,10968
476890,0.00,212,10838
476991,0.00,209,11034
477092,0.00,211,10902
477194,0.00,209,11034
477295,0.00,211,10902
477396,0.00,209,11034
477498,0.00,210,10968
477599,0.00,209,11034
477701,0.00,210,10968
477802,0.00,209,11034
477903,0.00,210,10968
478005,0.00,208,11100
478105,0.00,208,11100
478206,0.00,207,11168
478308,0.00,209,11034
478409,0.00,207,11168
478511,0.00,208,11100
478612,0.00,207,11168
478713,0.00,208,11100
478815,0.00,206,11236
478916,0.00,204,11374
479017,0.00,204,11374
479119,0.00,203,11444
479220,0.00,204,11374
479322,0.00,201,11586
479422,0.00,200,11658
479523,0.00,205,11304
479625,0.00,206,11236
479726,0.00,205,11304
479827,0.00,207,11168
479929,0.00,206,11236
480030,0.00,205,11304
480132,0.00,208,11100
480233,0.00,206,11236
480334,0.00,206,11236
480436,0.00,207,11168
480537,0.00,204,11374
480638,0.00,205,11304
480739,0.00,209,11034
480840,0.00,206,11236
480942,0.00,205,11304
481043,0.00,204,11374
481144,0.00,204,11374
481246,0.00,203,11444
481347,0.00,203,11444
481448,0.00,198,11804
481550,0.00,202,11514
481651,0.00,202,11514
481753,0.00,202,11514
481854,0.00,201,11586
481955,0.00,201,11586
482056,0.00,202,11514
482157,0.00,201,11586
482258,0.00,201,11586
482360,0.00,201,11586
482461,0.00,200,11658
482563,0.00,202,11514
482664,0.00,202,11514
482765,0.00,200,11658
482867,0.00,200,11658
482968,0.00,202,11514
483069,0.00,200,11658
483171,0.00,201,11586
483272,0.00,196,11954
483373,0.00,202,11514
483474,0.00,199,11731
483575,0.00,182,13091
483677,0.00,201,11586
483778,0.00,194,12106
483879,0.00,197,11878
483981,0.00,191,12341
484082,0.00,194,12106
484184,0.00,176,13634
484285,0.00,177,13541
484386,0.00,175,13728
484488,0.00,178,13449
484589,0.00,172,14017
484689,0.00,176,13634
484791,0.00,176,13634
484892,0.00,155,15865
484994,0.00,155,15865
485095,0.00,154,15986
485196,0.00,156,15745
485298,0.00,156,15745
485399,0.00,174,13823
485500,0.00,173,13919
485602,0.00,170,14215
485703,0.00,173,13919
485805,0.00,171,14115
485906,0.00,172,14017
486006,0.00,174,13823
486108,0.00,171,14115
486209,0.00,154,15986
486310,0.00,153,16109
486412,0.00,156,15745
486513,0.00,155,15865
486615,0.00,155,15865
486716,0.00,152,16234
486817,0.00,155,15865
486919,0.00,167,14521
487020,0.00,170,14215
487121,0.00,175,13728
487223,0.00,169,14316
487323,0.00,173,13919
487425,0.00,177,13541
487526,0.00,173,13919
487627,0.00,173,13919
487729,0.00,174,13823
487830,0.00,179,13358
487931,0.00,174,13823
488033,0.00,174,13823
488134,0.00,158,15510
488236,0.00,160,15280
488337,0.00,210,10968
488438,0.00,212,10838
488540,0.00,168,14418
488640,0.00,160,15280
488741,0.00,159,15394
488843,0.00,160,15280
488944,0.00,160,15280
489046,0.00,159,15394
489147,0.00,159,15394
489248,0.00,161,15168
489350,0.00,163,14947
489451,0.00,162,15057
489552,0.00,163,14947
489654,0.00,163,14947
489755,0.00,165,14732
489857,0.00,172,14017
489957,0.00,166,14626
490058,0.00,170,14215
490160,0.00,168,14418
490261,0.00,168,14418
490362,0.00,168,14418
490464,0.00,168,14418
490565,0.00,168,14418
490667,0.00,169,14316
490768,0.00,167,14521
490869,0.00,169,14316
490971,0.00,168,14418
491072,0.00,168,14418
491173,0.00,169,14316
491274,0.00,171,14115
491375,0.00,168,14418
491476,0.00,171,14115
491578,0.00,169,14316
491679,0.00,168,14418
491781,0.00,170,14215
491882,0.00,169,14316
491983,0.00,168,14418
492085,0.00,169,14316
492186,0.00,168,14418
492288,0.00,173,13919
492389,0.00,175,13728
492490,0.00,172,14017
492591,0.00,176,13634
492692,0.00,173,13919
492793,0.00,176,13634
492895,0.00,173,13919
492996,0.00,169,14316
493097,0.00,172,14017
493199,0.00,173,13919
493300,0.00,173,13919
493402,0.00,169,14316
493503,0.00,166,14626
493604,0.00,169,14316
493706,0.00,173,13919
493807,0.00,172,14017
493907,0.00,172,14017
494009,0.00,173,13919
494110,0.00,173,13919
494212,0.00,171,14115
494313,0.00,172,14017
494414,0.00,169,14316
494516,0.00,172,14017
494617,0.00,168,14418
494718,0.00,171,14115
494820,0.00,170,14215
494921,0.00,174,13823
495023,0.00,174,13823
495124,0.00,172,14017
495224,0.00,173,13919
495326,0.00,172,14017
495427,0.00,174,13823
495528,0.00,175,13728
495630,0.00,175,13728
495731,0.00,177,13541
495833,0.00,175,13728
495934,0.00,179,13358
496035,0.00,176,13634
496137,0.00,177,13541
496238,0.00,178,13449
496339,0.00,180,13268
496441,0.00,178,13449
496541,0.00,179,13358
496643,0.00,181,13179
496744,0.00,182,13091
496845,0.00,180,13268
496947,0.00,175,13728
497048,0.00,178,13449
497149,0.00,180,13268
497251,0.00,176,13634
497352,0.00,186,12748
497454,0.00,180,13268
497555,0.00,165,14732
497656,0.00,174,13823
497758,0.00,160,15280
497858,0.00,166,14626
497959,0.00,167,14521
498061,0.00,166,14626
498162,0.00,169,14316
498264,0.00,169,14316
498365,0.00,167,14521
498466,0.00,166,14626
498568,0.00,167,14521
498669,0.00,169,14316
498770,0.00,172,14017
498872,0.00,166,14626
498973,0.00,167,14521
499075,0.00,165,14732
499175,0.00,167,14521
499276,0.00,163,14947
499378,0.00,166,14626
499479,0.00,162,15057
499580,0.00,166,14626
499682,0.00,163,14947
499783,0.00,166,14626
499885,0.00,165,14732
499986,0.00,165,14732
500087,0.00,161,15168
500189,0.00,166,14626
500290,0.00,162,15057
500391,0.00,166,14626
500492,0.00,167,14521
500593,0.00,163,14947
500695,0.00,167,14521
500796,0.00,168,14418
500897,0.00,167,14521
500999,0.00,167,14521
501100,0.00,171,14115
501201,0.00,173,13919
501303,0.00,203,11444
501404,0.00,183,13004
501506,0.00,194,12106
501607,0.00,187,12665
501708,0.00,188,12583
501809,0.00,188,12583
501910,0.00,188,12583
502011,0.00,191,12341
502113,0.00,188,12583
502214,0.00,187,12665
502316,0.00,187,12665
502417,0.00,186,12748
502518,0.00,190,12420
502620,0.00,194,12106
502721,0.00,191,12341
502822,0.00,191,12341
502924,0.00,192,12262
503025,0.00,191,12341
503126,0.00,191,12341
503227,0.00,194,12106
503328,0.00,194,12106
503430,0.00,194,12106
503531,0.00,194,12106
503632,0.00,195,12029
503734,0.00,197,11878
503835,0.00,195,12029
503937,0.00,196,11954
504038,0.00,196,11954
504139,0.00,195,12029
504241,0.00,196,11954
504342,0.00,202,11514
504442,0.00,200,11658
504544,0.00,201,11586
504645,0.00,201,11586
504747,0.00,201,11586
504848,0.00,202,11514
504949,0.00,203,11444
505051,0.00,205,11304
505152,0.00,203,11444
505253,0.00,208,11100
505355,0.00,205,11304
505456,0.00,206,11236
505558,0.00,206,11236
505659,0.00,206,11236
505759,0.00,206,11236
505861,0.00,207,11168
505962,0.00,208,11100
506063,0.00,212,10838
506165,0.00,212,10838
506266,0.00,213,10773
506368,0.00,215,10647
506469,0.00,215,10647
506570,0.00,215,10647
506672,0.00,213,10773
506773,0.00,213,10773
# load_kg=10.00
506874,10.00,215,10647
506976,10.00,213,10773
507077,10.00,215,10647
507179,10.00,214,10710
507280,10.00,216,10584
507381,10.00,213,10773
507483,10.00,213,10773
507584,10.00,210,10968
507685,10.00,213,10773
507787,10.00,214,10710
507888,10.00,216,10584
507990,10.00,213,10773
508091,10.00,214,10710
508192,10.00,214,10710
508294,10.00,214,10710
508395,10.00,213,10773
508496,10.00,212,10838
508598,10.00,214,10710
508699,10.00,215,10647
508801,10.00,215,10647
508902,10.00,215,10647
509003,10.00,214,10710
509105,10.00,213,10773
509206,10.00,213,10773
509307,10.00,215,10647
509409,10.00,215,10647
509510,10.00,213,10773
509612,10.00,215,10647
509713,10.00,214,10710
509814,10.00,215,10647
509916,10.00,215,10647
510017,10.00,216,10584
510118,10.00,215,10647
510220,10.00,215,10647
510321,10.00,215,10647
510423,10.00,215,10647
510524,10.00,213,10773
510625,10.00,214,10710
510727,10.00,214,10710
510828,10.00,215,10647
510929,10.00,215,10647
511031,10.00,215,10647
511132,10.00,213,10773
511234,10.00,214,10710
511335,10.00,215,10647
511436,10.00,215,10647
511538,10.00,214,10710
511639,10.00,215,10647
511740,10.00,215,10647
511842,10.00,215,10647
511943,10.00,214,10710
512045,10.00,215,10647
512145,10.00,216,10584
512246,10.00,216,10584
512348,10.00,214,10710
512449,10.00,215,10647
512550,10.00,217,10523
512652,10.00,216,10584
512753,10.00,216,10584
512855,10.00,217,10523
512956,10.00,216,10584
513057,10.00,218,10461
513159,10.00,217,10523
513260,10.00,215,10647
513361,10.00,215,10647
513463,10.00,218,10461
513564,10.00,215,10647
513666,10.00,217,10523
513767,10.00,218,10461
513868,10.00,215,10647
513970,10.00,217,10523
514071,10.00,217,10523
514172,10.00,217,10523
514274,10.00,218,10461
514375,10.00,218,10461
514477,10.00,217,10523
514578,10.00,217,10523
514679,10.00,218,10461
514781,10.00,216,10584
514882,10.00,216,10584
514983,10.00,215,10647
515085,10.00,215,10647
515186,10.00,224,10105
515288,10.00,223,10163
515389,10.00,227,9934
515490,10.00,225,10048
515592,10.00,227,9934
515693,10.00,228,9878
515794,10.00,228,9878
515896,10.00,228,9878
515997,10.00,217,10523
516099,10.00,218,10461
516200,10.00,218,10461
516301,10.00,218,10461
516403,10.00,217,10523
516504,10.00,220,10340
516605,10.00,219,10401
516707,10.00,218,10461
516808,10.00,219,10401
516910,10.00,220,10340
517011,10.00,220,10340
517111,10.00,218,10461
517213,10.00,217,10523
517314,10.00,218,10461
517415,10.00,217,10523
517517,10.00,216,10584
517618,10.00,216,10584
517720,10.00,216,10584
517821,10.00,216,10584
517922,10.00,216,10584
518024,10.00,212,10838
518125,10.00,214,10710
518226,10.00,214,10710
518328,10.00,212,10838
518429,10.00,214,10710
518531,10.00,212,10838
518632,10.00,213,10773
518733,10.00,211,10902
518835,10.00,211,10902
518936,10.00,212,10838
519037,10.00,213,10773
519139,10.00,212,10838
519240,10.00,214,10710
519342,10.00,211,10902
519443,10.00,214,10710
519544,10.00,213,10773
519646,10.00,214,10710
519747,10.00,212,10838
519848,10.00,211,10902
519950,10.00,211,10902
520051,10.00,212,10838
520153,10.00,211,10902
520254,10.00,212,10838
520355,10.00,212,10838
520457,10.00,211,10902
520558,10.00,209,11034
520659,10.00,210,10968
520761,10.00,212,10838
520862,10.00,211,10902
520964,10.00,211,10902
521065,10.00,211,10902
# load_kg=0.00
521166,0.00,210,10968
521268,0.00,211,10902
521369,0.00,211,10902
521470,0.00,211,10902
521572,0.00,211,10902
521673,0.00,213,10773
521775,0.00,211,10902
521876,0.00,212,10838
521977,0.00,212,10838
522079,0.00,210,10968
522180,0.00,209,11034
522281,0.00,212,10838
522383,0.00,209,11034
522483,0.00,211,10902
522585,0.00,212,10838
522686,0.00,212,10838
522787,0.00,214,10710
522889,0.00,215,10647
522990,0.00,211,10902
523091,0.00,212,10838
523193,0.00,211,10902
523294,0.00,215,10647
523396,0.00,211,10902
523497,0.00,208,11100
523598,0.00,212,10838
523700,0.00,211,10902
523800,0.00,209,11034
523901,0.00,211,10902
524003,0.00,210,10968
524104,0.00,213,10773
524206,0.00,213,10773
524307,0.00,209,11034
524408,0.00,210,10968
524510,0.00,211,10902
524611,0.00,210,10968
524712,0.00,209,11034
524814,0.00,207,11168
524915,0.00,208,11100
525017,0.00,209,11034
525117,0.00,206,11236
525218,0.00,208,11100
525320,0.00,205,11304
525421,0.00,208,11100
525522,0.00,208,11100
525624,0.00,204,11374
525725,0.00,203,11444
525827,0.00,204,11374
525928,0.00,205,11304
526029,0.00,205,11304
526131,0.00,205,11304
526232,0.00,205,11304
526333,0.00,204,11374
526434,0.00,206,11236
526535,0.00,204,11374
526637,0.00,202,11514
526738,0.00,206,11236
526839,0.00,205,11304
526941,0.00,206,11236
527042,0.00,207,11168
527143,0.00,206,11236
527245,0.00,206,11236
527346,0.00,205,11304
527448,0.00,206,11236
527549,0.00,203,11444
527650,0.00,205,11304
527751,0.00,202,11514
527852,0.00,210,10968
527953,0.00,206,11236
528055,0.00,206,11236
528156,0.00,205,11304
528258,0.00,205,11304
528359,0.00,204,11374
528460,0.00,206,11236
528562,0.00,205,11304
528663,0.00,206,11236
528764,0.00,204,11374
528866,0.00,204,11374
528967,0.00,208,11100
529068,0.00,207,11168
529169,0.00,205,11304
529270,0.00,247,8900
529372,0.00,422,4035
529473,0.00,414,4167
529574,0.00,420,4067
529676,0.00,423,4018
529777,0.00,423,4018
529879,0.00,424,4002
529979,0.00,424,4002
530080,0.00,424,4002
530182,0.00,423,4018
530283,0.00,428,3938
530384,0.00,427,3954
530486,0.00,426,3970
530587,0.00,426,3970
530689,0.00,425,3986
530789,0.00,426,3970
530890,0.00,427,3954
530992,0.00,423,4018
531093,0.00,426,3970
531194,0.00,427,3954
531296,0.00,427,3954
531397,0.00,425,3986
531497,0.00,425,3986
531599,0.00,426,3970
531700,0.00,429,3923
531802,0.00,427,3954
531903,0.00,428,3938
532004,0.00,428,3938
532106,0.00,428,3938
532207,0.00,428,3938
532307,0.00,427,3954
532409,0.00,428,3938
532510,0.00,426,3970
532612,0.00,426,3970
532713,0.00,427,3954
532814,0.00,428,3938
532916,0.00,428,3938
533017,0.00,427,3954
533117,0.00,427,3954
533219,0.00,426,3970
533320,0.00,426,3970
533422,0.00,429,3923
533523,0.00,429,3923
533624,0.00,429,3923
533726,0.00,427,3954
533827,0.00,427,3954
533927,0.00,427,3954
534029,0.00,428,3938
# load_kg=60.00
534131,60.00,426,3970
534233,60.00,425,3986
534334,60.00,428,3938
534435,60.00,429,3923
534537,60.00,427,3954
534637,60.00,428,3938
534738,60.00,428,3938
534840,60.00,428,3938
534941,60.00,429,3923
535043,60.00,428,3938
535144,60.00,427,3954
535245,60.00,430,3907
535347,60.00,430,3907
535448,60.00,428,3938
535549,60.00,428,3938
535651,60.00,428,3938
535752,60.00,428,3938
535854,60.00,429,3923
535955,60.00,429,3923
536056,60.00,428,3938
536158,60.00,426,3970
536258,60.00,428,3938
536359,60.00,430,3907
536461,60.00,429,3923
536562,60.00,430,3907
536664,60.00,427,3954
536765,60.00,430,3907
536866,60.00,428,3938
536968,60.00,430,3907
537069,60.00,429,3923
537170,60.00,431,3891
537272,60.00,429,3923
537373,60.00,429,3923
537475,60.00,431,3891
537576,60.00,429,3923
537677,60.00,429,3923
537779,60.00,429,3923
537879,60.00,432,3876
537980,60.00,430,3907
538082,60.00,429,3923
538183,60.00,432,3876
538285,60.00,431,3891
538386,60.00,429,3923
538487,60.00,432,3876
538589,60.00,431,3891
538690,60.00,431,3891
538791,60.00,430,3907
538893,60.00,430,3907
538994,60.00,431,3891
539096,60.00,430,3907
539197,60.00,432,3876
539298,60.00,427,3954
539400,60.00,431,3891
539500,60.00,432,3876
539601,60.00,431,3891
539703,60.00,431,3891
539804,60.00,430,3907
539906,60.00,432,3876
540007,60.00,432,3876
540108,60.00,433,3860
540210,60.00,431,3891
540311,60.00,434,3845
540412,60.00,433,3860
540514,60.00,435,3829
540615,60.00,432,3876
540717,60.00,433,3860
540818,60.00,434,3845
540919,60.00,434,3845
541021,60.00,433,3860
541122,60.00,432,3876
541222,60.00,433,3860
541324,60.00,433,3860
541425,60.00,433,3860
541527,60.00,433,3860
541628,60.00,433,3860
541729,60.00,435,3829
541831,60.00,432,3876
541932,60.00,432,3876
542033,60.00,433,3860
542135,60.00,433,3860
542236,60.00,434,3845
542338,60.00,432,3876
542439,60.00,431,3891
542540,60.00,435,3829
542642,60.00,435,3829
542743,60.00,433,3860
542843,60.00,434,3845
542945,60.00,431,3891
543046,60.00,433,3860
543148,60.00,432,3876
543249,60.00,431,3891
543350,60.00,433,3860
543452,60.00,434,3845
543553,60.00,433,3860
543654,60.00,435,3829
543756,60.00,435,3829
543857,60.00,434,3845
543959,60.00,432,3876
544060,60.00,433,3860
544161,60.00,434,3845
544263,60.00,435,3829
544364,60.00,434,3845
544464,60.00,435,3829
544566,60.00,435,3829
544667,60.00,435,3829
544769,60.00,434,3845
544870,60.00,434,3845
544971,60.00,434,3845
545073,60.00,434,3845
545174,60.00,434,3845
545275,60.00,435,3829
545377,60.00,434,3845
545478,60.00,436,3814
545580,60.00,433,3860
545681,60.00,434,3845
545782,60.00,438,3784
545884,60.00,435,3829
545985,60.00,435,3829
546086,60.00,435,3829
546187,60.00,436,3814
546288,60.00,436,3814
546390,60.00,432,3876
546491,60.00,436,3814
546592,60.00,436,3814
546694,60.00,436,3814
546795,60.00,437,3799
546896,60.00,437,3799
546998,60.00,437,3799
547099,60.00,436,3814
547201,60.00,437,3799
547302,60.00,438,3784
547403,60.00,437,3799
547505,60.00,436,3814
547606,60.00,434,3845
547707,60.00,434,3845
547808,60.00,434,3845
547909,60.00,433,3860
548011,60.00,433,3860
548112,60.00,432,3876
548213,60.00,432,3876
548315,60.00,434,3845
548416,60.00,432,3876
548517,60.00,433,3860
548619,60.00,432,3876
548720,60.00,441,3739
548822,60.00,434,3845
548923,60.00,436,3814
549024,60.00,433,3860
549126,60.00,434,3845
549227,60.00,434,3845
549328,60.00,433,3860
549429,60.00,434,3845
549530,60.00,433,3860
549632,60.00,433,3860
549733,60.00,436,3814
549834,60.00,434,3845
549936,60.00,432,3876
550037,60.00,431,3891
550138,60.00,430,3907
550240,60.00,433,3860
550341,60.00,433,3860
550443,60.00,430,3907
550544,60.00,431,3891
550645,60.00,432,3876
550747,60.00,434,3845
550848,60.00,434,3845
550949,60.00,433,3860
551051,60.00,432,3876
551151,60.00,434,3845
551252,60.00,432,3876
551354,60.00,433,3860
551455,60.00,435,3829
551557,60.00,432,3876
551658,60.00,434,3845
551759,60.00,435,3829
551861,60.00,435,3829
551962,60.00,434,3845
552064,60.00,434,3845
552165,60.00,433,3860
552266,60.00,433,3860
552368,60.00,436,3814
552469,60.00,431,3891
552570,60.00,434,3845
552672,60.00,433,3860
552772,60.00,433,3860
552873,60.00,435,3829
552975,60.00,436,3814
553076,60.00,436,3814
553178,60.00,434,3845
553279,60.00,433,3860
553380,60.00,434,3845
553482,60.00,435,3829
553583,60.00,435,3829
553684,60.00,434,3845
553786,60.00,436,3814
553887,60.00,434,3845
553989,60.00,433,3860
554090,60.00,433,3860
554191,60.00,434,3845
554293,60.00,434,3845
554393,60.00,433,3860
554494,60.00,435,3829
554596,60.00,434,3845
554697,60.00,434,3845
554799,60.00,434,3845
554900,60.00,433,3860
555001,60.00,435,3829
555103,60.00,436,3814
555204,60.00,436,3814
555305,60.00,435,3829
555407,60.00,436,3814
555508,60.00,436,3814
555610,60.00,435,3829
555711,60.00,435,3829
555812,60.00,436,3814
555914,60.00,437,3799
556015,60.00,436,3814
556115,60.00,436,3814
556217,60.00,435,3829
556318,60.00,437,3799
556420,60.00,435,3829
556521,60.00,435,3829
556622,60.00,434,3845
556724,60.00,433,3860
556825,60.00,436,3814
556926,60.00,437,3799
557028,60.00,436,3814
557129,60.00,437,3799
557231,60.00,434,3845
557332,60.00,435,3829
557433,60.00,436,3814
557535,60.00,433,3860
557636,60.00,432,3876
557736,60.00,434,3845
557838,60.00,435,3829
557939,60.00,434,3845
558041,60.00,434,3845
558142,60.00,436,3814
558243,60.00,436,3814
558345,60.00,436,3814
# load_kg=0.00
558447,0.00,436,3814
558547,0.00,436,3814
558649,0.00,437,3799
558750,0.00,435,3829
558852,0.00,437,3799
558953,0.00,435,3829
559054,0.00,434,3845
559156,0.00,435,3829
559257,0.00,436,3814
559357,0.00,435,3829
559459,0.00,434,3845
559560,0.00,434,3845
559662,0.00,436,3814
559763,0.00,435,3829
559864,0.00,435,3829
559966,0.00,436,3814
560067,0.00,437,3799
560167,0.00,435,3829
560269,0.00,434,3845
560370,0.00,435,3829
560472,0.00,435,3829
560573,0.00,434,3845
560674,0.00,436,3814
560776,0.00,436,3814
560877,0.00,436,3814
560977,0.00,436,3814
561079,0.00,436,3814
561180,0.00,434,3845
561282,0.00,436,3814
561383,0.00,435,3829
561484,0.00,436,3814
561586,0.00,436,3814
561687,0.00,435,3829
561787,0.00,433,3860
561889,0.00,435,3829
561990,0.00,437,3799
562092,0.00,434,3845
562193,0.00,435,3829
562294,0.00,449,3622
562396,0.00,431,3891
562497,0.00,484,3155
562597,0.00,527,2666
562699,0.00,549,2446
562800,0.00,561,2333
562902,0.00,556,2380
563003,0.00,556,2380
563104,0.00,557,2370
563206,0.00,557,2370
563307,0.00,557,2370
563407,0.00,559,2352
563509,0.00,558,2361
563610,0.00,559,2352
563712,0.00,559,2352
563813,0.00,560,2342
563914,0.00,562,2324
564016,0.00,561,2333
564117,0.00,559,2352
564217,0.00,562,2324
564319,0.00,561,2333
564420,0.00,561,2333
564521,0.00,562,2324
564623,0.00,565,2296
564724,0.00,564,2306
564826,0.00,565,2296
564927,0.00,567,2278
565027,0.00,565,2296
565129,0.00,565,2296
565230,0.00,565,2296
565331,0.00,566,2287
565433,0.00,566,2287
565534,0.00,569,2260
565636,0.00,566,2287
565737,0.00,566,2287
565837,0.00,566,2287
565939,0.00,567,2278
566040,0.00,567,2278
566141,0.00,569,2260
566243,0.00,569,2260
566344,0.00,569,2260
566446,0.00,567,2278
566547,0.00,568,2269
566647,0.00,568,2269
566749,0.00,568,2269
566850,0.00,569,2260
566951,0.00,569,2260
567053,0.00,569,2260
567154,0.00,569,2260
567256,0.00,572,2234
567357,0.00,570,2251
567457,0.00,570,2251
567559,0.00,570,2251
567660,0.00,570,2251
567761,0.00,569,2260
567863,0.00,570,2251
567964,0.00,569,2260
568066,0.00,573,2225
568167,0.00,570,2251
568267,0.00,571,2243
568369,0.00,571,2243
568470,0.00,572,2234
568571,0.00,571,2243
568673,0.00,573,2225
568774,0.00,572,2234
568876,0.00,572,2234
568977,0.00,572,2234
569077,0.00,571,2243
569179,0.00,572,2234
569280,0.00,572,2234
569381,0.00,573,2225
569483,0.00,572,2234
# load_kg=110.00
569585,110.00,573,2225
569687,110.00,572,2234
569788,110.00,574,2216
569889,110.00,574,2216
569991,110.00,574,2216
570092,110.00,572,2234
570193,110.00,575,2207
570294,110.00,576,2199
570395,110.00,574,2216
570497,110.00,574,2216
570598,110.00,573,2225
570699,110.00,574,2216
570801,110.00,575,2207
570902,110.00,574,2216
571003,110.00,574,2216
571105,110.00,576,2199
571206,110.00,576,2199
571308,110.00,577,2190
571409,110.00,575,2207
571510,110.00,575,2207
571612,110.00,578,2181
571713,110.00,576,2199
571814,110.00,577,2190
571916,110.00,577,2190
572017,110.00,576,2199
572119,110.00,579,2172
572220,110.00,576,2199
572321,110.00,576,2199
572423,110.00,580,2164
572524,110.00,576,2199
572625,110.00,577,2190
572727,110.00,580,2164
572828,110.00,580,2164
572930,110.00,578,2181
573031,110.00,579,2172
573132,110.00,581,2155
573234,110.00,581,2155
573335,110.00,580,2164
573436,110.00,582,2147
573538,110.00,581,2155
573639,110.00,581,2155
573741,110.00,581,2155
573842,110.00,581,2155
573943,110.00,582,2147
574045,110.00,582,2147
574146,110.00,582,2147
574247,110.00,582,2147
574349,110.00,584,2130
574450,110.00,583,2138
574552,110.00,582,2147
574653,110.00,581,2155
574754,110.00,584,2130
574856,110.00,583,2138
574957,110.00,583,2138
575058,110.00,583,2138
575160,110.00,584,2130
575261,110.00,584,2130
575363,110.00,584,2130
575464,110.00,583,2138
575565,110.00,584,2130
575667,110.00,583,2138
575768,110.00,584,2130
575869,110.00,583,2138
575971,110.00,586,2113
576072,110.00,584,2130
576174,110.00,584,2130
576275,110.00,584,2130
576376,110.00,584,2130
576478,110.00,583,2138
576579,110.00,584,2130
576680,110.00,585,2121
576782,110.00,585,2121
576883,110.00,585,2121
576985,110.00,585,2121
577086,110.00,586,2113
577187,110.00,585,2121
577289,110.00,587,2104
577390,110.00,585,2121
577491,110.00,586,2113
577593,110.00,586,2113
577694,110.00,585,2121
577796,110.00,587,2104
577897,110.00,588,2096
577998,110.00,587,2104
578100,110.00,586,2113
578201,110.00,587,2104
578302,110.00,587,2104
578404,110.00,585,2121
578505,110.00,588,2096
578607,110.00,588,2096
578708,110.00,587,2104
578809,110.00,588,2096
578911,110.00,586,2113
579011,110.00,587,2104
579112,110.00,587,2104
579214,110.00,587,2104
579315,110.00,588,2096
579417,110.00,588,2096
579518,110.00,589,2087
579619,110.00,586,2113
579721,110.00,588,2096
579822,110.00,587,2104
579923,110.00,587,2104
580025,110.00,588,2096
580126,110.00,587,2104
580228,110.00,587,2104
580329,110.00,587,2104
580430,110.00,587,2104
580532,110.00,587,2104
580633,110.00,587,2104
580734,110.00,587,2104
580836,110.00,587,2104
580937,110.00,588,2096
581039,110.00,589,2087
581140,110.00,589,2087
581241,110.00,589,2087
581343,110.00,589,2087
581444,110.00,589,2087
581545,110.00,589,2087
581647,110.00,588,2096
581748,110.00,588,2096
581850,110.00,589,2087
581951,110.00,589,2087
582052,110.00,588,2096
582154,110.00,589,2087
582255,110.00,588,2096
582356,110.00,588,2096
582458,110.00,588,2096
582559,110.00,590,2079
582661,110.00,588,2096
582762,110.00,588,2096
582863,110.00,589,2087
582965,110.00,589,2087
583066,110.00,588,2096
583168,110.00,589,2087
583269,110.00,588,2096
583370,110.00,588,2096
583472,110.00,588,2096
583573,110.00,589,2087
583674,110.00,589,2087
583776,110.00,588,2096
583877,110.00,588,2096
583979,110.00,588,2096
584080,110.00,589,2087
584181,110.00,588,2096
584283,110.00,588,2096
584384,110.00,588,2096
584485,110.00,587,2104
584587,110.00,588,2096
584688,110.00,589,2087
584790,110.00,588,2096
584891,110.00,588,2096
584992,110.00,587,2104
585094,110.00,588,2096
585195,110.00,587,2104
585296,110.00,586,2113
585398,110.00,587,2104
585499,110.00,588,2096
585601,110.00,588,2096
585702,110.00,588,2096
585803,110.00,586,2113
585905,110.00,587,2104
586006,110.00,585,2121
586107,110.00,586,2113
586209,110.00,584,2130
586310,110.00,586,2113
586412,110.00,586,2113
586513,110.00,586,2113
586614,110.00,592,2063
586716,110.00,585,2121
586817,110.00,585,2121
586918,110.00,587,2104
587020,110.00,587,2104
587121,110.00,586,2113
587223,110.00,585,2121
587324,110.00,586,2113
587424,110.00,584,2130
587526,110.00,585,2121
587627,110.00,584,2130
587728,110.00,586,2113
587830,110.00,583,2138
587931,110.00,584,2130
588033,110.00,585,2121
588134,110.00,584,2130
588235,110.00,584,2130
588337,110.00,586,2113
588438,110.00,586,2113
588539,110.00,586,2113
588641,110.00,586,2113
588742,110.00,585,2121
588844,110.00,586,2113
588945,110.00,587,2104
589046,110.00,586,2113
589148,110.00,586,2113
589249,110.00,586,2113
589350,110.00,586,2113
589452,110.00,586,2113
589553,110.00,586,2113
589655,110.00,587,2104
589756,110.00,586,2113
589857,110.00,589,2087
589959,110.00,587,2104
590060,110.00,586,2113
590161,110.00,587,2104
590263,110.00,587,2104
590364,110.00,586,2113
590466,110.00,588,2096
590567,110.00,586,2113
590668,110.00,587,2104
590770,110.00,586,2113
590871,110.00,586,2113
590972,110.00,587,2104
591074,110.00,587,2104
591175,110.00,586,2113
591277,110.00,588,2096
591378,110.00,590,2079
591479,110.00,587,2104
591581,110.00,587,2104
591682,110.00,587,2104
591783,110.00,587,2104
591885,110.00,587,2104
591986,110.00,588,2096
592088,110.00,588,2096
592189,110.00,588,2096
# load_kg=0.00
592290,0.00,588,2096
592392,0.00,587,2104
592493,0.00,589,2087
592594,0.00,587,2104
592696,0.00,589,2087
592797,0.00,588,2096
592899,0.00,588,2096
593000,0.00,588,2096
593100,0.00,588,2096
593202,0.00,588,2096
593303,0.00,588,2096
593404,0.00,589,2087
593506,0.00,588,2096
593607,0.00,590,2079
593709,0.00,588,2096
593810,0.00,589,2087
593911,0.00,589,2087
594012,0.00,588,2096
594113,0.00,589,2087
594214,0.00,589,2087
594316,0.00,589,2087
594417,0.00,589,2087
594519,0.00,587,2104
594620,0.00,588,2096
594721,0.00,589,2087
594822,0.00,589,2087
594923,0.00,587,2104
595024,0.00,588,2096
595126,0.00,589,2087
595227,0.00,589,2087
595329,0.00,589,2087
595430,0.00,589,2087
595531,0.00,588,2096
595632,0.00,589,2087
595733,0.00,588,2096
595834,0.00,589,2087
595936,0.00,588,2096
596037,0.00,589,2087
596139,0.00,680,1429
596240,0.00,626,1797
596341,0.00,647,1646
596442,0.00,705,1278
596543,0.00,667,1512
596644,0.00,676,1454
596746,0.00,757,995
596847,0.00,708,1260
596948,0.00,745,1057
597050,0.00,743,1068
597150,0.00,741,1078
597252,0.00,743,1068
597353,0.00,741,1078
597454,0.00,742,1073
597556,0.00,747,1047
597657,0.00,746,1052
597758,0.00,748,1042
597860,0.00,748,1042
597960,0.00,747,1047
598062,0.00,748,1042
598163,0.00,749,1036
598264,0.00,749,1036
598366,0.00,749,1036
598467,0.00,747,1047
598568,0.00,747,1047
598670,0.00,748,1042
598770,0.00,749,1036
598872,0.00,748,1042
598973,0.00,748,1042
599074,0.00,750,1031
599176,0.00,751,1026
599277,0.00,749,1036
599378,0.00,749,1036
599480,0.00,751,1026
599580,0.00,749,1036
599682,0.00,750,1031
599783,0.00,750,1031
599884,0.00,750,1031
599986,0.00,751,1026
600087,0.00,748,1042
600188,0.00,752,1021
600290,0.00,752,1021
600390,0.00,751,1026
600492,0.00,752,1021
600593,0.00,753,1016
600694,0.00,751,1026
600796,0.00,752,1021
600897,0.00,751,1026
600998,0.00,752,1021
601100,0.00,752,1021
601200,0.00,753,1016
601302,0.00,753,1016
601403,0.00,752,1021
601504,0.00,751,1026
601606,0.00,751,1026
# load_kg=210.00
601708,210.00,753,1016
601809,210.00,752,1021
601911,210.00,753,1016
602012,210.00,753,1016
602114,210.00,751,1026
602215,210.00,753,1016
602316,210.00,753,1016
602418,210.00,752,1021
602518,210.00,753,1016
602619,210.00,752,1021
602721,210.00,753,1016
602822,210.00,752,1021
602924,210.00,753,1016
603025,210.00,753,1016
603126,210.00,753,1016
603228,210.00,753,1016
603329,210.00,752,1021
603430,210.00,754,1011
603532,210.00,754,1011
603633,210.00,754,1011
603735,210.00,755,1006
603836,210.00,754,1011
603937,210.00,755,1006
604039,210.00,754,1011
604140,210.00,751,1026
604241,210.00,752,1021
604343,210.00,755,1006
604444,210.00,754,1011
604546,210.00,757,995
604647,210.00,754,1011
604748,210.00,755,1006
604850,210.00,754,1011
604951,210.00,753,1016
605052,210.00,754,1011
605154,210.00,754,1011
605255,210.00,756,1001
605357,210.00,755,1006
605458,210.00,755,1006
605559,210.00,753,1016
605661,210.00,753,1016
605762,210.00,754,1011
605863,210.00,755,1006
605965,210.00,754,1011
606066,210.00,755,1006
606168,210.00,756,1001
606269,210.00,753,1016
606370,210.00,754,1011
606472,210.00,755,1006
606573,210.00,755,1006
606674,210.00,755,1006
606776,210.00,755,1006
606877,210.00,755,1006
606979,210.00,754,1011
607080,210.00,754,1011
607181,210.00,755,1006
607283,210.00,756,1001
607384,210.00,755,1006
607485,210.00,755,1006
607587,210.00,756,1001
607688,210.00,755,1006
607790,210.00,756,1001
607891,210.00,756,1001
607992,210.00,755,1006
608094,210.00,755,1006
608195,210.00,756,1001
608296,210.00,757,995
608398,210.00,754,1011
608499,210.00,754,1011
608601,210.00,754,1011
608702,210.00,755,1006
608803,210.00,753,1016
608905,210.00,754,1011
609006,210.00,756,1001
609107,210.00,755,1006
609209,210.00,755,1006
609310,210.00,755,1006
609412,210.00,755,1006
609513,210.00,756,1001
609614,210.00,755,1006
609716,210.00,755,1006
609817,210.00,758,990
609918,210.00,751,1026
610020,210.00,754,1011
610121,210.00,756,1001
610223,210.00,755,1006
610324,210.00,753,1016
610425,210.00,755,1006
610527,210.00,753,1016
610628,210.00,756,1001
610729,210.00,752,1021
610831,210.00,751,1026
610932,210.00,754,1011
611034,210.00,755,1006
611135,210.00,751,1026
611236,210.00,753,1016
611338,210.00,753,1016
611439,210.00,753,1016
611540,210.00,756,1001
611642,210.00,752,1021
611743,210.00,754,1011
611845,210.00,756,1001
611946,210.00,753,1016
612047,210.00,754,1011
612149,210.00,754,1011
612250,210.00,754,1011
612352,210.00,754,1011
612453,210.00,754,1011
612554,210.00,754,1011
612656,210.00,756,1001
612757,210.00,753,1016
612858,210.00,754,1011
612960,210.00,756,1001
613060,210.00,754,1011
613161,210.00,754,1011
613263,210.00,754,1011
613364,210.00,754,1011
613466,210.00,754,1011
613567,210.00,755,1006
613668,210.00,755,1006
613770,210.00,757,995
613871,210.00,755,1006
613972,210.00,754,1011
614074,210.00,757,995
614175,210.00,755,1006
614277,210.00,755,1006
614378,210.00,755,1006
614479,210.00,755,1006
614581,210.00,754,1011
614682,210.00,755,1006
614784,210.00,754,1011
614885,210.00,757,995
614986,210.00,756,1001
615088,210.00,755,1006
615189,210.00,756,1001
615290,210.00,757,995
615392,210.00,755,1006
615493,210.00,756,1001
615595,210.00,755,1006
615696,210.00,757,995
615797,210.00,756,1001
615899,210.00,756,1001
616000,210.00,758,990
616101,210.00,757,995
616203,210.00,757,995
616304,210.00,755,1006
616406,210.00,755,1006
616507,210.00,757,995
616608,210.00,756,1001
616710,210.00,756,1001
616811,210.00,756,1001
616912,210.00,756,1001
617014,210.00,758,990
617115,210.00,756,1001
617217,210.00,756,1001
617318,210.00,757,995
617419,210.00,758,990
617520,210.00,757,995
617621,210.00,757,995
617722,210.00,758,990
617824,210.00,757,995
617925,210.00,757,995
618027,210.00,756,1001
618128,210.00,757,995
618229,210.00,757,995
618331,210.00,757,995
618432,210.00,757,995
618533,210.00,758,990
618635,210.00,756,1001
618736,210.00,759,985
618838,210.00,757,995
618939,210.00,758,990
619040,210.00,757,995
619142,210.00,758,990
619243,210.00,757,995
619343,210.00,757,995
619445,210.00,756,1001
619546,210.00,757,995
619648,210.00,756,1001
619749,210.00,757,995
619850,210.00,757,995
619952,210.00,757,995
620053,210.00,755,1006
620154,210.00,757,995
620256,210.00,758,990
620357,210.00,758,990
620459,210.00,758,990
620560,210.00,758,990
620661,210.00,758,990
620763,210.00,758,990
620864,210.00,756,1001
620965,210.00,758,990
621067,210.00,757,995
621168,210.00,758,990
621270,210.00,758,990
621370,210.00,758,990
621471,210.00,758,990
621573,210.00,758,990
621674,210.00,758,990
621775,210.00,759,985
621877,210.00,759,985
621978,210.00,757,995
622080,210.00,757,995
622181,210.00,758,990
622282,210.00,757,995
622384,210.00,759,985
622485,210.00,758,990
622586,210.00,757,995
622688,210.00,757,995
622789,210.00,758,990
622891,210.00,758,990
622992,210.00,757,995
623092,210.00,758,990
623194,210.00,758,990
623295,210.00,759,985
623396,210.00,759,985
623498,210.00,758,990
623599,210.00,756,1001
623700,210.00,757,995
623802,210.00,759,985
623903,210.00,759,985
624005,210.00,759,985
624106,210.00,759,985
624207,210.00,758,990
624309,210.00,759,985
624410,210.00,760,980
624512,210.00,758,990
624613,210.00,758,990
624714,210.00,759,985
624815,210.00,759,985
624916,210.00,759,985
625017,210.00,759,985
625119,210.00,759,985
625220,210.00,760,980
625321,210.00,759,985
625423,210.00,758,990
625524,210.00,759,985
625626,210.00,759,985
625727,210.00,758,990
625828,210.00,758,990
625930,210.00,759,985
626031,210.00,758,990
626132,210.00,759,985
626234,210.00,760,980
626335,210.00,757,995
626436,210.00,759,985
626537,210.00,759,985
626638,210.00,759,985
626740,210.00,759,985
626841,210.00,759,985
626942,210.00,760,980
627044,210.00,759,985
627145,210.00,759,985
627247,210.00,759,985
627348,210.00,758,990
627449,210.00,758,990
627551,210.00,758,990
627652,210.00,760,980
627753,210.00,758,990
627855,210.00,760,980
627956,210.00,759,985
628057,210.00,759,985
628158,210.00,759,985
628259,210.00,759,985
628361,210.00,759,985
628462,210.00,758,990
628563,210.00,759,985
628665,210.00,759,985
628766,210.00,759,985
628868,210.00,760,980
628969,210.00,758,990
629070,210.00,759,985
629172,210.00,759,985
629273,210.00,759,985
629374,210.00,759,985
629476,210.00,759,985
629577,210.00,758,990
629679,210.00,760,980
629779,210.00,761,975
629880,210.00,760,980
629982,210.00,761,975
630083,210.00,758,990
630184,210.00,759,985
630286,210.00,759,985
630387,210.00,761,975
630489,210.00,759,985
630590,210.00,760,980
630691,210.00,760,980
630793,210.00,760,980
630894,210.00,759,985
630995,210.00,761,975
631097,210.00,760,980
631198,210.00,760,980
631300,210.00,759,985
631400,210.00,760,980
631501,210.00,760,980
631603,210.00,759,985
631704,210.00,760,980
631805,210.00,759,985
631907,210.00,758,990
632008,210.00,759,985
632110,210.00,759,985
632211,210.00,762,970
632312,210.00,759,985
632414,210.00,758,990
632515,210.00,760,980
632616,210.00,759,985
632718,210.00,759,985
632819,210.00,758,990
632921,210.00,760,980
633021,210.00,761,975
633122,210.00,759,985
633224,210.00,760,980
633325,210.00,760,980
633426,210.00,760,980
633528,210.00,760,980
633629,210.00,760,980
633731,210.00,762,970
633832,210.00,759,985
633933,210.00,760,980
634035,210.00,761,975
634136,210.00,759,985
634237,210.00,760,980
634339,210.00,761,975
634440,210.00,760,980
634542,210.00,760,980
634643,210.00,761,975
634743,210.00,760,980
634845,210.00,761,975
634946,210.00,760,980
635047,210.00,761,975
635149,210.00,760,980
635250,210.00,758,990
635352,210.00,761,975
635453,210.00,760,980
635554,210.00,761,975
635656,210.00,759,985
635757,210.00,760,980
635858,210.00,761,975
635960,210.00,760,980
636061,210.00,760,980
636163,210.00,759,985
636264,210.00,762,970
636364,210.00,761,975
636466,210.00,761,975
636567,210.00,761,975
636668,210.00,759,985
636770,210.00,761,975
636871,210.00,760,980
636973,210.00,761,975
637074,210.00,761,975
637175,210.00,761,975
637277,210.00,761,975
637378,210.00,761,975
637479,210.00,760,980
637581,210.00,761,975
637682,210.00,760,980
637784,210.00,761,975
637885,210.00,762,970
637986,210.00,761,975
638087,210.00,761,975
638188,210.00,761,975
638289,210.00,761,975
638391,210.00,762,970
638492,210.00,760,980
638594,210.00,760,980
638695,210.00,762,970
638796,210.00,760,980
638898,210.00,760,980
638999,210.00,762,970
639100,210.00,761,975
639202,210.00,760,980
639303,210.00,762,970
639405,210.00,760,980
639506,210.00,761,975
639607,210.00,760,980
639708,210.00,761,975
639809,210.00,761,975
639910,210.00,761,975
# load_kg=0.00
640013,0.00,761,975
640114,0.00,758,990
640216,0.00,761,975
640316,0.00,759,985
640417,0.00,761,975
640519,0.00,760,980
640620,0.00,760,980
640721,0.00,761,975
640822,0.00,763,965
640923,0.00,762,970
641025,0.00,760,980
641126,0.00,761,975
641227,0.00,760,980
641329,0.00,760,980
641429,0.00,761,975
641530,0.00,760,980
641632,0.00,761,975
641733,0.00,761,975
641835,0.00,761,975
641936,0.00,761,975
642036,0.00,761,975
642138,0.00,762,970
642239,0.00,759,985
642340,0.00,761,975
642442,0.00,761,975
642543,0.00,760,980
642643,0.00,760,980
642745,0.00,762,970
642846,0.00,760,980
642948,0.00,761,975
643049,0.00,762,970
643150,0.00,761,975
643251,0.00,762,970
643352,0.00,761,975
643453,0.00,760,980
643555,0.00,758,990
643656,0.00,760,980
643758,0.00,755,1006
643858,0.00,751,1026
643959,0.00,759,985
644061,0.00,759,985
644162,0.00,760,980
644263,0.00,761,975
644365,0.00,762,970
644465,0.00,759,985
644567,0.00,763,965
644668,0.00,765,955
644769,0.00,760,980
644871,0.00,762,970
644972,0.00,760,980
645072,0.00,760,980
645174,0.00,760,980
645275,0.00,761,975
645377,0.00,760,980
645478,0.00,762,970
645579,0.00,762,970
645680,0.00,762,970
645781,0.00,762,970
645882,0.00,762,970
645984,0.00,762,970
646085,0.00,762,970
646187,0.00,762,970
646287,0.00,761,975
646388,0.00,761,975
646490,0.00,761,975
646591,0.00,761,975
646692,0.00,762,970
646793,0.00,761,975
646894,0.00,761,975
646995,0.00,761,975
647097,0.00,761,975
647198,0.00,761,975
647300,0.00,762,970
647400,0.00,762,970
647501,0.00,763,965
647603,0.00,761,975
647704,0.00,763,965
647805,0.00,762,970
647907,0.00,762,970
648007,0.00,762,970
648109,0.00,763,965
648210,0.00,760,980
648311,0.00,761,975
648413,0.00,762,970
648514,0.00,763,965
648614,0.00,762,970
648716,0.00,762,970
648817,0.00,761,975
648919,0.00,762,970
649020,0.00,761,975
649121,0.00,763,965
649222,0.00,761,975
649323,0.00,763,965
649424,0.00,762,970
649526,0.00,762,970
649627,0.00,760,980
649729,0.00,726,1159
649829,0.00,766,950
649930,0.00,760,980
650032,0.00,683,1410
650133,0.00,777,897
650234,0.00,802,781
650336,0.00,862,529
650436,0.00,868,506
650537,0.00,879,464
650639,0.00,871,494
650740,0.00,877,472
650842,0.00,876,475
650943,0.00,859,541
651043,0.00,874,483
651145,0.00,866,514
651246,0.00,871,494
651347,0.00,875,479
651449,0.00,872,491
651550,0.00,876,475
651651,0.00,874,483
651752,0.00,874,483
651853,0.00,874,483
651955,0.00,876,475
652056,0.00,874,483
652157,0.00,875,479
652258,0.00,875,479
652359,0.00,875,479
652461,0.00,876,475
652562,0.00,876,475
652663,0.00,876,475
652764,0.00,875,479
652865,0.00,875,479
652966,0.00,875,479
653068,0.00,877,472
653169,0.00,877,472
653271,0.00,875,479
653371,0.00,876,475
653472,0.00,876,475
653574,0.00,875,479
653675,0.00,878,468
653776,0.00,877,472
653878,0.00,877,472
653978,0.00,878,468
654080,0.00,876,475
654181,0.00,876,475
654282,0.00,875,479
654384,0.00,873,487
654485,0.00,878,468
654585,0.00,875,479
654687,0.00,877,472
654788,0.00,877,472
654889,0.00,877,472
654991,0.00,877,472
655092,0.00,876,475
655193,0.00,879,464
655294,0.00,879,464
655395,0.00,877,472
655497,0.00,878,468
655598,0.00,877,472
655699,0.00,878,468
655800,0.00,878,468
655901,0.00,878,468
656003,0.00,876,475
656104,0.00,877,472
656205,0.00,877,472
656306,0.00,877,472
656407,0.00,876,475
# load_kg=410.00
656509,410.00,878,468
656611,410.00,878,468
656712,410.00,879,464
656814,410.00,877,472
656915,410.00,877,472
657016,410.00,877,472
657117,410.00,878,468
657218,410.00,879,464
657319,410.00,876,475
657421,410.00,877,472
657522,410.00,878,468
657624,410.00,878,468
657725,410.00,877,472
657826,410.00,878,468
657928,410.00,878,468
658029,410.00,878,468
658130,410.00,880,460
658232,410.00,877,472
658333,410.00,878,468
658435,410.00,879,464
658536,410.00,880,460
658637,410.00,879,464
658739,410.00,880,460
658839,410.00,879,464
658940,410.00,879,464
659042,410.00,877,472
659143,410.00,879,464
659245,410.00,877,472
659346,410.00,877,472
659447,410.00,878,468
659549,410.00,878,468
659650,410.00,874,483
659751,410.00,878,468
659853,410.00,877,472
659954,410.00,877,472
660056,410.00,879,464
660157,410.00,878,468
660258,410.00,877,472
660360,410.00,879,464
660460,410.00,879,464
660561,410.00,878,468
660663,410.00,878,468
660764,410.00,877,472
660866,410.00,878,468
660967,410.00,879,464
661068,410.00,878,468
661170,410.00,880,460
661271,410.00,880,460
661372,410.00,878,468
661474,410.00,878,468
661575,410.00,879,464
661677,410.00,880,460
661778,410.00,880,460
661879,410.00,878,468
661981,410.00,878,468
662082,410.00,876,475
662182,410.00,878,468
662284,410.00,878,468
662385,410.00,879,464
662487,410.00,879,464
662588,410.00,877,472
662689,410.00,879,464
662791,410.00,879,464
662892,410.00,879,464
662993,410.00,879,464
663095,410.00,879,464
663196,410.00,878,468
663298,410.00,879,464
663399,410.00,879,464
663500,410.00,879,464
663602,410.00,878,468
663703,410.00,880,460
663803,410.00,879,464
663905,410.00,878,468
664006,410.00,878,468
664108,410.00,879,464
664209,410.00,879,464
664310,410.00,878,468
664412,410.00,879,464
664513,410.00,880,460
664614,410.00,879,464
664716,410.00,879,464
664817,410.00,879,464
664919,410.00,878,468
665020,410.00,881,457
665121,410.00,879,464
665223,410.00,878,468
665324,410.00,880,460
665425,410.00,880,460
665526,410.00,879,464
665627,410.00,879,464
665729,410.00,880,460
665830,410.00,878,468
665931,410.00,879,464
666033,410.00,878,468
666134,410.00,879,464
666235,410.00,879,464
666337,410.00,878,468
666438,410.00,878,468
666540,410.00,879,464
666641,410.00,877,472
666742,410.00,879,464
666844,410.00,880,460
666945,410.00,878,468
667046,410.00,880,460
667147,410.00,877,472
667248,410.00,881,457
667350,410.00,879,464
667451,410.00,879,464
667552,410.00,879,464
667654,410.00,879,464
667755,410.00,880,460
667856,410.00,881,457
667958,410.00,880,460
668059,410.00,879,464
668161,410.00,879,464
668262,410.00,878,468
668363,410.00,879,464
668465,410.00,878,468
668566,410.00,878,468
668667,410.00,878,468
668769,410.00,880,460
668869,410.00,877,472
668971,410.00,879,464
669072,410.00,880,460
669173,410.00,880,460
669275,410.00,879,464
669376,410.00,880,460
669477,410.00,879,464
669579,410.00,879,464
669680,410.00,880,460
669782,410.00,879,464
669883,410.00,880,460
669984,410.00,882,453
670086,410.00,879,464
670187,410.00,880,460
670288,410.00,880,460
670390,410.00,879,464
670490,410.00,880,460
670592,410.00,879,464
670693,410.00,879,464
670794,410.00,880,460
670896,410.00,879,464
670997,410.00,879,464
671098,410.00,879,464
671200,410.00,878,468
671301,410.00,877,472
671403,410.00,880,460
671504,410.00,880,460
671605,410.00,879,464
671707,410.00,881,457
671808,410.00,877,472
671909,410.00,879,464
672011,410.00,879,464
672111,410.00,882,453
672212,410.00,881,457
672314,410.00,880,460
672415,410.00,881,457
672517,410.00,882,453
672618,410.00,879,464
672719,410.00,879,464
672821,410.00,880,460
672922,410.00,879,464
673024,410.00,880,460
673125,410.00,882,453
673226,410.00,879,464
673328,410.00,879,464
673429,410.00,881,457
673530,410.00,878,468
673632,410.00,879,464
673733,410.00,880,460
673833,410.00,881,457
673935,410.00,880,460
674036,410.00,878,468
674138,410.00,880,460
674239,410.00,880,460
674340,410.00,879,464
674442,410.00,880,460
674543,410.00,879,464
674644,410.00,880,460
674746,410.00,880,460
674847,410.00,879,464
674949,410.00,879,464
675050,410.00,882,453
675151,410.00,881,457
675253,410.00,881,457
675354,410.00,880,460
675454,410.00,881,457
675556,410.00,879,464
675657,410.00,880,460
675759,410.00,879,464
675860,410.00,880,460
675961,410.00,880,460
676063,410.00,881,457
676164,410.00,881,457
676265,410.00,879,464
676367,410.00,881,457
676468,410.00,879,464
676570,410.00,878,468
676671,410.00,881,457
676772,410.00,880,460
676874,410.00,878,468
676975,410.00,880,460
677076,410.00,880,460
677177,410.00,881,457
677278,410.00,881,457
677380,410.00,880,460
677481,410.00,880,460
677582,410.00,880,460
677684,410.00,881,457
677785,410.00,880,460
677886,410.00,879,464
677988,410.00,881,457
678089,410.00,880,460
678191,410.00,881,457
678292,410.00,879,464
678393,410.00,880,460
678495,410.00,881,457
678596,410.00,881,457
678697,410.00,881,457
678798,410.00,879,464
678899,410.00,880,460
679001,410.00,879,464
679102,410.00,881,457
679203,410.00,881,457
679305,410.00,878,468
679406,410.00,881,457
679507,410.00,881,457
679609,410.00,879,464
679710,410.00,879,464
679812,410.00,881,457
679913,410.00,881,457
680014,410.00,880,460
680116,410.00,880,460
680217,410.00,882,453
680318,410.00,882,453
680419,410.00,881,457
680520,410.00,881,457
680622,410.00,882,453
680723,410.00,880,460
680824,410.00,879,464
680926,410.00,881,457
681027,410.00,881,457
681128,410.00,880,460
681230,410.00,881,457
681331,410.00,881,457
681433,410.00,879,464
681534,410.00,882,453
681635,410.00,880,460
681737,410.00,879,464
681838,410.00,879,464
681939,410.00,880,460
682041,410.00,881,457
682141,410.00,880,460
682243,410.00,880,460
682344,410.00,881,457
682445,410.00,880,460
682547,410.00,882,453
682648,410.00,880,460
682749,410.00,879,464
682851,410.00,882,453
682952,410.00,880,460
683054,410.00,881,457
683155,410.00,882,453
683256,410.00,880,460
683358,410.00,882,453
683459,410.00,882,453
683560,410.00,880,460
683662,410.00,881,457
683762,410.00,881,457
683864,410.00,880,460
683965,410.00,881,457
684066,410.00,880,460
684168,410.00,880,460
684269,410.00,880,460
684370,410.00,881,457
684472,410.00,882,453
684573,410.00,881,457
684675,410.00,878,468
684776,410.00,881,457
684877,410.00,881,457
684979,410.00,881,457
685080,410.00,882,453
685181,410.00,882,453
685283,410.00,882,453
685384,410.00,880,460
685485,410.00,881,457
685586,410.00,880,460
685687,410.00,882,453
685789,410.00,882,453
685890,410.00,881,457
685991,410.00,881,457
686093,410.00,882,453
686194,410.00,880,460
686296,410.00,881,457
686397,410.00,882,453
686498,410.00,879,464
686600,410.00,880,460
686701,410.00,880,460
686802,410.00,882,453
686904,410.00,881,457
687005,410.00,881,457
687106,410.00,881,457
687207,410.00,881,457
687308,410.00,881,457
687410,410.00,881,457
687511,410.00,881,457
687612,410.00,879,464
687714,410.00,880,460
687815,410.00,882,453
687917,410.00,881,457
688018,410.00,881,457
688119,410.00,881,457
688221,410.00,882,453
688322,410.00,879,464
688423,410.00,882,453
688525,410.00,880,460
688626,410.00,881,457
688727,410.00,881,457
688828,410.00,881,457
688929,410.00,884,445
689031,410.00,881,457
689132,410.00,880,460
689233,410.00,882,453
689335,410.00,883,449
689436,410.00,881,457
689538,410.00,881,457
689639,410.00,882,453
689740,410.00,881,457
689842,410.00,879,464
689943,410.00,882,453
690044,410.00,880,460
690146,410.00,881,457
690247,410.00,881,457
690349,410.00,881,457
690449,410.00,881,457
690550,410.00,882,453
690652,410.00,881,457
690753,410.00,880,460
690854,410.00,881,457
690956,410.00,881,457
691057,410.00,882,453
691159,410.00,881,457
691260,410.00,881,457
691361,410.00,882,453
691463,410.00,881,457
691564,410.00,882,453
691665,410.00,880,460
691767,410.00,881,457
691868,410.00,882,453
691970,410.00,882,453
692070,410.00,881,457
692171,410.00,881,457
692273,410.00,878,468
692374,410.00,881,457
692475,410.00,881,457
692577,410.00,882,453
692678,410.00,880,460
692780,410.00,882,453
692881,410.00,881,457
692982,410.00,882,453
693084,410.00,881,457
693185,410.00,881,457
693286,410.00,882,453
693388,410.00,881,457
693489,410.00,882,453
693591,410.00,882,453
693692,410.00,880,460
693792,410.00,882,453
693894,410.00,881,457
693995,410.00,881,457
694096,410.00,881,457
694198,410.00,881,457
694299,410.00,881,457
694401,410.00,882,453
694502,410.00,882,453
694603,410.00,881,457
694705,410.00,881,457
694806,410.00,882,453
694907,410.00,878,468
695009,410.00,882,453
695110,410.00,881,457
695212,410.00,881,457
695313,410.00,881,457
695413,410.00,882,453
695515,410.00,882,453
695616,410.00,882,453
695717,410.00,881,457
695819,410.00,882,453
695920,410.00,882,453
696022,410.00,881,457
696123,410.00,881,457
696224,410.00,882,453
696326,410.00,882,453
696427,410.00,882,453
696528,410.00,882,453
696630,410.00,881,457
696731,410.00,882,453
696833,410.00,882,453
696934,410.00,884,445
697034,410.00,882,453
697136,410.00,883,449
697237,410.00,882,453
697338,410.00,881,457
697440,410.00,880,460
697541,410.00,882,453
697643,410.00,882,453
697744,410.00,884,445
697845,410.00,882,453
697947,410.00,881,457
698048,410.00,881,457
698149,410.00,882,453
698251,410.00,881,457
698352,410.00,882,453
698454,410.00,882,453
698555,410.00,882,453
698656,410.00,881,457
698757,410.00,881,457
698858,410.00,882,453
698959,410.00,882,453
699061,410.00,881,457
699162,410.00,881,457
699264,410.00,883,449
699365,410.00,882,453
699466,410.00,882,453
699568,410.00,882,453
699669,410.00,881,457
699770,410.00,881,457
699872,410.00,882,453
699973,410.00,879,464
700075,410.00,882,453
700176,410.00,881,457
700277,410.00,882,453
700378,410.00,881,457
700479,410.00,881,457
700580,410.00,881,457
700682,410.00,882,453
700783,410.00,881,457
700884,410.00,881,457
700986,410.00,882,453
701087,410.00,880,460
701189,410.00,881,457
701290,410.00,882,453
701391,410.00,881,457
701493,410.00,881,457
701594,410.00,882,453
701696,410.00,884,445
701797,410.00,881,457
701898,410.00,882,453
702000,410.00,881,457
702100,410.00,881,457
702201,410.00,882,453
702303,410.00,882,453
702404,410.00,880,460
702505,410.00,882,453
702607,410.00,882,453
702708,410.00,881,457
702810,410.00,881,457
702911,410.00,884,445
703012,410.00,883,449
703114,410.00,881,457
703215,410.00,881,457
703316,410.00,883,449
703418,410.00,882,453
703519,410.00,882,453
703621,410.00,881,457
703721,410.00,881,457
703822,410.00,882,453
703924,410.00,881,457
704025,410.00,882,453
704126,410.00,881,457
704228,410.00,882,453
704329,410.00,882,453
704431,410.00,881,457
704532,410.00,882,453
704633,410.00,880,460
704735,410.00,880,460
704836,410.00,882,453
704937,410.00,879,464
705039,410.00,882,453
705140,410.00,882,453
705242,410.00,881,457
705343,410.00,882,453
705443,410.00,881,457
705545,410.00,882,453
705646,410.00,881,457
705747,410.00,882,453
705849,410.00,880,460
705950,410.00,881,457
706052,410.00,882,453
706153,410.00,882,453
706254,410.00,881,457
706356,410.00,881,457
706457,410.00,884,445
706558,410.00,881,457
706660,410.00,881,457
706761,410.00,881,457
706863,410.00,883,449
706964,410.00,881,457
707064,410.00,881,457
707166,410.00,881,457
707267,410.00,879,464
707368,410.00,882,453
707470,410.00,882,453
707571,410.00,882,453
707673,410.00,882,453
707774,410.00,882,453
# load_kg=0.00
707876,0.00,881,457
707977,0.00,882,453
708078,0.00,882,453
708179,0.00,883,449
708281,0.00,880,460
708382,0.00,881,457
708484,0.00,882,453
708584,0.00,881,457
708685,0.00,882,453
708787,0.00,881,457
708888,0.00,882,453
708989,0.00,882,453
709090,0.00,882,453
709191,0.00,881,457
709293,0.00,881,457
709394,0.00,883,449
709495,0.00,883,449
709597,0.00,881,457
709697,0.00,882,453
709798,0.00,883,449
709900,0.00,881,457
710001,0.00,881,457
710103,0.00,881,457
710204,0.00,881,457
710304,0.00,883,449
710406,0.00,881,457
710507,0.00,880,460
710608,0.00,881,457
710710,0.00,884,445
710811,0.00,882,453
710912,0.00,882,453
711013,0.00,878,468
711114,0.00,882,453
711216,0.00,882,453
711317,0.00,881,457
711418,0.00,881,457
711519,0.00,884,445
711620,0.00,882,453
711721,0.00,882,453
711823,0.00,881,457
711924,0.00,882,453
712026,0.00,881,457
712126,0.00,883,449
712227,0.00,883,449
712329,0.00,881,457
712430,0.00,882,453
712531,0.00,882,453
712632,0.00,882,453
712733,0.00,881,457
712835,0.00,882,453
712936,0.00,883,449
713037,0.00,882,453
713139,0.00,882,453
713239,0.00,881,457
713340,0.00,882,453
713442,0.00,882,453
713543,0.00,884,445
713645,0.00,881,457
713746,0.00,882,453
713846,0.00,882,453
713948,0.00,881,457
714049,0.00,881,457
714150,0.00,882,453
714252,0.00,881,457
714353,0.00,881,457
714454,0.00,882,453
714555,0.00,881,457
714656,0.00,881,457
714758,0.00,880,460
714859,0.00,884,445
714960,0.00,882,453
715061,0.00,881,457
715162,0.00,881,457
715264,0.00,884,445
715365,0.00,880,460
715466,0.00,883,449
715568,0.00,881,457
715668,0.00,882,453
715769,0.00,881,457
715871,0.00,881,457
715972,0.00,882,453
716073,0.00,881,457
716174,0.00,880,460
716275,0.00,883,449
716377,0.00,882,453
716478,0.00,882,453
716579,0.00,882,453
716681,0.00,882,453
716781,0.00,882,453
716882,0.00,880,460
716984,0.00,882,453
717085,0.00,881,457
717187,0.00,881,457
717288,0.00,882,453
717388,0.00,882,453
717490,0.00,881,457
717591,0.00,881,457
717692,0.00,881,457
717794,0.00,880,460
717895,0.00,883,449
717996,0.00,880,460
718097,0.00,883,449
718198,0.00,882,453
718300,0.00,882,453
718401,0.00,883,449
718502,0.00,881,457
718603,0.00,883,449
718704,0.00,881,457
718806,0.00,881,457
718907,0.00,882,453
719008,0.00,881,457
719110,0.00,881,457
719210,0.00,880,460
719311,0.00,881,457
719413,0.00,882,453
719514,0.00,880,460
719616,0.00,883,449
719716,0.00,881,457
719817,0.00,884,445
719919,0.00,881,457
720020,0.00,882,453
720121,0.00,878,468
720223,0.00,883,449
720323,0.00,883,449
720424,0.00,882,453
720526,0.00,881,457
720627,0.00,882,453
720729,0.00,880,460
720830,0.00,881,457
720930,0.00,880,460
721032,0.00,884,445
721133,0.00,881,457
721234,0.00,882,453
721336,0.00,881,457
721437,0.00,883,449
721538,0.00,883,449
721639,0.00,881,457
721740,0.00,882,453
721842,0.00,882,453
721943,0.00,881,457
722044,0.00,882,453
722145,0.00,880,460
722246,0.00,881,457
722348,0.00,882,453
722449,0.00,881,457
722550,0.00,882,453
722652,0.00,883,449
722752,0.00,883,449
722853,0.00,881,457
722955,0.00,881,457
723056,0.00,882,453
723158,0.00,884,445
723258,0.00,882,453
723359,0.00,882,453
723461,0.00,881,457
723562,0.00,884,445
723663,0.00,882,453
723765,0.00,882,453
723865,0.00,881,457
723966,0.00,881,457
724068,0.00,882,453
724169,0.00,884,445
724271,0.00,881,457
724372,0.00,882,453
724472,0.00,879,464
724574,0.00,884,445
724675,0.00,882,453
724776,0.00,885,442
724878,0.00,881,457
724979,0.00,884,445
725080,0.00,880,460
725181,0.00,881,457
725282,0.00,883,449
725384,0.00,881,457
725485,0.00,881,457
725586,0.00,882,453
725687,0.00,881,457
725788,0.00,881,457
725890,0.00,885,442
725991,0.00,882,453
726092,0.00,881,457
726194,0.00,882,453
726294,0.00,882,453
726395,0.00,884,445
726497,0.00,881,457
726598,0.00,881,457
726700,0.00,881,457
726800,0.00,881,457
726901,0.00,883,449
727003,0.00,882,453
727104,0.00,882,453
727205,0.00,881,457
727307,0.00,883,449
727407,0.00,881,457
727508,0.00,882,453
727610,0.00,882,453
727711,0.00,881,457
727813,0.00,882,453
727914,0.00,882,453
728014,0.00,882,453
728116,0.00,885,442
728217,0.00,881,457
728318,0.00,881,457
728420,0.00,881,457
728521,0.00,882,453
728622,0.00,881,457
728723,0.00,881,457
728824,0.00,882,453
728926,0.00,881,457
729027,0.00,884,445
729128,0.00,882,453
729229,0.00,879,464
729330,0.00,883,449
729432,0.00,882,453
729533,0.00,882,453
729634,0.00,883,449
729736,0.00,883,449
729836,0.00,881,457
729937,0.00,882,453
730039,0.00,882,453
730140,0.00,883,449
730242,0.00,881,457
730342,0.00,881,457
730443,0.00,881,457
730545,0.00,882,453
730646,0.00,882,453
730747,0.00,881,457
730849,0.00,881,457
730949,0.00,883,449
731051,0.00,882,453
731152,0.00,883,449
731253,0.00,881,457
731355,0.00,883,449
731456,0.00,883,449
731556,0.00,881,457
731658,0.00,882,453
731759,0.00,881,457
731860,0.00,882,453
731962,0.00,884,445
732063,0.00,882,453
732164,0.00,882,453
732265,0.00,883,449
732366,0.00,881,457
732468,0.00,883,449
732569,0.00,883,449
732670,0.00,884,445
732771,0.00,882,453
732872,0.00,882,453
732974,0.00,881,457
733075,0.00,884,445
733176,0.00,883,449
733278,0.00,881,457
733378,0.00,882,453
733479,0.00,884,445
733581,0.00,882,453
733682,0.00,882,453
733784,0.00,879,464
733884,0.00,885,442
733985,0.00,881,457
734087,0.00,882,453
734188,0.00,883,449
734289,0.00,882,453
734391,0.00,880,460
734491,0.00,883,449
734593,0.00,883,449
734694,0.00,881,457
734795,0.00,882,453
734897,0.00,882,453
734998,0.00,881,457
735098,0.00,884,445
735200,0.00,882,453
735301,0.00,881,457
735403,0.00,884,445
735504,0.00,882,453
735605,0.00,882,453
735706,0.00,883,449
735807,0.00,882,453
735908,0.00,882,453
736010,0.00,884,445
736111,0.00,884,445
736212,0.00,883,449
736313,0.00,881,457
736414,0.00,883,449
736516,0.00,883,449
736617,0.00,884,445
736718,0.00,884,445
736820,0.00,883,449
736920,0.00,883,449
737021,0.00,882,453
737123,0.00,884,445
737224,0.00,883,449
737326,0.00,883,449
737426,0.00,882,453
737527,0.00,882,453
737629,0.00,881,457
737730,0.00,882,453
737831,0.00,883,449
737933,0.00,885,442
738033,0.00,884,445
738135,0.00,883,449
738236,0.00,882,453
738337,0.00,881,457
738439,0.00,881,457
738540,0.00,883,449
738640,0.00,882,453
738742,0.00,884,445
738843,0.00,885,442
738945,0.00,882,453
739046,0.00,882,453
739147,0.00,883,449
739248,0.00,882,453
739349,0.00,882,453
739450,0.00,882,453
739552,0.00,882,453
739653,0.00,883,449
739755,0.00,881,457
739855,0.00,884,445
739956,0.00,883,449
740058,0.00,883,449
740159,0.00,884,445
740260,0.00,881,457
740362,0.00,882,453
740462,0.00,882,453
740563,0.00,882,453
740665,0.00,880,460
740766,0.00,885,442
740868,0.00,881,457
740968,0.00,884,445
741069,0.00,884,445
741171,0.00,883,449
741272,0.00,881,457
741373,0.00,882,453
741475,0.00,882,453
741575,0.00,882,453
741677,0.00,883,449
741778,0.00,884,445
741879,0.00,882,453
741981,0.00,883,449
742082,0.00,885,442
742182,0.00,884,445
742284,0.00,884,445
742385,0.00,884,445
742487,0.00,885,442
742588,0.00,882,453
742689,0.00,883,449
742790,0.00,883,449
742891,0.00,884,445
742992,0.00,883,449
743094,0.00,884,445
743195,0.00,885,442
743297,0.00,884,445
743397,0.00,882,453
743498,0.00,882,453
743600,0.00,883,449
743701,0.00,885,442
743802,0.00,883,449
743904,0.00,882,453
744004,0.00,884,445
744105,0.00,882,453
744207,0.00,883,449
744308,0.00,882,453
744410,0.00,879,464
744510,0.00,883,449
744611,0.00,883,449
744713,0.00,884,445
744814,0.00,884,445
744915,0.00,883,449
745017,0.00,881,457
745117,0.00,883,449
745219,0.00,884,445
745320,0.00,883,449
745421,0.00,882,453
745523,0.00,883,449
745624,0.00,882,453
745724,0.00,885,442
745826,0.00,882,453
745927,0.00,883,449
746029,0.00,884,445
746130,0.00,884,445
746231,0.00,882,453
746332,0.00,883,449
746433,0.00,883,449
746534,0.00,883,449
746636,0.00,884,445
746737,0.00,883,449
746839,0.00,882,453
746939,0.00,882,453
747040,0.00,884,445
747142,0.00,881,457
747243,0.00,883,449
747344,0.00,882,453
747446,0.00,882,453
747546,0.00,884,445
747648,0.00,881,457
747749,0.00,885,442
747850,0.00,882,453
747952,0.00,879,464
748052,0.00,881,457
748153,0.00,882,453
748255,0.00,881,457
748356,0.00,884,445
748457,0.00,882,453
748559,0.00,882,453
748659,0.00,885,442
748761,0.00,884,445
748862,0.00,884,445
748963,0.00,882,453
749065,0.00,883,449
749166,0.00,882,453
749266,0.00,884,445
749368,0.00,884,445
749469,0.00,882,453
749571,0.00,882,453
749672,0.00,882,453
749773,0.00,882,453
749874,0.00,881,457
749975,0.00,881,457
750076,0.00,882,453
750178,0.00,881,457
750279,0.00,882,453
750381,0.00,882,453
750481,0.00,882,453
750582,0.00,885,442
750684,0.00,883,449
750785,0.00,883,449
750886,0.00,883,449
750988,0.00,882,453
751088,0.00,881,457
751190,0.00,881,457
751291,0.00,884,445
751392,0.00,883,449
751494,0.00,882,453
751594,0.00,883,449
751695,0.00,882,453
751797,0.00,884,445
751898,0.00,883,449
752000,0.00,884,445
752101,0.00,882,453
752201,0.00,885,442
752303,0.00,882,453
752404,0.00,885,442
752505,0.00,883,449
752607,0.00,883,449
752708,0.00,882,453
752808,0.00,883,449
752910,0.00,882,453
753011,0.00,884,445
753113,0.00,883,449
753214,0.00,882,453
753315,0.00,884,445
753416,0.00,884,445
753517,0.00,884,445
753618,0.00,884,445
753720,0.00,882,453
753821,0.00,884,445
753923,0.00,883,449
754023,0.00,883,449
754124,0.00,883,449
754226,0.00,883,449
754327,0.00,885,442
754428,0.00,883,449
754530,0.00,883,449
754630,0.00,882,453
754732,0.00,884,445
754833,0.00,883,449
754934,0.00,884,445
755036,0.00,882,453
755136,0.00,883,449
755237,0.00,884,445
755339,0.00,884,445
755440,0.00,884,445
755542,0.00,883,449
755643,0.00,885,442
755743,0.00,884,445
755845,0.00,882,453
755946,0.00,883,449
756047,0.00,882,453
756149,0.00,883,449
756250,0.00,885,442
756350,0.00,884,445
756452,0.00,883,449
756553,0.00,884,445
756655,0.00,882,453
756756,0.00,884,445
756857,0.00,883,449
756958,0.00,883,449
757059,0.00,884,445
757160,0.00,884,445
757262,0.00,884,445
757363,0.00,884,445
757465,0.00,882,453
757565,0.00,887,434
757666,0.00,882,453
757768,0.00,870,498
757869,0.00,890,423
757970,0.00,888,431
758072,0.00,884,445
758172,0.00,881,457
758274,0.00,865,517
758375,0.00,876,475
758476,0.00,875,479
758578,0.00,878,468
758678,0.00,882,453
758779,0.00,880,460
758881,0.00,892,416
758982,0.00,871,494
759084,0.00,844,601
759185,0.00,850,577
759285,0.00,835,638
759387,0.00,851,573
759488,0.00,870,498
759589,0.00,893,412
759691,0.00,913,341
759792,0.00,916,331
759892,0.00,913,341
759994,0.00,917,327
760095,0.00,916,331
760197,0.00,918,324
760298,0.00,919,321
760399,0.00,914,338
760500,0.00,915,334
760601,0.00,915,334
760702,0.00,917,327
760804,0.00,917,327
760905,0.00,917,327
761007,0.00,917,327
761107,0.00,917,327
761208,0.00,918,324
761310,0.00,916,331
761411,0.00,920,317
761512,0.00,917,327
761614,0.00,918,324
761714,0.00,918,324
761816,0.00,917,327
761917,0.00,918,324
762018,0.00,919,321
762120,0.00,916,331
762220,0.00,920,317
762321,0.00,918,324
762423,0.00,918,324
762524,0.00,917,327
762626,0.00,918,324
762727,0.00,918,324
762827,0.00,919,321
762929,0.00,917,327
763030,0.00,919,321
763131,0.00,919,321
763233,0.00,919,321
763334,0.00,917,327
763435,0.00,919,321
763536,0.00,917,327
763637,0.00,919,321
763739,0.00,918,324
763840,0.00,919,321
763941,0.00,919,321
764042,0.00,917,327
764143,0.00,918,324
764244,0.00,918,324
764346,0.00,919,321
764447,0.00,920,317
764549,0.00,918,324
764649,0.00,920,317
764750,0.00,919,321
764852,0.00,920,317
764953,0.00,920,317
765054,0.00,920,317
765156,0.00,919,321
765256,0.00,919,321
765358,0.00,917,327
765459,0.00,919,321
765560,0.00,918,324
765662,0.00,918,324
765762,0.00,920,317
765863,0.00,919,321
765965,0.00,919,321
766066,0.00,919,321
766168,0.00,920,317
766269,0.00,917,327
766369,0.00,921,314
766471,0.00,920,317
766572,0.00,920,317
766673,0.00,919,321
766775,0.00,919,321
766876,0.00,919,321
766977,0.00,920,317
767078,0.00,920,317
767179,0.00,919,321
767281,0.00,919,321
767382,0.00,918,324
767483,0.00,920,317
767584,0.00,919,321
767685,0.00,921,314
767787,0.00,919,321
767888,0.00,919,321
767989,0.00,920,317
768091,0.00,918,324
768191,0.00,921,314
768292,0.00,919,321
768394,0.00,918,324
768495,0.00,921,314
768596,0.00,920,317
768698,0.00,920,317
768798,0.00,919,321
768900,0.00,921,314
769001,0.00,919,321
769102,0.00,918,324
769204,0.00,920,317
769305,0.00,919,321
769405,0.00,919,321
769507,0.00,919,321
769608,0.00,920,317
769710,0.00,922,310
769811,0.00,916,331
769911,0.00,919,321
770013,0.00,918,324
770114,0.00,918,324
770215,0.00,919,321
770317,0.00,919,321
770418,0.00,917,327
770519,0.00,920,317
770620,0.00,920,317
770721,0.00,919,321
770823,0.00,920,317
770924,0.00,921,314
771025,0.00,919,321
771126,0.00,919,321
771227,0.00,919,321
771329,0.00,920,317
771430,0.00,920,317
771531,0.00,922,310
771633,0.00,918,324
771733,0.00,919,321
771834,0.00,919,321
771936,0.00,918,324
772037,0.00,920,317
772139,0.00,919,321
# load_kg=670.00
772240,670.00,917,327
772341,670.00,921,314
772443,670.00,919,321
772544,670.00,921,314
772645,670.00,920,317
772747,670.00,920,317
772848,670.00,919,321
772950,670.00,920,317
773051,670.00,920,317
773152,670.00,922,310
773254,670.00,920,317
773355,670.00,919,321
773456,670.00,918,324
773557,670.00,920,317
773658,670.00,920,317
773760,670.00,918,324
773861,670.00,919,321
773962,670.00,918,324
774064,670.00,920,317
774165,670.00,916,331
774266,670.00,921,314
774368,670.00,920,317
774469,670.00,921,314
774571,670.00,920,317
774672,670.00,920,317
774773,670.00,919,321
774875,670.00,919,321
774976,670.00,921,314
775077,670.00,920,317
775178,670.00,921,314
775279,670.00,919,321
775380,670.00,919,321
775482,670.00,920,317
775583,670.00,921,314
775685,670.00,921,314
775786,670.00,920,317
775887,670.00,918,324
775989,670.00,919,321
776090,670.00,920,317
776192,670.00,920,317
776293,670.00,919,321
776394,670.00,919,321
776496,670.00,919,321
776597,670.00,920,317
776698,670.00,921,314
776800,670.00,917,327
776900,670.00,920,317
777001,670.00,920,317
777103,670.00,920,317
777204,670.00,920,317
777306,670.00,919,321
777407,670.00,920,317
777508,670.00,918,324
777610,670.00,920,317
777711,670.00,920,317
777812,670.00,921,314
777914,670.00,921,314
778015,670.00,921,314
778117,670.00,920,317
778218,670.00,921,314
778319,670.00,921,314
778421,670.00,919,321
778521,670.00,920,317
778622,670.00,918,324
778724,670.00,920,317
778825,670.00,917,327
778927,670.00,921,314
779028,670.00,920,317
779129,670.00,919,321
779231,670.00,920,317
779332,670.00,919,321
779433,670.00,920,317
779535,670.00,919,321
779636,670.00,920,317
779738,670.00,919,321
779839,670.00,918,324
779940,670.00,921,314
780042,670.00,922,310
780143,670.00,921,314
780243,670.00,922,310
780345,670.00,921,314
780446,670.00,919,321
780548,670.00,919,321
780649,670.00,920,317
780750,670.00,919,321
780852,670.00,918,324
780953,670.00,919,321
781054,670.00,921,314
781156,670.00,920,317
781257,670.00,919,321
781359,670.00,920,317
781460,670.00,921,314
781561,670.00,918,324
781663,670.00,920,317
781764,670.00,920,317
781864,670.00,919,321
781966,670.00,921,314
782067,670.00,919,321
782169,670.00,921,314
782270,670.00,921,314
782371,670.00,922,310
782473,670.00,920,317
782574,670.00,921,314
782675,670.00,921,314
782777,670.00,921,314
782878,670.00,920,317
782980,670.00,921,314
783081,670.00,920,317
783182,670.00,920,317
783284,670.00,920,317
783385,670.00,920,317
783486,670.00,919,321
783587,670.00,918,324
783688,670.00,918,324
783790,670.00,921,314
783891,670.00,920,317
783992,670.00,921,314
784094,670.00,920,317
784195,670.00,920,317
784296,670.00,919,321
784398,670.00,920,317
784499,670.00,921,314
784601,670.00,922,310
784702,670.00,920,317
784803,670.00,920,317
784905,670.00,920,317
785006,670.00,920,317
785107,670.00,921,314
785208,670.00,920,317
785309,670.00,920,317
785411,670.00,921,314
785512,670.00,921,314
785613,670.00,921,314
785715,670.00,922,310
785816,670.00,919,321
785917,670.00,919,321
786019,670.00,921,314
786120,670.00,921,314
786222,670.00,921,314
786323,670.00,920,317
786424,670.00,921,314
786526,670.00,922,310
786627,670.00,920,317
786728,670.00,921,314
786830,670.00,921,314
786930,670.00,922,310
787032,670.00,921,314
787133,670.00,921,314
787234,670.00,919,321
787336,670.00,921,314
787437,670.00,919,321
787538,670.00,921,314
787640,670.00,920,317
787741,670.00,921,314
787843,670.00,920,317
787944,670.00,922,310
788045,670.00,921,314
788147,670.00,921,314
788248,670.00,917,327
788349,670.00,921,314
788451,670.00,921,314
788551,670.00,920,317
788653,670.00,921,314
788754,670.00,921,314
788855,670.00,919,321
788957,670.00,920,317
789058,670.00,921,314
789159,670.00,920,317
789261,670.00,922,310
789362,670.00,921,314
789464,670.00,921,314
789565,670.00,919,321
789666,670.00,919,321
789768,670.00,919,321
789869,670.00,921,314
789970,670.00,920,317
790072,670.00,922,310
790173,670.00,920,317
790274,670.00,922,310
790375,670.00,918,324
790476,670.00,919,321
790578,670.00,919,321
790679,670.00,922,310
790780,670.00,922,310
790882,670.00,922,310
790983,670.00,922,310
791085,670.00,920,317
791186,670.00,921,314
791287,670.00,922,310
791389,670.00,922,310
791490,670.00,921,314
791591,670.00,920,317
791693,670.00,921,314
791794,670.00,922,310
791895,670.00,920,317
791996,670.00,921,314
792097,670.00,920,317
792199,670.00,921,314
792300,670.00,920,317
792401,670.00,920,317
792503,670.00,921,314
792604,670.00,921,314
792706,670.00,920,317
792807,670.00,921,314
792908,670.00,920,317
793010,670.00,921,314
793111,670.00,922,310
793212,670.00,922,310
793314,670.00,921,314
793415,670.00,922,310
793517,670.00,921,314
793617,670.00,922,310
793718,670.00,920,317
793820,670.00,920,317
793921,670.00,921,314
794022,670.00,921,314
794124,670.00,921,314
794225,670.00,919,321
794327,670.00,921,314
794428,670.00,920,317
794529,670.00,919,321
794631,670.00,921,314
794732,670.00,920,317
794833,670.00,921,314
794935,670.00,921,314
795036,670.00,920,317
795138,670.00,920,317
795239,670.00,921,314
795339,670.00,921,314
795441,670.00,921,314
795542,670.00,922,310
795643,670.00,921,314
795745,670.00,921,314
795846,670.00,921,314
795948,670.00,921,314
796049,670.00,921,314
796150,670.00,920,317
796252,670.00,920,317
796353,670.00,921,314
796454,670.00,922,310
796556,670.00,922,310
796657,670.00,920,317
796759,670.00,920,317
796860,670.00,921,314
796961,670.00,921,314
797062,670.00,921,314
797163,670.00,922,310
797264,670.00,921,314
797366,670.00,920,317
797467,670.00,921,314
797569,670.00,922,310
797670,670.00,921,314
797771,670.00,922,310
797873,670.00,921,314
797974,670.00,922,310
798075,670.00,920,317
798177,670.00,921,314
798278,670.00,922,310
798380,670.00,920,317
798481,670.00,921,314
798582,670.00,921,314
798684,670.00,922,310
798784,670.00,922,310
798885,670.00,922,310
798987,670.00,921,314
799088,670.00,922,310
799190,670.00,921,314
799291,670.00,921,314
799392,670.00,922,310
799494,670.00,922,310
799595,670.00,921,314
799696,670.00,922,310
799798,670.00,921,314
799899,670.00,921,314
800001,670.00,922,310
800102,670.00,920,317
800203,670.00,920,317
800305,670.00,920,317
800405,670.00,923,307
800506,670.00,919,321
800608,670.00,922,310
800709,670.00,920,317
800811,670.00,920,317
800912,670.00,921,314
801013,670.00,921,314
801115,670.00,921,314
801216,670.00,921,314
801317,670.00,921,314
801419,670.00,922,310
801520,670.00,920,317
801622,670.00,921,314
801723,670.00,921,314
801824,670.00,923,307
801926,670.00,922,310
802026,670.00,920,317
802127,670.00,921,314
802229,670.00,922,310
802330,670.00,921,314
802432,670.00,921,314
802533,670.00,919,321
802634,670.00,923,307
802736,670.00,922,310
802837,670.00,921,314
802938,670.00,921,314
803040,670.00,920,317
803141,670.00,921,314
803243,670.00,920,317
803344,670.00,921,314
803445,670.00,922,310
803547,670.00,920,317
803648,670.00,920,317
803748,670.00,921,314
803850,670.00,921,314
803951,670.00,923,307
804052,670.00,920,317
804154,670.00,923,307
804255,670.00,923,307
804357,670.00,923,307
804458,670.00,920,317
804559,670.00,920,317
804661,670.00,921,314
804762,670.00,921,314
804864,670.00,920,317
804965,670.00,920,317
805066,670.00,918,324
805168,670.00,922,310
805269,670.00,921,314
805369,670.00,921,314
805471,670.00,923,307
805572,670.00,922,310
805673,670.00,921,314
805775,670.00,922,310
805876,670.00,922,310
805978,670.00,923,307
806079,670.00,922,310
806180,670.00,920,317
806282,670.00,923,307
806383,670.00,922,310
806484,670.00,923,307
806586,670.00,922,310
806687,670.00,922,310
806789,670.00,921,314
806890,670.00,923,307
806991,670.00,921,314
807092,670.00,921,314
807193,670.00,922,310
807294,670.00,921,314
807396,670.00,921,314
807497,670.00,920,317
807599,670.00,921,314
807700,670.00,921,314
807801,670.00,922,310
807903,670.00,922,310
808004,670.00,922,310
808105,670.00,921,314
808207,670.00,923,307
808308,670.00,921,314
808410,670.00,921,314
808511,670.00,922,310
808612,670.00,922,310
808713,670.00,922,310
808814,670.00,923,307
808915,670.00,924,304
809017,670.00,921,314
809118,670.00,922,310
809220,670.00,923,307
809321,670.00,922,310
809422,670.00,922,310
809524,670.00,920,317
809625,670.00,921,314
809726,670.00,920,317
809828,670.00,922,310
809929,670.00,920,317
810031,670.00,921,314
810132,670.00,921,314
810233,670.00,922,310
810335,670.00,922,310
810435,670.00,922,310
810536,670.00,922,310
810638,670.00,922,310
810739,670.00,923,307
810841,670.00,922,310
810942,670.00,922,310
811043,670.00,921,314
811145,670.00,922,310
811246,670.00,921,314
811347,670.00,922,310
811449,670.00,921,314
811550,670.00,921,314
811652,670.00,920,317
811753,670.00,921,314
811854,670.00,922,310
811956,670.00,921,314
812056,670.00,921,314
812157,670.00,920,317
812259,670.00,922,310
812360,670.00,921,314
812462,670.00,922,310
812563,670.00,921,314
812664,670.00,921,314
812766,670.00,922,310
812867,670.00,922,310
812968,670.00,922,310
813070,670.00,924,304
813171,670.00,921,314
813273,670.00,921,314
813374,670.00,921,314
813475,670.00,921,314
813577,670.00,922,310
813678,670.00,921,314
813778,670.00,921,314
813880,670.00,922,310
813981,670.00,922,310
814083,670.00,922,310
814184,670.00,921,314
814285,670.00,922,310
814387,670.00,920,317
814488,670.00,923,307
814589,670.00,920,317
814691,670.00,922,310
814792,670.00,922,310
814894,670.00,922,310
814995,670.00,924,304
815096,670.00,922,310
815198,670.00,921,314
815299,670.00,922,310
815399,670.00,922,310
815501,670.00,924,304
815602,670.00,923,307
815704,670.00,921,314
815805,670.00,923,307
815906,670.00,922,310
816008,670.00,924,304
816109,670.00,922,310
816210,670.00,923,307
816312,670.00,921,314
816413,670.00,920,317
816515,670.00,924,304
816616,670.00,922,310
816717,670.00,922,310
816819,670.00,921,314
816920,670.00,922,310
817021,670.00,918,324
817122,670.00,923,307
817223,670.00,921,314
817325,670.00,921,314
817426,670.00,924,304
817527,670.00,922,310
817629,670.00,921,314
817730,670.00,922,310
817831,670.00,921,314
817933,670.00,924,304
818034,670.00,923,307
818136,670.00,921,314
818237,670.00,924,304
818338,670.00,922,310
818440,670.00,922,310
818541,670.00,923,307
818642,670.00,924,304
818743,670.00,924,304
818844,670.00,922,310
818946,670.00,920,317
819047,670.00,922,310
819148,670.00,919,321
819250,670.00,922,310
819351,670.00,922,310
819452,670.00,923,307
819554,670.00,922,310
819655,670.00,922,310
819757,670.00,924,304
819858,670.00,924,304
819959,670.00,922,310
820061,670.00,923,307
820162,670.00,923,307
820263,670.00,923,307
820365,670.00,922,310
820465,670.00,923,307
820567,670.00,923,307
820668,670.00,924,304
820769,670.00,922,310
820871,670.00,922,310
820972,670.00,922,310
821073,670.00,924,304
821175,670.00,921,314
821276,670.00,919,321
821378,670.00,922,310
821479,670.00,922,310
821580,670.00,919,321
821682,670.00,924,304
821783,670.00,923,307
821884,670.00,924,304
821986,670.00,922,310
822086,670.00,922,310
822188,670.00,921,314
822289,670.00,923,307
822390,670.00,924,304
822492,670.00,924,304
822593,670.00,923,307
822694,670.00,923,307
822796,670.00,924,304
822897,670.00,923,307
822999,670.00,922,310
823100,670.00,921,314
823201,670.00,918,324
823303,670.00,922,310
823404,670.00,924,304
823505,670.00,926,297
823607,670.00,923,307
823707,670.00,922,310
823809,670.00,921,314
823910,670.00,922,310
824011,670.00,922,310
824113,670.00,923,307
824214,670.00,924,304
824315,670.00,922,310
824417,670.00,924,304
824518,670.00,923,307
824620,670.00,923,307
824721,670.00,923,307
824822,670.00,923,307
824924,670.00,921,314
825025,670.00,923,307
825126,670.00,922,310
825228,670.00,924,304
825329,670.00,922,310
825430,670.00,921,314
825531,670.00,923,307
825632,670.00,921,314
825734,670.00,924,304
825835,670.00,924,304
825936,670.00,921,314
826038,0.00,921,314
826139,0.00,922,310
826241,0.00,922,310
826342,0.00,919,321
826443,0.00,921,314
826545,0.00,918,324
826646,0.00,901,384
826747,0.00,874,483
826849,0.00,861,533
826950,0.00,851,573
827051,0.00,877,472
827152,0.00,881,457
827253,0.00,841,613
827355,0.00,839,621
827456,0.00,904,373
827557,0.00,909,355
827659,0.00,919,321
827760,0.00,918,324
827862,0.00,920,317
827963,0.00,917,327
828064,0.00,920,317
828166,0.00,921,314
828267,0.00,918,324
828368,0.00,921,314
828470,0.00,920,317
828571,0.00,919,321
828673,0.00,922,310
828773,0.00,923,307
828874,0.00,920,317
828976,0.00,921,314
829077,0.00,921,314
829178,0.00,921,314
829280,0.00,920,317
829381,0.00,921,314
829483,0.00,922,310
829584,0.00,921,314
829685,0.00,921,314
829787,0.00,922,310
829888,0.00,920,317
829989,0.00,923,307
830091,0.00,922,310
830192,0.00,922,310
830294,0.00,923,307
830394,0.00,922,310
830495,0.00,923,307
830597,0.00,922,310
830698,0.00,920,317
830799,0.00,924,304
# load_kg=0.00
830902,0.00,921,314
831003,0.00,921,314
831104,0.00,921,314
831205,0.00,921,314
831306,0.00,921,314
831408,0.00,922,310
831509,0.00,924,304
831610,0.00,922,310
831711,0.00,921,314
831812,0.00,924,304
831913,0.00,922,310
832015,0.00,920,317
832116,0.00,922,310
832218,0.00,919,321
832318,0.00,921,314
832419,0.00,920,317
832521,0.00,922,310
832622,0.00,922,310
832723,0.00,924,304
832824,0.00,922,310
832925,0.00,923,307
833027,0.00,920,317
833128,0.00,923,307
833229,0.00,922,310
833331,0.00,923,307
833431,0.00,921,314
833532,0.00,922,310
833634,0.00,922,310
833735,0.00,922,310
833837,0.00,924,304
833938,0.00,924,304
834038,0.00,923,307
834140,0.00,922,310
834241,0.00,921,314
834342,0.00,922,310
834444,0.00,924,304
834545,0.00,921,314
834646,0.00,922,310
834747,0.00,923,307
834848,0.00,924,304
834950,0.00,922,310
835051,0.00,920,317
835152,0.00,917,327
835253,0.00,917,327
835354,0.00,902,380
835456,0.00,885,442
835557,0.00,854,561
835658,0.00,825,680
835760,0.00,808,754
835860,0.00,735,1110
835961,0.00,652,1612
836063,0.00,454,3551
836164,0.00,169,14316
836265,0.00,173,13919
836367,0.00,173,13919
836468,0.00,170,14215
836570,0.00,176,13634
836671,0.00,175,13728
836771,0.00,172,14017
836873,0.00,176,13634
836974,0.00,188,12583
837075,0.00,190,12420
837177,0.00,189,12501
837278,0.00,190,12420
837380,0.00,187,12665
837481,0.00,183,13004
837582,0.00,182,13091
837684,0.00,181,13179
837785,0.00,179,13358
837886,0.00,179,13358
837988,0.00,178,13449
838088,0.00,175,13728
838190,0.00,175,13728
838291,0.00,176,13634
838392,0.00,177,13541
838494,0.00,176,13634
838595,0.00,175,13728
838696,0.00,176,13634
838798,0.00,175,13728
838899,0.00,176,13634
839001,0.00,177,13541
839102,0.00,178,13449
839203,0.00,179,13358
839305,0.00,177,13541
839405,0.00,178,13449
839506,0.00,180,13268
839608,0.00,182,13091
839709,0.00,181,13179
839811,0.00,179,13358
839912,0.00,181,13179
840013,0.00,180,13268
840115,0.00,177,13541
840216,0.00,180,13268
840317,0.00,178,13449
840419,0.00,179,13358
840520,0.00,180,13268
840622,0.00,181,13179
840722,0.00,178,13449
840823,0.00,176,13634
840925,0.00,177,13541
841026,0.00,178,13449
841127,0.00,177,13541
841229,0.00,177,13541
841330,0.00,178,13449
841432,0.00,178,13449
841533,0.00,179,13358
841634,0.00,179,13358
841736,0.00,178,13449
841837,0.00,181,13179
841938,0.00,179,13358
842039,0.00,178,13449
842140,0.00,180,13268
842242,0.00,179,13358
842343,0.00,179,13358
842444,0.00,181,13179
842546,0.00,182,13091
842647,0.00,181,13179
842748,0.00,179,13358
842850,0.00,176,13634
842951,0.00,177,13541
843053,0.00,178,13449
843154,0.00,178,13449
843255,0.00,178,13449
843356,0.00,179,13358
843457,0.00,181,13179
843558,0.00,181,13179
843660,0.00,180,13268
843761,0.00,180,13268
843863,0.00,180,13268
843964,0.00,185,12833
844065,0.00,183,13004
844167,0.00,182,13091
844268,0.00,185,12833
844369,0.00,182,13091
844471,0.00,181,13179
844572,0.00,182,13091
844673,0.00,180,13268
844774,0.00,180,13268
844875,0.00,183,13004
844977,0.00,180,13268
845078,0.00,185,12833
845179,0.00,182,13091
845281,0.00,182,13091
845382,0.00,182,13091
845484,0.00,184,12918
845585,0.00,181,13179
845686,0.00,181,13179
845788,0.00,182,13091
845889,0.00,181,13179
845989,0.00,181,13179
846091,0.00,183,13004
846192,0.00,181,13179
846294,0.00,184,12918
846395,0.00,183,13004
846496,0.00,180,13268
846598,0.00,188,12583
846699,0.00,180,13268
846800,0.00,179,13358
846902,0.00,177,13541
847003,0.00,178,13449
847105,0.00,178,13449
847206,0.00,179,13358
847306,0.00,179,13358
847408,0.00,179,13358
847509,0.00,179,13358
847610,0.00,180,13268
847712,0.00,177,13541
847813,0.00,178,13449
847915,0.00,178,13449
848016,0.00,180,13268
848117,0.00,177,13541
848219,0.00,180,13268
848320,0.00,177,13541
848421,0.00,178,13449
848523,0.00,178,13449
848623,0.00,180,13268
848724,0.00,181,13179
848826,0.00,179,13358
848927,0.00,178,13449
849029,0.00,183,13004
849130,0.00,153,16109
849231,0.00,156,15745
849333,0.00,370,5000
849434,0.00,486,3130
849536,0.00,621,1834
849637,0.00,690,1367
849737,0.00,754,1011
849839,0.00,781,878
849940,0.00,828,667
850041,0.00,833,646
850143,0.00,806,763
850244,0.00,792,826
850344,0.00,761,975
850446,0.00,756,1001
850547,0.00,812,736
850649,0.00,876,475
850750,0.00,849,581
850851,0.00,810,745
850952,0.00,819,706
851053,0.00,805,767
851154,0.00,769,936
851256,0.00,588,2096
851357,0.00,201,11586
851459,0.00,191,12341
851560,0.00,194,12106
851661,0.00,196,11954
851763,0.00,190,12420
851863,0.00,185,12833
851964,0.00,182,13091
852066,0.00,179,13358
852167,0.00,178,13449
852269,0.00,181,13179
852370,0.00,180,13268
852471,0.00,176,13634
852573,0.00,179,13358
852674,0.00,341,5666
852775,0.00,650,1626
852877,0.00,782,873
852977,0.00,590,2079
853079,0.00,366,5085
853180,0.00,249,8806
853281,0.00,185,12833
853383,0.00,174,13823
853484,0.00,323,6140
853585,0.00,465,3400
853687,0.00,165,14732
853788,0.00,173,13919
853889,0.00,163,14947
853990,0.00,158,15510
854091,0.00,158,15510
854193,0.00,148,16749
854294,0.00,146,17017
854395,0.00,145,17154
854497,0.00,150,16488
854598,0.00,140,17868
854700,0.00,147,16882
854801,0.00,136,18477
854902,0.00,133,18958
855004,0.00,139,18017
855105,0.00,136,18477
855205,0.00,144,17293
855307,0.00,144,17293
855408,0.00,145,17154
855510,0.00,145,17154
855611,0.00,248,8853
855712,0.00,261,8271
855814,0.00,178,13449
855915,0.00,142,17577
856016,0.00,149,16618
856118,0.00,487,3118
856219,0.00,759,985
856320,0.00,823,688
856421,0.00,845,597
856522,0.00,877,472
856624,0.00,909,355
856725,0.00,913,341
856826,0.00,930,283
856927,0.00,887,434
857028,0.00,890,423
857129,0.00,925,300
857231,0.00,927,293
857332,0.00,907,362
857434,0.00,889,427
857534,0.00,914,338
857635,0.00,917,327
857737,0.00,899,391
857838,0.00,912,345
857939,0.00,913,341
858040,0.00,908,359
858141,0.00,910,352
858243,0.00,907,362
858344,0.00,912,345
858445,0.00,909,355
858547,0.00,908,359
858647,0.00,910,352
858748,0.00,903,376
858850,0.00,909,355
858951,0.00,914,338
859053,0.00,908,359
859154,0.00,913,341
859254,0.00,913,341
859356,0.00,912,345
859457,0.00,910,352
859558,0.00,911,348
859660,0.00,913,341
859761,0.00,910,352
859862,0.00,913,341
859963,0.00,929,287
860064,0.00,928,290
860166,0.00,896,402
860267,0.00,836,634
860368,0.00,685,1398
860469,0.00,515,2794
860570,0.00,317,6309
860672,0.00,315,6368
860773,0.00,288,7230
860874,0.00,282,7444
860976,0.00,280,7518
861077,0.00,260,8314
861178,0.00,246,8948
861279,0.00,235,9500
861380,0.00,265,8103
861481,0.00,431,3891
861583,0.00,721,1187
861684,0.00,805,767
861786,0.00,822,693
861887,0.00,816,719
861987,0.00,725,1164
862089,0.00,553,2408
862190,0.00,360,5217
862291,0.00,421,4051
862393,0.00,590,2079
862494,0.00,238,9344
862596,0.00,233,9605
862696,0.00,205,11304
862797,0.00,208,11100
862899,0.00,206,11236
863000,0.00,205,11304
863101,0.00,207,11168
863203,0.00,207,11168
863304,0.00,203,11444
863406,0.00,200,11658
863507,0.00,204,11374
863608,0.00,203,11444
863710,0.00,201,11586
863811,0.00,201,11586
863912,0.00,206,11236
864013,0.00,204,11374
864114,0.00,204,11374
864216,0.00,202,11514
864317,0.00,199,11731
864418,0.00,196,11954
864520,0.00,194,12106
864621,0.00,197,11878
864722,0.00,197,11878
864824,0.00,194,12106
864925,0.00,176,13634
865027,0.00,163,14947
865128,0.00,155,15865
865229,0.00,158,15510
865330,0.00,219,10401
865431,0.00,194,12106
865532,0.00,149,16618
865634,0.00,148,16749
865735,0.00,161,15168
865837,0.00,222,10222
865938,0.00,172,14017
866039,0.00,184,12918
866141,0.00,186,12748
866242,0.00,183,13004
866343,0.00,182,13091
866445,0.00,181,13179
866546,0.00,186,12748
866647,0.00,182,13091
866748,0.00,183,13004
866849,0.00,182,13091
866951,0.00,184,12918
867052,0.00,181,13179
867153,0.00,184,12918
867255,0.00,183,13004
867356,0.00,181,13179
867458,0.00,181,13179
867559,0.00,182,13091
867660,0.00,182,13091
867762,0.00,180,13268
867863,0.00,179,13358
867963,0.00,182,13091
868065,0.00,181,13179
868166,0.00,183,13004
868268,0.00,181,13179
868369,0.00,196,11954
868470,0.00,167,14521
868572,0.00,147,16882
868673,0.00,136,18477
868774,0.00,252,8668
868876,0.00,228,9878
868977,0.00,262,8229
869078,0.00,280,7518
869179,0.00,338,5741
869280,0.00,463,3427
869382,0.00,610,1918
869483,0.00,775,907
869584,0.00,833,646
869686,0.00,887,434
869786,0.00,917,327
869888,0.00,936,263
869989,0.00,934,270
870090,0.00,938,257
870192,0.00,930,283
870293,0.00,933,273
870393,0.00,928,290
870495,0.00,934,270
870596,0.00,932,277
870697,0.00,934,270
870799,0.00,932,277
870900,0.00,933,273
871001,0.00,935,267
871102,0.00,934,270
871203,0.00,935,267
871305,0.00,937,260
871406,0.00,936,263
871507,0.00,935,267
871608,0.00,935,267
871709,0.00,933,273
871811,0.00,939,253
871912,0.00,938,257
872013,0.00,923,307
872115,0.00,934,270
872215,0.00,929,287
872316,0.00,930,283
872418,0.00,918,324
872519,0.00,904,373
872621,0.00,926,297
872722,0.00,918,324
872822,0.00,899,391
872924,0.00,859,541
873025,0.00,849,581
873126,0.00,850,577
873228,0.00,874,483
873328,0.00,868,506
873430,0.00,865,517
873531,0.00,844,601
873632,0.00,830,659
873734,0.00,855,557
873835,0.00,864,521
873935,0.00,875,479
874037,0.00,864,521
874138,0.00,842,609
874240,0.00,842,609
874341,0.00,849,581
874442,0.00,810,745
874543,0.00,724,1170
874644,0.00,636,1724
874745,0.00,706,1272
874847,0.00,732,1126
874948,0.00,678,1442
875049,0.00,567,2278
875151,0.00,288,7230
875252,0.00,281,7481
875353,0.00,292,7092
875454,0.00,320,6224
875555,0.00,286,7300
875657,0.00,223,10163
875758,0.00,230,9768
875859,0.00,238,9344
875961,0.00,242,9143
876062,0.00,236,9447
876163,0.00,251,8713
876264,0.00,262,8229
876365,0.00,359,5240
876467,0.00,629,1775
876568,0.00,821,697
876669,0.00,897,398
876771,0.00,923,307
876871,0.00,929,287
876973,0.00,929,287
877074,0.00,933,273
877175,0.00,937,260
877277,0.00,932,277
877378,0.00,934,270
877478,0.00,933,273
877580,0.00,936,263
877681,0.00,934,270
877783,0.00,937,260
877884,0.00,936,263
877985,0.00,939,253
878086,0.00,938,257
878187,0.00,938,257
878288,0.00,937,260
878390,0.00,939,253
878491,0.00,938,257
878593,0.00,937,260
878693,0.00,937,260
878794,0.00,937,260
878896,0.00,937,260
878997,0.00,936,263
879098,0.00,936,263
879199,0.00,937,260
879300,0.00,937,260
879401,0.00,938,257
879503,0.00,938,257
879604,0.00,938,257
879706,0.00,938,257
879806,0.00,936,263
879907,0.00,938,257
880009,0.00,939,253
880110,0.00,940,250
880211,0.00,939,253
880313,0.00,939,253
880413,0.00,939,253
880515,0.00,937,260
880616,0.00,937,260
880717,0.00,937,260
880819,0.00,938,257
880920,0.00,938,257
881020,0.00,935,267
881122,0.00,939,253
881223,0.00,939,253
881325,0.00,937,260
881426,0.00,938,257
881527,0.00,938,257
881628,0.00,940,250
881729,0.00,938,257
881830,0.00,940,250
881932,0.00,937,260
882033,0.00,939,253
882135,0.00,939,253
882235,0.00,937,260
882336,0.00,939,253
882438,0.00,940,250
882539,0.00,934,270
882640,0.00,939,253
882741,0.00,939,253
882842,0.00,940,250
882944,0.00,939,253
883045,0.00,937,260
883146,0.00,938,257
883248,0.00,938,257
883348,0.00,940,250
883449,0.00,939,253
883551,0.00,939,253
883652,0.00,939,253
883753,0.00,939,253
883855,0.00,937,260
883955,0.00,939,253
884057,0.00,939,253
884158,0.00,940,250
884259,0.00,937,260
884361,0.00,939,253
884462,0.00,938,257
884562,0.00,937,260
884664,0.00,939,253
884765,0.00,937,260
884867,0.00,940,250
884968,0.00,939,253
885069,0.00,937,260
885170,0.00,939,253
885271,0.00,938,257
885372,0.00,939,253
885474,0.00,937,260
885575,0.00,938,257
885677,0.00,939,253
885777,0.00,937,260
885878,0.00,940,250
885980,0.00,938,257
886081,0.00,940,250
886182,0.00,936,263
886283,0.00,939,253
886384,0.00,940,250
886486,0.00,938,257
886587,0.00,939,253
886688,0.00,939,253
886790,0.00,936,263
886890,0.00,937,260
886991,0.00,938,257
887093,0.00,939,253
887194,0.00,940,250
887296,0.00,938,257
887397,0.00,939,253
887497,0.00,938,257
887599,0.00,937,260
887700,0.00,939,253
887801,0.00,938,257
# load_kg=1011.00
887903,1011.00,940,250
888004,1011.00,941,247
888105,1011.00,940,250
888207,1011.00,940,250
888308,1011.00,937,260
888410,1011.00,940,250
888511,1011.00,936,263
888612,1011.00,938,257
888714,1011.00,939,253
888815,1011.00,938,257
888916,1011.00,940,250
889018,1011.00,941,247
889119,1011.00,940,250
889221,1011.00,937,260
889322,1011.00,940,250
889423,1011.00,938,257
889525,1011.00,941,247
889626,1011.00,940,250
889728,1011.00,940,250
889829,1011.00,937,260
889930,1011.00,938,257
890032,1011.00,938,257
890133,1011.00,937,260
890234,1011.00,939,253
890336,1011.00,939,253
890437,1011.00,941,247
890539,1011.00,938,257
890640,1011.00,940,250
890741,1011.00,938,257
890843,1011.00,942,244
890944,1011.00,941,247
891045,1011.00,940,250
891147,1011.00,939,253
891248,1011.00,938,257
891350,1011.00,937,260
891451,1011.00,939,253
891552,1011.00,938,257
891654,1011.00,938,257
891755,1011.00,940,250
891856,1011.00,939,253
891958,1011.00,938,257
892059,1011.00,939,253
892161,1011.00,939,253
892262,1011.00,940,250
892363,1011.00,938,257
892465,1011.00,940,250
892566,1011.00,940,250
892667,1011.00,939,253
892769,1011.00,938,257
892870,1011.00,940,250
892972,1011.00,940,250
893073,1011.00,938,257
893174,1011.00,939,253
893276,1011.00,939,253
893377,1011.00,939,253
893478,1011.00,938,257
893580,1011.00,939,253
893681,1011.00,939,253
893783,1011.00,939,253
893884,1011.00,940,250
893985,1011.00,939,253
894087,1011.00,939,253
894188,1011.00,939,253
894289,1011.00,939,253
894391,1011.00,939,253
894492,1011.00,940,250
894594,1011.00,940,250
894695,1011.00,939,253
894796,1011.00,940,250
894898,1011.00,942,244
894999,1011.00,940,250
895100,1011.00,937,260
895202,1011.00,940,250
895303,1011.00,939,253
895405,1011.00,939,253
895506,1011.00,940,250
895607,1011.00,940,250
895709,1011.00,940,250
895810,1011.00,941,247
895911,1011.00,939,253
896013,1011.00,941,247
896114,1011.00,941,247
896216,1011.00,941,247
896317,1011.00,941,247
896418,1011.00,940,250
896520,1011.00,938,257
896621,1011.00,939,253
896722,1011.00,940,250
896824,1011.00,938,257
896925,1011.00,939,253
897027,1011.00,940,250
897128,1011.00,939,253
897229,1011.00,941,247
897331,1011.00,939,253
897432,1011.00,939,253
897533,1011.00,941,247
897635,1011.00,941,247
897736,1011.00,941,247
897838,1011.00,939,253
897939,1011.00,939,253
898039,1011.00,939,253
898141,1011.00,939,253
898242,1011.00,939,253
898343,1011.00,939,253
898445,1011.00,940,250
898546,1011.00,939,253
898648,1011.00,940,250
898749,1011.00,939,253
898850,1011.00,941,247
898952,1011.00,942,244
899053,1011.00,940,250
899154,1011.00,938,257
899256,1011.00,941,247
899357,1011.00,940,250
899459,1011.00,941,247
899560,1011.00,939,253
899661,1011.00,941,247
899763,1011.00,939,253
899864,1011.00,940,250
899965,1011.00,939,253
900067,1011.00,941,247
900168,1011.00,939,253
900270,1011.00,938,257
900371,1011.00,938,257
900472,1011.00,939,253
900574,1011.00,938,257
900675,1011.00,936,263
900776,1011.00,941,247
900878,1011.00,940,250
900979,1011.00,939,253
901081,1011.00,941,247
901182,1011.00,940,250
901283,1011.00,941,247
901385,1011.00,937,260
901486,1011.00,940,250
901587,1011.00,941,247
901689,1011.00,941,247
901790,1011.00,940,250
901892,1011.00,940,250
901993,1011.00,941,247
902094,1011.00,937,260
902196,1011.00,939,253
902297,1011.00,941,247
902398,1011.00,940,250
902500,1011.00,938,257
902601,1011.00,939,253
902703,1011.00,941,247
902804,1011.00,940,250
902905,1011.00,940,250
903007,1011.00,939,253
903108,1011.00,940,250
903209,1011.00,939,253
903311,1011.00,940,250
903412,1011.00,939,253
903514,1011.00,942,244
903615,1011.00,939,253
903716,1011.00,938,257
903818,1011.00,941,247
903919,1011.00,938,257
904020,1011.00,941,247
904122,1011.00,942,244
904223,1011.00,940,250
904325,1011.00,939,253
904426,1011.00,941,247
904527,1011.00,939,253
904629,1011.00,940,250
904730,1011.00,940,250
904832,1011.00,941,247
904933,1011.00,941,247
905034,1011.00,941,247
905136,1011.00,941,247
905237,1011.00,939,253
905338,1011.00,939,253
905440,1011.00,939,253
905541,1011.00,938,257
905643,1011.00,939,253
905744,1011.00,937,260
905845,1011.00,939,253
905947,1011.00,941,247
906048,1011.00,941,247
906149,1011.00,940,250
906251,1011.00,939,253
906352,1011.00,939,253
906454,1011.00,942,244
906555,1011.00,939,253
906656,1011.00,939,253
906757,1011.00,938,257
906858,1011.00,939,253
906959,1011.00,940,250
907061,1011.00,940,250
907162,1011.00,940,250
907264,1011.00,939,253
907365,1011.00,940,250
907466,1011.00,942,244
907568,1011.00,939,253
907669,1011.00,939,253
907770,1011.00,938,257
907872,1011.00,939,253
907973,1011.00,939,253
908075,1011.00,940,250
908176,1011.00,939,253
908277,1011.00,939,253
908379,1011.00,939,253
908480,1011.00,941,247
908581,1011.00,940,250
908683,1011.00,941,247
908784,1011.00,939,253
908886,1011.00,939,253
908987,1011.00,939,253
909088,1011.00,941,247
909190,1011.00,940,250
909291,1011.00,939,253
909392,1011.00,939,253
909494,1011.00,941,247
909595,1011.00,939,253
909697,1011.00,940,250
909798,1011.00,941,247
909899,1011.00,939,253
910001,1011.00,941,247
910102,1011.00,942,244
910203,1011.00,941,247
910305,1011.00,942,244
910406,1011.00,941,247
910508,1011.00,939,253
910609,1011.00,939,253
910710,1011.00,941,247
910812,1011.00,941,247
910913,1011.00,940,250
911014,1011.00,942,244
911116,1011.00,941,247
911217,1011.00,941,247
911319,1011.00,938,257
911420,1011.00,940,250
911521,1011.00,940,250
911623,1011.00,938,257
911724,1011.00,941,247
911825,1011.00,941,247
911927,1011.00,938,257
912028,1011.00,940,250
912130,1011.00,940,250
912231,1011.00,941,247
912332,1011.00,939,253
912434,1011.00,941,247
912535,1011.00,942,244
912636,1011.00,941,247
912738,1011.00,936,263
912839,1011.00,941,247
912941,1011.00,939,253
913042,1011.00,940,250
913143,1011.00,940,250
913245,1011.00,939,253
913346,1011.00,940,250
913447,1011.00,941,247
913549,1011.00,939,253
913650,1011.00,942,244
913752,1011.00,939,253
913853,1011.00,939,253
913954,1011.00,941,247
914056,1011.00,941,247
914157,1011.00,941,247
914258,1011.00,939,253
914360,1011.00,940,250
914461,1011.00,941,247
914563,1011.00,941,247
914664,1011.00,941,247
914765,1011.00,939,253
914867,1011.00,939,253
914968,1011.00,939,253
915069,1011.00,940,250
915171,1011.00,939,253
915272,1011.00,939,253
915374,1011.00,940,250
915475,1011.00,939,253
915576,1011.00,941,247
915678,1011.00,941,247
915779,1011.00,941,247
915880,1011.00,938,257
915982,1011.00,938,257
916083,1011.00,940,250
916185,1011.00,938,257
916285,1011.00,941,247
916386,1011.00,942,244
916488,1011.00,942,244
916589,1011.00,939,253
916690,1011.00,939,253
916792,1011.00,940,250
916893,1011.00,939,253
916995,1011.00,941,247
917096,1011.00,941,247
917197,1011.00,939,253
917299,1011.00,942,244
917400,1011.00,941,247
917501,1011.00,941,247
917603,1011.00,939,253
917704,1011.00,942,244
917806,1011.00,939,253
917907,1011.00,940,250
918008,1011.00,939,253
918110,1011.00,941,247
918211,1011.00,941,247
918312,1011.00,941,247
918414,1011.00,940,250
918515,1011.00,939,253
918617,1011.00,942,244
918718,1011.00,942,244
918819,1011.00,942,244
918921,1011.00,939,253
919022,1011.00,940,250
919123,1011.00,942,244
919225,1011.00,941,247
919326,1011.00,940,250
919428,1011.00,940,250
919529,1011.00,941,247
919630,1011.00,940,250
919732,1011.00,939,253
919833,1011.00,940,250
919934,1011.00,937,260
920036,1011.00,941,247
920137,1011.00,941,247
920239,1011.00,941,247
920340,1011.00,939,253
920441,1011.00,941,247
920543,1011.00,940,250
920644,1011.00,939,253
920745,1011.00,939,253
920847,1011.00,939,253
920948,1011.00,941,247
921050,1011.00,942,244
921151,1011.00,941,247
921252,1011.00,941,247
921354,1011.00,941,247
921455,1011.00,941,247
921556,1011.00,939,253
921658,1011.00,941,247
921759,1011.00,939,253
921861,1011.00,940,250
921962,1011.00,940,250
922063,1011.00,940,250
922165,1011.00,941,247
922266,1011.00,940,250
922368,1011.00,939,253
922469,1011.00,941,247
922570,1011.00,942,244
922672,1011.00,939,253
922773,1011.00,941,247
922874,1011.00,940,250
922976,1011.00,941,247
923077,1011.00,937,260
923179,1011.00,939,253
923280,1011.00,942,244
923381,1011.00,940,250
923483,1011.00,940,250
923584,1011.00,941,247
923685,1011.00,943,240
923787,1011.00,940,250
923888,1011.00,939,253
923990,1011.00,940,250
924091,1011.00,939,253
# load_kg=0.00
924192,0.00,941,247
924294,0.00,940,250
924395,0.00,941,247
924496,0.00,942,244
924598,0.00,942,244
924698,0.00,941,247
924800,0.00,939,253
924901,0.00,940,250
925002,0.00,941,247
925104,0.00,942,244
925204,0.00,942,244
925305,0.00,939,253
925407,0.00,941,247
925508,0.00,941,247
925609,0.00,940,250
925711,0.00,939,253
925811,0.00,939,253
925913,0.00,939,253
926014,0.00,941,247
926115,0.00,942,244
926217,0.00,940,250
926318,0.00,939,253
926418,0.00,943,240
926520,0.00,938,257
926621,0.00,941,247
926723,0.00,941,247
926824,0.00,941,247
926925,0.00,940,250
927026,0.00,940,250
927127,0.00,940,250
927228,0.00,939,253
927330,0.00,939,253
927431,0.00,941,247
927533,0.00,940,250
927633,0.00,928,290
927734,0.00,926,297
927836,0.00,318,6281
927937,0.00,363,5151
928038,0.00,365,5107
928140,0.00,352,5400
928241,0.00,351,5424
928342,0.00,353,5377
928443,0.00,347,5519
928544,0.00,347,5519
928646,0.00,345,5567
928747,0.00,352,5400
928848,0.00,341,5666
928950,0.00,340,5691
929051,0.00,341,5666
929152,0.00,359,5240
929253,0.00,312,6456
929354,0.00,287,7265
929456,0.00,301,6795
929557,0.00,304,6700
929658,0.00,302,6764
929760,0.00,301,6795
929861,0.00,300,6828
929961,0.00,300,6828
930063,0.00,301,6795
930164,0.00,303,6732
930266,0.00,313,6426
930367,0.00,314,6397
930468,0.00,312,6456
930570,0.00,310,6516
930671,0.00,299,6860
930771,0.00,223,10163
930873,0.00,272,7822
930974,0.00,289,7195
931076,0.00,289,7195
931177,0.00,290,7161
931278,0.00,289,7195
931380,0.00,282,7444
931481,0.00,284,7372
931581,0.00,280,7518
931683,0.00,277,7630
931784,0.00,272,7822
931886,0.00,261,8271
931987,0.00,245,8996
932088,0.00,246,8948
932190,0.00,246,8948
932291,0.00,247,8900
932391,0.00,248,8853
932493,0.00,244,9045
932594,0.00,245,8996
932696,0.00,244,9045
932797,0.00,243,9094
932898,0.00,244,9045
933000,0.00,244,9045
933101,0.00,245,8996
933201,0.00,243,9094
933303,0.00,244,9045
933404,0.00,244,9045
933506,0.00,245,8996
933607,0.00,246,8948
933708,0.00,245,8996
933810,0.00,245,8996
933910,0.00,242,9143
934011,0.00,240,9243
934113,0.00,243,9094
934214,0.00,245,8996
934316,0.00,245,8996
934417,0.00,245,8996
934518,0.00,243,9094
934620,0.00,245,8996
934720,0.00,246,8948
934821,0.00,246,8948
934923,0.00,241,9193
935024,0.00,245,8996
935126,0.00,245,8996
935227,0.00,246,8948
935328,0.00,248,8853
935430,0.00,247,8900
935530,0.00,248,8853
935631,0.00,249,8806
935733,0.00,250,8760
935834,0.00,250,8760
935936,0.00,251,8713
936037,0.00,250,8760
936138,0.00,253,8622
936239,0.00,248,8853
936340,0.00,250,8760
936441,0.00,251,8713
936543,0.00,251,8713
936644,0.00,254,8577
936745,0.00,256,8488
936847,0.00,258,8400
936948,0.00,256,8488
937049,0.00,257,8444
937150,0.00,255,8532
937251,0.00,256,8488
937353,0.00,256,8488
937454,0.00,258,8400
937555,0.00,257,8444
937657,0.00,255,8532
937758,0.00,250,8760
937859,0.00,249,8806
937960,0.00,247,8900
938061,0.00,248,8853
938163,0.00,249,8806
938264,0.00,248,8853
938365,0.00,251,8713
938467,0.00,249,8806
938568,0.00,253,8622
938669,0.00,252,8668
938770,0.00,255,8532
938871,0.00,254,8577
938973,0.00,257,8444
939074,0.00,262,8229
939175,0.00,262,8229
939277,0.00,254,8577
939377,0.00,256,8488
939479,0.00,266,8062
939580,0.00,262,8229
939681,0.00,262,8229
939783,0.00,262,8229
939884,0.00,264,8145
939985,0.00,263,8187
940087,0.00,260,8314
940187,0.00,265,8103
940289,0.00,263,8187
940390,0.00,262,8229
940491,0.00,340,5691
940593,0.00,387,4656
940694,0.00,626,1797
940795,0.00,727,1153
940897,0.00,797,803
940997,0.00,851,573
941099,0.00,883,449
941200,0.00,892,416
941301,0.00,898,394
941403,0.00,894,409
941504,0.00,885,442
941604,0.00,903,376
941706,0.00,910,352
941807,0.00,902,380
941908,0.00,901,384
942010,0.00,887,434
942111,0.00,903,376
942212,0.00,925,300
942313,0.00,931,280
942414,0.00,939,253
942516,0.00,929,287
942617,0.00,922,310
942718,0.00,921,314
942819,0.00,914,338
942920,0.00,887,434
943022,0.00,872,491
943123,0.00,832,650
943224,0.00,736,1105
943326,0.00,805,767
943426,0.00,807,758
943527,0.00,790,836
943629,0.00,790,836
943730,0.00,800,790
943832,0.00,797,803
943933,0.00,792,826
944033,0.00,801,785
944135,0.00,814,727
944236,0.00,815,723
944337,0.00,882,453
944439,0.00,894,409
944540,0.00,906,366
944641,0.00,899,391
944742,0.00,878,468
944843,0.00,783,868
944945,0.00,622,1826
945046,0.00,440,3754
945147,0.00,284,7372
945248,0.00,301,6795
945349,0.00,282,7444
945451,0.00,264,8145
945552,0.00,262,8229
945653,0.00,271,7861
945755,0.00,276,7668
945856,0.00,270,7901
945957,0.00,251,8713
946058,0.00,253,8622
946159,0.00,251,8713
946260,0.00,242,9143
946362,0.00,234,9552
946463,0.00,235,9500
946565,0.00,240,9243
946666,0.00,246,8948
946767,0.00,247,8900
946868,0.00,266,8062
946969,0.00,556,2380
947070,0.00,642,1681
947172,0.00,839,621
947273,0.00,879,464
947375,0.00,923,307
947476,0.00,934,270
947576,0.00,941,247
947678,0.00,939,253
947779,0.00,941,247
947880,0.00,939,253
947982,0.00,939,253
948083,0.00,941,247
948184,0.00,939,253
948285,0.00,942,244
948386,0.00,940,250
948488,0.00,940,250
948589,0.00,942,244
948689,0.00,944,237
948791,0.00,942,244
948892,0.00,943,240
948994,0.00,942,244
949095,0.00,940,250
949196,0.00,943,240
949297,0.00,942,244
949398,0.00,939,253
949499,0.00,941,247
949601,0.00,942,244
949702,0.00,940,250
949804,0.00,941,247
949904,0.00,942,244
950005,0.00,941,247
950107,0.00,942,244
950208,0.00,940,250
950309,0.00,941,247
950411,0.00,943,240
950511,0.00,940,250
950612,0.00,942,244
950714,0.00,941,247
950815,0.00,943,240
950917,0.00,943,240
951018,0.00,941,247
951118,0.00,942,244
951220,0.00,941,247
951321,0.00,943,240
951422,0.00,942,244
951524,0.00,942,244
951625,0.00,944,237
951726,0.00,943,240
951827,0.00,942,244
951928,0.00,940,250
952030,0.00,943,240
952131,0.00,943,240
952231,0.00,943,240
952333,0.00,944,237
952434,0.00,941,247
952536,0.00,942,244
952637,0.00,943,240
952738,0.00,941,247
952839,0.00,942,244
952940,0.00,942,244
953041,0.00,944,237
953143,0.00,944,237
953244,0.00,944,237
953346,0.00,944,237
953446,0.00,943,240
953547,0.00,942,244
953649,0.00,944,237
953750,0.00,944,237
953851,0.00,943,240
953953,0.00,943,240
954053,0.00,942,244
954155,0.00,941,247
954256,0.00,943,240
954357,0.00,942,244
954459,0.00,939,253
954560,0.00,943,240
954660,0.00,943,240
954762,0.00,943,240
954863,0.00,944,237
954964,0.00,943,240
955066,0.00,941,247
955166,0.00,943,240
955268,0.00,945,234
955369,0.00,942,244
955470,0.00,944,237
955572,0.00,942,244
955673,0.00,944,237
955773,0.00,942,244
955875,0.00,943,240
955976,0.00,944,237
956078,0.00,943,240
956179,0.00,945,234
956280,0.00,944,237
956381,0.00,938,257
956482,0.00,943,240
956583,0.00,943,240
956685,0.00,941,247
956786,0.00,941,247
956888,0.00,943,240
956988,0.00,941,247
957089,0.00,943,240
957191,0.00,941,247
957292,0.00,943,240
957393,0.00,944,237
957495,0.00,942,244
957595,0.00,944,237
957697,0.00,942,244
957798,0.00,942,244
957899,0.00,941,247
958001,0.00,941,247
958102,0.00,944,237
958202,0.00,945,234
958304,0.00,943,240
958405,0.00,944,237
958507,0.00,942,244
958608,0.00,943,240
958709,0.00,943,240
958810,0.00,945,234
958911,0.00,944,237
# load_kg=1235.00
959013,1235.00,944,237
959115,1235.00,944,237
959216,1235.00,944,237
959318,1235.00,943,240
959419,1235.00,943,240
959520,1235.00,943,240
959622,1235.00,945,234
959723,1235.00,943,240
959824,1235.00,943,240
959926,1235.00,942,244
960027,1235.00,942,244
960129,1235.00,942,244
960230,1235.00,939,253
960331,1235.00,945,234
960433,1235.00,945,234
960534,1235.00,943,240
960635,1235.00,943,240
960737,1235.00,945,234
960838,1235.00,941,247
960940,1235.00,941,247
961041,1235.00,942,244
961142,1235.00,943,240
961244,1235.00,944,237
961345,1235.00,942,244
961446,1235.00,942,244
961548,1235.00,944,237
961649,1235.00,943,240
961751,1235.00,944,237
961852,1235.00,945,234
961952,1235.00,943,240
962054,1235.00,943,240
962155,1235.00,944,237
962256,1235.00,943,240
962358,1235.00,942,244
962459,1235.00,945,234
962561,1235.00,941,247
962662,1235.00,944,237
962763,1235.00,943,240
962865,1235.00,944,237
962966,1235.00,942,244
963067,1235.00,942,244
963169,1235.00,943,240
963270,1235.00,942,244
963372,1235.00,944,237
963473,1235.00,943,240
963574,1235.00,944,237
963676,1235.00,944,237
963777,1235.00,942,244
963878,1235.00,941,247
963980,1235.00,942,244
964081,1235.00,945,234
964183,1235.00,942,244
964284,1235.00,945,234
964385,1235.00,944,237
964487,1235.00,943,240
964588,1235.00,943,240
964689,1235.00,942,244
964791,1235.00,943,240
964892,1235.00,943,240
964994,1235.00,942,244
965095,1235.00,942,244
965196,1235.00,943,240
965298,1235.00,944,237
965399,1235.00,945,234
965500,1235.00,943,240
965602,1235.00,944,237
965703,1235.00,944,237
965805,1235.00,942,244
965906,1235.00,942,244
966007,1235.00,944,237
966109,1235.00,943,240
966210,1235.00,943,240
966311,1235.00,946,231
966413,1235.00,943,240
966514,1235.00,941,247
966616,1235.00,942,244
966717,1235.00,945,234
966818,1235.00,941,247
966920,1235.00,943,240
967021,1235.00,942,244
967122,1235.00,943,240
967224,1235.00,941,247
967325,1235.00,942,244
967427,1235.00,945,234
967528,1235.00,943,240
967629,1235.00,941,247
967731,1235.00,943,240
967832,1235.00,943,240
967933,1235.00,943,240
968035,1235.00,942,244
968136,1235.00,944,237
968238,1235.00,943,240
968339,1235.00,941,247
968440,1235.00,945,234
968542,1235.00,942,244
968643,1235.00,944,237
968744,1235.00,943,240
968846,1235.00,944,237
968947,1235.00,944,237
969049,1235.00,944,237
969150,1235.00,945,234
969251,1235.00,946,231
969353,1235.00,944,237
969454,1235.00,942,244
969555,1235.00,945,234
969657,1235.00,942,244
969758,1235.00,942,244
969860,1235.00,944,237
969961,1235.00,945,234
970062,1235.00,943,240
970164,1235.00,944,237
970265,1235.00,944,237
970366,1235.00,942,244
970468,1235.00,943,240
970569,1235.00,944,237
970671,1235.00,943,240
970772,1235.00,944,237
970873,1235.00,944,237
970975,1235.00,945,234
971076,1235.00,945,234
971177,1235.00,943,240
971279,1235.00,943,240
971380,1235.00,942,244
971481,1235.00,944,237
971582,1235.00,943,240
971683,1235.00,943,240
971785,1235.00,943,240
971886,1235.00,945,234
971987,1235.00,944,237
972089,1235.00,941,247
972190,1235.00,943,240
972292,1235.00,946,231
972393,1235.00,942,244
972494,1235.00,944,237
972596,1235.00,942,244
972697,1235.00,943,240
972798,1235.00,943,240
972900,1235.00,944,237
973001,1235.00,943,240
973103,1235.00,945,234
973204,1235.00,945,234
973305,1235.00,943,240
973407,1235.00,942,244
973508,1235.00,942,244
973609,1235.00,944,237
973711,1235.00,944,237
973812,1235.00,943,240
973914,1235.00,943,240
974015,1235.00,944,237
974116,1235.00,943,240
974218,1235.00,944,237
974319,1235.00,943,240
974420,1235.00,944,237
974522,1235.00,942,244
974623,1235.00,942,244
974725,1235.00,946,231
974826,1235.00,943,240
974927,1235.00,940,250
975029,1235.00,944,237
975130,1235.00,943,240
975232,1235.00,944,237
975333,1235.00,944,237
975434,1235.00,943,240
975536,1235.00,944,237
975637,1235.00,943,240
975738,1235.00,943,240
975840,1235.00,942,244
975941,1235.00,942,244
976043,1235.00,944,237
976144,1235.00,943,240
976245,1235.00,943,240
976347,1235.00,944,237
976448,1235.00,941,247
976549,1235.00,944,237
976651,1235.00,944,237
976752,1235.00,944,237
976854,1235.00,943,240
976955,1235.00,943,240
977056,1235.00,942,244
977158,1235.00,943,240
977259,1235.00,944,237
977360,1235.00,944,237
977462,1235.00,944,237
977563,1235.00,943,240
977665,1235.00,944,237
977766,1235.00,944,237
977867,1235.00,943,240
977969,1235.00,942,244
978070,1235.00,943,240
978171,1235.00,943,240
978273,1235.00,942,244
978374,1235.00,945,234
978476,1235.00,942,244
978577,1235.00,944,237
978678,1235.00,943,240
978780,1235.00,944,237
978881,1235.00,943,240
978982,1235.00,944,237
979084,1235.00,944,237
979185,1235.00,942,244
979287,1235.00,943,240
979388,1235.00,944,237
979489,1235.00,942,244
979591,1235.00,943,240
979692,1235.00,945,234
979793,1235.00,944,237
979895,1235.00,941,247
979996,1235.00,943,240
980098,1235.00,945,234
980199,1235.00,943,240
980300,1235.00,943,240
980402,1235.00,944,237
980503,1235.00,945,234
980604,1235.00,943,240
980706,1235.00,943,240
980807,1235.00,945,234
980909,1235.00,944,237
981009,1235.00,945,234
981110,1235.00,944,237
981212,1235.00,943,240
981313,1235.00,945,234
981414,1235.00,946,231
981516,1235.00,942,244
# load_kg=0.00
981618,0.00,944,237
981720,0.00,944,237
981821,0.00,943,240
981921,0.00,943,240
982023,0.00,944,237
982124,0.00,943,240
982225,0.00,943,240
982327,0.00,943,240
982428,0.00,944,237
982529,0.00,944,237
982630,0.00,944,237
982731,0.00,944,237
982833,0.00,945,234
982934,0.00,942,244
983035,0.00,942,244
983136,0.00,943,240
983237,0.00,946,231
983339,0.00,940,250
983440,0.00,945,234
983541,0.00,943,240
983643,0.00,944,237
983743,0.00,943,240
983844,0.00,942,244
983946,0.00,944,237
984047,0.00,944,237
984148,0.00,945,234
984250,0.00,945,234
984350,0.00,943,240
984452,0.00,942,244
984553,0.00,945,234
984654,0.00,942,244
984756,0.00,944,237
984856,0.00,944,237
984957,0.00,944,237
985059,0.00,945,234
985160,0.00,942,244
985262,0.00,943,240
985363,0.00,944,237
985463,0.00,941,247
985565,0.00,944,237
985666,0.00,944,237
985767,0.00,942,244
985869,0.00,944,237
985970,0.00,945,234
986071,0.00,942,244
986172,0.00,943,240
986273,0.00,943,240
986375,0.00,944,237
986476,0.00,944,237
986577,0.00,946,231
986678,0.00,944,237
986779,0.00,943,240
986881,0.00,944,237
986982,0.00,944,237
987083,0.00,943,240
987185,0.00,942,244
987285,0.00,944,237
987386,0.00,943,240
987488,0.00,943,240
987589,0.00,942,244
987691,0.00,942,244
987791,0.00,943,240
987892,0.00,943,240
987994,0.00,943,240
988095,0.00,944,237
988196,0.00,944,237
988298,0.00,944,237
988398,0.00,941,247
988499,0.00,943,240
988601,0.00,945,234
988702,0.00,945,234
988804,0.00,942,244
988905,0.00,946,231
989005,0.00,943,240
989107,0.00,945,234
989208,0.00,943,240
989309,0.00,944,237
989411,0.00,943,240
989512,0.00,944,237
989613,0.00,942,244
989714,0.00,944,237
989815,0.00,945,234
989917,0.00,942,244
990018,0.00,945,234
990119,0.00,943,240
990220,0.00,944,237
990321,0.00,943,240
990423,0.00,945,234
990524,0.00,944,237
990625,0.00,943,240
990727,0.00,944,237
990827,0.00,944,237
990928,0.00,944,237
991030,0.00,946,231
991131,0.00,943,240
991233,0.00,943,240
991333,0.00,945,234
991434,0.00,944,237
991536,0.00,944,237
991637,0.00,950,218
991738,0.00,944,237
991840,0.00,947,227
991940,0.00,944,237
992041,0.00,952,211
992143,0.00,949,221
992244,0.00,953,208
992346,0.00,950,218
992447,0.00,953,208
992547,0.00,954,205
992649,0.00,949,221
992750,0.00,949,221
992851,0.00,938,257
992953,0.00,935,267
993054,0.00,945,234
993155,0.00,944,237
993256,0.00,949,221
993357,0.00,953,208
993459,0.00,952,211
993560,0.00,950,218
993661,0.00,951,214
993762,0.00,954,205
993863,0.00,955,202
993965,0.00,952,211
994066,0.00,952,211
994167,0.00,953,208
994269,0.00,947,227
994369,0.00,949,221
994470,0.00,941,247
994572,0.00,948,224
994673,0.00,943,240
994775,0.00,946,231
994875,0.00,943,240
994976,0.00,948,224
995078,0.00,943,240
995179,0.00,946,231
995280,0.00,944,237
995382,0.00,945,234
995482,0.00,945,234
995584,0.00,944,237
995685,0.00,946,231
995786,0.00,944,237
995888,0.00,944,237
995989,0.00,945,234
996089,0.00,943,240
996191,0.00,946,231
996292,0.00,945,234
996393,0.00,943,240
996495,0.00,946,231
996596,0.00,945,234
996697,0.00,945,234
996798,0.00,946,231
996899,0.00,945,234
997001,0.00,946,231
997102,0.00,946,231
997203,0.00,947,227
997304,0.00,946,231
997405,0.00,942,244
997507,0.00,947,227
997608,0.00,943,240
997709,0.00,944,237
997811,0.00,945,234
997911,0.00,946,231
998012,0.00,944,237
998114,0.00,944,237
998215,0.00,945,234
998317,0.00,943,240
998417,0.00,945,234
998518,0.00,946,231
998620,0.00,946,231
998721,0.00,946,231
998822,0.00,944,237
998924,0.00,945,234
999024,0.00,946,231
999126,0.00,946,231
999227,0.00,948,224
999328,0.00,945,234
999430,0.00,944,237
999531,0.00,942,244
999631,0.00,945,234
999733,0.00,945,234
999834,0.00,945,234
999936,0.00,946,231
1000037,0.00,946,231
1000138,0.00,945,234
1000239,0.00,944,237
1000340,0.00,946,231
1000441,0.00,944,237
1000543,0.00,944,237
1000644,0.00,947,227
1000745,0.00,944,237
1000847,0.00,946,231
1000948,0.00,945,234
1001049,0.00,945,234
1001150,0.00,943,240
1001251,0.00,946,231
1001353,0.00,945,234
1001454,0.00,945,234
1001555,0.00,945,234
1001657,0.00,945,234
1001757,0.00,946,231
1001859,0.00,944,237
1001960,0.00,945,234
1002061,0.00,945,234
1002163,0.00,943,240
1002264,0.00,946,231
1002365,0.00,944,237
1002467,0.00,946,231
1002567,0.00,946,231
1002669,0.00,943,240
1002770,0.00,943,240
1002871,0.00,943,240
1002973,0.00,946,231
1003074,0.00,943,240
1003175,0.00,946,231
1003277,0.00,945,234
1003377,0.00,945,234
1003479,0.00,945,234
1003580,0.00,946,231
1003681,0.00,946,231
# load_kg=1634.00
1003784,1634.00,946,231
1003885,1634.00,944,237
1003986,1634.00,946,231
1004088,1634.00,943,240
1004189,1634.00,944,237
1004291,1634.00,943,240
1004392,1634.00,945,234
1004493,1634.00,943,240
1004595,1634.00,945,234
1004696,1634.00,945,234
1004797,1634.00,945,234
1004899,1634.00,944,237
1005000,1634.00,943,240
1005102,1634.00,944,237
1005203,1634.00,945,234
1005304,1634.00,944,237
1005406,1634.00,944,237
1005507,1634.00,944,237
1005608,1634.00,946,231
1005710,1634.00,945,234
1005811,1634.00,943,240
1005913,1634.00,945,234
1006014,1634.00,943,240
1006115,1634.00,945,234
1006217,1634.00,945,234
1006318,1634.00,943,240
1006419,1634.00,945,234
1006521,1634.00,945,234
1006623,1634.00,945,234
1006725,1634.00,945,234
1006826,1634.00,945,234
1006927,1634.00,946,231
1007029,1634.00,945,234
1007130,1634.00,941,247
1007232,1634.00,946,231
1007333,1634.00,946,231
1007434,1634.00,945,234
1007536,1634.00,945,234
1007637,1634.00,945,234
1007738,1634.00,939,253
1007840,1634.00,946,231
1007941,1634.00,946,231
1008043,1634.00,945,234
1008144,1634.00,943,240
1008245,1634.00,944,237
1008347,1634.00,942,244
1008448,1634.00,943,240
1008549,1634.00,943,240
1008651,1634.00,944,237
1008752,1634.00,943,240
1008854,1634.00,945,234
1008955,1634.00,944,237
1009056,1634.00,945,234
1009158,1634.00,945,234
1009259,1634.00,945,234
1009360,1634.00,946,231
1009462,1634.00,946,231
1009563,1634.00,945,234
1009666,1634.00,946,231
1009767,1634.00,946,231
1009868,1634.00,947,227
1009970,1634.00,944,237
1010071,1634.00,944,237
1010172,1634.00,945,234
1010274,1634.00,943,240
1010375,1634.00,943,240
1010477,1634.00,946,231
1010578,1634.00,945,234
1010679,1634.00,943,240
1010781,1634.00,944,237
1010882,1634.00,945,234
1010983,1634.00,944,237
1011085,1634.00,944,237
1011186,1634.00,943,240
1011288,1634.00,945,234
1011389,1634.00,944,237
1011490,1634.00,943,240
1011592,1634.00,944,237
1011693,1634.00,944,237
1011794,1634.00,941,247
1011896,1634.00,944,237
1011997,1634.00,943,240
1012099,1634.00,946,231
1012200,1634.00,944,237
1012301,1634.00,945,234
1012403,1634.00,944,237
1012504,1634.00,946,231
1012605,1634.00,944,237
1012707,1634.00,947,227
1012808,1634.00,945,234
1012911,1634.00,945,234
1013012,1634.00,946,231
1013113,1634.00,944,237
1013215,1634.00,943,240
1013316,1634.00,944,237
1013417,1634.00,943,240
1013519,1634.00,946,231
1013620,1634.00,945,234
1013722,1634.00,944,237
1013823,1634.00,946,231
1013924,1634.00,947,227
1014026,1634.00,945,234
1014127,1634.00,945,234
1014228,1634.00,946,231
1014330,1634.00,944,237
1014431,1634.00,943,240
1014533,1634.00,946,231
1014634,1634.00,945,234
1014735,1634.00,944,237
1014837,1634.00,945,234
1014938,1634.00,945,234
1015040,1634.00,944,237
1015141,1634.00,944,237
1015242,1634.00,946,231
1015344,1634.00,944,237
1015445,1634.00,944,237
1015546,1634.00,943,240
1015648,1634.00,945,234
1015749,1634.00,946,231
1015851,1634.00,944,237
1015953,1634.00,944,237
1016054,1634.00,943,240
1016156,1634.00,944,237
1016257,1634.00,945,234
1016358,1634.00,946,231
1016460,1634.00,944,237
1016561,1634.00,943,240
1016663,1634.00,943,240
1016764,1634.00,945,234
1016865,1634.00,946,231
1016967,1634.00,945,234
1017068,1634.00,945,234
1017169,1634.00,944,237
1017271,1634.00,944,237
1017372,1634.00,944,237
1017474,1634.00,944,237
1017575,1634.00,943,240
1017676,1634.00,944,237
1017778,1634.00,946,231
1017879,1634.00,945,234
1017980,1634.00,944,237
1018082,1634.00,946,231
1018183,1634.00,946,231
1018285,1634.00,943,240
1018386,1634.00,944,237
1018487,1634.00,943,240
1018589,1634.00,944,237
1018690,1634.00,946,231
1018791,1634.00,945,234
1018893,1634.00,946,231
1018994,1634.00,945,234
1019097,1634.00,946,231
1019198,1634.00,946,231
1019299,1634.00,945,234
1019401,1634.00,945,234
1019502,1634.00,946,231
1019603,1634.00,946,231
1019705,1634.00,943,240
1019806,1634.00,945,234
1019908,1634.00,945,234
1020009,1634.00,943,240
1020110,1634.00,946,231
1020212,1634.00,944,237
1020313,1634.00,945,234
1020414,1634.00,946,231
1020516,1634.00,945,234
1020617,1634.00,944,237
1020719,1634.00,946,231
1020820,1634.00,944,237
1020921,1634.00,944,237
1021023,1634.00,945,234
1021124,1634.00,945,234
1021225,1634.00,946,231
1021327,1634.00,945,234
1021428,1634.00,945,234
1021530,1634.00,945,234
1021631,1634.00,944,237
1021732,1634.00,943,240
1021834,1634.00,945,234
1021935,1634.00,944,237
1022036,1634.00,945,234
1022139,1634.00,944,237
1022240,1634.00,945,234
1022342,1634.00,945,234
1022443,1634.00,945,234
1022544,1634.00,944,237
1022646,1634.00,944,237
1022747,1634.00,943,240
1022849,1634.00,946,231
1022950,1634.00,946,231
1023051,1634.00,945,234
1023153,1634.00,944,237
1023254,1634.00,945,234
1023355,1634.00,945,234
1023457,1634.00,943,240
1023558,1634.00,944,237
1023660,1634.00,945,234
1023761,1634.00,942,244
1023862,1634.00,944,237
1023964,1634.00,943,240
1024065,1634.00,946,231
1024166,1634.00,943,240
1024268,1634.00,945,234
1024369,1634.00,944,237
1024471,1634.00,945,234
1024572,1634.00,946,231
1024673,1634.00,945,234
1024775,1634.00,942,244
1024876,1634.00,945,234
1024977,1634.00,941,247
1025079,1634.00,945,234
1025181,1634.00,941,247
1025283,1634.00,944,237
1025384,1634.00,946,231
1025485,1634.00,944,237
1025587,1634.00,943,240
1025688,1634.00,944,237
1025789,1634.00,943,240
1025891,1634.00,944,237
1025992,1634.00,945,234
1026094,1634.00,946,231
1026195,1634.00,945,234
1026296,1634.00,945,234
1026398,1634.00,943,240
1026499,1634.00,945,234
1026600,1634.00,943,240
1026702,1634.00,946,231
1026803,1634.00,943,240
1026905,1634.00,946,231
1027006,1634.00,945,234
1027107,1634.00,944,237
1027209,1634.00,944,237
1027310,1634.00,946,231
1027411,1634.00,944,237
1027513,1634.00,946,231
1027614,1634.00,945,234
1027716,1634.00,945,234
1027817,1634.00,945,234
1027918,1634.00,945,234
1028020,1634.00,946,231
1028121,1634.00,943,240
1028222,1634.00,945,234
1028325,1634.00,945,234
1028426,1634.00,943,240
1028528,1634.00,942,244
1028629,1634.00,944,237
1028730,1634.00,945,234
1028832,1634.00,943,240
1028933,1634.00,943,240
1029035,1634.00,944,237
1029136,1634.00,943,240
1029237,1634.00,944,237
1029339,1634.00,945,234
1029440,1634.00,945,234
1029541,1634.00,944,237
1029643,1634.00,943,240
1029744,1634.00,944,237
1029846,1634.00,946,231
1029947,1634.00,945,234
1030048,1634.00,943,240
1030150,1634.00,943,240
1030251,1634.00,945,234
1030352,1634.00,944,237
1030454,1634.00,945,234
1030555,1634.00,944,237
1030657,1634.00,943,240
1030758,1634.00,944,237
1030859,1634.00,945,234
1030961,1634.00,944,237
1031062,1634.00,945,234
1031163,1634.00,945,234
1031265,1634.00,943,240
1031367,1634.00,944,237
1031469,1634.00,945,234
1031570,1634.00,946,231
1031671,1634.00,943,240
1031773,1634.00,943,240
1031874,1634.00,946,231
1031975,1634.00,943,240
1032077,1634.00,944,237
1032178,1634.00,946,231
1032280,1634.00,943,240
1032381,1634.00,945,234
1032482,1634.00,945,234
1032584,1634.00,943,240
1032685,1634.00,943,240
1032786,1634.00,944,237
1032888,1634.00,943,240
1032989,1634.00,945,234
1033091,1634.00,945,234
1033192,1634.00,945,234
1033293,1634.00,945,234
1033395,1634.00,946,231
1033496,1634.00,945,234
1033597,1634.00,943,240
1033699,1634.00,945,234
1033800,1634.00,945,234
1033902,1634.00,945,234
1034003,1634.00,944,237
1034104,1634.00,946,231
1034206,1634.00,945,234
1034307,1634.00,943,240
1034409,1634.00,945,234
1034511,1634.00,945,234
1034612,1634.00,946,231
1034714,1634.00,944,237
1034815,1634.00,943,240
1034916,1634.00,946,231
1035018,1634.00,945,234
1035119,1634.00,945,234
1035220,1634.00,945,234
1035322,1634.00,943,240
1035423,1634.00,945,234
1035525,1634.00,946,231
1035626,1634.00,944,237
1035727,1634.00,943,240
1035829,1634.00,945,234
1035930,1634.00,945,234
1036032,1634.00,944,237
1036133,1634.00,945,234
1036234,1634.00,944,237
1036336,1634.00,945,234
1036437,1634.00,944,237
1036538,1634.00,943,240
1036640,1634.00,945,234
1036741,1634.00,944,237
1036843,1634.00,946,231
1036944,1634.00,944,237
1037045,1634.00,944,237
1037147,1634.00,944,237
1037248,1634.00,944,237
1037349,1634.00,943,240
1037451,1634.00,943,240
1037553,1634.00,943,240
1037655,1634.00,945,234
1037756,1634.00,945,234
1037857,1634.00,945,234
1037959,1634.00,946,231
1038060,1634.00,946,231
1038161,1634.00,945,234
1038263,1634.00,943,240
1038364,1634.00,944,237
1038466,1634.00,944,237
1038567,1634.00,943,240
1038668,1634.00,947,227
1038770,1634.00,945,234
1038871,1634.00,944,237
1038972,1634.00,943,240
1039074,1634.00,943,240
1039175,1634.00,945,234
1039277,1634.00,944,237
1039378,1634.00,944,237
1039479,1634.00,945,234
1039581,1634.00,945,234
1039682,1634.00,944,237
1039783,1634.00,946,231
1039885,1634.00,944,237
1039986,1634.00,944,237
1040088,1634.00,944,237
1040189,1634.00,945,234
1040290,1634.00,946,231
1040392,1634.00,945,234
1040493,1634.00,945,234
1040594,1634.00,944,237
1040697,1634.00,945,234
1040798,1634.00,945,234
1040900,1634.00,943,240
1041001,1634.00,946,231
1041102,1634.00,945,234
1041204,1634.00,943,240
1041305,1634.00,943,240
1041406,1634.00,945,234
1041508,1634.00,944,237
1041609,1634.00,946,231
1041711,1634.00,944,237
1041812,1634.00,945,234
1041913,1634.00,945,234
1042015,1634.00,945,234
1042116,1634.00,942,244
1042217,1634.00,943,240
1042319,1634.00,944,237
1042420,1634.00,945,234
1042522,1634.00,945,234
1042623,1634.00,945,234
1042724,1634.00,944,237
1042826,1634.00,946,231
1042927,1634.00,945,234
1043028,1634.00,943,240
1043130,1634.00,946,231
1043231,1634.00,944,237
1043333,1634.00,943,240
1043434,1634.00,945,234
1043535,1634.00,945,234
1043637,1634.00,945,234
1043739,1634.00,942,244
1043841,1634.00,943,240
1043942,1634.00,946,231
1044043,1634.00,945,234
1044145,1634.00,943,240
1044246,1634.00,945,234
1044347,1634.00,943,240
1044449,1634.00,944,237
1044550,1634.00,943,240
1044652,1634.00,944,237
1044753,1634.00,944,237
1044854,1634.00,944,237
1044956,1634.00,944,237
1045057,1634.00,945,234
1045158,1634.00,945,234
1045260,1634.00,946,231
1045361,1634.00,943,240
1045463,1634.00,945,234
1045564,1634.00,944,237
1045665,1634.00,943,240
1045767,1634.00,945,234
1045868,1634.00,944,237
1045969,1634.00,943,240
1046071,1634.00,945,234
1046172,1634.00,944,237
1046274,1634.00,945,234
1046375,1634.00,945,234
1046476,1634.00,945,234
1046578,1634.00,946,231
1046679,1634.00,944,237
1046781,1634.00,944,237
1046883,1634.00,945,234
1046984,1634.00,946,231
1047086,1634.00,945,234
1047187,1634.00,945,234
1047288,1634.00,944,237
1047390,1634.00,945,234
1047491,1634.00,944,237
1047592,1634.00,946,231
1047694,1634.00,944,237
1047795,1634.00,946,231
1047897,1634.00,945,234
1047998,1634.00,945,234
1048099,1634.00,945,234
1048201,1634.00,943,240
1048302,1634.00,946,231
1048403,1634.00,946,231
1048505,1634.00,946,231
1048606,1634.00,943,240
1048708,1634.00,944,237
1048809,1634.00,945,234
1048910,1634.00,944,237
1049012,1634.00,946,231
1049113,1634.00,943,240
1049214,1634.00,945,234
1049316,1634.00,944,237
1049417,1634.00,944,237
1049519,1634.00,943,240
1049620,1634.00,945,234
1049721,1634.00,940,250
1049823,1634.00,945,234
1049925,1634.00,943,240
1050027,1634.00,946,231
1050128,1634.00,947,227
1050229,1634.00,943,240
1050331,1634.00,946,231
1050432,1634.00,945,234
1050533,1634.00,943,240
1050635,1634.00,946,231
1050736,1634.00,945,234
1050838,1634.00,943,240
1050939,1634.00,944,237
1051040,1634.00,945,234
1051142,1634.00,941,247
1051243,1634.00,944,237
1051344,1634.00,943,240
1051446,1634.00,945,234
1051547,1634.00,943,240
1051649,1634.00,946,231
1051750,1634.00,943,240
1051851,1634.00,944,237
1051953,1634.00,944,237
1052054,1634.00,944,237
1052155,1634.00,943,240
1052257,1634.00,945,234
1052358,1634.00,943,240
1052460,1634.00,944,237
1052561,1634.00,943,240
1052662,1634.00,946,231
1052764,1634.00,945,234
1052865,1634.00,944,237
1052967,1634.00,943,240
1053069,1634.00,945,234
1053170,1634.00,944,237
1053272,1634.00,945,234
1053373,1634.00,944,237
1053474,1634.00,944,237
1053576,1634.00,944,237
1053677,1634.00,943,240
1053778,1634.00,943,240
1053880,1634.00,944,237
1053981,1634.00,944,237
1054083,1634.00,945,234
1054184,1634.00,943,240
1054285,1634.00,943,240
1054387,1634.00,943,240
1054488,1634.00,944,237
1054589,1634.00,944,237
1054691,1634.00,942,244
1054792,1634.00,943,240
1054894,1634.00,944,237
1054995,1634.00,945,234
1055096,1634.00,944,237
1055198,1634.00,945,234
1055299,1634.00,943,240
1055400,1634.00,944,237
1055502,1634.00,944,237
1055603,1634.00,944,237
1055705,1634.00,943,240
1055806,1634.00,946,231
1055907,1634.00,945,234
1056009,1634.00,944,237
1056110,1634.00,944,237
1056212,1634.00,943,240
1056314,1634.00,946,231
1056415,1634.00,946,231
1056517,1634.00,945,234
1056618,1634.00,945,234
1056719,1634.00,941,247
1056821,1634.00,944,237
1056922,1634.00,943,240
1057024,1634.00,944,237
1057125,1634.00,943,240
1057226,1634.00,945,234
1057328,1634.00,942,244
1057429,1634.00,946,231
1057530,1634.00,944,237
1057632,1634.00,944,237
1057733,1634.00,945,234
1057835,1634.00,943,240
1057936,1634.00,942,244
1058037,1634.00,946,231
1058139,1634.00,943,240
1058240,1634.00,943,240
1058341,1634.00,946,231
1058443,1634.00,946,231
1058544,1634.00,940,250
1058646,1634.00,946,231
1058747,1634.00,943,240
1058848,1634.00,943,240
1058950,1634.00,945,234
1059051,1634.00,945,234
1059152,1634.00,944,237
1059255,1634.00,944,237
1059356,1634.00,945,234
1059458,1634.00,946,231
1059559,1634.00,945,234
1059660,1634.00,943,240
1059762,1634.00,946,231
1059863,1634.00,946,231
1059964,1634.00,946,231
1060066,1634.00,945,234
1060167,1634.00,943,240
1060269,1634.00,943,240
1060370,1634.00,944,237
1060471,1634.00,945,234
1060573,1634.00,943,240
1060674,1634.00,943,240
1060775,1634.00,943,240
1060877,1634.00,943,240
1060978,1634.00,945,234
1061080,1634.00,945,234
1061181,1634.00,946,231
1061282,1634.00,943,240
1061384,1634.00,943,240
1061485,1634.00,944,237
1061586,1634.00,943,240
1061688,1634.00,946,231
1061789,1634.00,944,237
1061891,1634.00,945,234
1061992,1634.00,944,237
1062093,1634.00,943,240
1062195,1634.00,946,231
1062297,1634.00,944,237
1062398,1634.00,946,231
1062500,1634.00,947,227
1062601,1634.00,944,237
1062703,1634.00,941,247
1062804,1634.00,944,237
1062905,1634.00,945,234
1063007,1634.00,944,237
1063108,1634.00,945,234
1063209,1634.00,944,237
1063311,1634.00,945,234
1063412,1634.00,945,234
1063514,1634.00,942,244
1063615,1634.00,946,231
1063716,1634.00,946,231
1063818,1634.00,942,244
1063919,1634.00,944,237
1064020,1634.00,945,234
1064122,1634.00,945,234
1064223,1634.00,944,237
1064325,1634.00,946,231
1064426,1634.00,944,237
1064527,1634.00,942,244
1064629,1634.00,944,237
1064730,1634.00,944,237
1064832,1634.00,946,231
# load_kg=0.00
1064934,0.00,943,240
1065035,0.00,944,237
1065137,0.00,943,240
1065237,0.00,945,234
1065338,0.00,943,240
1065440,0.00,943,240
1065541,0.00,944,237
1065643,0.00,943,240
1065744,0.00,945,234
1065845,0.00,944,237
1065947,0.00,946,231
1066047,0.00,944,237
1066148,0.00,945,234
1066250,0.00,948,224
1066351,0.00,945,234
1066452,0.00,943,240
1066554,0.00,943,240
1066655,0.00,943,240
1066756,0.00,944,237
1066857,0.00,945,234
1066958,0.00,945,234
1067060,0.00,943,240
1067161,0.00,945,234
1067262,0.00,945,234
1067364,0.00,944,237
1067465,0.00,945,234
1067566,0.00,945,234
1067667,0.00,945,234
1067768,0.00,944,237
1067870,0.00,944,237
1067971,0.00,942,244
1068072,0.00,945,234
1068174,0.00,943,240
1068275,0.00,945,234
1068376,0.00,944,237
1068477,0.00,946,231
1068578,0.00,943,240
1068680,0.00,944,237
1068781,0.00,942,244
1068882,0.00,946,231
1068984,0.00,946,231
1069084,0.00,943,240
1069186,0.00,943,240
1069287,0.00,944,237
1069388,0.00,944,237
1069490,0.00,942,244
1069591,0.00,941,247
1069692,0.00,943,240
1069794,0.00,944,237
1069894,0.00,945,234
1069996,0.00,944,237
1070097,0.00,946,231
1070198,0.00,943,240
1070300,0.00,946,231
1070401,0.00,953,208
1070502,0.00,953,208
1070603,0.00,953,208
1070704,0.00,950,218
1070806,0.00,952,211
1070907,0.00,951,214
1071008,0.00,946,231
1071110,0.00,922,310
1071211,0.00,933,273
1071312,0.00,947,227
1071413,0.00,946,231
1071514,0.00,944,237
1071616,0.00,948,224
1071717,0.00,949,221
1071818,0.00,946,231
1071920,0.00,949,221
1072021,0.00,946,231
1072122,0.00,947,227
1072223,0.00,949,221
1072324,0.00,953,208
1072425,0.00,954,205
1072527,0.00,950,218
1072628,0.00,953,208
1072730,0.00,956,199
1072831,0.00,950,218
1072931,0.00,953,208
1073033,0.00,949,221
1073134,0.00,951,214
1073235,0.00,949,221
1073337,0.00,938,257
1073438,0.00,953,208
1073540,0.00,953,208
1073641,0.00,957,195
1073741,0.00,954,205
1073843,0.00,952,211
1073944,0.00,946,231
1074045,0.00,950,218
1074147,0.00,956,199
1074248,0.00,956,199
1074350,0.00,953,208
1074450,0.00,955,202
1074551,0.00,954,205
1074653,0.00,939,253
1074754,0.00,949,221
1074855,0.00,952,211
1074957,0.00,937,260
1075058,0.00,929,287
1075160,0.00,935,267
1075260,0.00,920,317
1075361,0.00,901,384
1075463,0.00,909,355
1075564,0.00,932,277
1075665,0.00,947,227
1075767,0.00,944,237
1075868,0.00,945,234
1075970,0.00,942,244
1076070,0.00,942,244
1076171,0.00,952,211
1076273,0.00,951,214
1076374,0.00,949,221
1076475,0.00,947,227
1076577,0.00,952,211
1076678,0.00,952,211
1076779,0.00,954,205
1076880,0.00,946,231
1076981,0.00,941,247
1077083,0.00,935,267
1077184,0.00,938,257
1077285,0.00,927,293
1077387,0.00,933,273
1077488,0.00,947,227
1077588,0.00,953,208
1077690,0.00,955,202
1077791,0.00,957,195
1077893,0.00,956,199
1077994,0.00,956,199
1078095,0.00,955,202
1078197,0.00,955,202
1078298,0.00,956,199
1078398,0.00,956,199
1078500,0.00,956,199
1078601,0.00,956,199
1078703,0.00,955,202
1078804,0.00,956,199
1078905,0.00,957,195
1079007,0.00,957,195
1079107,0.00,955,202
1079208,0.00,956,199
1079310,0.00,954,205
1079411,0.00,955,202
1079513,0.00,956,199
1079614,0.00,956,199
1079715,0.00,955,202
1079817,0.00,955,202
1079917,0.00,955,202
1080018,0.00,957,195
1080120,0.00,956,199
1080221,0.00,957,195
1080323,0.00,956,199
1080424,0.00,955,202
1080525,0.00,958,192
1080626,0.00,956,199
1080727,0.00,957,195
1080828,0.00,955,202
1080930,0.00,956,199
1081031,0.00,955,202
1081133,0.00,954,205
1081234,0.00,955,202
1081335,0.00,956,199
1081436,0.00,957,195
1081537,0.00,957,195
1081638,0.00,958,192
1081740,0.00,955,202
1081841,0.00,956,199
1081943,0.00,955,202
1082044,0.00,955,202
1082144,0.00,957,195
1082246,0.00,957,195
1082347,0.00,956,199
1082448,0.00,955,202
1082550,0.00,956,199
1082651,0.00,959,189
1082753,0.00,955,202
1082854,0.00,955,202
1082954,0.00,958,192
1083056,0.00,954,205
1083157,0.00,959,189
1083258,0.00,957,195
1083360,0.00,955,202
1083461,0.00,957,195
1083563,0.00,955,202
1083664,0.00,955,202
1083764,0.00,955,202
1083866,0.00,954,205
1083967,0.00,956,199
1084068,0.00,956,199
1084170,0.00,957,195
1084271,0.00,958,192
1084372,0.00,957,195
1084473,0.00,958,192
1084574,0.00,957,195
1084676,0.00,956,199
1084777,0.00,955,202
1084878,0.00,956,199
1084980,0.00,956,199
1085081,0.00,957,195
1085182,0.00,954,205
1085283,0.00,953,208
1085384,0.00,954,205
1085486,0.00,950,218
1085587,0.00,958,192
1085688,0.00,953,208
1085790,0.00,957,195
1085891,0.00,955,202
1085991,0.00,956,199
1086093,0.00,957,195
1086194,0.00,959,189
1086296,0.00,957,195
1086397,0.00,959,189
1086498,0.00,960,186
1086600,0.00,958,192
1086701,0.00,958,192
1086801,0.00,958,192
1086903,0.00,955,202
1087004,0.00,959,189
1087106,0.00,958,192
1087207,0.00,958,192
1087308,0.00,957,195
1087410,0.00,959,189
1087510,0.00,958,192
1087611,0.00,959,189
1087713,0.00,954,205
1087814,0.00,956,199
1087916,0.00,958,192
1088017,0.00,959,189
1088118,0.00,959,189
1088220,0.00,959,189
1088320,0.00,959,189
1088421,0.00,959,189
1088523,0.00,960,186
1088624,0.00,961,183
1088726,0.00,961,183
1088827,0.00,958,192
1088928,0.00,961,183
1089030,0.00,960,186
1089130,0.00,958,192
1089231,0.00,960,186
1089333,0.00,959,189
1089434,0.00,961,183
1089536,0.00,959,189
1089637,0.00,958,192
1089738,0.00,960,186
1089839,0.00,959,189
1089940,0.00,961,183
1090041,0.00,958,192
1090143,0.00,960,186
1090244,0.00,958,192
1090345,0.00,958,192
1090447,0.00,960,186
1090548,0.00,960,186
1090649,0.00,959,189
1090750,0.00,959,189
1090851,0.00,959,189
1090953,0.00,961,183
1091054,0.00,959,189
1091155,0.00,959,189
1091257,0.00,961,183
1091357,0.00,958,192
1091459,0.00,959,189
1091560,0.00,960,186
1091661,0.00,959,189
1091763,0.00,958,192
1091864,0.00,957,195
1091965,0.00,958,192
1092067,0.00,958,192
1092167,0.00,960,186
1092269,0.00,957,195
1092370,0.00,959,189
1092471,0.00,958,192
1092573,0.00,960,186
1092674,0.00,960,186
1092775,0.00,961,183
1092876,0.00,960,186
1092977,0.00,960,186
1093079,0.00,960,186
1093180,0.00,959,189
1093281,0.00,960,186
1093383,0.00,958,192
1093484,0.00,959,189
1093585,0.00,960,186
1093686,0.00,958,192
1093787,0.00,955,202
1093889,0.00,960,186
1093990,0.00,958,192
1094091,0.00,960,186
1094193,0.00,958,192
1094294,0.00,959,189
1094395,0.00,957,195
1094496,0.00,961,183
1094597,0.00,961,183
1094699,0.00,959,189
1094800,0.00,960,186
1094901,0.00,960,186
1095003,0.00,959,189
1095104,0.00,961,183
1095204,0.00,959,189
1095306,0.00,958,192
1095407,0.00,959,189
1095508,0.00,958,192
1095610,0.00,957,195
1095711,0.00,960,186
1095813,0.00,959,189
1095914,0.00,958,192
1096014,0.00,961,183
1096116,0.00,959,189
1096217,0.00,959,189
1096318,0.00,958,192
1096420,0.00,959,189
1096521,0.00,958,192
1096623,0.00,958,192
# load_kg=1834.00
1096724,1834.00,959,189
1096825,1834.00,959,189
1096927,1834.00,959,189
1097028,1834.00,958,192
1097129,1834.00,961,183
1097231,1834.00,960,186
1097332,1834.00,959,189
1097435,1834.00,956,199
1097536,1834.00,960,186
1097637,1834.00,961,183
1097739,1834.00,961,183
1097840,1834.00,955,202
1097942,1834.00,959,189
1098043,1834.00,961,183
1098144,1834.00,960,186
1098246,1834.00,956,199
1098347,1834.00,959,189
1098448,1834.00,959,189
1098550,1834.00,960,186
1098651,1834.00,960,186
1098753,1834.00,961,183
1098854,1834.00,955,202
1098955,1834.00,962,180
1099057,1834.00,959,189
1099158,1834.00,960,186
1099259,1834.00,959,189
1099361,1834.00,959,189
1099462,1834.00,957,195
1099564,1834.00,960,186
1099665,1834.00,960,186
1099766,1834.00,959,189
1099868,1834.00,960,186
1099969,1834.00,960,186
1100070,1834.00,960,186
1100172,1834.00,961,183
1100273,1834.00,958,192
1100375,1834.00,957,195
1100476,1834.00,959,189
1100578,1834.00,961,183
1100680,1834.00,959,189
1100781,1834.00,959,189
1100882,1834.00,959,189
1100984,1834.00,960,186
1101085,1834.00,961,183
1101187,1834.00,962,180
1101288,1834.00,961,183
1101389,1834.00,959,189
1101491,1834.00,960,186
1101592,1834.00,960,186
1101693,1834.00,958,192
1101795,1834.00,959,189
1101896,1834.00,962,180
1101998,1834.00,961,183
1102099,1834.00,960,186
1102200,1834.00,960,186
1102302,1834.00,958,192
1102403,1834.00,962,180
1102504,1834.00,959,189
1102606,1834.00,959,189
1102707,1834.00,959,189
1102809,1834.00,961,183
1102910,1834.00,959,189
1103011,1834.00,959,189
1103113,1834.00,960,186
1103214,1834.00,961,183
1103315,1834.00,959,189
1103417,1834.00,961,183
1103518,1834.00,959,189
1103621,1834.00,959,189
1103722,1834.00,960,186
1103823,1834.00,960,186
1103925,1834.00,959,189
1104026,1834.00,962,180
1104128,1834.00,961,183
1104229,1834.00,959,189
1104330,1834.00,959,189
1104432,1834.00,960,186
1104533,1834.00,959,189
1104634,1834.00,959,189
1104736,1834.00,959,189
1104837,1834.00,959,189
1104939,1834.00,962,180
1105040,1834.00,961,183
1105141,1834.00,960,186
1105243,1834.00,959,189
1105344,1834.00,959,189
1105445,1834.00,958,192
1105547,1834.00,959,189
1105648,1834.00,960,186
1105750,1834.00,960,186
1105851,1834.00,959,189
1105952,1834.00,961,183
1106054,1834.00,958,192
1106155,1834.00,960,186
1106256,1834.00,959,189
1106358,1834.00,958,192
1106459,1834.00,960,186
1106561,1834.00,961,183
1106662,1834.00,958,192
1106764,1834.00,960,186
1106866,1834.00,961,183
1106967,1834.00,960,186
1107068,1834.00,960,186
1107170,1834.00,959,189
1107271,1834.00,959,189
1107373,1834.00,960,186
1107474,1834.00,959,189
1107575,1834.00,958,192
1107677,1834.00,959,189
1107778,1834.00,959,189
1107879,1834.00,959,189
1107981,1834.00,959,189
1108082,1834.00,960,186
1108184,1834.00,958,192
1108285,1834.00,960,186
1108386,1834.00,962,180
1108488,1834.00,961,183
1108589,1834.00,958,192
1108690,1834.00,961,183
1108792,1834.00,960,186
1108893,1834.00,960,186
1108995,1834.00,959,189
1109096,1834.00,959,189
1109197,1834.00,960,186
1109299,1834.00,959,189
1109400,1834.00,959,189
1109501,1834.00,958,192
1109603,1834.00,960,186
1109704,1834.00,960,186
1109807,1834.00,959,189
1109908,1834.00,959,189
1110009,1834.00,959,189
1110111,1834.00,959,189
1110212,1834.00,961,183
1110313,1834.00,959,189
1110415,1834.00,959,189
1110516,1834.00,961,183
1110618,1834.00,958,192
1110719,1834.00,958,192
1110820,1834.00,959,189
1110922,1834.00,960,186
1111023,1834.00,958,192
1111124,1834.00,960,186
1111226,1834.00,961,183
1111327,1834.00,961,183
1111429,1834.00,961,183
1111530,1834.00,960,186
1111631,1834.00,960,186
1111733,1834.00,960,186
1111834,1834.00,960,186
1111936,1834.00,959,189
1112037,1834.00,960,186
1112138,1834.00,959,189
1112240,1834.00,962,180
1112341,1834.00,960,186
1112442,1834.00,960,186
1112544,1834.00,959,189
1112645,1834.00,960,186
1112747,1834.00,959,189
1112849,1834.00,959,189
1112950,1834.00,960,186
1113052,1834.00,962,180
1113153,1834.00,955,202
1113254,1834.00,959,189
1113356,1834.00,959,189
1113457,1834.00,961,183
1113559,1834.00,960,186
1113660,1834.00,962,180
1113761,1834.00,960,186
1113863,1834.00,960,186
1113964,1834.00,961,183
1114065,1834.00,961,183
1114167,1834.00,957,195
1114268,1834.00,962,180
1114370,1834.00,961,183
1114471,1834.00,960,186
1114572,1834.00,959,189
1114674,1834.00,961,183
1114775,1834.00,957,195
1114876,1834.00,962,180
1114978,1834.00,960,186
1115079,1834.00,959,189
1115181,1834.00,961,183
1115282,1834.00,961,183
1115383,1834.00,961,183
1115485,1834.00,959,189
1115586,1834.00,956,199
1115687,1834.00,960,186
1115789,1834.00,958,192
1115891,1834.00,959,189
1115993,1834.00,961,183
1116094,1834.00,959,189
1116195,1834.00,959,189
1116297,1834.00,960,186
1116398,1834.00,960,186
1116499,1834.00,960,186
1116601,1834.00,957,195
1116702,1834.00,959,189
1116804,1834.00,960,186
1116905,1834.00,960,186
1117006,1834.00,961,183
1117108,1834.00,961,183
1117209,1834.00,958,192
1117310,1834.00,958,192
1117412,1834.00,961,183
1117513,1834.00,959,189
1117615,1834.00,960,186
1117716,1834.00,961,183
1117817,1834.00,958,192
1117919,1834.00,959,189
1118020,1834.00,959,189
1118121,1834.00,960,186
1118223,1834.00,959,189
1118324,1834.00,961,183
1118426,1834.00,957,195
1118527,1834.00,960,186
1118628,1834.00,959,189
1118730,1834.00,959,189
1118831,1834.00,960,186
1118934,1834.00,962,180
1119035,1834.00,961,183
1119136,1834.00,961,183
1119238,1834.00,960,186
1119339,1834.00,962,180
1119440,1834.00,959,189
1119542,1834.00,960,186
1119643,1834.00,961,183
1119745,1834.00,960,186
1119846,1834.00,960,186
1119947,1834.00,959,189
1120049,1834.00,961,183
1120150,1834.00,961,183
1120251,1834.00,960,186
1120353,1834.00,960,186
1120454,1834.00,960,186
1120556,1834.00,960,186
1120657,1834.00,962,180
1120758,1834.00,960,186
1120860,1834.00,959,189
1120961,1834.00,958,192
1121062,1834.00,958,192
1121164,1834.00,960,186
1121265,1834.00,959,189
1121367,1834.00,959,189
1121468,1834.00,959,189
1121569,1834.00,960,186
1121671,1834.00,959,189
1121772,1834.00,959,189
1121873,1834.00,961,183
1121975,1834.00,959,189
1122077,1834.00,959,189
1122179,1834.00,960,186
1122280,1834.00,962,180
1122381,1834.00,960,186
1122483,1834.00,961,183
1122584,1834.00,960,186
1122685,1834.00,960,186
1122787,1834.00,960,186
1122888,1834.00,959,189
1122990,1834.00,960,186
1123091,1834.00,960,186
1123192,1834.00,961,183
1123294,1834.00,958,192
1123395,1834.00,961,183
1123496,1834.00,961,183
1123598,1834.00,961,183
1123699,1834.00,960,186
1123801,1834.00,962,180
1123902,1834.00,959,189
1124003,1834.00,961,183
1124105,1834.00,961,183
1124206,1834.00,959,189
1124307,1834.00,964,173
1124409,1834.00,960,186
1124510,1834.00,960,186
1124612,1834.00,959,189
1124713,1834.00,961,183
1124814,1834.00,959,189
1124916,1834.00,960,186
1125017,1834.00,959,189
1125120,1834.00,960,186
1125221,1834.00,955,202
1125322,1834.00,959,189
1125424,1834.00,962,180
1125525,1834.00,959,189
1125626,1834.00,957,195
1125728,1834.00,959,189
1125829,1834.00,960,186
1125931,1834.00,959,189
1126032,1834.00,962,180
1126133,1834.00,961,183
1126235,1834.00,959,189
1126336,1834.00,962,180
1126437,1834.00,960,186
1126539,1834.00,959,189
1126640,1834.00,960,186
1126742,1834.00,963,177
1126843,1834.00,960,186
1126944,1834.00,962,180
1127046,1834.00,962,180
1127147,1834.00,960,186
1127248,1834.00,961,183
1127350,1834.00,960,186
1127451,1834.00,958,192
1127553,1834.00,959,189
1127654,1834.00,962,180
1127755,1834.00,962,180
1127857,1834.00,961,183
1127958,1834.00,959,189
1128059,1834.00,962,180
1128162,1834.00,962,180
1128263,1834.00,961,183
1128365,1834.00,961,183
1128466,1834.00,961,183
1128567,1834.00,959,189
1128669,1834.00,961,183
1128770,1834.00,959,189
1128871,1834.00,959,189
1128973,1834.00,961,183
1129074,1834.00,960,186
1129176,1834.00,960,186
1129277,1834.00,959,189
1129378,1834.00,959,189
1129480,1834.00,960,186
1129581,1834.00,962,180
1129682,1834.00,961,183
1129784,1834.00,962,180
1129885,1834.00,962,180
1129987,1834.00,959,189
1130088,1834.00,961,183
1130189,1834.00,960,186
1130291,1834.00,961,183
1130392,1834.00,960,186
1130493,1834.00,961,183
1130595,1834.00,960,186
1130696,1834.00,959,189
1130798,1834.00,962,180
1130899,1834.00,961,183
1131000,1834.00,959,189
1131102,1834.00,959,189
1131204,1834.00,962,180
1131305,1834.00,961,183
1131407,1834.00,958,192
1131508,1834.00,960,186
1131610,1834.00,959,189
1131711,1834.00,961,183
1131812,1834.00,960,186
1131914,1834.00,960,186
1132015,1834.00,962,180
1132116,1834.00,960,186
1132218,1834.00,959,189
1132319,1834.00,960,186
1132421,1834.00,961,183
1132522,1834.00,961,183
1132623,1834.00,959,189
1132725,1834.00,959,189
1132826,1834.00,960,186
1132928,1834.00,960,186
1133029,1834.00,962,180
1133130,1834.00,959,189
1133232,1834.00,959,189
1133333,1834.00,962,180
1133434,1834.00,960,186
1133536,1834.00,959,189
1133637,1834.00,960,186
1133739,1834.00,961,183
1133840,1834.00,961,183
1133941,1834.00,960,186
1134043,1834.00,959,189
# load_kg=0.00
1134145,0.00,957,195
1134246,0.00,960,186
1134348,0.00,959,189
1134449,0.00,961,183
1134550,0.00,959,189
1134651,0.00,962,180
1134752,0.00,961,183
1134854,0.00,958,192
1134955,0.00,962,180
1135056,0.00,960,186
1135158,0.00,959,189
1135259,0.00,961,183
1135360,0.00,960,186
1135461,0.00,960,186
1135562,0.00,960,186
1135664,0.00,959,189
1135765,0.00,958,192
1135866,0.00,960,186
1135968,0.00,960,186
1136069,0.00,961,183
1136169,0.00,959,189
1136271,0.00,961,183
1136372,0.00,961,183
1136474,0.00,959,189
1136575,0.00,962,180
1136676,0.00,959,189
1136778,0.00,960,186
1136878,0.00,959,189
1136979,0.00,961,183
1137081,0.00,961,183
1137182,0.00,959,189
1137284,0.00,959,189
1137385,0.00,959,189
1137486,0.00,961,183
1137588,0.00,960,186
1137688,0.00,961,183
1137789,0.00,962,180
1137891,0.00,959,189
1137992,0.00,961,183
1138094,0.00,961,183
1138195,0.00,959,189
1138296,0.00,960,186
1138397,0.00,962,180
1138498,0.00,961,183
1138599,0.00,959,189
1138701,0.00,960,186
1138802,0.00,960,186
1138904,0.00,961,183
1139005,0.00,960,186
1139106,0.00,962,180
1139207,0.00,962,180
1139308,0.00,960,186
1139409,0.00,961,183
1139511,0.00,961,183
1139612,0.00,961,183
1139714,0.00,962,180
1139815,0.00,958,192
1139915,0.00,959,189
1140017,0.00,961,183
1140118,0.00,961,183
1140219,0.00,959,189
1140321,0.00,957,195
1140422,0.00,960,186
1140524,0.00,959,189
1140625,0.00,961,183
1140725,0.00,959,189
1140827,0.00,960,186
1140928,0.00,959,189
1141029,0.00,960,186
1141131,0.00,960,186
1141232,0.00,960,186
1141334,0.00,962,180
1141435,0.00,960,186
1141535,0.00,959,189
1141637,0.00,962,180
1141738,0.00,962,180
1141839,0.00,962,180
1141941,0.00,962,180
1142042,0.00,959,189
1142144,0.00,962,180
1142244,0.00,961,183
1142345,0.00,960,186
1142447,0.00,959,189
1142548,0.00,961,183
1142649,0.00,961,183
1142751,0.00,962,180
1142852,0.00,960,186
1142953,0.00,960,186
1143054,0.00,959,189
1143155,0.00,959,189
1143257,0.00,958,192
1143358,0.00,964,173
1143459,0.00,959,189
1143561,0.00,960,186
1143662,0.00,961,183
1143762,0.00,962,180
1143864,0.00,961,183
1143965,0.00,959,189
1144067,0.00,959,189
1144168,0.00,961,183
1144269,0.00,962,180
1144371,0.00,962,180
1144472,0.00,961,183
1144572,0.00,961,183
1144674,0.00,961,183
1144775,0.00,960,186
1144877,0.00,960,186
1144978,0.00,962,180
1145079,0.00,960,186
1145181,0.00,962,180
1145281,0.00,962,180
1145382,0.00,960,186
1145484,0.00,962,180
1145585,0.00,962,180
1145687,0.00,961,183
1145788,0.00,963,177
1145889,0.00,962,180
1145991,0.00,957,195
1146091,0.00,961,183
1146192,0.00,961,183
1146294,0.00,961,183
1146395,0.00,962,180
1146497,0.00,959,189
1146598,0.00,962,180
1146699,0.00,962,180
1146801,0.00,959,189
1146901,0.00,960,186
1147002,0.00,961,183
1147104,0.00,959,189
1147205,0.00,961,183
1147307,0.00,962,180
1147408,0.00,961,183
1147509,0.00,958,192
1147610,0.00,957,195
1147711,0.00,961,183
1147812,0.00,958,192
1147914,0.00,962,180
1148015,0.00,959,189
1148116,0.00,962,180
1148218,0.00,961,183
1148319,0.00,959,189
1148420,0.00,961,183
1148521,0.00,961,183
1148622,0.00,958,192
1148724,0.00,959,189
1148825,0.00,959,189
1148926,0.00,961,183
1149028,0.00,959,189
1149128,0.00,959,189
1149230,0.00,962,180
1149331,0.00,961,183
1149432,0.00,962,180
1149534,0.00,961,183
1149635,0.00,959,189
1149736,0.00,961,183
1149838,0.00,962,180
1149938,0.00,960,186
1150040,0.00,959,189
1150141,0.00,964,173
1150242,0.00,953,208
1150344,0.00,962,180
1150445,0.00,957,195
1150546,0.00,963,177
1150647,0.00,960,186
1150748,0.00,961,183
1150850,0.00,961,183
1150951,0.00,965,170
1151052,0.00,963,177
1151154,0.00,964,173
1151255,0.00,964,173
1151356,0.00,964,173
1151457,0.00,962,180
1151558,0.00,960,186
1151660,0.00,964,173
1151761,0.00,961,183
1151862,0.00,961,183
1151964,0.00,963,177
1152065,0.00,964,173
1152166,0.00,962,180
1152267,0.00,964,173
1152368,0.00,964,173
1152470,0.00,963,177
1152571,0.00,961,183
1152672,0.00,962,180
1152774,0.00,963,177
1152875,0.00,962,180
1152975,0.00,962,180
1153077,0.00,961,183
1153178,0.00,961,183
1153280,0.00,961,183
1153381,0.00,962,180
1153482,0.00,961,183
1153584,0.00,962,180
1153685,0.00,963,177
1153785,0.00,960,186
1153887,0.00,963,177
1153988,0.00,959,189
1154089,0.00,960,186
1154191,0.00,962,180
1154292,0.00,961,183
1154394,0.00,962,180
1154494,0.00,961,183
1154595,0.00,963,177
1154697,0.00,963,177
1154798,0.00,962,180
1154899,0.00,962,180
1155001,0.00,962,180
1155102,0.00,964,173
1155204,0.00,961,183
1155304,0.00,964,173
1155405,0.00,964,173
1155507,0.00,963,177
1155608,0.00,962,180
1155709,0.00,962,180
1155811,0.00,960,186
1155912,0.00,962,180
1156013,0.00,963,177
1156114,0.00,962,180
1156215,0.00,962,180
1156317,0.00,964,173
1156418,0.00,953,208
1156519,0.00,959,189
1156621,0.00,960,186
1156722,0.00,962,180
1156823,0.00,961,183
1156924,0.00,964,173
1157025,0.00,962,180
1157127,0.00,962,180
1157228,0.00,962,180
1157329,0.00,961,183
1157431,0.00,962,180
1157532,0.00,964,173
1157633,0.00,961,183
1157734,0.00,961,183
1157835,0.00,963,177
1157937,0.00,961,183
1158038,0.00,964,173
1158139,0.00,964,173
1158241,0.00,964,173
1158341,0.00,965,170
1158443,0.00,962,180
1158544,0.00,962,180
1158645,0.00,962,180
1158747,0.00,963,177
1158848,0.00,961,183
1158949,0.00,964,173
1159051,0.00,962,180
1159151,0.00,964,173
1159252,0.00,959,189
1159354,0.00,960,186
1159455,0.00,963,177
1159557,0.00,963,177
1159658,0.00,960,186
1159759,0.00,963,177
1159860,0.00,963,177
1159961,0.00,964,173
1160062,0.00,963,177
1160164,0.00,963,177
1160265,0.00,962,180
1160367,0.00,963,177
1160468,0.00,964,173
1160569,0.00,962,180
1160670,0.00,961,183
1160771,0.00,964,173
1160872,0.00,963,177
1160974,0.00,962,180
1161075,0.00,964,173
1161177,0.00,961,183
1161278,0.00,964,173
1161378,0.00,965,170
1161480,0.00,962,180
1161581,0.00,964,173
1161682,0.00,964,173
1161784,0.00,963,177
1161885,0.00,964,173
1161987,0.00,961,183
1162088,0.00,963,177
1162188,0.00,965,170
1162290,0.00,964,173
1162391,0.00,964,173
1162492,0.00,962,180
1162594,0.00,964,173
1162695,0.00,964,173
1162797,0.00,964,173
1162898,0.00,962,180
1162998,0.00,963,177
1163100,0.00,962,180
1163201,0.00,962,180
1163302,0.00,962,180
1163404,0.00,962,180
1163505,0.00,961,183
1163607,0.00,962,180
1163707,0.00,964,173
1163808,0.00,962,180
1163910,0.00,963,177
1164011,0.00,962,180
1164112,0.00,962,180
1164214,0.00,959,189
1164315,0.00,964,173
1164417,0.00,962,180
1164517,0.00,962,180
1164618,0.00,964,173
1164720,0.00,962,180
1164821,0.00,959,189
1164922,0.00,962,180
1165024,0.00,961,183
1165125,0.00,963,177
1165225,0.00,964,173
1165327,0.00,964,173
1165428,0.00,962,180
1165530,0.00,962,180
1165631,0.00,963,177
1165732,0.00,964,173
1165834,0.00,962,180
1165935,0.00,962,180
1166035,0.00,963,177
1166137,0.00,964,173
1166238,0.00,962,180
1166340,0.00,963,177
1166441,0.00,962,180
1166542,0.00,962,180
1166644,0.00,964,173
1166744,0.00,961,183
1166845,0.00,963,177
1166947,0.00,962,180
1167048,0.00,964,173
1167150,0.00,965,170
1167251,0.00,963,177
1167352,0.00,961,183
1167454,0.00,961,183
1167554,0.00,962,180
1167655,0.00,963,177
1167757,0.00,962,180
1167858,0.00,963,177
1167960,0.00,963,177
1168061,0.00,963,177
1168162,0.00,961,183
1168264,0.00,962,180
1168364,0.00,963,177
1168465,0.00,962,180
1168567,0.00,962,180
1168668,0.00,963,177
1168770,0.00,963,177
1168871,0.00,959,189
1168972,0.00,963,177
1169073,0.00,963,177
1169174,0.00,964,173
1169275,0.00,964,173
1169377,0.00,964,173
1169478,0.00,961,183
1169580,0.00,963,177
1169681,0.00,963,177
1169782,0.00,962,180
1169883,0.00,965,170
1169984,0.00,964,173
1170085,0.00,961,183
1170187,0.00,964,173
1170288,0.00,964,173
1170390,0.00,964,173
1170491,0.00,964,173
1170591,0.00,961,183
1170693,0.00,965,170
1170794,0.00,962,180
1170895,0.00,962,180
1170997,0.00,962,180
1171098,0.00,965,170
1171200,0.00,965,170
1171301,0.00,962,180
1171401,0.00,962,180
1171503,0.00,964,173
1171604,0.00,964,173
1171705,0.00,961,183
1171807,0.00,964,173
1171908,0.00,964,173
1172009,0.00,962,180
1172110,0.00,963,177
1172211,0.00,964,173
1172313,0.00,964,173
1172414,0.00,961,183
1172515,0.00,963,177
1172617,0.00,963,177
1172718,0.00,962,180
1172819,0.00,965,170
1172920,0.00,960,186
1173021,0.00,964,173
1173123,0.00,961,183
1173224,0.00,965,170
1173325,0.00,963,177
1173427,0.00,963,177
1173528,0.00,964,173
1173629,0.00,962,180
1173730,0.00,961,183
1173831,0.00,962,180
1173933,0.00,964,173
1174034,0.00,963,177
1174135,0.00,964,173
1174237,0.00,963,177
1174338,0.00,963,177
1174438,0.00,962,180
1174540,0.00,964,173
1174641,0.00,963,177
1174743,0.00,963,177
1174844,0.00,961,183
1174945,0.00,962,180
1175047,0.00,963,177
1175148,0.00,961,183
1175248,0.00,961,183
1175350,0.00,962,180
1175451,0.00,961,183
1175553,0.00,962,180
1175654,0.00,963,177
1175755,0.00,962,180
1175857,0.00,963,177
1175957,0.00,963,177
1176058,0.00,963,177
1176160,0.00,963,177
1176261,0.00,965,170
1176363,0.00,964,173
1176464,0.00,962,180
1176565,0.00,962,180
1176667,0.00,963,177
1176767,0.00,962,180
1176868,0.00,961,183
1176970,0.00,964,173
1177071,0.00,963,177
1177172,0.00,964,173
1177274,0.00,964,173
1177375,0.00,963,177
1177477,0.00,964,173
1177577,0.00,962,180
1177678,0.00,964,173
1177780,0.00,963,177
1177881,0.00,961,183
1177982,0.00,963,177
1178084,0.00,963,177
1178185,0.00,963,177
1178286,0.00,965,170
1178387,0.00,963,177
1178488,0.00,962,180
1178590,0.00,963,177
1178691,0.00,962,180
1178792,0.00,964,173
1178894,0.00,965,170
1178995,0.00,964,173
1179096,0.00,963,177
1179197,0.00,962,180
1179298,0.00,963,177
1179400,0.00,963,177
1179501,0.00,962,180
1179602,0.00,964,173
1179704,0.00,962,180
1179804,0.00,964,173
1179906,0.00,966,167
1180007,0.00,964,173
1180108,0.00,964,173
1180210,0.00,964,173
1180311,0.00,964,173
1180412,0.00,961,183
1180514,0.00,965,170
1180614,0.00,964,173
1180716,0.00,964,173
1180817,0.00,964,173
1180918,0.00,962,180
1181020,0.00,961,183
1181121,0.00,964,173
1181222,0.00,962,180
1181324,0.00,963,177
1181424,0.00,962,180
1181526,0.00,965,170
1181627,0.00,961,183
1181728,0.00,962,180
1181830,0.00,963,177
1181931,0.00,964,173
1182032,0.00,962,180
1182133,0.00,963,177
1182234,0.00,963,177
1182336,0.00,964,173
1182437,0.00,962,180
1182538,0.00,959,189
1182640,0.00,965,170
1182741,0.00,964,173
1182842,0.00,963,177
1182943,0.00,964,173
1183044,0.00,964,173
1183145,0.00,964,173
1183247,0.00,962,180
1183348,0.00,961,183
1183450,0.00,964,173
1183551,0.00,964,173
1183651,0.00,963,177
1183753,0.00,963,177
1183854,0.00,961,183
1183955,0.00,964,173
1184057,0.00,962,180
1184158,0.00,962,180
1184260,0.00,964,173
1184361,0.00,963,177
1184461,0.00,963,177
1184563,0.00,963,177
1184664,0.00,964,173
1184765,0.00,961,183
1184867,0.00,965,170
1184968,0.00,961,183
1185070,0.00,962,180
1185170,0.00,963,177
1185271,0.00,965,170
1185373,0.00,961,183
1185474,0.00,962,180
1185575,0.00,963,177
1185677,0.00,963,177
1185778,0.00,963,177
1185880,0.00,965,170
1185980,0.00,964,173
1186081,0.00,962,180
1186183,0.00,964,173
1186284,0.00,961,183
1186385,0.00,963,177
1186487,0.00,964,173
1186588,0.00,963,177
1186690,0.00,963,177
1186790,0.00,964,173
1186891,0.00,963,177
1186993,0.00,965,170
1187094,0.00,963,177
1187195,0.00,963,177
1187297,0.00,962,180
1187398,0.00,966,167
1187499,0.00,962,180
1187600,0.00,963,177
1187701,0.00,961,183
1187803,0.00,964,173
1187904,0.00,965,170
1188005,0.00,963,177
1188107,0.00,962,180
1188208,0.00,963,177
1188308,0.00,964,173
1188410,0.00,963,177
1188511,0.00,964,173
1188613,0.00,961,183
1188714,0.00,965,170
1188815,0.00,964,173
1188917,0.00,966,167
1189017,0.00,962,180
1189118,0.00,964,173
1189220,0.00,964,173
1189321,0.00,963,177
1189423,0.00,964,173
1189524,0.00,965,170
1189625,0.00,964,173
1189727,0.00,960,186
1189827,0.00,961,183
1189928,0.00,962,180
1190030,0.00,963,177
1190131,0.00,962,180
1190233,0.00,961,183
1190334,0.00,965,170
1190435,0.00,963,177
1190536,0.00,965,170
1190637,0.00,964,173
1190738,0.00,962,180
1190840,0.00,963,177
1190941,0.00,965,170
1191043,0.00,961,183
1191144,0.00,961,183
1191245,0.00,963,177
1191346,0.00,962,180
1191447,0.00,963,177
1191548,0.00,964,173
1191650,0.00,965,170
1191751,0.00,964,173
1191853,0.00,965,170
1191954,0.00,962,180
1192055,0.00,962,180
1192156,0.00,965,170
1192257,0.00,962,180
1192358,0.00,964,173
1192460,0.00,965,170
1192561,0.00,965,170
1192663,0.00,963,177
1192764,0.00,964,173
1192864,0.00,962,180
1192966,0.00,965,170
1193067,0.00,962,180
1193168,0.00,961,183
1193270,0.00,964,173
1193371,0.00,965,170
1193473,0.00,964,173
1193574,0.00,965,170
1193674,0.00,964,173
1193776,0.00,961,183
1193877,0.00,964,173
1193978,0.00,965,170
1194080,0.00,963,177
1194181,0.00,965,170
1194283,0.00,963,177
1194383,0.00,962,180
1194484,0.00,965,170
1194586,0.00,963,177
1194687,0.00,965,170
1194788,0.00,963,177
1194890,0.00,963,177
1194991,0.00,964,173
1195092,0.00,962,180
1195193,0.00,965,170
1195294,0.00,965,170
1195396,0.00,963,177
1195497,0.00,962,180
1195598,0.00,964,173
1195700,0.00,965,170
1195801,0.00,963,177
1195901,0.00,961,183
1196003,0.00,963,177
1196104,0.00,965,170
1196206,0.00,965,170
1196307,0.00,964,173
1196408,0.00,964,173
1196510,0.00,962,180
1196611,0.00,963,177
1196711,0.00,965,170
1196813,0.00,963,177
1196914,0.00,964,173
1197016,0.00,964,173
1197117,0.00,964,173
1197218,0.00,963,177
1197320,0.00,963,177
1197421,0.00,965,170
1197521,0.00,963,177
1197623,0.00,963,177
1197724,0.00,964,173
1197826,0.00,960,186
1197927,0.00,965,170
1198028,0.00,963,177
1198130,0.00,965,170
1198230,0.00,963,177
1198331,0.00,964,173
1198433,0.00,964,173
1198534,0.00,963,177
1198636,0.00,964,173
1198737,0.00,961,183
1198838,0.00,965,170
1198940,0.00,965,170
1199040,0.00,964,173
1199141,0.00,964,173
1199243,0.00,964,173
1199344,0.00,964,173
1199446,0.00,963,177
1199547,0.00,963,177
1199648,0.00,963,177
1199749,0.00,963,177
1199850,0.00,965,170
1199951,0.00,966,167
1200053,0.00,963,177
1200154,0.00,963,177
1200256,0.00,964,173
1200357,0.00,964,173
1200458,0.00,964,173
1200559,0.00,963,177
1200660,0.00,964,173
1200761,0.00,963,177
1200863,0.00,963,177
1200964,0.00,962,180
1201065,0.00,964,173
1201167,0.00,965,170
1201268,0.00,965,170
1201369,0.00,964,173
1201470,0.00,963,177
1201571,0.00,962,180
1201673,0.00,964,173
1201774,0.00,965,170
1201875,0.00,966,167
1201977,0.00,965,170
1202077,0.00,966,167
1202179,0.00,964,173
1202280,0.00,964,173
1202381,0.00,964,173
1202483,0.00,963,177
1202584,0.00,964,173
1202685,0.00,963,177
1202787,0.00,964,173
1202887,0.00,963,177
1202989,0.00,964,173
1203090,0.00,964,173
1203191,0.00,964,173
1203293,0.00,963,177
1203394,0.00,964,173
1203495,0.00,963,177
1203596,0.00,966,167
1203697,0.00,962,180
1203799,0.00,963,177
1203900,0.00,963,177
1204001,0.00,963,177
1204103,0.00,964,173
1204204,0.00,963,177
1204305,0.00,965,170
1204406,0.00,963,177
1204507,0.00,964,173
1204609,0.00,966,167
1204710,0.00,960,186
1204811,0.00,966,167
1204913,0.00,963,177
1205014,0.00,963,177
1205114,0.00,965,170
1205216,0.00,963,177
1205317,0.00,963,177
1205419,0.00,965,170
1205520,0.00,965,170
1205621,0.00,965,170
1205723,0.00,964,173
1205824,0.00,966,167
1205924,0.00,963,177
1206026,0.00,964,173
1206127,0.00,962,180
1206228,0.00,965,170
1206330,0.00,964,173
1206431,0.00,964,173
1206533,0.00,964,173
1206634,0.00,964,173
1206734,0.00,965,170
1206836,0.00,963,177
1206937,0.00,964,173
1207038,0.00,963,177
# load_kg=2004.00
1207141,2004.00,964,173
1207242,2004.00,963,177
1207344,2004.00,961,183
1207445,2004.00,966,167
1207546,2004.00,964,173
1207648,2004.00,964,173
1207749,2004.00,963,177
1207851,2004.00,963,177
1207952,2004.00,963,177
1208053,2004.00,966,167
1208155,2004.00,964,173
1208256,2004.00,964,173
1208357,2004.00,963,177
1208459,2004.00,965,170
1208560,2004.00,963,177
1208662,2004.00,965,170
1208763,2004.00,965,170
1208864,2004.00,964,173
1208966,2004.00,962,180
1209067,2004.00,964,173
1209168,2004.00,965,170
1209270,2004.00,963,177
1209371,2004.00,964,173
1209473,2004.00,963,177
1209574,2004.00,963,177
1209675,2004.00,963,177
1209777,2004.00,964,173
1209878,2004.00,964,173
1209980,2004.00,962,180
1210082,2004.00,963,177
1210183,2004.00,963,177
1210285,2004.00,965,170
1210386,2004.00,966,167
1210487,2004.00,964,173
1210589,2004.00,963,177
1210690,2004.00,964,173
1210791,2004.00,964,173
1210893,2004.00,965,170
1210994,2004.00,962,180
1211096,2004.00,964,173
1211197,2004.00,964,173
1211298,2004.00,962,180
1211400,2004.00,965,170
1211501,2004.00,963,177
1211602,2004.00,963,177
1211704,2004.00,966,167
1211805,2004.00,964,173
1211907,2004.00,966,167
1212008,2004.00,965,170
1212109,2004.00,965,170
1212211,2004.00,962,180
1212312,2004.00,964,173
1212413,2004.00,963,177
1212515,2004.00,964,173
1212616,2004.00,965,170
1212718,2004.00,962,180
1212819,2004.00,963,177
1212920,2004.00,963,177
1213023,2004.00,963,177
1213124,2004.00,963,177
1213225,2004.00,963,177
1213327,2004.00,963,177
1213428,2004.00,965,170
1213530,2004.00,964,173
1213631,2004.00,964,173
1213732,2004.00,963,177
1213834,2004.00,964,173
1213935,2004.00,963,177
1214036,2004.00,963,177
1214138,2004.00,964,173
1214239,2004.00,965,170
1214341,2004.00,965,170
1214442,2004.00,963,177
1214543,2004.00,964,173
1214645,2004.00,963,177
1214746,2004.00,963,177
1214848,2004.00,964,173
1214949,2004.00,964,173
1215050,2004.00,966,167
1215152,2004.00,963,177
1215253,2004.00,965,170
1215354,2004.00,964,173
1215456,2004.00,964,173
1215557,2004.00,963,177
1215659,2004.00,964,173
1215760,2004.00,964,173
1215861,2004.00,963,177
1215963,2004.00,965,170
1216065,2004.00,964,173
1216166,2004.00,965,170
1216268,2004.00,963,177
1216369,2004.00,965,170
1216471,2004.00,963,177
1216572,2004.00,963,177
1216673,2004.00,963,177
1216775,2004.00,963,177
1216876,2004.00,965,170
1216977,2004.00,963,177
1217079,2004.00,961,183
1217180,2004.00,963,177
1217282,2004.00,963,177
1217383,2004.00,966,167
1217484,2004.00,964,173
1217586,2004.00,965,170
1217687,2004.00,966,167
1217788,2004.00,965,170
1217890,2004.00,965,170
1217991,2004.00,964,173
1218093,2004.00,966,167
1218194,2004.00,966,167
1218295,2004.00,965,170
1218397,2004.00,965,170
1218498,2004.00,963,177
1218599,2004.00,961,183
1218701,2004.00,964,173
1218802,2004.00,963,177
1218904,2004.00,964,173
1219005,2004.00,964,173
1219106,2004.00,962,180
1219209,2004.00,964,173
1219310,2004.00,965,170
1219411,2004.00,965,170
1219513,2004.00,962,180
1219614,2004.00,964,173
1219716,2004.00,964,173
1219817,2004.00,966,167
1219918,2004.00,964,173
1220020,2004.00,964,173
1220121,2004.00,964,173
1220222,2004.00,965,170
1220324,2004.00,963,177
1220425,2004.00,963,177
1220527,2004.00,967,164
1220628,2004.00,963,177
1220729,2004.00,964,173
1220831,2004.00,964,173
1220932,2004.00,965,170
1221033,2004.00,962,180
1221135,2004.00,966,167
1221236,2004.00,965,170
1221338,2004.00,964,173
1221439,2004.00,964,173
1221540,2004.00,965,170
1221642,2004.00,963,177
1221743,2004.00,966,167
1221844,2004.00,965,170
1221946,2004.00,964,173
1222047,2004.00,963,177
1222149,2004.00,965,170
1222251,2004.00,963,177
1222352,2004.00,964,173
1222454,2004.00,966,167
1222555,2004.00,965,170
1222657,2004.00,965,170
1222758,2004.00,966,167
1222859,2004.00,962,180
1222961,2004.00,965,170
1223062,2004.00,965,170
1223163,2004.00,964,173
1223265,2004.00,964,173
1223366,2004.00,963,177
1223468,2004.00,961,183
1223569,2004.00,964,173
1223670,2004.00,964,173
1223772,2004.00,964,173
1223873,2004.00,963,177
1223974,2004.00,963,177
1224076,2004.00,964,173
1224177,2004.00,966,167
1224279,2004.00,963,177
1224380,2004.00,964,173
1224481,2004.00,964,173
1224583,2004.00,965,170
1224684,2004.00,963,177
1224785,2004.00,964,173
1224887,2004.00,963,177
1224988,2004.00,962,180
1225090,2004.00,965,170
1225191,2004.00,963,177
1225292,2004.00,964,173
1225395,2004.00,966,167
1225496,2004.00,965,170
1225597,2004.00,965,170
1225699,2004.00,961,183
1225800,2004.00,965,170
1225902,2004.00,963,177
1226003,2004.00,965,170
1226104,2004.00,964,173
1226206,2004.00,965,170
1226307,2004.00,962,180
1226408,2004.00,962,180
1226510,2004.00,965,170
1226611,2004.00,965,170
1226713,2004.00,964,173
1226814,2004.00,965,170
1226915,2004.00,965,170
1227017,2004.00,965,170
1227118,2004.00,965,170
1227219,2004.00,965,170
1227321,2004.00,966,167
1227422,2004.00,963,177
1227524,2004.00,965,170
1227625,2004.00,965,170
1227726,2004.00,963,177
1227828,2004.00,964,173
1227929,2004.00,966,167
1228030,2004.00,963,177
1228132,2004.00,965,170
1228233,2004.00,964,173
1228335,2004.00,965,170
1228437,2004.00,964,173
1228538,2004.00,964,173
1228640,2004.00,963,177
1228741,2004.00,959,189
1228843,2004.00,966,167
1228944,2004.00,965,170
1229045,2004.00,964,173
1229147,2004.00,965,170
1229248,2004.00,965,170
1229349,2004.00,962,180
1229451,2004.00,965,170
1229552,2004.00,966,167
1229654,2004.00,965,170
1229755,2004.00,964,173
1229856,2004.00,966,167
1229958,2004.00,965,170
1230059,2004.00,966,167
1230160,2004.00,965,170
1230262,2004.00,965,170
1230363,2004.00,963,177
1230465,2004.00,965,170
1230566,2004.00,963,177
1230667,2004.00,966,167
1230769,2004.00,965,170
1230870,2004.00,963,177
1230971,2004.00,964,173
1231073,2004.00,965,170
1231174,2004.00,964,173
1231276,2004.00,964,173
1231377,2004.00,966,167
1231478,2004.00,965,170
1231581,2004.00,964,173
1231682,2004.00,964,173
1231783,2004.00,965,170
1231885,2004.00,963,177
1231986,2004.00,963,177
1232088,2004.00,965,170
1232189,2004.00,963,177
1232290,2004.00,967,164
1232392,2004.00,964,173
1232493,2004.00,964,173
1232594,2004.00,964,173
1232696,2004.00,964,173
1232797,2004.00,963,177
1232899,2004.00,963,177
1233000,2004.00,965,170
1233101,2004.00,964,173
1233203,2004.00,964,173
1233304,2004.00,963,177
1233405,2004.00,965,170
1233507,2004.00,965,170
1233608,2004.00,965,170
1233710,2004.00,963,177
1233811,2004.00,965,170
1233912,2004.00,964,173
1234014,2004.00,965,170
1234115,2004.00,964,173
1234216,2004.00,966,167
1234318,2004.00,962,180
1234419,2004.00,964,173
1234521,2004.00,965,170
1234622,2004.00,964,173
1234724,2004.00,965,170
1234826,2004.00,965,170
1234927,2004.00,963,177
1235028,2004.00,964,173
1235130,2004.00,962,180
1235231,2004.00,966,167
1235333,2004.00,963,177
1235434,2004.00,960,186
1235535,2004.00,963,177
1235637,2004.00,966,167
1235738,2004.00,965,170
1235840,2004.00,965,170
1235941,2004.00,966,167
1236042,2004.00,964,173
1236144,2004.00,964,173
1236245,2004.00,965,170
1236346,2004.00,961,183
1236448,2004.00,966,167
1236549,2004.00,963,177
1236651,2004.00,965,170
1236752,2004.00,966,167
1236853,2004.00,965,170
1236955,2004.00,962,180
1237056,2004.00,966,167
1237157,2004.00,964,173
1237259,2004.00,965,170
1237360,2004.00,964,173
1237462,2004.00,966,167
1237563,2004.00,964,173
1237664,2004.00,963,177
1237766,2004.00,966,167
1237868,2004.00,966,167
1237969,2004.00,964,173
1238071,2004.00,968,161
1238172,2004.00,964,173
1238274,2004.00,966,167
1238375,2004.00,966,167
1238476,2004.00,965,170
1238578,2004.00,966,167
1238679,2004.00,963,177
1238780,2004.00,961,183
1238882,2004.00,965,170
1238983,2004.00,963,177
1239085,2004.00,965,170
1239186,2004.00,962,180
1239287,2004.00,963,177
1239389,2004.00,966,167
1239490,2004.00,965,170
1239591,2004.00,963,177
1239693,2004.00,962,180
1239794,2004.00,965,170
1239896,2004.00,965,170
1239997,2004.00,965,170
1240098,2004.00,963,177
1240200,2004.00,963,177
1240301,2004.00,966,167
1240402,2004.00,965,170
1240504,2004.00,966,167
1240605,2004.00,963,177
1240707,2004.00,964,173
1240808,2004.00,965,170
1240909,2004.00,965,170
1241012,2004.00,964,173
1241113,2004.00,964,173
1241214,2004.00,963,177
1241316,2004.00,964,173
1241417,2004.00,963,177
1241519,2004.00,963,177
1241620,2004.00,965,170
1241721,2004.00,965,170
1241823,2004.00,964,173
1241924,2004.00,963,177
1242025,2004.00,965,170
1242127,2004.00,964,173
1242228,2004.00,964,173
1242330,2004.00,966,167
1242431,2004.00,964,173
1242532,2004.00,962,180
1242634,2004.00,965,170
1242735,2004.00,962,180
1242836,2004.00,963,177
1242938,2004.00,965,170
1243039,2004.00,963,177
1243141,2004.00,964,173
1243242,2004.00,963,177
1243343,2004.00,963,177
1243445,2004.00,963,177
1243546,2004.00,964,173
1243648,2004.00,965,170
1243749,2004.00,965,170
1243850,2004.00,963,177
1243952,2004.00,965,170
1244054,2004.00,964,173
1244155,2004.00,965,170
1244257,2004.00,964,173
1244358,2004.00,965,170
1244460,2004.00,963,177
1244561,2004.00,964,173
1244662,2004.00,965,170
1244764,2004.00,963,177
1244865,2004.00,964,173
1244966,2004.00,966,167
1245068,2004.00,964,173
1245169,2004.00,961,183
1245271,2004.00,963,177
1245372,2004.00,964,173
1245473,2004.00,964,173
1245575,2004.00,963,177
1245676,2004.00,968,161
1245777,2004.00,962,180
1245879,2004.00,966,167
1245980,2004.00,964,173
1246082,2004.00,966,167
1246183,2004.00,963,177
1246284,2004.00,963,177
1246386,2004.00,964,173
1246487,2004.00,966,167
1246588,2004.00,964,173
1246690,2004.00,965,170
1246791,2004.00,963,177
1246893,2004.00,963,177
1246994,2004.00,965,170
1247095,2004.00,965,170
1247198,2004.00,966,167
1247299,2004.00,963,177
1247400,2004.00,961,183
1247502,2004.00,966,167
1247603,2004.00,963,177
1247705,2004.00,965,170
1247806,2004.00,963,177
1247907,2004.00,966,167
1248009,2004.00,966,167
1248110,2004.00,964,173
1248211,2004.00,965,170
1248313,2004.00,965,170
1248414,2004.00,964,173
1248516,2004.00,967,164
1248617,2004.00,964,173
1248718,2004.00,964,173
1248820,2004.00,966,167
1248921,2004.00,965,170
1249022,2004.00,962,180
1249124,2004.00,965,170
1249225,2004.00,963,177
1249327,2004.00,965,170
1249428,2004.00,966,167
1249529,2004.00,963,177
1249631,2004.00,964,173
1249732,2004.00,966,167
1249833,2004.00,965,170
1249935,2004.00,965,170
1250036,2004.00,965,170
1250138,2004.00,965,170
1250240,2004.00,965,170
1250341,2004.00,965,170
1250443,2004.00,965,170
1250544,2004.00,967,164
1250646,2004.00,966,167
1250747,2004.00,964,173
1250848,2004.00,964,173
1250950,2004.00,966,167
1251051,2004.00,964,173
1251152,2004.00,967,164
1251254,2004.00,963,177
1251355,2004.00,965,170
1251457,2004.00,965,170
1251558,2004.00,964,173
1251659,2004.00,964,173
1251761,2004.00,963,177
1251862,2004.00,964,173
1251963,2004.00,964,173
1252065,2004.00,964,173
1252166,2004.00,965,170
1252268,2004.00,965,170
1252369,2004.00,962,180
1252470,2004.00,965,170
1252572,2004.00,964,173
1252673,2004.00,964,173
1252774,2004.00,966,167
1252876,2004.00,964,173
1252977,2004.00,963,177
1253079,2004.00,966,167
1253180,2004.00,963,177
1253281,2004.00,966,167
1253384,2004.00,965,170
1253485,2004.00,965,170
1253586,2004.00,965,170
1253688,2004.00,965,170
1253789,2004.00,965,170
1253891,2004.00,965,170
1253992,2004.00,965,170
1254093,2004.00,964,173
1254195,2004.00,964,173
1254296,2004.00,964,173
1254397,2004.00,963,177
1254499,2004.00,966,167
1254600,2004.00,963,177
1254702,2004.00,965,170
1254803,2004.00,961,183
1254904,2004.00,965,170
1255006,2004.00,964,173
1255107,2004.00,966,167
1255208,2004.00,965,170
1255310,2004.00,964,173
1255411,2004.00,964,173
1255513,2004.00,965,170
1255614,2004.00,965,170
1255715,2004.00,964,173
1255817,2004.00,965,170
1255918,2004.00,964,173
1256019,2004.00,966,167
1256121,2004.00,965,170
1256222,2004.00,965,170
1256324,2004.00,963,177
1256425,2004.00,966,167
1256527,2004.00,964,173
1256629,2004.00,964,173
1256730,2004.00,965,170
1256832,2004.00,963,177
1256933,2004.00,965,170
1257034,2004.00,965,170
1257136,2004.00,965,170
1257237,2004.00,964,173
1257338,2004.00,965,170
1257440,2004.00,965,170
1257541,2004.00,964,173
1257643,2004.00,963,177
1257744,2004.00,963,177
1257845,2004.00,963,177
1257947,2004.00,965,170
1258048,2004.00,966,167
1258149,2004.00,964,173
1258251,2004.00,966,167
1258352,2004.00,963,177
1258454,2004.00,965,170
1258555,2004.00,964,173
1258656,2004.00,964,173
1258758,2004.00,963,177
1258859,2004.00,964,173
1258960,2004.00,964,173
1259062,2004.00,966,167
1259163,2004.00,963,177
1259265,2004.00,964,173
1259366,2004.00,963,177
1259467,2004.00,964,173
1259570,2004.00,965,170
1259671,2004.00,965,170
1259772,2004.00,961,183
1259874,2004.00,966,167
1259975,2004.00,965,170
1260077,2004.00,964,173
1260178,2004.00,963,177
1260279,2004.00,964,173
1260381,2004.00,965,170
1260482,2004.00,966,167
1260583,2004.00,963,177
1260685,2004.00,966,167
1260786,2004.00,964,173
1260888,2004.00,965,170
1260989,2004.00,966,167
1261090,2004.00,965,170
1261192,2004.00,965,170
1261293,2004.00,965,170
1261394,2004.00,961,183
1261496,2004.00,965,170
1261597,2004.00,966,167
1261699,2004.00,964,173
1261800,2004.00,964,173
1261901,2004.00,963,177
1262003,2004.00,965,170
1262104,2004.00,966,167
1262205,2004.00,964,173
1262307,2004.00,964,173
1262408,2004.00,961,183
1262510,2004.00,963,177
1262611,2004.00,965,170
1262713,2004.00,963,177
1262815,2004.00,966,167
1262916,2004.00,963,177
1263017,2004.00,962,180
1263119,2004.00,965,170
1263220,2004.00,965,170
1263322,2004.00,965,170
1263423,2004.00,963,177
1263524,2004.00,966,167
1263626,2004.00,965,170
1263727,2004.00,964,173
1263828,2004.00,964,173
1263930,2004.00,965,170
1264031,2004.00,963,177
1264133,2004.00,965,170
1264234,2004.00,963,177
1264335,2004.00,963,177
1264437,2004.00,965,170
1264538,2004.00,966,167
1264640,2004.00,965,170
1264741,2004.00,965,170
1264842,2004.00,966,167
1264944,2004.00,963,177
1265045,2004.00,965,170
1265146,2004.00,964,173
1265248,2004.00,962,180
1265349,2004.00,964,173
1265451,2004.00,963,177
1265552,2004.00,963,177
1265653,2004.00,963,177
1265755,2004.00,964,173
1265857,2004.00,966,167
1265958,2004.00,964,173
1266060,2004.00,963,177
1266161,2004.00,967,164
1266263,2004.00,964,173
1266364,2004.00,964,173
1266465,2004.00,965,170
1266567,2004.00,966,167
1266668,2004.00,965,170
1266769,2004.00,966,167
1266871,2004.00,963,177
1266972,2004.00,965,170
1267074,2004.00,964,173
1267175,2004.00,963,177
1267276,2004.00,965,170
1267378,2004.00,963,177
1267479,2004.00,965,170
1267580,2004.00,966,167
1267682,2004.00,965,170
1267783,2004.00,963,177
1267885,2004.00,967,164
1267986,2004.00,964,173
1268087,2004.00,963,177
1268189,2004.00,966,167
1268290,2004.00,965,170
1268391,2004.00,964,173
1268493,2004.00,963,177
1268594,2004.00,964,173
1268696,2004.00,966,167
1268797,2004.00,965,170
1268898,2004.00,966,167
1269001,2004.00,965,170
1269102,2004.00,965,170
1269203,2004.00,963,177
1269305,2004.00,966,167
1269406,2004.00,963,177
1269508,2004.00,964,173
1269609,2004.00,964,173
1269710,2004.00,963,177
1269812,2004.00,963,177
1269913,2004.00,965,170
1270014,2004.00,964,173
1270116,2004.00,964,173
1270217,2004.00,965,170
1270319,2004.00,963,177
1270420,2004.00,961,183
1270521,2004.00,966,167
1270623,2004.00,963,177
1270724,2004.00,964,173
1270825,2004.00,965,170
1270927,2004.00,965,170
1271028,2004.00,964,173
1271130,2004.00,964,173
1271231,2004.00,965,170
1271332,2004.00,964,173
1271434,2004.00,965,170
1271535,2004.00,964,173
1271636,2004.00,967,164
1271738,2004.00,967,164
1271839,2004.00,965,170
1271941,2004.00,966,167
1272043,2004.00,963,177
1272144,2004.00,964,173
1272246,2004.00,963,177
1272347,2004.00,963,177
1272449,2004.00,963,177
1272550,2004.00,965,170
1272651,2004.00,965,170
1272753,2004.00,963,177
1272854,2004.00,961,183
1272955,2004.00,963,177
1273057,2004.00,965,170
1273158,2004.00,966,167
1273260,2004.00,963,177
1273361,2004.00,963,177
1273462,2004.00,963,177
1273564,2004.00,966,167
1273665,2004.00,964,173
1273766,2004.00,964,173
1273868,2004.00,966,167
1273969,2004.00,965,170
1274071,2004.00,963,177
1274172,2004.00,966,167
1274273,2004.00,965,170
1274375,2004.00,966,167
1274476,2004.00,964,173
1274577,2004.00,965,170
1274679,2004.00,964,173
1274780,2004.00,965,170
1274882,2004.00,963,177
1274983,2004.00,965,170
1275084,2004.00,964,173
1275187,2004.00,965,170
1275288,2004.00,963,177
1275389,2004.00,965,170
1275491,2004.00,965,170
1275592,2004.00,963,177
1275694,2004.00,966,167
1275795,2004.00,965,170
1275896,2004.00,963,177
1275998,2004.00,963,177
1276099,2004.00,962,180
1276200,2004.00,964,173
1276302,2004.00,965,170
1276403,2004.00,964,173
1276505,2004.00,963,177
1276606,2004.00,963,177
1276707,2004.00,965,170
1276809,2004.00,963,177
1276910,2004.00,965,170
1277011,2004.00,966,167
1277113,2004.00,963,177
1277214,2004.00,963,177
1277316,2004.00,966,167
1277417,2004.00,963,177
1277518,2004.00,965,170
1277620,2004.00,965,170
1277721,2004.00,966,167
1277822,2004.00,965,170
1277924,2004.00,965,170
1278025,2004.00,964,173
1278127,2004.00,963,177
1278229,2004.00,966,167
1278330,2004.00,965,170
1278432,2004.00,963,177
1278533,2004.00,963,177
1278635,2004.00,965,170
1278736,2004.00,964,173
1278837,2004.00,964,173
1278939,2004.00,965,170
1279040,2004.00,964,173
1279141,2004.00,965,170
1279243,2004.00,965,170
1279344,2004.00,964,173
1279446,2004.00,965,170
1279547,2004.00,964,173
1279648,2004.00,964,173
1279750,2004.00,964,173
1279851,2004.00,963,177
1279952,2004.00,965,170
1280054,2004.00,966,167
1280155,2004.00,964,173
1280257,2004.00,966,167
1280358,2004.00,966,167
1280459,2004.00,964,173
1280561,2004.00,965,170
1280662,2004.00,964,173
1280763,2004.00,965,170
1280865,2004.00,965,170
1280966,2004.00,963,177
1281068,2004.00,965,170
1281169,2004.00,966,167
1281271,2004.00,962,180
1281373,2004.00,964,173
1281474,2004.00,966,167
1281575,2004.00,966,167
1281677,2004.00,963,177
1281778,2004.00,965,170
1281880,2004.00,963,177
1281981,2004.00,967,164
1282082,2004.00,965,170
1282184,2004.00,965,170
1282285,2004.00,965,170
1282386,2004.00,966,167
1282488,2004.00,965,170
1282589,2004.00,966,167
1282691,2004.00,963,177
1282792,2004.00,964,173
1282893,2004.00,963,177
1282995,2004.00,965,170
1283096,2004.00,966,167
1283197,2004.00,965,170
1283299,2004.00,963,177
1283400,2004.00,964,173
1283502,2004.00,965,170
1283603,2004.00,964,173
1283704,2004.00,965,170
1283806,2004.00,966,167
1283907,2004.00,964,173
1284008,2004.00,966,167
1284110,2004.00,963,177
1284211,2004.00,965,170
1284313,2004.00,963,177
1284415,2004.00,965,170
1284516,2004.00,965,170
1284618,2004.00,964,173
1284719,2004.00,965,170
1284820,2004.00,964,173
1284922,2004.00,966,167
1285023,2004.00,966,167
1285125,2004.00,964,173
1285226,2004.00,963,177
1285327,2004.00,965,170
1285429,2004.00,964,173
1285530,2004.00,963,177
1285632,2004.00,966,167
1285733,2004.00,965,170
1285834,2004.00,965,170
1285936,2004.00,966,167
1286037,2004.00,963,177
1286138,2004.00,968,161
1286240,2004.00,964,173
1286341,2004.00,964,173
1286443,2004.00,963,177
1286544,2004.00,964,173
1286645,2004.00,966,167
1286747,2004.00,967,164
1286848,2004.00,963,177
1286949,2004.00,966,167
1287051,2004.00,965,170
1287152,2004.00,965,170
1287254,2004.00,964,173
1287355,2004.00,965,170
1287457,2004.00,965,170
1287559,2004.00,963,177
1287660,2004.00,963,177
1287761,2004.00,966,167
1287863,2004.00,964,173
1287964,2004.00,965,170
1288066,2004.00,963,177
1288167,2004.00,966,167
1288268,2004.00,964,173
1288370,2004.00,964,173
1288471,2004.00,965,170
1288572,2004.00,966,167
1288674,2004.00,965,170
1288775,2004.00,965,170
1288877,2004.00,963,177
1288978,2004.00,963,177
1289079,2004.00,966,167
1289181,2004.00,966,167
1289282,2004.00,963,177
1289383,2004.00,965,170
1289485,2004.00,963,177
1289586,2004.00,964,173
1289688,2004.00,965,170
1289789,2004.00,964,173
1289890,2004.00,965,170
1289992,2004.00,963,177
1290093,2004.00,963,177
1290194,2004.00,965,170
1290296,2004.00,966,167
1290397,2004.00,964,173
1290499,2004.00,966,167
1290601,2004.00,966,167
1290702,2004.00,966,167
1290804,2004.00,964,173
1290905,2004.00,965,170
1291006,2004.00,963,177
1291108,2004.00,963,177
1291209,2004.00,966,167
1291311,2004.00,963,177
1291412,2004.00,964,173
1291513,2004.00,965,170
1291615,2004.00,965,170
1291716,2004.00,966,167
1291817,2004.00,963,177
1291919,2004.00,964,173
1292020,2004.00,964,173
1292122,2004.00,963,177
1292223,2004.00,965,170
1292324,2004.00,964,173
1292426,2004.00,966,167
1292527,2004.00,966,167
1292628,2004.00,966,167
1292730,2004.00,963,177
1292831,2004.00,967,164
1292933,2004.00,964,173
1293034,2004.00,966,167
1293135,2004.00,965,170
1293237,2004.00,963,177
1293338,2004.00,965,170
1293440,2004.00,965,170
1293541,2004.00,966,167
1293643,2004.00,963,177
1293745,2004.00,965,170
1293846,2004.00,966,167
1293947,2004.00,968,161
1294049,2004.00,962,180
1294150,2004.00,963,177
1294252,2004.00,966,167
1294353,2004.00,963,177
1294454,2004.00,964,173
1294556,2004.00,965,170
1294657,2004.00,964,173
1294758,2004.00,965,170
1294860,2004.00,962,180
1294961,2004.00,966,167
1295063,2004.00,965,170
1295164,2004.00,966,167
1295265,2004.00,966,167
1295367,2004.00,965,170
1295468,2004.00,963,177
1295569,2004.00,963,177
1295671,2004.00,966,167
1295772,2004.00,965,170
1295874,2004.00,966,167
1295975,2004.00,966,167
1296076,2004.00,964,173
1296178,2004.00,964,173
1296279,2004.00,966,167
1296380,2004.00,966,167
1296482,2004.00,965,170
1296583,2004.00,965,170
1296685,2004.00,966,167
1296787,2004.00,965,170
1296888,2004.00,965,170
# load_kg=0.00
1296990,0.00,964,173
1297091,0.00,961,183
1297192,0.00,964,173
1297294,0.00,963,177
1297395,0.00,965,170
1297496,0.00,965,170
1297597,0.00,964,173
1297698,0.00,962,180
1297800,0.00,965,170
1297901,0.00,963,177
1298002,0.00,966,167
1298104,0.00,967,164
1298205,0.00,966,167
1298306,0.00,965,170
1298407,0.00,963,177
1298508,0.00,965,170
1298610,0.00,963,177
1298711,0.00,966,167
1298812,0.00,965,170
1298914,0.00,963,177
1299015,0.00,965,170
1299116,0.00,964,173
1299217,0.00,964,173
1299318,0.00,966,167
1299420,0.00,965,170
1299521,0.00,963,177
1299622,0.00,966,167
1299724,0.00,964,173
1299824,0.00,965,170
1299926,0.00,966,167
1300027,0.00,966,167
1300128,0.00,962,180
1300230,0.00,964,173
1300331,0.00,963,177
1300432,0.00,965,170
1300534,0.00,965,170
1300634,0.00,966,167
1300736,0.00,963,177
1300837,0.00,964,173
1300938,0.00,965,170
1301040,0.00,965,170
1301141,0.00,965,170
1301242,0.00,966,167
1301343,0.00,965,170
1301444,0.00,965,170
1301545,0.00,963,177
1301647,0.00,966,167
1301748,0.00,965,170
1301850,0.00,965,170
1301951,0.00,962,180
1302052,0.00,964,173
1302153,0.00,964,173
1302254,0.00,965,170
1302355,0.00,964,173
1302457,0.00,964,173
1302558,0.00,962,180
1302660,0.00,962,180
1302761,0.00,963,177
1302861,0.00,963,177
1302963,0.00,964,173
1303064,0.00,964,173
1303165,0.00,961,183
1303267,0.00,964,173
1303368,0.00,963,177
1303470,0.00,963,177
1303571,0.00,965,170
1303671,0.00,964,173
1303773,0.00,964,173
1303874,0.00,963,177
1303975,0.00,965,170
1304077,0.00,962,180
1304178,0.00,964,173
1304280,0.00,966,167
1304381,0.00,963,177
1304481,0.00,963,177
1304583,0.00,964,173
1304684,0.00,961,183
1304785,0.00,964,173
1304887,0.00,965,170
1304988,0.00,963,177
1305090,0.00,965,170
1305190,0.00,963,177
1305291,0.00,962,180
1305393,0.00,964,173
1305494,0.00,965,170
1305595,0.00,961,183
1305697,0.00,962,180
1305798,0.00,965,170
1305900,0.00,963,177
1306000,0.00,965,170
1306101,0.00,965,170
1306203,0.00,959,189
1306304,0.00,964,173
1306405,0.00,966,167
1306507,0.00,963,177
1306608,0.00,963,177
1306708,0.00,966,167
1306810,0.00,959,189
1306911,0.00,964,173
1307013,0.00,963,177
1307114,0.00,963,177
1307215,0.00,964,173
1307317,0.00,963,177
1307418,0.00,963,177
1307518,0.00,964,173
1307620,0.00,961,183
1307721,0.00,962,180
1307823,0.00,966,167
1307924,0.00,965,170
1308025,0.00,963,177
1308127,0.00,962,180
1308227,0.00,962,180
1308328,0.00,965,170
1308430,0.00,964,173
1308531,0.00,963,177
1308633,0.00,964,173
1308734,0.00,964,173
1308835,0.00,963,177
1308937,0.00,962,180
1309037,0.00,965,170
1309138,0.00,964,173
1309240,0.00,964,173
1309341,0.00,964,173
1309443,0.00,962,180
1309544,0.00,962,180
1309645,0.00,964,173
1309747,0.00,964,173
1309847,0.00,963,177
1309948,0.00,964,173
1310050,0.00,963,177
1310151,0.00,964,173
1310253,0.00,964,173
1310354,0.00,964,173
1310455,0.00,959,189
1310556,0.00,962,180
1310657,0.00,963,177
1310758,0.00,962,180
1310860,0.00,962,180
1310961,0.00,964,173
1311063,0.00,963,177
1311164,0.00,963,177
1311265,0.00,961,183
1311366,0.00,964,173
1311467,0.00,962,180
1311568,0.00,962,180
1311670,0.00,964,173
1311771,0.00,963,177
1311873,0.00,963,177
1311974,0.00,962,180
1312074,0.00,964,173
1312176,0.00,962,180
1312277,0.00,963,177
1312378,0.00,963,177
1312480,0.00,964,173
1312581,0.00,964,173
1312683,0.00,961,183
1312784,0.00,963,177
1312884,0.00,962,180
1312986,0.00,963,177
1313087,0.00,963,177
1313188,0.00,964,173
1313290,0.00,964,173
1313391,0.00,963,177
1313492,0.00,962,180
1313593,0.00,962,180
1313694,0.00,962,180
1313796,0.00,962,180
1313897,0.00,962,180
1313998,0.00,961,183
1314100,0.00,961,183
1314201,0.00,962,180
1314302,0.00,964,173
1314403,0.00,964,173
1314504,0.00,961,183
1314606,0.00,964,173
1314707,0.00,964,173
1314808,0.00,961,183
1314910,0.00,964,173
1315011,0.00,961,183
1315112,0.00,961,183
1315213,0.00,962,180
1315314,0.00,961,183
1315416,0.00,961,183
1315517,0.00,963,177
1315618,0.00,961,183
1315720,0.00,961,183
1315821,0.00,964,173
1315921,0.00,963,177
1316023,0.00,962,180
1316124,0.00,962,180
1316226,0.00,963,177
1316327,0.00,963,177
1316428,0.00,964,173
1316530,0.00,963,177
1316631,0.00,964,173
1316731,0.00,964,173
1316833,0.00,963,177
1316934,0.00,961,183
1317036,0.00,965,170
1317137,0.00,963,177
1317238,0.00,965,170
1317340,0.00,964,173
1317440,0.00,964,173
1317541,0.00,964,173
1317643,0.00,963,177
1317744,0.00,963,177
1317846,0.00,961,183
1317947,0.00,963,177
1318048,0.00,961,183
1318150,0.00,962,180
1318250,0.00,964,173
1318351,0.00,962,180
1318453,0.00,964,173
1318554,0.00,964,173
1318656,0.00,962,180
1318757,0.00,962,180
1318858,0.00,964,173
1318959,0.00,963,177
1319060,0.00,962,180
1319161,0.00,961,183
1319263,0.00,962,180
1319364,0.00,963,177
1319465,0.00,962,180
1319567,0.00,962,180
1319668,0.00,960,186
1319769,0.00,964,173
1319870,0.00,961,183
1319971,0.00,963,177
1320073,0.00,962,180
1320174,0.00,963,177
1320275,0.00,963,177
1320377,0.00,962,180
1320478,0.00,962,180
1320579,0.00,963,177
1320680,0.00,961,183
1320781,0.00,964,173
1320883,0.00,961,183
1320984,0.00,962,180
1321085,0.00,962,180
1321187,0.00,959,189
1321287,0.00,962,180
1321389,0.00,964,173
1321490,0.00,965,170
1321591,0.00,963,177
1321693,0.00,962,180
1321794,0.00,962,180
1321895,0.00,963,177
1321997,0.00,963,177
1322097,0.00,962,180
1322199,0.00,964,173
1322300,0.00,962,180
1322401,0.00,963,177
1322503,0.00,964,173
1322604,0.00,961,183
1322705,0.00,961,183
1322806,0.00,964,173
1322907,0.00,961,183
1323009,0.00,962,180
1323110,0.00,962,180
1323211,0.00,961,183
1323313,0.00,958,192
1323414,0.00,963,177
1323515,0.00,964,173
1323616,0.00,963,177
1323717,0.00,963,177
1323819,0.00,963,177
1323920,0.00,962,180
1324021,0.00,964,173
1324123,0.00,962,180
1324224,0.00,963,177
# load_kg=1804.00
1324325,1804.00,962,180
1324427,1804.00,964,173
1324528,1804.00,963,177
1324630,1804.00,961,183
1324731,1804.00,963,177
1324832,1804.00,964,173
1324935,1804.00,964,173
1325036,1804.00,964,173
1325137,1804.00,961,183
1325239,1804.00,961,183
1325340,1804.00,961,183
1325442,1804.00,966,167
1325543,1804.00,962,180
1325644,1804.00,964,173
1325746,1804.00,964,173
1325847,1804.00,962,180
1325948,1804.00,962,180
1326050,1804.00,962,180
1326151,1804.00,961,183
1326253,1804.00,964,173
1326354,1804.00,963,177
1326455,1804.00,963,177
1326557,1804.00,964,173
1326658,1804.00,962,180
1326759,1804.00,962,180
1326861,1804.00,962,180
1326962,1804.00,965,170
1327064,1804.00,964,173
1327165,1804.00,963,177
1327266,1804.00,963,177
1327368,1804.00,963,177
1327469,1804.00,964,173
1327570,1804.00,962,180
1327672,1804.00,965,170
1327773,1804.00,962,180
1327875,1804.00,962,180
1327976,1804.00,965,170
1328078,1804.00,964,173
1328180,1804.00,964,173
1328281,1804.00,964,173
1328382,1804.00,961,183
1328484,1804.00,961,183
1328585,1804.00,961,183
1328687,1804.00,962,180
1328788,1804.00,963,177
1328889,1804.00,964,173
1328991,1804.00,963,177
1329092,1804.00,962,180
1329193,1804.00,963,177
1329295,1804.00,963,177
1329396,1804.00,963,177
1329498,1804.00,964,173
1329599,1804.00,961,183
1329700,1804.00,963,177
1329802,1804.00,961,183
1329903,1804.00,964,173
1330004,1804.00,965,170
1330106,1804.00,962,180
1330207,1804.00,962,180
1330309,1804.00,963,177
1330410,1804.00,962,180
1330511,1804.00,965,170
1330613,1804.00,964,173
1330714,1804.00,964,173
1330816,1804.00,962,180
1330917,1804.00,963,177
1331018,1804.00,962,180
1331120,1804.00,964,173
1331222,1804.00,963,177
1331323,1804.00,961,183
1331425,1804.00,962,180
1331526,1804.00,963,177
1331628,1804.00,964,173
1331729,1804.00,964,173
1331830,1804.00,964,173
1331932,1804.00,962,180
1332033,1804.00,963,177
1332134,1804.00,962,180
1332236,1804.00,963,177
1332337,1804.00,962,180
1332439,1804.00,964,173
1332540,1804.00,964,173
1332641,1804.00,961,183
1332743,1804.00,962,180
1332844,1804.00,963,177
1332945,1804.00,961,183
1333047,1804.00,964,173
1333148,1804.00,962,180
1333250,1804.00,964,173
1333351,1804.00,961,183
1333452,1804.00,963,177
1333554,1804.00,963,177
1333655,1804.00,964,173
1333756,1804.00,964,173
1333858,1804.00,965,170
1333959,1804.00,961,183
1334061,1804.00,961,183
1334162,1804.00,962,180
1334263,1804.00,964,173
1334365,1804.00,963,177
1334467,1804.00,962,180
1334568,1804.00,962,180
1334670,1804.00,964,173
1334771,1804.00,963,177
1334873,1804.00,962,180
1334974,1804.00,963,177
1335075,1804.00,963,177
1335177,1804.00,960,186
1335278,1804.00,962,180
1335379,1804.00,962,180
1335481,1804.00,965,170
1335582,1804.00,963,177
1335684,1804.00,964,173
1335785,1804.00,959,189
1335886,1804.00,963,177
1335988,1804.00,964,173
1336089,1804.00,961,183
1336190,1804.00,964,173
1336292,1804.00,963,177
1336393,1804.00,962,180
1336495,1804.00,963,177
1336596,1804.00,962,180
1336697,1804.00,962,180
1336799,1804.00,961,183
1336900,1804.00,962,180
1337001,1804.00,963,177
1337103,1804.00,962,180
1337204,1804.00,964,173
1337306,1804.00,963,177
1337407,1804.00,963,177
1337509,1804.00,962,180
1337611,1804.00,964,173
1337712,1804.00,964,173
1337814,1804.00,965,170
1337915,1804.00,962,180
1338016,1804.00,964,173
1338118,1804.00,964,173
1338219,1804.00,961,183
1338320,1804.00,962,180
1338422,1804.00,962,180
1338523,1804.00,964,173
1338625,1804.00,962,180
1338726,1804.00,963,177
1338827,1804.00,958,192
1338929,1804.00,962,180
1339030,1804.00,961,183
1339131,1804.00,963,177
1339233,1804.00,964,173
1339334,1804.00,962,180
1339436,1804.00,965,170
# load_kg=0.00
1339538,0.00,964,173
1339639,0.00,963,177
1339740,0.00,962,180
1339841,0.00,964,173
1339942,0.00,964,173
1340044,0.00,961,183
1340145,0.00,963,177
1340247,0.00,961,183
1340348,0.00,962,180
1340449,0.00,964,173
1340550,0.00,965,170
1340651,0.00,961,183
1340752,0.00,963,177
1340854,0.00,963,177
1340955,0.00,963,177
1341057,0.00,964,173
1341158,0.00,961,183
1341258,0.00,964,173
1341360,0.00,961,183
1341461,0.00,962,180
1341562,0.00,963,177
1341664,0.00,963,177
1341765,0.00,963,177
1341867,0.00,963,177
1341968,0.00,964,173
1342068,0.00,961,183
1342170,0.00,964,173
1342271,0.00,963,177
1342372,0.00,962,180
1342474,0.00,962,180
1342575,0.00,965,170
1342676,0.00,959,189
1342777,0.00,962,180
1342878,0.00,964,173
1342980,0.00,964,173
1343081,0.00,965,170
1343182,0.00,965,170
1343284,0.00,959,189
1343385,0.00,964,173
1343486,0.00,962,180
1343587,0.00,962,180
1343688,0.00,964,173
1343790,0.00,962,180
1343891,0.00,959,189
1343992,0.00,962,180
1344094,0.00,965,170
1344195,0.00,963,177
1344295,0.00,962,180
1344397,0.00,964,173
1344498,0.00,958,192
1344600,0.00,963,177
1344701,0.00,962,180
1344802,0.00,962,180
1344904,0.00,961,183
1345005,0.00,964,173
1345105,0.00,964,173
1345207,0.00,962,180
1345308,0.00,962,180
1345410,0.00,958,192
1345511,0.00,961,183
1345612,0.00,965,170
1345714,0.00,962,180
1345815,0.00,962,180
1345915,0.00,962,180
1346017,0.00,964,173
1346118,0.00,962,180
1346220,0.00,961,183
1346321,0.00,964,173
1346422,0.00,961,183
1346524,0.00,963,177
1346624,0.00,961,183
1346725,0.00,961,183
1346827,0.00,961,183
1346928,0.00,959,189
1347030,0.00,961,183
1347131,0.00,963,177
1347232,0.00,962,180
1347334,0.00,961,183
1347434,0.00,961,183
1347535,0.00,962,180
1347637,0.00,963,177
1347738,0.00,964,173
1347840,0.00,959,189
1347941,0.00,961,183
1348042,0.00,963,177
1348143,0.00,961,183
1348244,0.00,964,173
1348345,0.00,961,183
1348447,0.00,961,183
1348548,0.00,963,177
1348649,0.00,962,180
1348751,0.00,958,192
1348852,0.00,962,180
1348953,0.00,962,180
1349054,0.00,963,177
1349155,0.00,963,177
1349257,0.00,964,173
1349358,0.00,957,195
1349459,0.00,962,180
1349561,0.00,960,186
1349661,0.00,962,180
1349763,0.00,961,183
1349864,0.00,962,180
1349965,0.00,959,189
1350067,0.00,961,183
1350168,0.00,961,183
1350269,0.00,960,186
1350371,0.00,960,186
1350471,0.00,961,183
1350573,0.00,962,180
1350674,0.00,961,183
1350775,0.00,961,183
1350877,0.00,959,189
1350978,0.00,961,183
1351079,0.00,963,177
1351180,0.00,962,180
1351281,0.00,962,180
1351383,0.00,963,177
1351484,0.00,962,180
1351585,0.00,961,183
1351687,0.00,960,186
1351788,0.00,962,180
1351889,0.00,962,180
1351990,0.00,960,186
1352091,0.00,962,180
1352193,0.00,961,183
1352294,0.00,963,177
1352395,0.00,961,183
1352497,0.00,961,183
1352598,0.00,963,177
1352699,0.00,962,180
1352800,0.00,960,186
1352901,0.00,962,180
1353003,0.00,962,180
1353104,0.00,960,186
1353205,0.00,962,180
1353307,0.00,962,180
1353408,0.00,962,180
1353508,0.00,961,183
1353610,0.00,961,183
1353711,0.00,962,180
1353812,0.00,961,183
1353914,0.00,960,186
1354015,0.00,961,183
1354117,0.00,962,180
1354218,0.00,962,180
1354318,0.00,961,183
1354420,0.00,960,186
1354521,0.00,962,180
1354622,0.00,960,186
1354724,0.00,961,183
1354825,0.00,961,183
1354927,0.00,960,186
1355027,0.00,964,173
1355128,0.00,962,180
1355230,0.00,962,180
1355331,0.00,962,180
1355432,0.00,962,180
1355534,0.00,962,180
1355635,0.00,962,180
1355737,0.00,962,180
1355837,0.00,961,183
1355938,0.00,962,180
1356040,0.00,959,189
1356141,0.00,959,189
1356242,0.00,958,192
1356344,0.00,960,186
1356445,0.00,958,192
1356546,0.00,960,186
1356647,0.00,959,189
1356748,0.00,957,195
1356850,0.00,959,189
1356951,0.00,958,192
1357052,0.00,959,189
1357154,0.00,957,195
1357255,0.00,959,189
1357356,0.00,960,186
1357457,0.00,959,189
1357558,0.00,959,189
1357660,0.00,957,195
1357761,0.00,959,189
1357862,0.00,960,186
1357964,0.00,959,189
1358065,0.00,960,186
1358166,0.00,961,183
1358267,0.00,958,192
1358368,0.00,960,186
1358470,0.00,959,189
1358571,0.00,960,186
1358672,0.00,960,186
1358774,0.00,958,192
1358874,0.00,957,195
1358976,0.00,959,189
1359077,0.00,959,189
1359178,0.00,956,199
1359280,0.00,957,195
1359381,0.00,959,189
1359482,0.00,957,195
1359584,0.00,959,189
1359684,0.00,958,192
1359785,0.00,955,202
1359887,0.00,961,183
1359988,0.00,959,189
1360090,0.00,960,186
1360191,0.00,960,186
1360292,0.00,960,186
1360393,0.00,959,189
1360494,0.00,959,189
1360595,0.00,960,186
1360697,0.00,958,192
1360798,0.00,960,186
1360900,0.00,962,180
1361001,0.00,959,189
1361102,0.00,962,180
1361203,0.00,959,189
1361304,0.00,961,183
1361405,0.00,958,192
1361507,0.00,960,186
1361608,0.00,959,189
1361710,0.00,958,192
1361811,0.00,958,192
1361911,0.00,959,189
1362013,0.00,958,192
1362114,0.00,959,189
1362215,0.00,958,192
1362317,0.00,958,192
1362418,0.00,962,180
1362520,0.00,958,192
1362621,0.00,960,186
1362721,0.00,959,189
1362823,0.00,960,186
1362924,0.00,960,186
1363025,0.00,962,180
1363127,0.00,960,186
1363228,0.00,959,189
1363330,0.00,960,186
1363431,0.00,959,189
1363531,0.00,958,192
1363633,0.00,959,189
1363734,0.00,961,183
1363835,0.00,960,186
1363937,0.00,961,183
1364038,0.00,960,186
1364140,0.00,959,189
1364240,0.00,958,192
1364341,0.00,958,192
1364443,0.00,960,186
1364544,0.00,960,186
1364645,0.00,959,189
1364747,0.00,960,186
1364848,0.00,958,192
1364950,0.00,958,192
1365050,0.00,958,192
1365151,0.00,959,189
1365253,0.00,959,189
1365354,0.00,958,192
1365455,0.00,959,189
1365557,0.00,961,183
1365658,0.00,957,195
1365758,0.00,960,186
1365860,0.00,960,186
1365961,0.00,960,186
1366063,0.00,959,189
1366164,0.00,961,183
1366265,0.00,958,192
1366367,0.00,961,183
1366468,0.00,958,192
1366568,0.00,957,195
1366670,0.00,960,186
1366771,0.00,959,189
1366873,0.00,959,189
1366974,0.00,958,192
1367075,0.00,959,189
1367177,0.00,958,192
1367277,0.00,958,192
1367378,0.00,961,183
1367480,0.00,959,189
1367581,0.00,959,189
1367683,0.00,961,183
1367784,0.00,959,189
# load_kg=1604.00
1367885,1604.00,959,189
1367988,1604.00,959,189
1368089,1604.00,960,186
1368190,1604.00,961,183
1368292,1604.00,957,195
1368393,1604.00,960,186
1368495,1604.00,958,192
1368596,1604.00,961,183
1368697,1604.00,959,189
1368799,1604.00,960,186
1368900,1604.00,960,186
1369001,1604.00,959,189
1369103,1604.00,959,189
1369204,1604.00,958,192
1369306,1604.00,962,180
1369407,1604.00,959,189
1369508,1604.00,959,189
1369610,1604.00,961,183
1369711,1604.00,959,189
1369812,1604.00,956,199
1369914,1604.00,960,186
1370015,1604.00,960,186
1370117,1604.00,959,189
1370218,1604.00,961,183
1370319,1604.00,960,186
1370421,1604.00,960,186
1370522,1604.00,959,189
1370624,1604.00,960,186
1370725,1604.00,959,189
1370826,1604.00,959,189
1370928,1604.00,959,189
1371029,1604.00,958,192
1371131,1604.00,960,186
1371233,1604.00,958,192
1371334,1604.00,962,180
1371436,1604.00,959,189
1371537,1604.00,960,186
1371638,1604.00,959,189
1371740,1604.00,960,186
1371841,1604.00,958,192
1371942,1604.00,961,183
1372044,1604.00,958,192
1372145,1604.00,959,189
1372247,1604.00,959,189
1372348,1604.00,961,183
1372449,1604.00,960,186
1372551,1604.00,959,189
1372652,1604.00,960,186
1372753,1604.00,959,189
1372855,1604.00,957,195
1372956,1604.00,958,192
1373058,1604.00,958,192
1373159,1604.00,957,195
1373260,1604.00,961,183
1373362,1604.00,959,189
1373463,1604.00,959,189
1373564,1604.00,959,189
1373666,1604.00,961,183
1373767,1604.00,960,186
1373869,1604.00,958,192
1373970,1604.00,960,186
1374071,1604.00,956,199
1374173,1604.00,959,189
1374275,1604.00,958,192
1374376,1604.00,960,186
1374478,1604.00,959,189
1374579,1604.00,959,189
1374681,1604.00,958,192
1374782,1604.00,958,192
1374883,1604.00,961,183
1374985,1604.00,961,183
1375086,1604.00,959,189
1375187,1604.00,962,180
1375289,1604.00,958,192
1375390,1604.00,959,189
1375492,1604.00,958,192
1375593,1604.00,957,195
1375694,1604.00,959,189
1375796,1604.00,960,186
1375897,1604.00,959,189
1375998,1604.00,957,195
1376100,1604.00,960,186
1376201,1604.00,959,189
1376303,1604.00,961,183
1376404,1604.00,959,189
1376505,1604.00,959,189
1376607,1604.00,958,192
1376708,1604.00,959,189
1376809,1604.00,961,183
1376911,1604.00,959,189
1377012,1604.00,960,186
1377114,1604.00,960,186
1377215,1604.00,959,189
1377317,1604.00,958,192
1377419,1604.00,959,189
1377520,1604.00,958,192
1377622,1604.00,959,189
1377723,1604.00,959,189
1377824,1604.00,961,183
1377926,1604.00,958,192
1378027,1604.00,958,192
1378128,1604.00,959,189
1378230,1604.00,960,186
1378331,1604.00,959,189
1378433,1604.00,957,195
1378534,1604.00,958,192
1378635,1604.00,960,186
1378737,1604.00,959,189
1378838,1604.00,961,183
1378939,1604.00,957,195
1379041,1604.00,962,180
1379142,1604.00,959,189
1379244,1604.00,959,189
1379345,1604.00,959,189
1379446,1604.00,961,183
1379548,1604.00,959,189
1379649,1604.00,960,186
1379750,1604.00,959,189
1379852,1604.00,960,186
1379953,1604.00,961,183
1380055,1604.00,960,186
1380156,1604.00,961,183
1380257,1604.00,961,183
1380359,1604.00,961,183
1380461,1604.00,960,186
1380562,1604.00,958,192
1380664,1604.00,960,186
1380765,1604.00,959,189
1380867,1604.00,957,195
1380968,1604.00,959,189
1381069,1604.00,958,192
1381171,1604.00,959,189
1381272,1604.00,961,183
1381373,1604.00,960,186
1381475,1604.00,959,189
1381576,1604.00,957,195
1381678,1604.00,960,186
1381779,1604.00,959,189
1381880,1604.00,958,192
1381982,1604.00,959,189
1382083,1604.00,960,186
1382184,1604.00,959,189
1382286,1604.00,960,186
1382387,1604.00,960,186
1382489,1604.00,960,186
1382590,1604.00,960,186
1382691,1604.00,959,189
1382793,1604.00,957,195
1382894,1604.00,959,189
1382995,1604.00,957,195
1383097,1604.00,959,189
1383198,1604.00,960,186
1383300,1604.00,960,186
1383401,1604.00,958,192
1383502,1604.00,960,186
1383605,1604.00,959,189
1383706,1604.00,959,189
1383808,1604.00,958,192
1383909,1604.00,959,189
1384010,1604.00,957,195
1384112,1604.00,960,186
1384213,1604.00,958,192
1384314,1604.00,961,183
1384416,1604.00,957,195
1384517,1604.00,958,192
1384619,1604.00,960,186
1384720,1604.00,958,192
1384821,1604.00,958,192
1384923,1604.00,961,183
1385024,1604.00,959,189
1385125,1604.00,959,189
1385227,1604.00,959,189
1385328,1604.00,960,186
1385430,1604.00,958,192
1385531,1604.00,959,189
1385632,1604.00,961,183
1385734,1604.00,961,183
1385835,1604.00,958,192
1385936,1604.00,960,186
1386038,1604.00,960,186
1386139,1604.00,958,192
1386241,1604.00,960,186
1386342,1604.00,959,189
1386443,1604.00,957,195
1386545,1604.00,958,192
1386646,1604.00,957,195
1386748,1604.00,958,192
1386850,1604.00,957,195
1386951,1604.00,961,183
1387053,1604.00,960,186
1387154,1604.00,958,192
1387255,1604.00,957,195
1387357,1604.00,960,186
1387458,1604.00,960,186
1387559,1604.00,958,192
1387661,1604.00,959,189
1387762,1604.00,960,186
1387864,1604.00,958,192
1387965,1604.00,961,183
1388066,1604.00,959,189
1388168,1604.00,959,189
1388269,1604.00,958,192
1388370,1604.00,959,189
1388472,1604.00,961,183
1388573,1604.00,961,183
1388675,1604.00,955,202
1388776,1604.00,959,189
1388877,1604.00,958,192
1388979,1604.00,958,192
1389080,1604.00,961,183
1389181,1604.00,959,189
1389283,1604.00,958,192
# load_kg=0.00
1389385,0.00,959,189
1389487,0.00,959,189
1389588,0.00,961,183
1389688,0.00,959,189
1389790,0.00,955,202
1389891,0.00,958,192
1389992,0.00,958,192
1390094,0.00,958,192
1390195,0.00,959,189
1390297,0.00,961,183
1390398,0.00,959,189
1390498,0.00,960,186
1390600,0.00,958,192
1390701,0.00,958,192
1390802,0.00,960,186
1390904,0.00,958,192
1391005,0.00,959,189
1391107,0.00,960,186
1391208,0.00,962,180
1391308,0.00,957,195
1391410,0.00,958,192
1391511,0.00,959,189
1391612,0.00,960,186
1391714,0.00,960,186
1391815,0.00,960,186
1391917,0.00,958,192
1392017,0.00,960,186
1392118,0.00,959,189
1392220,0.00,955,202
1392321,0.00,959,189
1392422,0.00,959,189
1392524,0.00,960,186
1392625,0.00,960,186
1392727,0.00,962,180
1392827,0.00,959,189
1392928,0.00,961,183
1393030,0.00,958,192
1393131,0.00,958,192
1393232,0.00,960,186
1393334,0.00,962,180
1393435,0.00,958,192
1393536,0.00,959,189
1393637,0.00,958,192
1393738,0.00,960,186
1393840,0.00,961,183
1393941,0.00,962,180
1394042,0.00,959,189
1394144,0.00,959,189
1394245,0.00,958,192
1394345,0.00,959,189
1394447,0.00,959,189
1394548,0.00,958,192
1394650,0.00,960,186
1394751,0.00,958,192
1394852,0.00,958,192
1394954,0.00,957,195
1395054,0.00,959,189
1395155,0.00,960,186
1395257,0.00,960,186
1395358,0.00,959,189
1395460,0.00,960,186
1395561,0.00,958,192
1395662,0.00,959,189
1395764,0.00,959,189
1395864,0.00,959,189
1395965,0.00,958,192
1396067,0.00,959,189
1396168,0.00,961,183
1396270,0.00,956,199
1396371,0.00,960,186
1396472,0.00,959,189
1396574,0.00,959,189
1396674,0.00,960,186
1396775,0.00,959,189
1396877,0.00,955,202
1396978,0.00,959,189
1397080,0.00,958,192
1397181,0.00,960,186
1397282,0.00,960,186
1397383,0.00,959,189
1397484,0.00,959,189
1397585,0.00,958,192
1397687,0.00,959,189
1397788,0.00,955,202
1397890,0.00,959,189
1397991,0.00,959,189
1398092,0.00,960,186
1398193,0.00,957,195
1398294,0.00,958,192
1398395,0.00,957,195
1398497,0.00,960,186
1398598,0.00,959,189
1398700,0.00,960,186
1398801,0.00,960,186
1398901,0.00,960,186
1399003,0.00,957,195
1399104,0.00,959,189
1399205,0.00,961,183
1399307,0.00,959,189
1399408,0.00,960,186
1399510,0.00,959,189
1399611,0.00,960,186
1399711,0.00,959,189
1399813,0.00,959,189
1399914,0.00,961,183
1400015,0.00,958,192
1400117,0.00,960,186
1400218,0.00,960,186
1400320,0.00,958,192
1400420,0.00,960,186
1400521,0.00,960,186
1400623,0.00,959,189
1400724,0.00,962,180
1400825,0.00,959,189
1400927,0.00,958,192
1401028,0.00,960,186
1401129,0.00,957,195
1401230,0.00,957,195
1401331,0.00,959,189
1401433,0.00,959,189
1401534,0.00,960,186
1401635,0.00,959,189
1401737,0.00,958,192
1401838,0.00,954,205
1401939,0.00,957,195
1402040,0.00,958,192
1402141,0.00,959,189
1402243,0.00,959,189
1402344,0.00,958,192
1402445,0.00,955,202
1402547,0.00,957,195
1402648,0.00,958,192
1402748,0.00,960,186
1402850,0.00,957,195
1402951,0.00,958,192
1403053,0.00,959,189
1403154,0.00,958,192
1403255,0.00,960,186
1403357,0.00,955,202
1403458,0.00,958,192
1403558,0.00,959,189
1403660,0.00,959,189
1403761,0.00,959,189
1403863,0.00,961,183
1403964,0.00,957,195
1404065,0.00,960,186
1404167,0.00,959,189
1404267,0.00,960,186
1404368,0.00,959,189
1404470,0.00,957,195
1404571,0.00,958,192
1404673,0.00,958,192
1404774,0.00,955,202
1404875,0.00,955,202
1404977,0.00,955,202
1405077,0.00,958,192
1405178,0.00,956,199
1405280,0.00,954,205
1405381,0.00,957,195
1405483,0.00,958,192
1405584,0.00,957,195
1405685,0.00,956,199
1405786,0.00,955,202
1405887,0.00,954,205
1405988,0.00,955,202
1406090,0.00,957,195
1406191,0.00,958,192
1406292,0.00,958,192
1406394,0.00,957,195
1406495,0.00,955,202
1406596,0.00,955,202
1406697,0.00,955,202
1406798,0.00,955,202
1406900,0.00,956,199
1407001,0.00,957,195
1407102,0.00,953,208
1407204,0.00,954,205
1407305,0.00,957,195
1407406,0.00,956,199
1407507,0.00,954,205
1407608,0.00,956,199
1407710,0.00,954,205
1407811,0.00,956,199
1407912,0.00,957,195
1408014,0.00,954,205
1408114,0.00,956,199
1408216,0.00,956,199
1408317,0.00,954,205
1408418,0.00,956,199
1408520,0.00,957,195
1408621,0.00,954,205
1408722,0.00,954,205
1408824,0.00,958,192
1408924,0.00,956,199
1409026,0.00,949,221
1409127,0.00,943,240
1409228,0.00,945,234
1409330,0.00,945,234
1409431,0.00,946,231
1409532,0.00,947,227
1409634,0.00,945,234
1409734,0.00,946,231
1409836,0.00,947,227
1409937,0.00,947,227
1410038,0.00,947,227
1410140,0.00,947,227
1410241,0.00,944,237
1410342,0.00,946,231
1410443,0.00,945,234
1410544,0.00,946,231
1410646,0.00,945,234
1410747,0.00,944,237
1410848,0.00,946,231
1410950,0.00,947,227
1411051,0.00,946,231
1411152,0.00,946,231
1411253,0.00,945,234
1411354,0.00,948,224
1411456,0.00,948,224
1411557,0.00,946,231
1411658,0.00,948,224
1411760,0.00,945,234
1411861,0.00,946,231
1411961,0.00,946,231
1412063,0.00,948,224
1412164,0.00,946,231
1412265,0.00,947,227
1412367,0.00,946,231
1412468,0.00,948,224
1412570,0.00,945,234
1412671,0.00,947,227
1412771,0.00,945,234
1412873,0.00,945,234
1412974,0.00,945,234
1413075,0.00,946,231
1413177,0.00,946,231
1413278,0.00,947,227
1413380,0.00,946,231
1413480,0.00,947,227
1413581,0.00,945,234
1413683,0.00,946,231
1413784,0.00,946,231
1413885,0.00,946,231
1413987,0.00,945,234
1414088,0.00,948,224
1414190,0.00,946,231
1414290,0.00,946,231
1414391,0.00,948,224
1414493,0.00,945,234
1414594,0.00,948,224
1414695,0.00,945,234
1414797,0.00,945,234
1414898,0.00,948,224
1415000,0.00,946,231
1415100,0.00,945,234
1415201,0.00,944,237
1415303,0.00,947,227
1415404,0.00,947,227
1415505,0.00,945,234
1415607,0.00,946,231
1415708,0.00,947,227
1415809,0.00,946,231
1415910,0.00,947,227
1416011,0.00,945,234
1416113,0.00,947,227
1416214,0.00,945,234
1416315,0.00,945,234
1416417,0.00,945,234
1416518,0.00,948,224
1416619,0.00,943,240
1416720,0.00,945,234
1416821,0.00,947,227
1416923,0.00,947,227
1417024,0.00,946,231
1417125,0.00,946,231
1417227,0.00,945,234
1417327,0.00,946,231
1417428,0.00,947,227
1417530,0.00,945,234
1417631,0.00,946,231
1417733,0.00,945,234
1417834,0.00,946,231
1417935,0.00,947,227
1418037,0.00,948,224
# load_kg=1235.00
1418138,1235.00,945,234
1418240,1235.00,945,234
1418341,1235.00,945,234
1418442,1235.00,945,234
1418544,1235.00,948,224
1418645,1235.00,947,227
1418746,1235.00,945,234
1418848,1235.00,944,237
1418949,1235.00,947,227
1419052,1235.00,944,237
1419153,1235.00,946,231
1419254,1235.00,947,227
1419356,1235.00,946,231
1419457,1235.00,945,234
1419558,1235.00,948,224
1419660,1235.00,947,227
1419761,1235.00,945,234
1419863,1235.00,948,224
1419964,1235.00,944,237
1420065,1235.00,944,237
1420167,1235.00,945,234
1420268,1235.00,947,227
1420369,1235.00,945,234
1420471,1235.00,946,231
1420572,1235.00,947,227
1420674,1235.00,948,224
1420775,1235.00,946,231
1420876,1235.00,946,231
1420978,1235.00,944,237
1421079,1235.00,946,231
1421180,1235.00,946,231
1421282,1235.00,948,224
1421383,1235.00,948,224
1421485,1235.00,947,227
1421586,1235.00,942,244
1421687,1235.00,946,231
1421789,1235.00,946,231
1421890,1235.00,945,234
1421991,1235.00,945,234
1422094,1235.00,946,231
1422195,1235.00,945,234
1422297,1235.00,947,227
1422398,1235.00,948,224
1422499,1235.00,946,231
1422601,1235.00,948,224
1422702,1235.00,947,227
1422803,1235.00,945,234
1422905,1235.00,947,227
1423006,1235.00,947,227
1423108,1235.00,948,224
1423209,1235.00,946,231
1423310,1235.00,945,234
1423412,1235.00,945,234
1423513,1235.00,946,231
1423614,1235.00,947,227
1423716,1235.00,945,234
1423817,1235.00,948,224
1423919,1235.00,945,234
1424020,1235.00,946,231
1424121,1235.00,946,231
1424223,1235.00,946,231
1424324,1235.00,947,227
1424425,1235.00,948,224
1424527,1235.00,945,234
1424628,1235.00,941,247
1424730,1235.00,944,237
1424831,1235.00,944,237
1424932,1235.00,946,231
1425034,1235.00,948,224
1425135,1235.00,946,231
1425238,1235.00,948,224
1425339,1235.00,946,231
1425440,1235.00,946,231
1425542,1235.00,945,234
1425643,1235.00,945,234
1425744,1235.00,946,231
1425846,1235.00,948,224
1425947,1235.00,946,231
1426049,1235.00,946,231
1426150,1235.00,946,231
1426251,1235.00,947,227
1426353,1235.00,947,227
1426454,1235.00,947,227
1426555,1235.00,948,224
1426657,1235.00,946,231
1426758,1235.00,948,224
1426860,1235.00,946,231
1426961,1235.00,945,234
1427062,1235.00,945,234
1427164,1235.00,946,231
1427265,1235.00,948,224
1427366,1235.00,947,227
1427468,1235.00,948,224
1427569,1235.00,949,221
1427671,1235.00,945,234
1427772,1235.00,947,227
1427873,1235.00,946,231
1427975,1235.00,947,227
1428076,1235.00,948,224
1428177,1235.00,946,231
1428280,1235.00,948,224
1428381,1235.00,945,234
1428483,1235.00,946,231
1428584,1235.00,944,237
1428685,1235.00,948,224
1428787,1235.00,947,227
1428888,1235.00,945,234
1428989,1235.00,945,234
1429091,1235.00,948,224
1429192,1235.00,945,234
1429294,1235.00,945,234
1429395,1235.00,943,240
1429496,1235.00,947,227
1429598,1235.00,945,234
1429699,1235.00,947,227
1429800,1235.00,948,224
1429902,1235.00,946,231
1430003,1235.00,947,227
1430105,1235.00,946,231
1430206,1235.00,948,224
1430307,1235.00,946,231
1430409,1235.00,947,227
1430510,1235.00,947,227
1430611,1235.00,944,237
1430713,1235.00,945,234
1430814,1235.00,948,224
1430916,1235.00,946,231
1431017,1235.00,946,231
1431118,1235.00,944,237
1431220,1235.00,945,234
1431321,1235.00,949,221
1431424,1235.00,946,231
1431525,1235.00,948,224
1431626,1235.00,945,234
1431728,1235.00,945,234
1431829,1235.00,946,231
1431930,1235.00,945,234
1432032,1235.00,946,231
1432133,1235.00,947,227
1432235,1235.00,945,234
1432336,1235.00,948,224
1432437,1235.00,946,231
1432539,1235.00,945,234
1432640,1235.00,948,224
1432741,1235.00,945,234
1432843,1235.00,944,237
1432944,1235.00,948,224
1433046,1235.00,945,234
1433147,1235.00,945,234
1433248,1235.00,946,231
1433350,1235.00,948,224
1433451,1235.00,946,231
1433552,1235.00,947,227
1433654,1235.00,946,231
1433755,1235.00,948,224
1433857,1235.00,945,234
1433958,1235.00,946,231
1434059,1235.00,946,231
1434161,1235.00,947,227
1434262,1235.00,946,231
1434363,1235.00,946,231
1434466,1235.00,945,234
1434567,1235.00,945,234
1434669,1235.00,946,231
1434770,1235.00,946,231
1434871,1235.00,945,234
1434973,1235.00,947,227
1435074,1235.00,948,224
1435175,1235.00,946,231
1435277,1235.00,948,224
1435378,1235.00,946,231
1435480,1235.00,947,227
1435581,1235.00,946,231
1435682,1235.00,946,231
1435784,1235.00,948,224
1435885,1235.00,946,231
1435986,1235.00,945,234
1436088,1235.00,945,234
1436189,1235.00,946,231
1436291,1235.00,945,234
1436392,1235.00,946,231
1436493,1235.00,945,234
1436595,1235.00,946,231
1436696,1235.00,945,234
1436797,1235.00,946,231
1436899,1235.00,946,231
1437000,1235.00,945,234
1437102,1235.00,946,231
1437203,1235.00,945,234
1437304,1235.00,946,231
1437406,1235.00,944,237
1437508,1235.00,946,231
1437609,1235.00,946,231
1437711,1235.00,947,227
1437812,1235.00,945,234
1437914,1235.00,944,237
1438015,1235.00,945,234
1438116,1235.00,948,224
1438218,1235.00,945,234
1438319,1235.00,947,227
1438420,1235.00,947,227
1438522,1235.00,946,231
1438623,1235.00,946,231
1438725,1235.00,946,231
1438826,1235.00,946,231
1438927,1235.00,948,224
1439029,1235.00,946,231
1439130,1235.00,946,231
1439232,1235.00,945,234
1439333,1235.00,945,234
1439434,1235.00,945,234
1439536,1235.00,946,231
1439637,1235.00,948,224
1439738,1235.00,946,231
1439840,1235.00,948,224
1439941,1235.00,947,227
1440043,1235.00,944,237
1440144,1235.00,946,231
1440245,1235.00,945,234
1440347,1235.00,947,227
1440448,1235.00,946,231
1440550,1235.00,945,234
1440652,1235.00,945,234
1440753,1235.00,946,231
1440855,1235.00,946,231
1440956,1235.00,947,227
1441057,1235.00,946,231
1441159,1235.00,946,231
1441260,1235.00,944,237
1441361,1235.00,945,234
1441463,1235.00,947,227
1441564,1235.00,947,227
1441666,1235.00,943,240
1441767,1235.00,947,227
1441868,1235.00,945,234
1441970,1235.00,948,224
1442071,1235.00,946,231
1442172,1235.00,945,234
1442274,1235.00,942,244
1442375,1235.00,947,227
1442477,1235.00,945,234
1442578,1235.00,945,234
1442679,1235.00,947,227
1442781,1235.00,948,224
1442882,1235.00,944,237
1442983,1235.00,946,231
1443085,1235.00,946,231
1443186,1235.00,945,234
1443288,1235.00,947,227
1443389,1235.00,947,227
1443490,1235.00,946,231
1443593,1235.00,945,234
1443694,1235.00,946,231
1443795,1235.00,948,224
1443897,1235.00,944,237
1443998,1235.00,946,231
1444100,1235.00,946,231
1444201,1235.00,945,234
1444302,1235.00,946,231
1444404,1235.00,945,234
1444505,1235.00,947,227
1444606,1235.00,945,234
1444708,1235.00,948,224
1444809,1235.00,947,227
1444911,1235.00,948,224
1445012,1235.00,947,227
1445113,1235.00,943,240
1445215,1235.00,946,231
1445316,1235.00,945,234
1445417,1235.00,946,231
1445519,1235.00,946,231
1445620,1235.00,945,234
1445722,1235.00,942,244
1445823,1235.00,946,231
1445924,1235.00,947,227
1446026,1235.00,948,224
1446127,1235.00,948,224
1446228,1235.00,946,231
1446330,1235.00,947,227
1446431,1235.00,947,227
1446533,1235.00,946,231
1446634,1235.00,946,231
1446736,1235.00,948,224
1446838,1235.00,948,224
1446939,1235.00,947,227
1447041,1235.00,945,234
1447142,1235.00,945,234
1447243,1235.00,945,234
1447345,1235.00,946,231
1447446,1235.00,946,231
1447547,1235.00,946,231
1447649,1235.00,948,224
1447750,1235.00,946,231
1447852,1235.00,945,234
1447953,1235.00,946,231
1448054,1235.00,946,231
1448156,1235.00,946,231
1448257,1235.00,945,234
1448358,1235.00,945,234
1448460,1235.00,947,227
1448561,1235.00,947,227
1448663,1235.00,946,231
1448764,1235.00,945,234
1448865,1235.00,948,224
1448967,1235.00,947,227
1449068,1235.00,944,237
1449169,1235.00,948,224
1449271,1235.00,945,234
1449372,1235.00,945,234
1449474,1235.00,945,234
1449575,1235.00,945,234
1449676,1235.00,945,234
1449779,1235.00,946,231
1449880,1235.00,946,231
1449981,1235.00,947,227
1450083,1235.00,944,237
1450184,1235.00,945,234
1450286,1235.00,947,227
1450387,1235.00,946,231
1450488,1235.00,945,234
1450590,1235.00,945,234
1450691,1235.00,944,237
1450792,1235.00,945,234
1450894,1235.00,945,234
1450995,1235.00,946,231
1451097,1235.00,946,231
1451198,1235.00,947,227
1451299,1235.00,947,227
1451401,1235.00,946,231
1451502,1235.00,946,231
1451603,1235.00,947,227
1451705,1235.00,945,234
1451806,1235.00,948,224
1451908,1235.00,947,227
1452009,1235.00,946,231
1452110,1235.00,946,231
1452212,1235.00,946,231
1452313,1235.00,946,231
1452414,1235.00,946,231
1452516,1235.00,945,234
1452617,1235.00,946,231
1452719,1235.00,947,227
1452821,1235.00,945,234
1452922,1235.00,945,234
1453024,1235.00,946,231
1453125,1235.00,945,234
1453227,1235.00,947,227
1453328,1235.00,946,231
1453429,1235.00,948,224
1453531,1235.00,945,234
1453632,1235.00,946,231
1453733,1235.00,945,234
1453835,1235.00,948,224
1453936,1235.00,946,231
1454038,1235.00,947,227
1454139,1235.00,945,234
1454240,1235.00,946,231
1454342,1235.00,946,231
1454443,1235.00,948,224
1454544,1235.00,947,227
1454646,1235.00,947,227
1454747,1235.00,944,237
1454849,1235.00,946,231
1454950,1235.00,947,227
1455051,1235.00,945,234
1455153,1235.00,948,224
1455254,1235.00,945,234
1455355,1235.00,946,231
1455457,1235.00,948,224
1455558,1235.00,945,234
1455660,1235.00,948,224
1455761,1235.00,943,240
1455863,1235.00,945,234
1455965,1235.00,947,227
1456066,1235.00,946,231
1456167,1235.00,945,234
1456269,1235.00,947,227
1456370,1235.00,945,234
1456472,1235.00,946,231
1456573,1235.00,948,224
1456674,1235.00,946,231
1456776,1235.00,945,234
1456877,1235.00,945,234
1456978,1235.00,946,231
1457080,1235.00,947,227
1457181,1235.00,945,234
1457283,1235.00,946,231
1457384,1235.00,946,231
1457485,1235.00,947,227
1457587,1235.00,945,234
1457688,1235.00,945,234
1457789,1235.00,947,227
1457891,1235.00,948,224
1457992,1235.00,945,234
1458094,1235.00,945,234
1458195,1235.00,945,234
1458296,1235.00,947,227
1458398,1235.00,945,234
1458499,1235.00,945,234
1458600,1235.00,945,234
1458702,1235.00,945,234
1458803,1235.00,947,227
1458905,1235.00,945,234
1459007,1235.00,946,231
1459108,1235.00,946,231
1459210,1235.00,945,234
1459311,1235.00,945,234
1459412,1235.00,948,224
1459514,1235.00,945,234
1459615,1235.00,945,234
1459717,1235.00,945,234
1459818,1235.00,946,231
1459919,1235.00,945,234
1460021,1235.00,948,224
1460122,1235.00,946,231
1460224,1235.00,946,231
1460325,1235.00,946,231
# load_kg=0.00
1460427,0.00,945,234
1460528,0.00,946,231
1460629,0.00,945,234
1460730,0.00,946,231
1460832,0.00,946,231
1460933,0.00,946,231
1461035,0.00,948,224
1461136,0.00,944,237
1461236,0.00,948,224
1461338,0.00,946,231
1461439,0.00,946,231
1461540,0.00,946,231
1461642,0.00,946,231
1461743,0.00,948,224
1461844,0.00,948,224
1461946,0.00,945,234
1462046,0.00,946,231
1462148,0.00,946,231
1462249,0.00,945,234
1462350,0.00,944,237
1462452,0.00,948,224
1462553,0.00,945,234
1462654,0.00,947,227
1462756,0.00,945,234
1462856,0.00,946,231
1462958,0.00,942,244
1463059,0.00,948,224
1463160,0.00,945,234
1463262,0.00,945,234
1463363,0.00,946,231
1463464,0.00,948,224
1463565,0.00,944,237
1463666,0.00,947,227
1463768,0.00,946,231
1463869,0.00,946,231
1463970,0.00,946,231
1464072,0.00,945,234
1464173,0.00,946,231
1464274,0.00,946,231
1464375,0.00,948,224
1464476,0.00,947,227
1464578,0.00,945,234
1464679,0.00,945,234
1464780,0.00,946,231
1464882,0.00,946,231
1464983,0.00,946,231
1465083,0.00,946,231
1465185,0.00,946,231
1465286,0.00,948,224
1465388,0.00,946,231
1465489,0.00,947,227
1465590,0.00,947,227
1465692,0.00,945,234
1465793,0.00,945,234
1465893,0.00,946,231
1465995,0.00,946,231
1466096,0.00,945,234
1466198,0.00,945,234
1466299,0.00,944,237
1466400,0.00,942,244
1466502,0.00,948,224
1466602,0.00,947,227
1466703,0.00,945,234
1466805,0.00,946,231
1466906,0.00,946,231
1467008,0.00,947,227
1467109,0.00,946,231
1467210,0.00,947,227
1467312,0.00,946,231
1467412,0.00,945,234
1467513,0.00,947,227
1467615,0.00,945,234
1467716,0.00,947,227
1467817,0.00,946,231
1467919,0.00,945,234
1468020,0.00,944,237
1468122,0.00,947,227
1468222,0.00,948,224
1468323,0.00,945,234
1468425,0.00,948,224
1468526,0.00,946,231
1468627,0.00,946,231
1468729,0.00,946,231
1468830,0.00,946,231
1468931,0.00,946,231
1469032,0.00,946,231
1469133,0.00,945,234
1469235,0.00,943,240
1469336,0.00,945,234
1469437,0.00,946,231
1469539,0.00,945,234
1469640,0.00,945,234
1469741,0.00,945,234
1469842,0.00,946,231
1469943,0.00,946,231
1470045,0.00,947,227
1470146,0.00,946,231
1470247,0.00,945,234
1470349,0.00,946,231
1470449,0.00,947,227
1470551,0.00,947,227
1470652,0.00,945,234
1470753,0.00,946,231
1470855,0.00,945,234
1470956,0.00,946,231
1471057,0.00,945,234
1471159,0.00,946,231
1471259,0.00,948,224
1471361,0.00,946,231
1471462,0.00,943,240
1471563,0.00,945,234
1471665,0.00,947,227
1471766,0.00,946,231
1471867,0.00,946,231
1471968,0.00,946,231
1472069,0.00,945,234
1472171,0.00,946,231
1472272,0.00,945,234
1472373,0.00,946,231
1472475,0.00,945,234
1472576,0.00,945,234
1472677,0.00,945,234
1472778,0.00,944,237
1472879,0.00,947,227
1472980,0.00,947,227
1473082,0.00,945,234
1473183,0.00,945,234
1473285,0.00,946,231
1473386,0.00,948,224
1473487,0.00,947,227
1473588,0.00,946,231
1473689,0.00,945,234
1473790,0.00,947,227
1473892,0.00,948,224
1473993,0.00,947,227
1474095,0.00,946,231
1474196,0.00,946,231
1474296,0.00,942,244
1474398,0.00,945,234
1474499,0.00,945,234
1474600,0.00,946,231
1474702,0.00,945,234
1474803,0.00,946,231
1474905,0.00,945,234
1475006,0.00,945,234
1475106,0.00,948,224
1475208,0.00,947,227
1475309,0.00,946,231
1475410,0.00,946,231
1475512,0.00,947,227
1475613,0.00,947,227
1475715,0.00,948,224
1475815,0.00,946,231
1475916,0.00,947,227
1476018,0.00,946,231
1476119,0.00,947,227
1476220,0.00,945,234
1476322,0.00,946,231
1476423,0.00,946,231
1476525,0.00,946,231
1476625,0.00,946,231
1476726,0.00,945,234
1476828,0.00,943,240
1476929,0.00,945,234
1477030,0.00,945,234
1477132,0.00,945,234
1477233,0.00,944,237
1477334,0.00,946,231
1477435,0.00,810,745
1477536,0.00,482,3180
1477638,0.00,473,3294
1477739,0.00,470,3333
1477840,0.00,455,3537
1477942,0.00,451,3593
1478043,0.00,445,3680
1478145,0.00,452,3579
1478246,0.00,453,3565
1478347,0.00,456,3523
1478448,0.00,457,3509
1478549,0.00,457,3509
1478650,0.00,463,3427
1478752,0.00,463,3427
1478853,0.00,458,3495
1478955,0.00,453,3565
1479056,0.00,456,3523
1479157,0.00,462,3440
1479259,0.00,468,3360
1479360,0.00,468,3360
1479461,0.00,467,3373
1479563,0.00,468,3360
1479663,0.00,468,3360
1479764,0.00,462,3440
1479866,0.00,457,3509
1479967,0.00,457,3509
1480069,0.00,464,3413
1480170,0.00,453,3565
1480271,0.00,434,3845
1480373,0.00,451,3593
1480474,0.00,453,3565
1480576,0.00,452,3579
1480677,0.00,452,3579
1480778,0.00,454,3551
1480879,0.00,456,3523
1480980,0.00,454,3551
1481081,0.00,452,3579
1481183,0.00,453,3565
1481284,0.00,453,3565
1481385,0.00,454,3551
1481487,0.00,449,3622
1481588,0.00,452,3579
1481690,0.00,450,3607
1481791,0.00,451,3593
1481892,0.00,453,3565
1481994,0.00,452,3579
1482094,0.00,451,3593
1482195,0.00,452,3579
1482297,0.00,457,3509
1482398,0.00,455,3537
1482500,0.00,452,3579
1482601,0.00,449,3622
1482702,0.00,449,3622
1482804,0.00,450,3607
1482905,0.00,452,3579
1483006,0.00,451,3593
1483108,0.00,449,3622
1483209,0.00,447,3651
1483310,0.00,446,3665
1483411,0.00,452,3579
1483512,0.00,451,3593
1483614,0.00,450,3607
1483715,0.00,450,3607
1483816,0.00,445,3680
1483918,0.00,437,3799
1484019,0.00,436,3814
1484121,0.00,438,3784
1484222,0.00,439,3769
1484323,0.00,437,3799
1484424,0.00,434,3845
1484525,0.00,442,3724
1484626,0.00,442,3724
1484728,0.00,443,3709
1484829,0.00,448,3636
1484931,0.00,442,3724
1485032,0.00,447,3651
1485133,0.00,446,3665
1485235,0.00,445,3680
1485336,0.00,444,3694
1485437,0.00,445,3680
1485539,0.00,446,3665
1485639,0.00,444,3694
1485741,0.00,446,3665
# load_kg=10.00
1485843,10.00,445,3680
1485944,10.00,442,3724
1486046,10.00,443,3709
1486147,10.00,444,3694
1486248,10.00,446,3665
1486350,10.00,445,3680
1486451,10.00,443,3709
1486553,10.00,444,3694
1486654,10.00,442,3724
1486755,10.00,445,3680
1486857,10.00,444,3694
1486958,10.00,447,3651
1487059,10.00,446,3665
1487161,10.00,445,3680
1487262,10.00,444,3694
1487364,10.00,443,3709
1487465,10.00,444,3694
1487566,10.00,444,3694
1487668,10.00,444,3694
1487769,10.00,444,3694
1487870,10.00,446,3665
1487971,10.00,447,3651
1488072,10.00,444,3694
1488174,10.00,445,3680
1488275,10.00,444,3694
1488376,10.00,445,3680
1488478,10.00,442,3724
1488579,10.00,440,3754
1488680,10.00,438,3784
1488782,10.00,436,3814
1488883,10.00,436,3814
1488985,10.00,433,3860
1489086,10.00,434,3845
1489187,10.00,436,3814
1489289,10.00,438,3784
1489390,10.00,442,3724
1489491,10.00,439,3769
1489593,10.00,438,3784
1489694,10.00,434,3845
1489796,10.00,436,3814
1489897,10.00,436,3814
1489998,10.00,436,3814
1490100,10.00,436,3814
1490201,10.00,436,3814
1490302,10.00,428,3938
1490404,10.00,427,3954
1490505,10.00,426,3970
1490607,10.00,424,4002
1490708,10.00,423,4018
1490809,10.00,421,4051
1490911,10.00,418,4100
1491012,10.00,418,4100
1491113,10.00,420,4067
1491215,10.00,418,4100
1491316,10.00,414,4167
1491418,10.00,416,4134
1491519,10.00,416,4134
1491620,10.00,418,4100
1491722,10.00,419,4084
1491823,10.00,418,4100
1491924,10.00,417,4117
1492026,10.00,418,4100
1492127,10.00,417,4117
1492229,10.00,414,4167
1492330,10.00,415,4151
1492431,10.00,420,4067
1492533,10.00,419,4084
1492634,10.00,416,4134
1492736,10.00,416,4134
1492836,10.00,416,4134
1492937,10.00,417,4117
1493039,10.00,418,4100
1493140,10.00,417,4117
1493241,10.00,418,4100
1493343,10.00,417,4117
1493444,10.00,418,4100
1493545,10.00,416,4134
1493647,10.00,417,4117
1493748,10.00,418,4100
1493850,10.00,418,4100
1493951,10.00,416,4134
1494052,10.00,417,4117
1494154,10.00,418,4100
1494255,10.00,418,4100
1494356,10.00,418,4100
1494458,10.00,416,4134
1494559,10.00,418,4100
1494661,10.00,418,4100
1494762,10.00,412,4201
1494863,10.00,414,4167
1494965,10.00,417,4117
1495066,10.00,412,4201
1495168,10.00,416,4134
1495269,10.00,416,4134
1495370,10.00,418,4100
1495472,10.00,417,4117
1495573,10.00,415,4151
1495674,10.00,416,4134
1495776,10.00,417,4117
1495877,10.00,417,4117
1495979,10.00,418,4100
1496080,10.00,414,4167
1496181,10.00,415,4151
1496283,10.00,415,4151
1496384,10.00,414,4167
1496485,10.00,407,4288
1496587,10.00,406,4305
1496688,10.00,405,4323
1496790,10.00,406,4305
1496891,10.00,406,4305
1496992,10.00,406,4305
1497094,10.00,405,4323
1497195,10.00,406,4305
1497296,10.00,406,4305
1497398,10.00,404,4341
1497499,10.00,404,4341
1497600,10.00,404,4341
1497701,10.00,405,4323
1497802,10.00,392,4560
1497904,10.00,390,4598
1498005,10.00,390,4598
1498106,10.00,388,4636
1498208,10.00,390,4598
1498309,10.00,386,4675
1498411,10.00,388,4636
1498512,10.00,388,4636
1498613,10.00,389,4617
1498715,10.00,388,4636
1498816,10.00,388,4636
1498917,10.00,386,4675
1499019,10.00,388,4636
1499120,10.00,389,4617
1499222,10.00,388,4636
1499323,10.00,388,4636
1499424,10.00,385,4695
1499526,10.00,389,4617
1499627,10.00,387,4656
1499728,10.00,386,4675
1499830,10.00,384,4714
1499931,10.00,383,4734
1500033,10.00,382,4754
1500134,10.00,381,4774
1500235,10.00,381,4774
1500337,10.00,381,4774
1500438,10.00,383,4734
1500539,10.00,381,4774
1500641,10.00,385,4695
1500742,10.00,375,4895
1500844,10.00,379,4814
1500945,10.00,378,4834
1501046,10.00,378,4834
1501148,10.00,383,4734
1501249,10.00,381,4774
1501350,10.00,381,4774
1501452,10.00,380,4794
1501553,10.00,382,4754
1501655,10.00,380,4794
1501756,10.00,384,4714
1501857,10.00,384,4714
1501959,10.00,383,4734
1502060,10.00,385,4695
1502161,10.00,386,4675
1502263,10.00,385,4695
1502364,10.00,385,4695
1502466,10.00,385,4695
1502567,10.00,386,4675
1502668,10.00,385,4695
1502770,10.00,384,4714
1502871,10.00,384,4714
1502972,10.00,384,4714
1503074,10.00,381,4774
1503174,10.00,385,4695
1503276,10.00,381,4774
1503377,10.00,384,4714
1503478,10.00,383,4734
1503580,10.00,383,4734
1503681,10.00,384,4714
1503782,10.00,383,4734
1503884,10.00,382,4754
1503985,10.00,383,4734
1504087,10.00,377,4854
1504188,10.00,382,4754
1504289,10.00,380,4794
1504391,10.00,378,4834
1504492,10.00,376,4875
1504593,10.00,379,4814
1504695,10.00,379,4814
1504796,10.00,380,4794
1504898,10.00,379,4814
1504999,10.00,376,4875
1505100,10.00,378,4834
1505202,10.00,376,4875
1505303,10.00,378,4834
1505404,10.00,374,4916
1505506,10.00,377,4854
1505607,10.00,378,4834
1505709,10.00,379,4814
1505810,10.00,380,4794
1505911,10.00,379,4814
1506013,10.00,380,4794
1506114,10.00,382,4754
1506215,10.00,381,4774
1506317,10.00,381,4774
1506418,10.00,381,4774
1506520,10.00,379,4814
1506621,10.00,380,4794
1506722,10.00,384,4714
1506824,10.00,383,4734
1506925,10.00,384,4714
1507026,10.00,383,4734
1507128,10.00,383,4734
1507229,10.00,383,4734
1507331,10.00,383,4734
1507432,10.00,381,4774
1507533,10.00,381,4774
1507635,10.00,380,4794
1507736,10.00,384,4714
1507837,10.00,381,4774
1507939,10.00,379,4814
1508040,10.00,377,4854
1508142,10.00,378,4834
1508243,10.00,379,4814
1508344,10.00,379,4814
1508446,10.00,381,4774
1508547,10.00,381,4774
1508648,10.00,380,4794
1508750,10.00,381,4774
1508851,10.00,382,4754
1508953,10.00,381,4774
1509054,10.00,379,4814
1509154,10.00,377,4854
1509256,10.00,377,4854
1509357,10.00,376,4875
1509458,10.00,376,4875
1509560,10.00,376,4875
1509661,10.00,374,4916
1509763,10.00,375,4895
1509864,10.00,376,4875
1509965,10.00,374,4916
1510067,10.00,377,4854
1510168,10.00,375,4895
1510269,10.00,376,4875
1510371,10.00,377,4854
1510472,10.00,376,4875
1510574,10.00,375,4895
1510675,10.00,374,4916
1510776,10.00,375,4895
1510878,10.00,376,4875
1510979,10.00,376,4875
1511080,10.00,377,4854
1511182,10.00,376,4875
1511283,10.00,376,4875
1511385,10.00,375,4895
1511486,10.00,374,4916
1511587,10.00,375,4895
1511689,10.00,376,4875
1511790,10.00,377,4854
1511891,10.00,375,4895
1511993,10.00,375,4895
1512094,10.00,375,4895
1512196,10.00,374,4916
# load_kg=0.00
1512297,0.00,373,4937
1512398,0.00,373,4937
1512500,0.00,373,4937
1512601,0.00,373,4937
1512702,0.00,373,4937
1512804,0.00,372,4958
1512905,0.00,373,4937
1513007,0.00,373,4937
1513108,0.00,373,4937
1513209,0.00,372,4958
1513311,0.00,371,4979
1513412,0.00,372,4958
1513512,0.00,371,4979
1513614,0.00,369,5021
1513715,0.00,370,5000
1513817,0.00,370,5000
1513918,0.00,370,5000
1514019,0.00,370,5000
1514121,0.00,369,5021
1514222,0.00,371,4979
1514323,0.00,374,4916
1514425,0.00,374,4916
1514526,0.00,374,4916
1514628,0.00,373,4937
1514728,0.00,375,4895
1514829,0.00,373,4937
1514931,0.00,373,4937
1515032,0.00,371,4979
1515133,0.00,371,4979
1515235,0.00,370,5000
1515336,0.00,369,5021
1515438,0.00,367,5064
1515539,0.00,352,5400
1515640,0.00,360,5217
1515742,0.00,339,5716
1515843,0.00,322,6167
1515943,0.00,279,7555
1516045,0.00,311,6486
1516146,0.00,243,9094
1516248,0.00,245,8996
1516349,0.00,262,8229
1516450,0.00,268,7981
1516552,0.00,270,7901
1516653,0.00,270,7901
1516754,0.00,271,7861
1516856,0.00,271,7861
1516957,0.00,279,7555
1517059,0.00,278,7592
1517159,0.00,280,7518
1517260,0.00,276,7668
1517362,0.00,279,7555
1517463,0.00,278,7592
1517564,0.00,279,7555
1517666,0.00,277,7630
1517767,0.00,272,7822
1517869,0.00,275,7706
1517970,0.00,270,7901
1518071,0.00,269,7941
1518173,0.00,270,7901
1518274,0.00,267,8022
1518375,0.00,268,7981
1518476,0.00,268,7981
1518577,0.00,270,7901
1518679,0.00,269,7941
1518780,0.00,267,8022
1518881,0.00,270,7901
1518983,0.00,268,7981
1519084,0.00,266,8062
1519185,0.00,268,7981
1519287,0.00,265,8103
1519388,0.00,266,8062
1519490,0.00,265,8103
1519591,0.00,313,6426
1519691,0.00,349,5471
1519793,0.00,351,5424
1519894,0.00,324,6112
1519995,0.00,317,6309
1520097,0.00,299,6860
1520198,0.00,301,6795
1520300,0.00,286,7300
1520401,0.00,305,6669
1520502,0.00,342,5641
1520604,0.00,397,4467
1520705,0.00,411,4218
1520806,0.00,412,4201
1520907,0.00,275,7706
1521008,0.00,328,6003
1521110,0.00,385,4695
1521211,0.00,284,7372
1521312,0.00,268,7981
1521414,0.00,268,7981
1521515,0.00,268,7981
1521616,0.00,259,8357
1521718,0.00,266,8062
1521819,0.00,262,8229
1521921,0.00,262,8229
1522022,0.00,260,8314
1522122,0.00,258,8400
1522224,0.00,259,8357
1522325,0.00,259,8357
1522426,0.00,261,8271
1522528,0.00,259,8357
1522629,0.00,260,8314
1522731,0.00,261,8271
1522832,0.00,259,8357
1522933,0.00,259,8357
1523035,0.00,260,8314
1523136,0.00,259,8357
1523237,0.00,259,8357
1523338,0.00,258,8400
1523439,0.00,257,8444
1523540,0.00,258,8400
1523642,0.00,256,8488
1523743,0.00,257,8444
1523845,0.00,254,8577
1523946,0.00,250,8760
1524047,0.00,248,8853
1524149,0.00,249,8806
1524250,0.00,247,8900
1524352,0.00,247,8900
1524452,0.00,246,8948
1524553,0.00,240,9243
1524655,0.00,241,9193
1524756,0.00,240,9243
1524857,0.00,240,9243
1524959,0.00,240,9243
1525060,0.00,239,9293
1525161,0.00,241,9193
1525263,0.00,239,9293
1525364,0.00,242,9143
1525466,0.00,241,9193
1525567,0.00,239,9293
1525667,0.00,240,9243
1525769,0.00,239,9293
1525870,0.00,239,9293
1525971,0.00,238,9344
1526073,0.00,240,9243
1526174,0.00,238,9344
1526276,0.00,237,9396
1526377,0.00,239,9293
1526478,0.00,238,9344
1526580,0.00,240,9243
# load_kg=-1.00
1526681,-1.00,238,9344
1526782,-1.00,238,9344
1526884,-1.00,235,9500
1526985,-1.00,224,10105
1527087,-1.00,217,10523
1527188,-1.00,219,10401
1527289,-1.00,218,10461
1527391,-1.00,218,10461
1527492,-1.00,218,10461
1527593,-1.00,218,10461
1527695,-1.00,218,10461
1527796,-1.00,218,10461
1527898,-1.00,212,10838
1527999,-1.00,207,11168
1528100,-1.00,208,11100
1528202,-1.00,209,11034
1528303,-1.00,204,11374
1528404,-1.00,207,11168
1528506,-1.00,206,11236
1528607,-1.00,206,11236
1528709,-1.00,208,11100
1528810,-1.00,207,11168
1528911,-1.00,206,11236
1529013,-1.00,206,11236
1529114,-1.00,205,11304
1529216,-1.00,205,11304
1529317,-1.00,206,11236
1529418,-1.00,206,11236
1529520,-1.00,206,11236
1529621,-1.00,207,11168
1529722,-1.00,207,11168
1529824,-1.00,207,11168
1529925,-1.00,208,11100
1530027,-1.00,209,11034
1530128,-1.00,208,11100
1530229,-1.00,207,11168
1530331,-1.00,208,11100
1530432,-1.00,208,11100
1530533,-1.00,205,11304
1530635,-1.00,207,11168
1530735,-1.00,206,11236
1530836,-1.00,206,11236
1530938,-1.00,206,11236
1531039,-1.00,205,11304
1531141,-1.00,207,11168
1531242,-1.00,206,11236
1531343,-1.00,204,11374
1531445,-1.00,204,11374
1531546,-1.00,206,11236
1531648,-1.00,204,11374
1531749,-1.00,204,11374
1531850,-1.00,205,11304
1531952,-1.00,203,11444
1532053,-1.00,204,11374
1532154,-1.00,202,11514
1532256,-1.00,201,11586
1532357,-1.00,203,11444
1532459,-1.00,202,11514
1532560,-1.00,202,11514
1532661,-1.00,200,11658
1532763,-1.00,201,11586
1532864,-1.00,203,11444
1532965,-1.00,200,11658
1533067,-1.00,200,11658
1533168,-1.00,199,11731
1533270,-1.00,200,11658
1533371,-1.00,198,11804
1533472,-1.00,200,11658
1533574,-1.00,199,11731
1533675,-1.00,199,11731
1533776,-1.00,198,11804
1533878,-1.00,197,11878
1533979,-1.00,199,11731
1534081,-1.00,197,11878
1534182,-1.00,198,11804
1534283,-1.00,197,11878
1534385,-1.00,198,11804
1534486,-1.00,198,11804
1534587,-1.00,197,11878
1534689,-1.00,197,11878
1534790,-1.00,198,11804
1534892,-1.00,198,11804
1534993,-1.00,197,11878
1535094,-1.00,197,11878
1535196,-1.00,196,11954
1535297,-1.00,196,11954
1535398,-1.00,196,11954
1535500,-1.00,195,12029
1535601,-1.00,196,11954
1535703,-1.00,198,11804
1535804,-1.00,195,12029
1535905,-1.00,197,11878
1536007,-1.00,197,11878
1536108,-1.00,197,11878
1536209,-1.00,197,11878
1536311,-1.00,197,11878
1536412,-1.00,197,11878
1536514,-1.00,197,11878
1536615,-1.00,196,11954
1536716,-1.00,196,11954
1536818,-1.00,196,11954
1536919,-1.00,195,12029
1537020,-1.00,194,12106
1537122,-1.00,197,11878
1537223,-1.00,194,12106
1537325,-1.00,195,12029
1537426,-1.00,195,12029
1537527,-1.00,195,12029
1537629,-1.00,194,12106
1537730,-1.00,193,12183
1537831,-1.00,194,12106
1537933,-1.00,193,12183
1538034,-1.00,193,12183
1538136,-1.00,193,12183
1538237,-1.00,194,12106
1538338,-1.00,192,12262
1538439,-1.00,193,12183
1538540,-1.00,194,12106
1538641,-1.00,194,12106
1538743,-1.00,192,12262
1538844,-1.00,195,12029
1538946,-1.00,195,12029
1539047,-1.00,194,12106
1539148,-1.00,194,12106
1539250,-1.00,194,12106
1539351,-1.00,193,12183
1539452,-1.00,192,12262
1539554,-1.00,189,12501
1539655,-1.00,190,12420
1539757,-1.00,191,12341
1539858,-1.00,190,12420
1539959,-1.00,189,12501
1540061,-1.00,189,12501
1540162,-1.00,188,12583
1540263,-1.00,188,12583
1540365,-1.00,187,12665
1540466,-1.00,187,12665
1540568,-1.00,189,12501
1540669,-1.00,187,12665
1540770,-1.00,187,12665
1540872,-1.00,184,12918
1540973,-1.00,186,12748
1541074,-1.00,184,12918
1541176,-1.00,184,12918
1541277,-1.00,185,12833
1541379,-1.00,184,12918
1541480,-1.00,185,12833
1541581,-1.00,183,13004
1541683,-1.00,186,12748
1541784,-1.00,183,13004
1541885,-1.00,183,13004
1541987,-1.00,180,13268
1542088,-1.00,175,13728
1542190,-1.00,175,13728
1542291,-1.00,177,13541
1542392,-1.00,177,13541
1542494,-1.00,178,13449
1542595,-1.00,174,13823
1542696,-1.00,156,15745
1542798,-1.00,156,15745
1542899,-1.00,157,15627
1543001,-1.00,157,15627
1543102,-1.00,155,15865
1543203,-1.00,158,15510
1543305,-1.00,156,15745
1543406,-1.00,155,15865
1543507,-1.00,157,15627
1543609,-1.00,158,15510
1543710,-1.00,158,15510
1543812,-1.00,155,15865
1543913,-1.00,158,15510
1544014,-1.00,158,15510
1544116,-1.00,157,15627
1544217,-1.00,157,15627
1544318,-1.00,155,15865
1544420,-1.00,158,15510
1544521,-1.00,155,15865
1544623,-1.00,158,15510
1544724,-1.00,157,15627
1544825,-1.00,157,15627
1544927,-1.00,158,15510
1545028,-1.00,157,15627
1545129,-1.00,155,15865
1545231,-1.00,156,15745
1545332,-1.00,155,15865
1545434,-1.00,156,15745
1545535,-1.00,155,15865
1545636,-1.00,158,15510
1545738,-1.00,157,15627
1545839,-1.00,157,15627
1545940,-1.00,157,15627
1546042,-1.00,156,15745
1546143,-1.00,157,15627
1546244,-1.00,159,15394
1546345,-1.00,160,15280
1546446,-1.00,157,15627
1546548,-1.00,159,15394
1546649,-1.00,156,15745
1546750,-1.00,157,15627
1546852,-1.00,158,15510
1546953,-1.00,158,15510
1547055,-1.00,158,15510
1547156,-1.00,158,15510
1547257,-1.00,159,15394
1547359,-1.00,158,15510
1547460,-1.00,159,15394
1547561,-1.00,156,15745
1547663,-1.00,159,15394
1547764,-1.00,159,15394
1547866,-1.00,160,15280
1547967,-1.00,159,15394
1548068,-1.00,159,15394
1548170,-1.00,157,15627
1548271,-1.00,157,15627
1548372,-1.00,159,15394
1548474,-1.00,156,15745
1548575,-1.00,155,15865
1548677,-1.00,156,15745
1548778,-1.00,157,15627
1548879,-1.00,155,15865
1548981,-1.00,156,15745
1549082,-1.00,156,15745
1549184,-1.00,156,15745
1549285,-1.00,156,15745
1549386,-1.00,157,15627
1549488,-1.00,155,15865
1549589,-1.00,156,15745
1549690,-1.00,156,15745
1549792,-1.00,156,15745
1549893,-1.00,157,15627
1549995,-1.00,155,15865
1550096,-1.00,156,15745
1550197,-1.00,155,15865
1550299,-1.00,158,15510
1550400,-1.00,156,15745
1550501,-1.00,156,15745
1550603,-1.00,157,15627
1550704,-1.00,157,15627
1550806,-1.00,158,15510
1550907,-1.00,158,15510
1551008,-1.00,159,15394
1551110,-1.00,157,15627
1551211,-1.00,158,15510
1551312,-1.00,157,15627
1551414,-1.00,159,15394
1551515,-1.00,159,15394
1551617,-1.00,157,15627
1551718,-1.00,157,15627
1551819,-1.00,159,15394
1551921,-1.00,157,15627
1552022,-1.00,158,15510
1552123,-1.00,156,15745
1552225,-1.00,158,15510
1552326,-1.00,158,15510
1552428,-1.00,158,15510
1552529,-1.00,157,15627
1552630,-1.00,157,15627
1552732,-1.00,157,15627
1552833,-1.00,157,15627
1552934,-1.00,156,15745
1553036,-1.00,156,15745
1553137,-1.00,156,15745
1553239,-1.00,158,15510
1553340,-1.00,158,15510
1553441,-1.00,157,15627
1553543,-1.00,156,15745
1553644,-1.00,158,15510
1553745,-1.00,157,15627
1553847,-1.00,156,15745
1553948,-1.00,155,15865
1554050,-1.00,157,15627
1554150,-1.00,157,15627
1554251,-1.00,156,15745
1554353,-1.00,156,15745
1554454,-1.00,155,15865
1554555,-1.00,158,15510
1554657,-1.00,158,15510
1554758,-1.00,158,15510
1554860,-1.00,158,15510
1554961,-1.00,154,15986
1555062,-1.00,154,15986
1555164,-1.00,154,15986
1555265,-1.00,154,15986
1555366,-1.00,157,15627
1555468,-1.00,156,15745
1555569,-1.00,155,15865
1555671,-1.00,156,15745
1555772,-1.00,155,15865
1555873,-1.00,155,15865
1555975,-1.00,158,15510
1556076,-1.00,157,15627
1556177,-1.00,155,15865
1556279,-1.00,156,15745
1556380,-1.00,154,15986
1556482,-1.00,156,15745
1556583,-1.00,156,15745
1556684,-1.00,156,15745
1556786,-1.00,157,15627
1556887,-1.00,154,15986
1556988,-1.00,154,15986
1557090,-1.00,156,15745
1557191,-1.00,155,15865
1557293,-1.00,156,15745
1557394,-1.00,155,15865
1557495,-1.00,157,15627
1557597,-1.00,155,15865
1557698,-1.00,155,15865
1557799,-1.00,156,15745
1557901,-1.00,159,15394
1558002,-1.00,156,15745
1558104,-1.00,155,15865
1558205,-1.00,154,15986
1558306,-1.00,155,15865
1558408,-1.00,155,15865
1558509,-1.00,154,15986
1558610,-1.00,150,16488
1558712,-1.00,149,16618
1558813,-1.00,150,16488
1558915,-1.00,151,16360
1559016,-1.00,151,16360
1559117,-1.00,152,16234
1559219,-1.00,150,16488
1559320,-1.00,151,16360
1559421,-1.00,150,16488
1559523,-1.00,149,16618
1559624,-1.00,150,16488
1559726,-1.00,151,16360
1559827,-1.00,148,16749
1559928,-1.00,151,16360
1560030,-1.00,150,16488
1560131,-1.00,149,16618
1560232,-1.00,150,16488
1560334,-1.00,148,16749
1560435,-1.00,149,16618
1560537,-1.00,149,16618
1560638,-1.00,150,16488
1560739,-1.00,151,16360
1560841,-1.00,151,16360
1560942,-1.00,148,16749
1561043,-1.00,150,16488
1561145,-1.00,150,16488
1561246,-1.00,153,16109
1561348,-1.00,153,16109
1561449,-1.00,152,16234
1561550,-1.00,152,16234
1561652,-1.00,147,16882
1561753,-1.00,146,17017
1561853,-1.00,148,16749
1561955,-1.00,148,16749
1562056,-1.00,145,17154
1562158,-1.00,147,16882
1562259,-1.00,147,16882
1562360,-1.00,146,17017
1562462,-1.00,146,17017
1562563,-1.00,146,17017
1562664,-1.00,146,17017
1562766,-1.00,146,17017
1562867,-1.00,146,17017
1562969,-1.00,145,17154
1563070,-1.00,146,17017
1563171,-1.00,147,16882
1563273,-1.00,145,17154
1563374,-1.00,139,18017
1563475,-1.00,141,17721
1563577,-1.00,141,17721
1563678,-1.00,137,18321
1563780,-1.00,138,18168
1563881,-1.00,138,18168
1563982,-1.00,137,18321
1564084,-1.00,137,18321
1564185,-1.00,139,18017
1564286,-1.00,137,18321
1564388,-1.00,138,18168
1564489,-1.00,142,17577
1564591,-1.00,142,17577
1564692,-1.00,141,17721
1564793,-1.00,142,17577
1564895,-1.00,142,17577
1564996,-1.00,143,17434
1565097,-1.00,143,17434
1565199,-1.00,144,17293
1565300,-1.00,145,17154
1565402,-1.00,144,17293
1565503,-1.00,145,17154
1565604,-1.00,145,17154
1565706,-1.00,147,16882
1565807,-1.00,149,16618
1565908,-1.00,149,16618
1566010,-1.00,147,16882
1566111,-1.00,147,16882
1566213,-1.00,148,16749
1566314,-1.00,147,16882
1566415,-1.00,147,16882
1566517,-1.00,148,16749
1566618,-1.00,147,16882
1566720,-1.00,148,16749
1566821,-1.00,146,17017
1566922,-1.00,146,17017
1567024,-1.00,142,17577
1567125,-1.00,143,17434
1567226,-1.00,144,17293
1567328,-1.00,143,17434
1567429,-1.00,144,17293
1567531,-1.00,145,17154
1567632,-1.00,145,17154
1567733,-1.00,143,17434
1567835,-1.00,143,17434
1567936,-1.00,143,17434
1568037,-1.00,142,17577
1568139,-1.00,142,17577
1568240,-1.00,144,17293
1568342,-1.00,145,17154
1568443,-1.00,144,17293
1568544,-1.00,144,17293
1568646,-1.00,142,17577
1568747,-1.00,144,17293
1568848,-1.00,142,17577
1568950,-1.00,143,17434
1569051,-1.00,143,17434
1569153,-1.00,142,17577
1569254,-1.00,145,17154
1569355,-1.00,144,17293
1569457,-1.00,145,17154
1569558,-1.00,144,17293
1569658,-1.00,143,17434
1569760,-1.00,144,17293
1569861,-1.00,141,17721
1569963,-1.00,140,17868
1570064,-1.00,142,17577
1570165,-1.00,143,17434
1570267,-1.00,139,18017
1570368,-1.00,141,17721
1570469,-1.00,140,17868
1570571,-1.00,138,18168
1570672,-1.00,139,18017
1570774,-1.00,142,17577
1570875,-1.00,140,17868
1570976,-1.00,139,18017
1571078,-1.00,139,18017
1571179,-1.00,140,17868
1571280,-1.00,139,18017
1571382,-1.00,140,17868
1571483,-1.00,140,17868
1571585,-1.00,140,17868
1571686,-1.00,138,18168
1571787,-1.00,140,17868
1571889,-1.00,140,17868
1571990,-1.00,139,18017
1572091,-1.00,138,18168
1572193,-1.00,139,18017
1572294,-1.00,140,17868
1572396,-1.00,140,17868
1572497,-1.00,142,17577
1572598,-1.00,138,18168
1572700,-1.00,139,18017
1572801,-1.00,136,18477
1572902,-1.00,140,17868
1573004,-1.00,138,18168
1573105,-1.00,138,18168
1573207,-1.00,137,18321
1573308,-1.00,139,18017
1573409,-1.00,137,18321
1573511,-1.00,138,18168
1573612,-1.00,138,18168
1573713,-1.00,137,18321
1573815,-1.00,138,18168
1573916,-1.00,138,18168
1574018,-1.00,138,18168
1574119,-1.00,138,18168
1574220,-1.00,137,18321
1574322,-1.00,138,18168
1574423,-1.00,140,17868
1574524,-1.00,137,18321
1574626,-1.00,139,18017
1574727,-1.00,138,18168
1574829,-1.00,140,17868
1574930,-1.00,137,18321
1575031,-1.00,137,18321
1575133,-1.00,138,18168
1575234,-1.00,139,18017
1575335,-1.00,139,18017
1575437,-1.00,137,18321
1575538,-1.00,137,18321
1575640,-1.00,139,18017
1575741,-1.00,138,18168
1575842,-1.00,137,18321
1575944,-1.00,139,18017
1576045,-1.00,140,17868
1576146,-1.00,138,18168
1576248,-1.00,138,18168
1576349,-1.00,142,17577
1576451,-1.00,139,18017
1576552,-1.00,138,18168
1576653,-1.00,140,17868
1576755,-1.00,139,18017
1576856,-1.00,139,18017
1576957,-1.00,140,17868
1577059,-1.00,138,18168
1577160,-1.00,142,17577
1577262,-1.00,137,18321
1577363,-1.00,139,18017
1577463,-1.00,140,17868
1577565,-1.00,138,18168
1577666,-1.00,140,17868
1577767,-1.00,136,18477
1577869,-1.00,135,18635
1577970,-1.00,138,18168
1578072,-1.00,137,18321
1578173,-1.00,136,18477
1578274,-1.00,134,18795
1578376,-1.00,131,19290
1578477,-1.00,132,19123
1578578,-1.00,130,19461
1578680,-1.00,130,19461
1578781,-1.00,133,18958
1578883,-1.00,133,18958
1578984,-1.00,133,18958
1579085,-1.00,132,19123
1579187,-1.00,132,19123
1579288,-1.00,132,19123
1579389,-1.00,139,18017
1579491,-1.00,138,18168
1579592,-1.00,139,18017
1579694,-1.00,138,18168
1579795,-1.00,140,17868
1579896,-1.00,139,18017
1579998,-1.00,138,18168
1580099,-1.00,138,18168
1580200,-1.00,139,18017
1580302,-1.00,137,18321
1580403,-1.00,138,18168
1580505,-1.00,137,18321
1580606,-1.00,138,18168
1580707,-1.00,138,18168
1580809,-1.00,137,18321
1580910,-1.00,138,18168
1581011,-1.00,138,18168
1581113,-1.00,136,18477
1581214,-1.00,136,18477
1581316,-1.00,138,18168
1581417,-1.00,134,18795
1581518,-1.00,137,18321
1581620,-1.00,138,18168
1581721,-1.00,136,18477
1581822,-1.00,136,18477
1581924,-1.00,135,18635
1582025,-1.00,133,18958
1582127,-1.00,131,19290
1582228,-1.00,132,19123
1582329,-1.00,131,19290
1582431,-1.00,130,19461
1582532,-1.00,132,19123
1582633,-1.00,130,19461
1582735,-1.00,132,19123
1582836,-1.00,135,18635
1582938,-1.00,135,18635
1583039,-1.00,135,18635
1583140,-1.00,135,18635
1583242,-1.00,134,18795
1583343,-1.00,134,18795
1583444,-1.00,134,18795
1583546,-1.00,133,18958
1583647,-1.00,132,19123
1583749,-1.00,130,19461
1583850,-1.00,129,19633
1583951,-1.00,129,19633
1584053,-1.00,130,19461
1584154,-1.00,130,19461
1584256,-1.00,131,19290
1584357,-1.00,129,19633
1584458,-1.00,130,19461
1584560,-1.00,128,19809
1584661,-1.00,129,19633
1584762,-1.00,129,19633
1584864,-1.00,129,19633
1584965,-1.00,129,19633
1585067,-1.00,128,19809
1585167,-1.00,131,19290
1585268,-1.00,130,19461
1585370,-1.00,130,19461
1585471,-1.00,129,19633
1585572,-1.00,128,19809
1585674,-1.00,128,19809
1585775,-1.00,128,19809
1585876,-1.00,128,19809
1585978,-1.00,131,19290
1586079,-1.00,128,19809
1586181,-1.00,129,19633
1586282,-1.00,130,19461
1586383,-1.00,130,19461
1586485,-1.00,129,19633
1586586,-1.00,130,19461
1586688,-1.00,130,19461
1586789,-1.00,129,19633
1586890,-1.00,129,19633
1586992,-1.00,129,19633
1587093,-1.00,128,19809
1587194,-1.00,128,19809
1587296,-1.00,132,19123
1587397,-1.00,129,19633
1587499,-1.00,130,19461
1587600,-1.00,128,19809
1587701,-1.00,131,19290
1587803,-1.00,129,19633
1587904,-1.00,128,19809
1588005,-1.00,128,19809
1588107,-1.00,129,19633
1588208,-1.00,129,19633
1588310,-1.00,127,19987
1588411,-1.00,130,19461
1588512,-1.00,130,19461
1588614,-1.00,129,19633
1588715,-1.00,129,19633
1588816,-1.00,127,19987
1588918,-1.00,128,19809
1589019,-1.00,129,19633
1589121,-1.00,129,19633
1589222,-1.00,130,19461
1589323,-1.00,129,19633
1589425,-1.00,129,19633
1589526,-1.00,128,19809
1589627,-1.00,128,19809
1589729,-1.00,128,19809
1589830,-1.00,129,19633
1589932,-1.00,128,19809
1590033,-1.00,126,20168
1590134,-1.00,128,19809
1590236,-1.00,130,19461
1590337,-1.00,130,19461
1590438,-1.00,131,19290
1590540,-1.00,130,19461
1590641,-1.00,132,19123
1590743,-1.00,131,19290
1590844,-1.00,130,19461
1590945,-1.00,132,19123
1591047,-1.00,132,19123
1591148,-1.00,129,19633
1591249,-1.00,129,19633
1591351,-1.00,130,19461
1591452,-1.00,131,19290
1591554,-1.00,131,19290
1591655,-1.00,135,18635
1591756,-1.00,131,19290
1591858,-1.00,129,19633
1591959,-1.00,131,19290
1592060,-1.00,130,19461
1592162,-1.00,131,19290
1592263,-1.00,131,19290
1592365,-1.00,131,19290
1592466,-1.00,131,19290
1592567,-1.00,130,19461
1592669,-1.00,129,19633
1592770,-1.00,131,19290
1592871,-1.00,130,19461
1592972,-1.00,129,19633
1593073,-1.00,131,19290
1593175,-1.00,130,19461
1593276,-1.00,129,19633
1593377,-1.00,130,19461
1593479,-1.00,131,19290
1593580,-1.00,129,19633
1593681,-1.00,127,19987
1593783,-1.00,129,19633
1593884,-1.00,128,19809
1593986,-1.00,130,19461
1594087,-1.00,131,19290
1594188,-1.00,131,19290
1594290,-1.00,131,19290
1594391,-1.00,133,18958
1594492,-1.00,130,19461
1594594,-1.00,130,19461
1594695,-1.00,130,19461
1594797,-1.00,134,18795
1594898,-1.00,132,19123
1594999,-1.00,131,19290
1595101,-1.00,131,19290
1595202,-1.00,131,19290
1595303,-1.00,132,19123
1595405,-1.00,132,19123
1595506,-1.00,131,19290
1595608,-1.00,131,19290
1595709,-1.00,132,19123
1595810,-1.00,130,19461
1595912,-1.00,130,19461
1596013,-1.00,130,19461
1596114,-1.00,131,19290
1596216,-1.00,130,19461
1596317,-1.00,132,19123
1596419,-1.00,131,19290
1596520,-1.00,130,19461
1596621,-1.00,131,19290
1596723,-1.00,130,19461
1596824,-1.00,129,19633
1596925,-1.00,130,19461
1597027,-1.00,132,19123
1597128,-1.00,129,19633
1597230,-1.00,133,18958
1597331,-1.00,131,19290
1597432,-1.00,131,19290
1597534,-1.00,131,19290
1597635,-1.00,131,19290
1597736,-1.00,132,19123
1597838,-1.00,131,19290
1597939,-1.00,131,19290
1598041,-1.00,130,19461
1598142,-1.00,132,19123
1598243,-1.00,132,19123
1598345,-1.00,132,19123
1598446,-1.00,131,19290
1598547,-1.00,133,18958
1598649,-1.00,133,18958
1598750,-1.00,133,18958
1598852,-1.00,131,19290
1598953,-1.00,133,18958
1599054,-1.00,133,18958
1599156,-1.00,132,19123
1599257,-1.00,133,18958
1599358,-1.00,134,18795
1599460,-1.00,133,18958
1599561,-1.00,133,18958
1599663,-1.00,132,19123
1599764,-1.00,134,18795
1599865,-1.00,133,18958
1599967,-1.00,133,18958
1600068,-1.00,134,18795
1600169,-1.00,133,18958
1600271,-1.00,134,18795
1600372,-1.00,132,19123
1600474,-1.00,134,18795
1600575,-1.00,134,18795
1600676,-1.00,136,18477
1600777,-1.00,136,18477
1600878,-1.00,133,18958
1600979,-1.00,134,18795
1601081,-1.00,135,18635
1601182,-1.00,132,19123
1601284,-1.00,135,18635
1601385,-1.00,135,18635
1601486,-1.00,131,19290
1601588,-1.00,133,18958
1601689,-1.00,133,18958
1601790,-1.00,134,18795
1601892,-1.00,135,18635
1601993,-1.00,134,18795
1602095,-1.00,134,18795
1602196,-1.00,133,18958
1602297,-1.00,136,18477
1602399,-1.00,134,18795
1602500,-1.00,134,18795
1602601,-1.00,133,18958
1602703,-1.00,135,18635
1602804,-1.00,134,18795
1602906,-1.00,135,18635
1603007,-1.00,134,18795
1603108,-1.00,133,18958
1603210,-1.00,132,19123
1603311,-1.00,134,18795
1603412,-1.00,133,18958
1603514,-1.00,133,18958
1603615,-1.00,134,18795
1603717,-1.00,134,18795
1603818,-1.00,133,18958
1603919,-1.00,133,18958
1604021,-1.00,133,18958
1604122,-1.00,133,18958
1604224,-1.00,133,18958
1604325,-1.00,132,19123
1604426,-1.00,133,18958
1604528,-1.00,134,18795
1604629,-1.00,133,18958
1604730,-1.00,132,19123
1604832,-1.00,133,18958
1604933,-1.00,133,18958
1605035,-1.00,134,18795
1605136,-1.00,132,19123
1605237,-1.00,135,18635
1605339,-1.00,132,19123
1605440,-1.00,131,19290
1605541,-1.00,133,18958
1605643,-1.00,133,18958
1605744,-1.00,132,19123
1605846,-1.00,132,19123
1605947,-1.00,133,18958
1606048,-1.00,133,18958
1606150,-1.00,133,18958
1606251,-1.00,131,19290
1606352,-1.00,135,18635
1606454,-1.00,132,19123
1606555,-1.00,133,18958
1606657,-1.00,132,19123
1606758,-1.00,132,19123
1606859,-1.00,132,19123
1606961,-1.00,131,19290
1607062,-1.00,131,19290
1607163,-1.00,133,18958
1607265,-1.00,132,19123
1607366,-1.00,134,18795
1607468,-1.00,134,18795
1607569,-1.00,133,18958
1607670,-1.00,132,19123
1607772,-1.00,133,18958
1607873,-1.00,131,19290
1607974,-1.00,132,19123
1608076,-1.00,131,19290
1608177,-1.00,133,18958
1608279,-1.00,131,19290
1608380,-1.00,133,18958
1608480,-1.00,131,19290
1608582,-1.00,132,19123
1608683,-1.00,132,19123
1608784,-1.00,134,18795
1608886,-1.00,132,19123
1608987,-1.00,133,18958
1609089,-1.00,133,18958
1609190,-1.00,132,19123
1609291,-1.00,132,19123
1609393,-1.00,131,19290
1609494,-1.00,135,18635
1609595,-1.00,131,19290
1609697,-1.00,133,18958
1609798,-1.00,130,19461
1609900,-1.00,132,19123
1610001,-1.00,132,19123
1610102,-1.00,132,19123
1610204,-1.00,130,19461
1610305,-1.00,131,19290
1610406,-1.00,132,19123
1610508,-1.00,131,19290
1610609,-1.00,128,19809
1610711,-1.00,130,19461
1610812,-1.00,130,19461
1610913,-1.00,131,19290
1611015,-1.00,130,19461
1611116,-1.00,129,19633
1611217,-1.00,130,19461
1611319,-1.00,129,19633
1611420,-1.00,128,19809
1611522,-1.00,129,19633
1611623,-1.00,129,19633
1611724,-1.00,127,19987
1611826,-1.00,128,19809
1611927,-1.00,127,19987
1612028,-1.00,130,19461
1612130,-1.00,128,19809
1612231,-1.00,127,19987
1612333,-1.00,128,19809
1612434,-1.00,128,19809
1612535,-1.00,128,19809
1612637,-1.00,123,20729
1612738,-1.00,124,20539
1612839,-1.00,125,20352
1612941,-1.00,121,21119
1613042,-1.00,126,20168
1613144,-1.00,126,20168
1613245,-1.00,124,20539
1613346,-1.00,127,19987
1613448,-1.00,124,20539
1613549,-1.00,126,20168
1613650,-1.00,125,20352
1613752,-1.00,126,20168
1613853,-1.00,125,20352
1613955,-1.00,126,20168
1614056,-1.00,125,20352
1614157,-1.00,126,20168
1614259,-1.00,125,20352
1614360,-1.00,126,20168
1614461,-1.00,127,19987
1614563,-1.00,125,20352
1614664,-1.00,126,20168
1614766,-1.00,126,20168
1614867,-1.00,127,19987
1614968,-1.00,124,20539
1615070,-1.00,126,20168
1615171,-1.00,126,20168
1615272,-1.00,128,19809
1615374,-1.00,125,20352
1615475,-1.00,126,20168
1615577,-1.00,124,20539
1615678,-1.00,125,20352
1615779,-1.00,125,20352
1615881,-1.00,126,20168
1615982,-1.00,127,19987
1616082,-1.00,126,20168
1616184,-1.00,126,20168
1616285,-1.00,126,20168
1616387,-1.00,125,20352
1616488,-1.00,125,20352
1616589,-1.00,128,19809
1616691,-1.00,126,20168
1616792,-1.00,127,19987
1616893,-1.00,127,19987
1616995,-1.00,125,20352
1617096,-1.00,126,20168
1617198,-1.00,125,20352
1617299,-1.00,123,20729
1617400,-1.00,125,20352
1617502,-1.00,127,19987
1617603,-1.00,123,20729
1617704,-1.00,125,20352
1617806,-1.00,126,20168
1617907,-1.00,125,20352
1618009,-1.00,125,20352
1618110,-1.00,126,20168
1618211,-1.00,126,20168
1618313,-1.00,127,19987
1618414,-1.00,123,20729
1618515,-1.00,124,20539
1618617,-1.00,125,20352
1618718,-1.00,125,20352
1618820,-1.00,124,20539
1618921,-1.00,127,19987
1619022,-1.00,124,20539
1619124,-1.00,123,20729
1619225,-1.00,125,20352
1619326,-1.00,123,20729
1619428,-1.00,121,21119
1619529,-1.00,122,20922
1619631,-1.00,121,21119
1619732,-1.00,122,20922
1619833,-1.00,121,21119
1619935,-1.00,122,20922
1620036,-1.00,121,21119
1620137,-1.00,121,21119
1620239,-1.00,122,20922
1620340,-1.00,123,20729
1620442,-1.00,123,20729
1620543,-1.00,124,20539
1620644,-1.00,123,20729
1620746,-1.00,120,21318
1620847,-1.00,122,20922
1620948,-1.00,123,20729
1621050,-1.00,123,20729
1621151,-1.00,120,21318
1621253,-1.00,121,21119
1621354,-1.00,121,21119
1621455,-1.00,120,21318
1621557,-1.00,120,21318
1621658,-1.00,121,21119
1621760,-1.00,121,21119
1621861,-1.00,122,20922
1621962,-1.00,122,20922
1622064,-1.00,122,20922
1622165,-1.00,122,20922
1622266,-1.00,121,21119
1622368,-1.00,124,20539
1622469,-1.00,121,21119
1622571,-1.00,120,21318
1622672,-1.00,121,21119
1622773,-1.00,121,21119
1622875,-1.00,123,20729
1622976,-1.00,121,21119
1623077,-1.00,121,21119
1623179,-1.00,121,21119
1623280,-1.00,121,21119
1623382,-1.00,120,21318
1623483,-1.00,120,21318
1623584,-1.00,121,21119
1623685,-1.00,120,21318
1623786,-1.00,120,21318
1623887,-1.00,122,20922
1623989,-1.00,121,21119
1624090,-1.00,124,20539
1624192,-1.00,123,20729
1624293,-1.00,121,21119
1624394,-1.00,122,20922
1624496,-1.00,123,20729
1624597,-1.00,122,20922
1624698,-1.00,121,21119
1624800,-1.00,119,21521
1624901,-1.00,121,21119
1625003,-1.00,120,21318
1625104,-1.00,120,21318
1625205,-1.00,121,21119
1625307,-1.00,121,21119
1625408,-1.00,121,21119
1625509,-1.00,120,21318
1625611,-1.00,122,20922
1625712,-1.00,122,20922
1625814,-1.00,122,20922
1625915,-1.00,122,20922
1626016,-1.00,121,21119
1626118,-1.00,121,21119
1626219,-1.00,121,21119
1626320,-1.00,119,21521
1626422,-1.00,120,21318
1626523,-1.00,119,21521
1626625,-1.00,118,21728
1626726,-1.00,119,21521
1626827,-1.00,119,21521
1626929,-1.00,118,21728
1627030,-1.00,119,21521
1627131,-1.00,121,21119
1627233,-1.00,118,21728
1627334,-1.00,118,21728
1627436,-1.00,119,21521
1627537,-1.00,118,21728
1627638,-1.00,120,21318
1627740,-1.00,117,21938
1627841,-1.00,118,21728
1627942,-1.00,119,21521
1628044,-1.00,121,21119
1628145,-1.00,120,21318
1628247,-1.00,119,21521
1628348,-1.00,122,20922
1628449,-1.00,117,21938
1628551,-1.00,118,21728
1628652,-1.00,118,21728
1628753,-1.00,118,21728
1628855,-1.00,118,21728
1628956,-1.00,120,21318
1629058,-1.00,120,21318
1629159,-1.00,118,21728
1629260,-1.00,119,21521
1629362,-1.00,119,21521
1629463,-1.00,116,22151
1629564,-1.00,119,21521
1629666,-1.00,116,22151
1629767,-1.00,120,21318
1629869,-1.00,121,21119
1629970,-1.00,121,21119
1630071,-1.00,119,21521
1630173,-1.00,121,21119
1630274,-1.00,119,21521
1630375,-1.00,119,21521
1630477,-1.00,119,21521
1630578,-1.00,119,21521
1630680,-1.00,121,21119
1630781,-1.00,119,21521
1630882,-1.00,118,21728
1630984,-1.00,119,21521
1631085,-1.00,120,21318
1631186,-1.00,119,21521
1631287,-1.00,117,21938
1631388,-1.00,118,21728
1631490,-1.00,120,21318
1631591,-1.00,119,21521
1631692,-1.00,122,20922
1631794,-1.00,119,21521
1631895,-1.00,121,21119
1631996,-1.00,126,20168
1632098,-1.00,120,21318
1632199,-1.00,122,20922
1632301,-1.00,119,21521
1632402,-1.00,120,21318
1632503,-1.00,121,21119
1632605,-1.00,118,21728
1632706,-1.00,120,21318
1632807,-1.00,118,21728
1632909,-1.00,123,20729
1633010,-1.00,121,21119
1633112,-1.00,122,20922
1633213,-1.00,121,21119
1633314,-1.00,119,21521
1633416,-1.00,121,21119
1633517,-1.00,121,21119
1633618,-1.00,121,21119
1633720,-1.00,120,21318
1633821,-1.00,123,20729
1633923,-1.00,122,20922
1634024,-1.00,124,20539
1634125,-1.00,122,20922
1634227,-1.00,123,20729
1634328,-1.00,120,21318
1634429,-1.00,122,20922
1634531,-1.00,125,20352
1634632,-1.00,121,21119
1634734,-1.00,120,21318
1634835,-1.00,122,20922
1634936,-1.00,120,21318
1635038,-1.00,122,20922
1635139,-1.00,120,21318
1635240,-1.00,121,21119
1635342,-1.00,120,21318
1635443,-1.00,124,20539
1635545,-1.00,122,20922
1635646,-1.00,121,21119
1635747,-1.00,119,21521
1635849,-1.00,122,20922
1635950,-1.00,121,21119
1636051,-1.00,120,21318
1636153,-1.00,120,21318
1636254,-1.00,121,21119
1636356,-1.00,123,20729
1636457,-1.00,122,20922
1636558,-1.00,121,21119
1636660,-1.00,120,21318
1636761,-1.00,121,21119
1636862,-1.00,120,21318
1636964,-1.00,119,21521
1637065,-1.00,121,21119
1637167,-1.00,121,21119
1637268,-1.00,121,21119
1637369,-1.00,121,21119
1637471,-1.00,120,21318
1637572,-1.00,121,21119
1637673,-1.00,120,21318
1637775,-1.00,121,21119
1637876,-1.00,120,21318
1637978,-1.00,120,21318
1638079,-1.00,120,21318
1638180,-1.00,121,21119
1638282,-1.00,119,21521
1638383,-1.00,121,21119
1638484,-1.00,122,20922
1638586,-1.00,121,21119
1638687,-1.00,122,20922
1638789,-1.00,120,21318
1638889,-1.00,121,21119
1638990,-1.00,120,21318
1639092,-1.00,121,21119
1639193,-1.00,119,21521
1639294,-1.00,119,21521
1639396,-1.00,122,20922
1639497,-1.00,121,21119
1639599,-1.00,122,20922
1639700,-1.00,122,20922
1639801,-1.00,122,20922
1639903,-1.00,121,21119
1640004,-1.00,121,21119
1640105,-1.00,122,20922
1640207,-1.00,120,21318
1640308,-1.00,121,21119
1640410,-1.00,120,21318
1640511,-1.00,121,21119
1640612,-1.00,120,21318
1640714,-1.00,121,21119
1640815,-1.00,122,20922
1640916,-1.00,120,21318
1641018,-1.00,120,21318
1641119,-1.00,121,21119
1641221,-1.00,124,20539
1641322,-1.00,124,20539
1641423,-1.00,121,21119
1641525,-1.00,122,20922
1641626,-1.00,122,20922
1641728,-1.00,121,21119
1641829,-1.00,121,21119
1641930,-1.00,121,21119
1642032,-1.00,120,21318
1642133,-1.00,124,20539
1642234,-1.00,118,21728
1642336,-1.00,122,20922
1642437,-1.00,118,21728
1642539,-1.00,119,21521
1642640,-1.00,120,21318
1642741,-1.00,119,21521
1642843,-1.00,121,21119
1642944,-1.00,120,21318
1643045,-1.00,121,21119
1643147,-1.00,121,21119
1643248,-1.00,120,21318
1643350,-1.00,119,21521
1643451,-1.00,122,20922
1643552,-1.00,120,21318
1643654,-1.00,120,21318
1643755,-1.00,119,21521
1643856,-1.00,120,21318
1643958,-1.00,120,21318
1644059,-1.00,120,21318
1644161,-1.00,120,21318
1644262,-1.00,120,21318
1644363,-1.00,121,21119
1644465,-1.00,122,20922
1644566,-1.00,122,20922
1644667,-1.00,120,21318
1644769,-1.00,121,21119
1644870,-1.00,120,21318
1644972,-1.00,119,21521
1645073,-1.00,119,21521
1645174,-1.00,121,21119
1645276,-1.00,120,21318
1645377,-1.00,121,21119
1645478,-1.00,119,21521
1645580,-1.00,122,20922
1645680,-1.00,119,21521
1645782,-1.00,118,21728
1645883,-1.00,120,21318
1645984,-1.00,120,21318
1646086,-1.00,120,21318
1646187,-1.00,118,21728
1646288,-1.00,119,21521
1646390,-1.00,120,21318
1646491,-1.00,121,21119
1646593,-1.00,120,21318
1646694,-1.00,120,21318
1646795,-1.00,118,21728
1646897,-1.00,119,21521
1646998,-1.00,121,21119
1647099,-1.00,121,21119
1647201,-1.00,121,21119
1647302,-1.00,119,21521
1647404,-1.00,121,21119
1647505,-1.00,121,21119
1647606,-1.00,122,20922
1647708,-1.00,119,21521
1647809,-1.00,119,21521
1647910,-1.00,121,21119
1648012,-1.00,121,21119
1648113,-1.00,120,21318
1648215,-1.00,119,21521
1648316,-1.00,121,21119
1648417,-1.00,121,21119
1648519,-1.00,121,21119
1648620,-1.00,121,21119
1648721,-1.00,120,21318
1648823,-1.00,121,21119
1648924,-1.00,120,21318
1649026,-1.00,121,21119
1649127,-1.00,124,20539
1649228,-1.00,125,20352
1649330,-1.00,121,21119
1649431,-1.00,121,21119
1649532,-1.00,123,20729
1649634,-1.00,122,20922
1649735,-1.00,121,21119
1649837,-1.00,121,21119
1649938,-1.00,123,20729
1650039,-1.00,120,21318
1650141,-1.00,120,21318
1650242,-1.00,121,21119
1650343,-1.00,121,21119
1650445,-1.00,122,20922
1650546,-1.00,121,21119
1650648,-1.00,121,21119
1650749,-1.00,123,20729
1650850,-1.00,121,21119
1650952,-1.00,122,20922
1651053,-1.00,123,20729
1651154,-1.00,121,21119
1651256,-1.00,121,21119
1651357,-1.00,122,20922
1651459,-1.00,121,21119
1651560,-1.00,119,21521
1651661,-1.00,121,21119
1651763,-1.00,120,21318
1651864,-1.00,121,21119
1651965,-1.00,122,20922
1652067,-1.00,121,21119
1652168,-1.00,122,20922
1652270,-1.00,124,20539
1652371,-1.00,121,21119
1652472,-1.00,121,21119
1652574,-1.00,120,21318
1652675,-1.00,120,21318
1652776,-1.00,122,20922
1652878,-1.00,122,20922
1652979,-1.00,121,21119
1653080,-1.00,124,20539
1653181,-1.00,121,21119
1653282,-1.00,122,20922
1653384,-1.00,121,21119
1653485,-1.00,123,20729
1653586,-1.00,120,21318
1653688,-1.00,121,21119
1653789,-1.00,122,20922
1653891,-1.00,124,20539
1653992,-1.00,121,21119
1654093,-1.00,121,21119
1654195,-1.00,121,21119
1654296,-1.00,121,21119
1654397,-1.00,120,21318
1654499,-1.00,120,21318
1654600,-1.00,121,21119
1654702,-1.00,120,21318
1654803,-1.00,121,21119
1654904,-1.00,120,21318
1655006,-1.00,117,21938
1655107,-1.00,118,21728
1655208,-1.00,120,21318
1655310,-1.00,119,21521
1655411,-1.00,120,21318
1655513,-1.00,119,21521
1655614,-1.00,123,20729
1655715,-1.00,119,21521
1655817,-1.00,120,21318
1655918,-1.00,119,21521
1656019,-1.00,120,21318
1656121,-1.00,117,21938
1656222,-1.00,121,21119
1656324,-1.00,120,21318
1656425,-1.00,119,21521
1656526,-1.00,121,21119
1656628,-1.00,120,21318
1656729,-1.00,120,21318
1656830,-1.00,120,21318
1656932,-1.00,121,21119
1657033,-1.00,120,21318
1657135,-1.00,119,21521
1657236,-1.00,118,21728
1657337,-1.00,120,21318
1657439,-1.00,120,21318
1657540,-1.00,121,21119
1657641,-1.00,120,21318
1657743,-1.00,123,20729
1657844,-1.00,122,20922
1657946,-1.00,121,21119
1658047,-1.00,120,21318
1658148,-1.00,120,21318
1658250,-1.00,122,20922
1658351,-1.00,120,21318
1658452,-1.00,118,21728
1658554,-1.00,119,21521
1658655,-1.00,122,20922
1658757,-1.00,118,21728
1658858,-1.00,117,21938
1658959,-1.00,120,21318
1659061,-1.00,118,21728
1659162,-1.00,117,21938
1659264,-1.00,121,21119
1659365,-1.00,119,21521
1659466,-1.00,119,21521
1659568,-1.00,119,21521
1659669,-1.00,119,21521
1659770,-1.00,117,21938
1659872,-1.00,119,21521
1659973,-1.00,121,21119
1660075,-1.00,119,21521
1660176,-1.00,118,21728
1660277,-1.00,118,21728
1660379,-1.00,119,21521
1660479,-1.00,118,21728
1660580,-1.00,119,21521
1660682,-1.00,118,21728
1660783,-1.00,121,21119
1660884,-1.00,117,21938
1660986,-1.00,117,21938
1661087,-1.00,119,21521
1661189,-1.00,119,21521
1661290,-1.00,118,21728
1661391,-1.00,117,21938
1661493,-1.00,118,21728
1661594,-1.00,117,21938
1661696,-1.00,118,21728
1661797,-1.00,118,21728
1661898,-1.00,116,22151
1662000,-1.00,115,22368
1662101,-1.00,117,21938
1662202,-1.00,117,21938
1662304,-1.00,117,21938
1662405,-1.00,116,22151
1662507,-1.00,118,21728
1662608,-1.00,115,22368
1662709,-1.00,117,21938
1662811,-1.00,117,21938
1662912,-1.00,116,22151
1663013,-1.00,115,22368
1663115,-1.00,118,21728
1663216,-1.00,118,21728
1663318,-1.00,117,21938
1663419,-1.00,117,21938
1663520,-1.00,116,22151
1663622,-1.00,116,22151
1663723,-1.00,117,21938
1663824,-1.00,117,21938
1663926,-1.00,116,22151
1664027,-1.00,118,21728
1664129,-1.00,115,22368
1664230,-1.00,116,22151
1664331,-1.00,116,22151
1664433,-1.00,115,22368
1664534,-1.00,116,22151
1664635,-1.00,117,21938
1664737,-1.00,117,21938
1664838,-1.00,115,22368
1664940,-1.00,116,22151
1665041,-1.00,118,21728
1665142,-1.00,118,21728
1665244,-1.00,116,22151
1665345,-1.00,117,21938
1665446,-1.00,115,22368
1665548,-1.00,117,21938
1665649,-1.00,115,22368
1665751,-1.00,118,21728
1665852,-1.00,116,22151
1665953,-1.00,116,22151
1666055,-1.00,115,22368
1666156,-1.00,118,21728
1666257,-1.00,117,21938
1666359,-1.00,114,22589
1666460,-1.00,116,22151
1666562,-1.00,118,21728
1666663,-1.00,116,22151
1666764,-1.00,117,21938
1666866,-1.00,117,21938
1666967,-1.00,116,22151
1667068,-1.00,115,22368
1667170,-1.00,114,22589
1667271,-1.00,115,22368
1667373,-1.00,116,22151
1667474,-1.00,116,22151
1667575,-1.00,116,22151
1667677,-1.00,117,21938
1667778,-1.00,114,22589
1667879,-1.00,113,22814
1667981,-1.00,115,22368
1668081,-1.00,115,22368
1668183,-1.00,113,22814
1668284,-1.00,117,21938
1668385,-1.00,115,22368
1668487,-1.00,114,22589
1668588,-1.00,114,22589
1668689,-1.00,116,22151
1668791,-1.00,114,22589
1668892,-1.00,113,22814
1668994,-1.00,117,21938
1669095,-1.00,114,22589
1669196,-1.00,113,22814
1669298,-1.00,114,22589
1669399,-1.00,113,22814
1669500,-1.00,114,22589
1669602,-1.00,115,22368
1669703,-1.00,114,22589
1669805,-1.00,114,22589
1669906,-1.00,114,22589
1670007,-1.00,114,22589
1670109,-1.00,115,22368
1670210,-1.00,113,22814
1670311,-1.00,113,22814
1670413,-1.00,114,22589
1670514,-1.00,113,22814
1670616,-1.00,114,22589
1670717,-1.00,115,22368
1670818,-1.00,115,22368
1670920,-1.00,115,22368
1671021,-1.00,114,22589
1671122,-1.00,115,22368
1671224,-1.00,111,23277
1671325,-1.00,114,22589
1671427,-1.00,115,22368
1671528,-1.00,115,22368
1671629,-1.00,114,22589
1671731,-1.00,114,22589
1671832,-1.00,117,21938
1671933,-1.00,114,22589
1672035,-1.00,113,22814
1672136,-1.00,115,22368
1672238,-1.00,118,21728
1672339,-1.00,113,22814
1672440,-1.00,114,22589
1672542,-1.00,113,22814
1672643,-1.00,115,22368
1672744,-1.00,116,22151
1672846,-1.00,115,22368
1672947,-1.00,114,22589
1673049,-1.00,114,22589
1673150,-1.00,116,22151
1673251,-1.00,116,22151
1673353,-1.00,116,22151
1673454,-1.00,113,22814
1673555,-1.00,115,22368
1673657,-1.00,114,22589
1673758,-1.00,115,22368
1673860,-1.00,115,22368
1673961,-1.00,113,22814
1674062,-1.00,113,22814
1674164,-1.00,113,22814
1674265,-1.00,113,22814
1674366,-1.00,116,22151
1674468,-1.00,114,22589
1674569,-1.00,115,22368
1674671,-1.00,115,22368
1674772,-1.00,113,22814
1674873,-1.00,114,22589
1674975,-1.00,114,22589
1675076,-1.00,114,22589
1675177,-1.00,114,22589
1675279,-1.00,115,22368
1675380,-1.00,115,22368
1675482,-1.00,115,22368
1675583,-1.00,113,22814
1675684,-1.00,112,23043
1675785,-1.00,112,23043
1675886,-1.00,115,22368
1675987,-1.00,112,23043
1676089,-1.00,114,22589
1676190,-1.00,114,22589
1676292,-1.00,115,22368
1676393,-1.00,114,22589
1676494,-1.00,116,22151
1676596,-1.00,112,23043
1676697,-1.00,113,22814
1676798,-1.00,116,22151
1676900,-1.00,114,22589
1677001,-1.00,114,22589
1677103,-1.00,113,22814
1677204,-1.00,112,23043
1677305,-1.00,113,22814
1677407,-1.00,112,23043
1677508,-1.00,114,22589
1677609,-1.00,113,22814
1677711,-1.00,114,22589
1677812,-1.00,115,22368
1677914,-1.00,113,22814
1678015,-1.00,111,23277
1678116,-1.00,114,22589
1678218,-1.00,116,22151
1678319,-1.00,113,22814
1678420,-1.00,113,22814
1678522,-1.00,114,22589
1678623,-1.00,114,22589
1678725,-1.00,113,22814
1678826,-1.00,114,22589
1678927,-1.00,112,23043
1679029,-1.00,113,22814
1679130,-1.00,113,22814
1679232,-1.00,114,22589
1679333,-1.00,113,22814
1679434,-1.00,114,22589
1679536,-1.00,113,22814
1679637,-1.00,113,22814
1679738,-1.00,116,22151
1679840,-1.00,114,22589
1679941,-1.00,115,22368
1680043,-1.00,114,22589
1680144,-1.00,114,22589
1680245,-1.00,114,22589
1680347,-1.00,114,22589
1680448,-1.00,114,22589
1680549,-1.00,114,22589
1680651,-1.00,114,22589
1680752,-1.00,113,22814
1680854,-1.00,113,22814
1680955,-1.00,115,22368
1681056,-1.00,113,22814
1681158,-1.00,116,22151
1681259,-1.00,115,22368
1681360,-1.00,115,22368
1681462,-1.00,114,22589
1681563,-1.00,117,21938
1681665,-1.00,115,22368
1681766,-1.00,113,22814
1681867,-1.00,112,23043
1681969,-1.00,115,22368
1682070,-1.00,113,22814
1682171,-1.00,114,22589
1682273,-1.00,113,22814
1682374,-1.00,115,22368
1682476,-1.00,113,22814
1682577,-1.00,112,23043
1682678,-1.00,111,23277
1682780,-1.00,114,22589
1682881,-1.00,114,22589
1682982,-1.00,114,22589
1683084,-1.00,114,22589
1683185,-1.00,114,22589
1683287,-1.00,111,23277
1683387,-1.00,114,22589
1683488,-1.00,114,22589
1683590,-1.00,113,22814
1683691,-1.00,113,22814
1683792,-1.00,113,22814
1683894,-1.00,112,23043
1683995,-1.00,113,22814
1684097,-1.00,115,22368
1684198,-1.00,112,23043
1684299,-1.00,114,22589
1684401,-1.00,111,23277
1684502,-1.00,113,22814
1684603,-1.00,114,22589
1684705,-1.00,114,22589
1684806,-1.00,114,22589
1684908,-1.00,111,23277
1685009,-1.00,112,23043
1685110,-1.00,114,22589
1685212,-1.00,114,22589
1685313,-1.00,113,22814
1685414,-1.00,112,23043
1685516,-1.00,114,22589
1685617,-1.00,115,22368
1685719,-1.00,112,23043
1685820,-1.00,112,23043
1685921,-1.00,113,22814
1686023,-1.00,112,23043
1686124,-1.00,112,23043
1686225,-1.00,112,23043
1686327,-1.00,114,22589
1686428,-1.00,115,22368
1686530,-1.00,114,22589
1686631,-1.00,113,22814
1686732,-1.00,114,22589
1686834,-1.00,114,22589
1686935,-1.00,112,23043
1687036,-1.00,113,22814
1687138,-1.00,112,23043
1687239,-1.00,115,22368
1687341,-1.00,113,22814
1687442,-1.00,113,22814
1687543,-1.00,114,22589
1687645,-1.00,110,23514
1687746,-1.00,114,22589
1687847,-1.00,112,23043
1687949,-1.00,111,23277
1688050,-1.00,112,23043
1688152,-1.00,114,22589
1688253,-1.00,114,22589
1688354,-1.00,114,22589
1688456,-1.00,114,22589
1688557,-1.00,113,22814
1688658,-1.00,113,22814
1688760,-1.00,112,23043
1688861,-1.00,113,22814
1688963,-1.00,112,23043
1689064,-1.00,113,22814
1689165,-1.00,111,23277
1689267,-1.00,113,22814
1689368,-1.00,112,23043
1689469,-1.00,112,23043
1689571,-1.00,111,23277
1689672,-1.00,112,23043
1689774,-1.00,113,22814
1689875,-1.00,113,22814
1689976,-1.00,112,23043
1690078,-1.00,112,23043
1690179,-1.00,112,23043
1690280,-1.00,113,22814
1690382,-1.00,112,23043
1690482,-1.00,113,22814
1690584,-1.00,112,23043
1690685,-1.00,114,22589
1690786,-1.00,113,22814
1690888,-1.00,113,22814
1690989,-1.00,113,22814
1691090,-1.00,113,22814
1691192,-1.00,113,22814
1691293,-1.00,112,23043
1691395,-1.00,113,22814
1691496,-1.00,111,23277
1691597,-1.00,113,22814
1691699,-1.00,114,22589
1691800,-1.00,112,23043
1691901,-1.00,112,23043
1692003,-1.00,111,23277
1692104,-1.00,115,22368
1692206,-1.00,114,22589
1692307,-1.00,113,22814
1692408,-1.00,114,22589
1692510,-1.00,114,22589
1692611,-1.00,113,22814
1692712,-1.00,115,22368
1692814,-1.00,115,22368
1692915,-1.00,113,22814
1693017,-1.00,113,22814
1693118,-1.00,114,22589
1693219,-1.00,114,22589
1693321,-1.00,113,22814
1693422,-1.00,111,23277
1693523,-1.00,115,22368
1693625,-1.00,115,22368
1693726,-1.00,114,22589
1693828,-1.00,113,22814
1693929,-1.00,114,22589
1694030,-1.00,113,22814
1694132,-1.00,114,22589
1694233,-1.00,113,22814
1694334,-1.00,114,22589
1694436,-1.00,114,22589
1694537,-1.00,112,23043
1694639,-1.00,115,22368
1694740,-1.00,114,22589
1694841,-1.00,113,22814
1694943,-1.00,112,23043
1695044,-1.00,113,22814
1695145,-1.00,113,22814
1695247,-1.00,111,23277
1695348,-1.00,113,22814
1695450,-1.00,113,22814
1695551,-1.00,111,23277
1695652,-1.00,112,23043
1695754,-1.00,113,22814
1695855,-1.00,112,23043
1695956,-1.00,112,23043
1696058,-1.00,113,22814
1696159,-1.00,114,22589
1696261,-1.00,112,23043
1696362,-1.00,111,23277
1696463,-1.00,111,23277
1696565,-1.00,112,23043
1696666,-1.00,115,22368
1696768,-1.00,116,22151
1696869,-1.00,111,23277
1696970,-1.00,113,22814
1697072,-1.00,112,23043
1697173,-1.00,112,23043
1697274,-1.00,114,22589
1697376,-1.00,113,22814
1697477,-1.00,112,23043
1697579,-1.00,110,23514
1697680,-1.00,114,22589
1697781,-1.00,112,23043
1697883,-1.00,115,22368
1697983,-1.00,114,22589
1698084,-1.00,113,22814
1698186,-1.00,112,23043
1698287,-1.00,114,22589
1698388,-1.00,114,22589
1698490,-1.00,114,22589
1698591,-1.00,114,22589
1698693,-1.00,114,22589
1698794,-1.00,112,23043
1698895,-1.00,112,23043
1698997,-1.00,114,22589
1699098,-1.00,110,23514
1699200,-1.00,113,22814
1699301,-1.00,114,22589
1699402,-1.00,114,22589
1699504,-1.00,112,23043
1699605,-1.00,112,23043
1699706,-1.00,113,22814
1699808,-1.00,112,23043
1699909,-1.00,112,23043
1700011,-1.00,113,22814
1700112,-1.00,111,23277
1700213,-1.00,112,23043
1700315,-1.00,114,22589
1700416,-1.00,112,23043
1700517,-1.00,113,22814
1700619,-1.00,113,22814
1700720,-1.00,112,23043
1700822,-1.00,112,23043
1700923,-1.00,113,22814
1701024,-1.00,113,22814
1701126,-1.00,113,22814
1701227,-1.00,113,22814
1701328,-1.00,114,22589
1701430,-1.00,111,23277
1701531,-1.00,113,22814
1701633,-1.00,113,22814
1701734,-1.00,114,22589
1701835,-1.00,112,23043
1701937,-1.00,113,22814
1702038,-1.00,113,22814
1702139,-1.00,112,23043
1702241,-1.00,115,22368
1702342,-1.00,111,23277
1702444,-1.00,113,22814
1702545,-1.00,110,23514
1702646,-1.00,111,23277
1702748,-1.00,111,23277
1702849,-1.00,112,23043
1702950,-1.00,112,23043
1703052,-1.00,113,22814
1703153,-1.00,111,23277
1703255,-1.00,112,23043
1703356,-1.00,113,22814
1703457,-1.00,113,22814
1703559,-1.00,113,22814
1703660,-1.00,114,22589
1703761,-1.00,111,23277
1703863,-1.00,114,22589
1703964,-1.00,113,22814
1704066,-1.00,112,23043
1704167,-1.00,111,23277
1704268,-1.00,111,23277
1704370,-1.00,112,23043
1704471,-1.00,112,23043
1704572,-1.00,114,22589
1704674,-1.00,112,23043
1704775,-1.00,111,23277
1704877,-1.00,114,22589
1704978,-1.00,112,23043
1705079,-1.00,111,23277
1705181,-1.00,112,23043
1705282,-1.00,112,23043
1705383,-1.00,112,23043
1705484,-1.00,113,22814
1705585,-1.00,110,23514
1705687,-1.00,111,23277
1705788,-1.00,110,23514
1705889,-1.00,111,23277
1705991,-1.00,111,23277
1706092,-1.00,112,23043
1706193,-1.00,110,23514
1706295,-1.00,113,22814
1706396,-1.00,113,22814
1706498,-1.00,113,22814
1706599,-1.00,111,23277
1706700,-1.00,112,23043
1706802,-1.00,111,23277
1706903,-1.00,114,22589
1707004,-1.00,112,23043
1707106,-1.00,112,23043
1707207,-1.00,112,23043
1707309,-1.00,111,23277
1707410,-1.00,113,22814
1707511,-1.00,115,22368
1707613,-1.00,112,23043
1707714,-1.00,111,23277
1707815,-1.00,114,22589
1707917,-1.00,113,22814
1708018,-1.00,111,23277
1708120,-1.00,112,23043
1708221,-1.00,112,23043
1708322,-1.00,113,22814
1708424,-1.00,114,22589
1708525,-1.00,111,23277
1708626,-1.00,114,22589
1708728,-1.00,112,23043
1708829,-1.00,113,22814
1708931,-1.00,111,23277
1709032,-1.00,111,23277
1709133,-1.00,111,23277
1709235,-1.00,111,23277
1709336,-1.00,111,23277
1709437,-1.00,113,22814
1709539,-1.00,111,23277
1709640,-1.00,113,22814
1709742,-1.00,113,22814
1709843,-1.00,112,23043
1709944,-1.00,110,23514
1710046,-1.00,111,23277
1710147,-1.00,112,23043
1710248,-1.00,113,22814
1710350,-1.00,111,23277
1710451,-1.00,113,22814
1710553,-1.00,113,22814
1710654,-1.00,111,23277
1710755,-1.00,112,23043
1710857,-1.00,113,22814
1710958,-1.00,113,22814
1711059,-1.00,112,23043
1711161,-1.00,112,23043
1711262,-1.00,112,23043
1711364,-1.00,112,23043
1711465,-1.00,114,22589
1711566,-1.00,111,23277
1711668,-1.00,112,23043
1711769,-1.00,113,22814
1711870,-1.00,110,23514
1711972,-1.00,113,22814
1712073,-1.00,112,23043
1712175,-1.00,111,23277
1712276,-1.00,111,23277
1712377,-1.00,111,23277
1712479,-1.00,112,23043
1712580,-1.00,112,23043
1712681,-1.00,110,23514
1712783,-1.00,112,23043
1712884,-1.00,112,23043
1712986,-1.00,110,23514
1713087,-1.00,111,23277
1713188,-1.00,113,22814
1713289,-1.00,113,22814
1713390,-1.00,110,23514
1713491,-1.00,110,23514
1713593,-1.00,112,23043
1713694,-1.00,111,23277
1713796,-1.00,110,23514
1713897,-1.00,111,23277
1713998,-1.00,113,22814
1714100,-1.00,111,23277
1714201,-1.00,112,23043
1714302,-1.00,112,23043
1714404,-1.00,111,23277
1714505,-1.00,112,23043
1714607,-1.00,111,23277
1714708,-1.00,111,23277
1714809,-1.00,111,23277
1714911,-1.00,110,23514
1715012,-1.00,108,24002
1715113,-1.00,111,23277
1715215,-1.00,112,23043
1715316,-1.00,109,23756
1715418,-1.00,110,23514
1715519,-1.00,109,23756
1715620,-1.00,111,23277
1715722,-1.00,109,23756
1715823,-1.00,108,24002
1715924,-1.00,109,23756
1716026,-1.00,111,23277
1716127,-1.00,110,23514
1716229,-1.00,110,23514
1716330,-1.00,109,23756
1716431,-1.00,111,23277
1716533,-1.00,110,23514
1716634,-1.00,112,23043
1716736,-1.00,109,23756
1716837,-1.00,111,23277
1716938,-1.00,110,23514
1717040,-1.00,109,23756
1717141,-1.00,112,23043
1717242,-1.00,110,23514
1717344,-1.00,111,23277
1717445,-1.00,110,23514
1717547,-1.00,109,23756
1717648,-1.00,109,23756
1717749,-1.00,112,23043
1717851,-1.00,110,23514
1717952,-1.00,111,23277
1718053,-1.00,110,23514
1718155,-1.00,112,23043
1718256,-1.00,111,23277
1718358,-1.00,109,23756
1718459,-1.00,111,23277
1718560,-1.00,110,23514
1718662,-1.00,112,23043
1718763,-1.00,111,23277
1718864,-1.00,112,23043
1718966,-1.00,110,23514
1719067,-1.00,112,23043
1719169,-1.00,112,23043
1719270,-1.00,109,23756
1719371,-1.00,111,23277
1719473,-1.00,110,23514
1719574,-1.00,109,23756
1719675,-1.00,112,23043
1719777,-1.00,111,23277
1719878,-1.00,112,23043
1719980,-1.00,109,23756
1720081,-1.00,106,24508
1720182,-1.00,105,24769
1720284,-1.00,108,24002
1720385,-1.00,108,24002
1720486,-1.00,109,23756
1720588,-1.00,110,23514
1720689,-1.00,109,23756
1720791,-1.00,111,23277
1720891,-1.00,109,23756
1720992,-1.00,110,23514
1721094,-1.00,110,23514
1721195,-1.00,110,23514
1721296,-1.00,109,23756
1721398,-1.00,109,23756
1721499,-1.00,110,23514
1721601,-1.00,109,23756
1721702,-1.00,108,24002
1721803,-1.00,110,23514
1721905,-1.00,111,23277
1722006,-1.00,109,23756
1722107,-1.00,107,24253
1722209,-1.00,108,24002
1722310,-1.00,106,24508
1722412,-1.00,107,24253
1722513,-1.00,108,24002
1722614,-1.00,105,24769
1722716,-1.00,107,24253
1722817,-1.00,108,24002
1722918,-1.00,105,24769
1723020,-1.00,105,24769
1723121,-1.00,108,24002
1723223,-1.00,105,24769
1723324,-1.00,105,24769
1723425,-1.00,105,24769
1723527,-1.00,105,24769
1723628,-1.00,104,25034
1723729,-1.00,104,25034
1723831,-1.00,105,24769
1723932,-1.00,105,24769
1724034,-1.00,98,26740
1724135,-1.00,99,26441
1724236,-1.00,99,26441
1724338,-1.00,100,26149
1724439,-1.00,100,26149
1724540,-1.00,100,26149
1724642,-1.00,100,26149
1724743,-1.00,100,26149
1724845,-1.00,99,26441
1724946,-1.00,106,24508
1725047,-1.00,100,26149
1725149,-1.00,99,26441
1725250,-1.00,101,25862
1725351,-1.00,97,27045
1725453,-1.00,101,25862
1725554,-1.00,101,25862
1725656,-1.00,99,26441
1725757,-1.00,98,26740
1725858,-1.00,98,26740
1725959,-1.00,101,25862
1726060,-1.00,100,26149
1726161,-1.00,100,26149
1726263,-1.00,99,26441
1726364,-1.00,100,26149
1726466,-1.00,100,26149
1726567,-1.00,98,26740
1726668,-1.00,101,25862
1726770,-1.00,98,26740
1726871,-1.00,98,26740
1726972,-1.00,99,26441
1727074,-1.00,98,26740
1727175,-1.00,100,26149
1727277,-1.00,98,26740
1727378,-1.00,101,25862
1727479,-1.00,99,26441
1727581,-1.00,100,26149
1727682,-1.00,100,26149
1727783,-1.00,101,25862
1727885,-1.00,98,26740
1727986,-1.00,100,26149
1728088,-1.00,100,26149
1728189,-1.00,101,25862
1728290,-1.00,99,26441
1728392,-1.00,99,26441
1728493,-1.00,100,26149
1728594,-1.00,100,26149
1728696,-1.00,100,26149
1728797,-1.00,100,26149
1728899,-1.00,100,26149
1729000,-1.00,100,26149
1729101,-1.00,98,26740
1729202,-1.00,99,26441
1729303,-1.00,101,25862
1729404,-1.00,100,26149
1729506,-1.00,97,27045
1729607,-1.00,99,26441
1729709,-1.00,99,26441
1729810,-1.00,99,26441
1729911,-1.00,99,26441
1730013,-1.00,101,25862
1730114,-1.00,100,26149
1730215,-1.00,98,26740
1730317,-1.00,97,27045
1730418,-1.00,98,26740
1730520,-1.00,99,26441
1730621,-1.00,100,26149
1730722,-1.00,100,26149
1730824,-1.00,99,26441
1730925,-1.00,98,26740
1731026,-1.00,99,26441
1731128,-1.00,99,26441
1731229,-1.00,100,26149
1731330,-1.00,98,26740
1731431,-1.00,100,26149
1731532,-1.00,99,26441
1731634,-1.00,100,26149
1731735,-1.00,100,26149
1731836,-1.00,101,25862
1731938,-1.00,100,26149
1732039,-1.00,99,26441
1732141,-1.00,100,26149
1732242,-1.00,97,27045
1732343,-1.00,98,26740
1732445,-1.00,97,27045
1732546,-1.00,98,26740
1732647,-1.00,100,26149
1732749,-1.00,98,26740
1732850,-1.00,100,26149
1732952,-1.00,98,26740
1733053,-1.00,99,26441
1733154,-1.00,98,26740
1733256,-1.00,97,27045
1733357,-1.00,96,27356
1733458,-1.00,97,27045
1733560,-1.00,97,27045
1733660,-1.00,98,26740
1733762,-1.00,98,26740
1733863,-1.00,98,26740
1733964,-1.00,96,27356
1734066,-1.00,98,26740
1734167,-1.00,97,27045
1734268,-1.00,98,26740
1734370,-1.00,97,27045
1734471,-1.00,101,25862
1734573,-1.00,99,26441
1734674,-1.00,97,27045
1734775,-1.00,99,26441
1734877,-1.00,99,26441
1734978,-1.00,98,26740
1735079,-1.00,98,26740
1735181,-1.00,101,25862
1735282,-1.00,99,26441
1735384,-1.00,99,26441
1735484,-1.00,98,26740
1735585,-1.00,97,27045
1735687,-1.00,99,26441
1735788,-1.00,98,26740
1735889,-1.00,99,26441
1735991,-1.00,99,26441
1736092,-1.00,100,26149
1736194,-1.00,98,26740
1736295,-1.00,98,26740
1736396,-1.00,97,27045
1736498,-1.00,97,27045
1736599,-1.00,98,26740
1736700,-1.00,96,27356
1736802,-1.00,96,27356
1736903,-1.00,95,27674
1737005,-1.00,96,27356
1737106,-1.00,96,27356
1737206,-1.00,95,27674
1737308,-1.00,94,27998
1737409,-1.00,98,26740
1737510,-1.00,99,26441
1737612,-1.00,95,27674
1737713,-1.00,97,27045
1737815,-1.00,95,27674
1737916,-1.00,95,27674
1738017,-1.00,96,27356
1738119,-1.00,96,27356
1738220,-1.00,96,27356
1738321,-1.00,96,27356
1738423,-1.00,96,27356
1738524,-1.00,95,27674
1738626,-1.00,95,27674
1738727,-1.00,96,27356
1738828,-1.00,96,27356
1738930,-1.00,97,27045
1739030,-1.00,96,27356
1739131,-1.00,96,27356
1739233,-1.00,96,27356
1739334,-1.00,94,27998
1739436,-1.00,95,27674
1739537,-1.00,97,27045
1739638,-1.00,94,27998
1739740,-1.00,95,27674
1739841,-1.00,97,27045
1739942,-1.00,96,27356
1740044,-1.00,95,27674
1740145,-1.00,99,26441
1740247,-1.00,97,27045
1740348,-1.00,95,27674
1740449,-1.00,98,26740
1740551,-1.00,96,27356
1740652,-1.00,96,27356
1740753,-1.00,98,26740
1740854,-1.00,98,26740
1740955,-1.00,98,26740
1741057,-1.00,99,26441
1741158,-1.00,99,26441
1741259,-1.00,98,26740
1741361,-1.00,98,26740
1741462,-1.00,100,26149
1741563,-1.00,102,25580
1741665,-1.00,98,26740
1741766,-1.00,97,27045
1741868,-1.00,99,26441
1741969,-1.00,101,25862
1742070,-1.00,99,26441
1742172,-1.00,100,26149
1742273,-1.00,100,26149
1742374,-1.00,97,27045
1742476,-1.00,99,26441
1742577,-1.00,98,26740
1742679,-1.00,98,26740
1742780,-1.00,99,26441
1742880,-1.00,98,26740
1742982,-1.00,98,26740
1743083,-1.00,99,26441
1743184,-1.00,98,26740
1743286,-1.00,97,27045
1743387,-1.00,98,26740
1743489,-1.00,98,26740
1743590,-1.00,95,27674
1743691,-1.00,97,27045
1743793,-1.00,94,27998
1743894,-1.00,99,26441
1743995,-1.00,94,27998
1744097,-1.00,94,27998
1744198,-1.00,95,27674
1744300,-1.00,94,27998
1744401,-1.00,96,27356
1744502,-1.00,96,27356
1744603,-1.00,94,27998
1744704,-1.00,98,26740
1744805,-1.00,95,27674
1744907,-1.00,95,27674
1745008,-1.00,94,27998
1745110,-1.00,94,27998
1745211,-1.00,94,27998
1745312,-1.00,96,27356
1745414,-1.00,96,27356
1745515,-1.00,94,27998
1745616,-1.00,95,27674
1745718,-1.00,95,27674
1745819,-1.00,97,27045
1745921,-1.00,94,27998
1746022,-1.00,96,27356
1746123,-1.00,95,27674
1746225,-1.00,96,27356
1746325,-1.00,95,27674
1746426,-1.00,96,27356
1746528,-1.00,94,27998
1746629,-1.00,95,27674
1746731,-1.00,94,27998
1746832,-1.00,95,27674
1746933,-1.00,95,27674
1747035,-1.00,96,27356
1747136,-1.00,96,27356
1747237,-1.00,96,27356
1747339,-1.00,94,27998
1747440,-1.00,95,27674
1747542,-1.00,97,27045
1747643,-1.00,97,27045
1747744,-1.00,95,27674
1747846,-1.00,96,27356
1747947,-1.00,97,27045
1748047,-1.00,97,27045
1748149,-1.00,96,27356
1748250,-1.00,96,27356
1748352,-1.00,98,26740
1748453,-1.00,97,27045
1748554,-1.00,97,27045
1748656,-1.00,97,27045
1748757,-1.00,103,25304
1748858,-1.00,98,26740
1748960,-1.00,97,27045
1749061,-1.00,96,27356
1749163,-1.00,97,27045
1749264,-1.00,96,27356
1749365,-1.00,96,27356
1749467,-1.00,95,27674
1749568,-1.00,95,27674
1749669,-1.00,96,27356
1749770,-1.00,95,27674
1749871,-1.00,95,27674
1749972,-1.00,98,26740
1750074,-1.00,95,27674
1750175,-1.00,96,27356
1750277,-1.00,94,27998
1750378,-1.00,96,27356
1750479,-1.00,93,28330
1750581,-1.00,94,27998
1750682,-1.00,95,27674
1750784,-1.00,97,27045
1750885,-1.00,96,27356
1750986,-1.00,97,27045
1751088,-1.00,97,27045
1751189,-1.00,95,27674
1751290,-1.00,96,27356
1751392,-1.00,97,27045
1751493,-1.00,95,27674
1751593,-1.00,96,27356
1751695,-1.00,95,27674
1751796,-1.00,95,27674
1751898,-1.00,96,27356
1751999,-1.00,96,27356
1752100,-1.00,96,27356
1752202,-1.00,96,27356
1752303,-1.00,95,27674
1752404,-1.00,96,27356
1752506,-1.00,95,27674
1752607,-1.00,98,26740
1752709,-1.00,95,27674
1752810,-1.00,97,27045
1752911,-1.00,96,27356
1753013,-1.00,95,27674
1753114,-1.00,96,27356
1753216,-1.00,95,27674
1753316,-1.00,96,27356
1753417,-1.00,95,27674
1753519,-1.00,95,27674
1753620,-1.00,94,27998
1753721,-1.00,96,27356
1753823,-1.00,95,27674
1753924,-1.00,96,27356
1754025,-1.00,97,27045
1754127,-1.00,97,27045
1754228,-1.00,96,27356
1754330,-1.00,96,27356
1754431,-1.00,96,27356
1754532,-1.00,96,27356
1754634,-1.00,96,27356
1754735,-1.00,97,27045
1754836,-1.00,97,27045
1754938,-1.00,96,27356
1755039,-1.00,95,27674
1755140,-1.00,95,27674
1755241,-1.00,95,27674
1755342,-1.00,94,27998
1755444,-1.00,95,27674
1755545,-1.00,94,27998
1755646,-1.00,96,27356
1755748,-1.00,97,27045
1755849,-1.00,94,27998
1755951,-1.00,94,27998
1756052,-1.00,98,26740
1756153,-1.00,94,27998
1756255,-1.00,96,27356
1756356,-1.00,93,28330
1756457,-1.00,95,27674
1756559,-1.00,94,27998
1756660,-1.00,94,27998
1756762,-1.00,93,28330
1756862,-1.00,94,27998
1756963,-1.00,96,27356
1757065,-1.00,95,27674
1757166,-1.00,100,26149
1757267,-1.00,99,26441
1757369,-1.00,97,27045
1757470,-1.00,98,26740
1757572,-1.00,98,26740
1757673,-1.00,98,26740
1757774,-1.00,98,26740
1757876,-1.00,99,26441
1757977,-1.00,98,26740
1758078,-1.00,97,27045
1758180,-1.00,96,27356
1758281,-1.00,98,26740
1758383,-1.00,96,27356
1758484,-1.00,100,26149
1758585,-1.00,98,26740
1758687,-1.00,97,27045
1758787,-1.00,95,27674
1758888,-1.00,97,27045
1758990,-1.00,98,26740
1759091,-1.00,98,26740
1759193,-1.00,97,27045
1759294,-1.00,98,26740
1759395,-1.00,97,27045
1759497,-1.00,98,26740
1759598,-1.00,95,27674
1759699,-1.00,97,27045
1759801,-1.00,96,27356
1759902,-1.00,95,27674
1760004,-1.00,98,26740
1760105,-1.00,98,26740
1760206,-1.00,96,27356
1760308,-1.00,97,27045
1760409,-1.00,98,26740
1760509,-1.00,99,26441
1760611,-1.00,97,27045
1760712,-1.00,97,27045
1760814,-1.00,96,27356
1760915,-1.00,97,27045
1761016,-1.00,97,27045
1761118,-1.00,96,27356
1761219,-1.00,95,27674
1761320,-1.00,97,27045
1761422,-1.00,97,27045
1761523,-1.00,96,27356
1761625,-1.00,98,26740
1761726,-1.00,97,27045
1761827,-1.00,97,27045
1761929,-1.00,97,27045
1762030,-1.00,98,26740
1762131,-1.00,97,27045
1762232,-1.00,98,26740
1762333,-1.00,98,26740
1762435,-1.00,98,26740
1762536,-1.00,98,26740
1762637,-1.00,98,26740
1762739,-1.00,96,27356
1762840,-1.00,98,26740
1762941,-1.00,97,27045
1763043,-1.00,96,27356
1763144,-1.00,99,26441
1763246,-1.00,99,26441
1763347,-1.00,97,27045
1763448,-1.00,98,26740
1763550,-1.00,97,27045
1763651,-1.00,98,26740
1763752,-1.00,99,26441
1763853,-1.00,98,26740
1763954,-1.00,97,27045
1764056,-1.00,97,27045
1764157,-1.00,97,27045
1764258,-1.00,99,26441
1764360,-1.00,99,26441
1764461,-1.00,97,27045
1764562,-1.00,97,27045
1764664,-1.00,96,27356
1764765,-1.00,97,27045
1764867,-1.00,98,26740
1764968,-1.00,96,27356
1765069,-1.00,97,27045
1765171,-1.00,95,27674
1765272,-1.00,96,27356
1765373,-1.00,98,26740
1765474,-1.00,97,27045
1765575,-1.00,97,27045
1765677,-1.00,96,27356
1765778,-1.00,97,27045
1765879,-1.00,96,27356
1765981,-1.00,94,27998
1766082,-1.00,98,26740
1766183,-1.00,95,27674
1766285,-1.00,96,27356
1766386,-1.00,94,27998
1766488,-1.00,93,28330
1766589,-1.00,93,28330
1766690,-1.00,90,29369
1766792,-1.00,93,28330
1766893,-1.00,92,28669
1766994,-1.00,91,29015
1767096,-1.00,91,29015
1767196,-1.00,92,28669
1767298,-1.00,92,28669
1767399,-1.00,93,28330
1767500,-1.00,93,28330
1767602,-1.00,92,28669
1767703,-1.00,93,28330
1767804,-1.00,92,28669
1767906,-1.00,94,27998
1768007,-1.00,92,28669
1768109,-1.00,92,28669
1768210,-1.00,92,28669
1768311,-1.00,92,28669
1768413,-1.00,92,28669
1768514,-1.00,91,29015
1768615,-1.00,93,28330
1768717,-1.00,94,27998
1768818,-1.00,91,29015
1768919,-1.00,93,28330
1769020,-1.00,94,27998
1769121,-1.00,92,28669
1769223,-1.00,93,28330
1769324,-1.00,95,27674
1769425,-1.00,93,28330
1769527,-1.00,94,27998
1769628,-1.00,91,29015
1769730,-1.00,93,28330
1769831,-1.00,93,28330
1769932,-1.00,93,28330
1770034,-1.00,90,29369
1770135,-1.00,91,29015
1770236,-1.00,93,28330
1770338,-1.00,94,27998
1770439,-1.00,93,28330
1770541,-1.00,93,28330
1770642,-1.00,91,29015
1770742,-1.00,91,29015
1770844,-1.00,92,28669
1770945,-1.00,92,28669
1771046,-1.00,94,27998
1771148,-1.00,91,29015
1771249,-1.00,92,28669
1771351,-1.00,88,30101
1771452,-1.00,87,30479
1771553,-1.00,86,30867
1771655,-1.00,86,30867
1771756,-1.00,89,29731
1771857,-1.00,87,30479
1771959,-1.00,88,30101
1772060,-1.00,85,31263
1772162,-1.00,87,30479
1772263,-1.00,89,29731
1772364,-1.00,87,30479
1772465,-1.00,89,29731
1772566,-1.00,88,30101
1772667,-1.00,87,30479
1772769,-1.00,89,29731
1772870,-1.00,87,30479
1772972,-1.00,88,30101
1773073,-1.00,87,30479
1773174,-1.00,88,30101
1773276,-1.00,88,30101
1773377,-1.00,87,30479
1773478,-1.00,87,30479
1773580,-1.00,88,30101
1773681,-1.00,86,30867
1773783,-1.00,88,30101
1773884,-1.00,87,30479
1773985,-1.00,87,30479
1774087,-1.00,87,30479
1774188,-1.00,88,30101
1774288,-1.00,87,30479
1774390,-1.00,86,30867
1774491,-1.00,89,29731
1774593,-1.00,87,30479
1774694,-1.00,88,30101
1774795,-1.00,87,30479
1774897,-1.00,86,30867
1774998,-1.00,89,29731
1775099,-1.00,88,30101
1775201,-1.00,88,30101
1775302,-1.00,89,29731
1775404,-1.00,89,29731
1775505,-1.00,90,29369
1775606,-1.00,87,30479
1775708,-1.00,88,30101
1775809,-1.00,88,30101
1775910,-1.00,86,30867
1776012,-1.00,87,30479
1776112,-1.00,88,30101
1776214,-1.00,88,30101
1776315,-1.00,87,30479
1776416,-1.00,87,30479
1776518,-1.00,87,30479
1776619,-1.00,87,30479
1776720,-1.00,88,30101
1776822,-1.00,88,30101
1776923,-1.00,88,30101
1777025,-1.00,87,30479
1777126,-1.00,88,30101
1777227,-1.00,87,30479
1777329,-1.00,87,30479
1777430,-1.00,87,30479
1777531,-1.00,87,30479
1777633,-1.00,88,30101
1777734,-1.00,88,30101
1777836,-1.00,86,30867
1777936,-1.00,88,30101
1778037,-1.00,89,29731
1778139,-1.00,87,30479
1778240,-1.00,88,30101
1778341,-1.00,89,29731
1778443,-1.00,86,30867
1778544,-1.00,87,30479
1778646,-1.00,87,30479
1778747,-1.00,86,30867
1778848,-1.00,88,30101
1778950,-1.00,88,30101
1779051,-1.00,86,30867
1779152,-1.00,88,30101
1779254,-1.00,89,29731
1779355,-1.00,87,30479
1779457,-1.00,89,29731
1779558,-1.00,87,30479
1779658,-1.00,89,29731
1779760,-1.00,90,29369
1779861,-1.00,90,29369
1779962,-1.00,89,29731
1780064,-1.00,92,28669
1780165,-1.00,90,29369
1780267,-1.00,90,29369
1780368,-1.00,90,29369
1780469,-1.00,90,29369
1780571,-1.00,89,29731
1780672,-1.00,92,28669
1780773,-1.00,89,29731
1780875,-1.00,90,29369
1780976,-1.00,90,29369
1781078,-1.00,90,29369
1781179,-1.00,91,29015
1781280,-1.00,89,29731
1781382,-1.00,91,29015
1781482,-1.00,90,29369
1781583,-1.00,89,29731
1781685,-1.00,89,29731
1781786,-1.00,88,30101
1781888,-1.00,90,29369
1781989,-1.00,88,30101
1782090,-1.00,89,29731
1782192,-1.00,89,29731
1782293,-1.00,86,30867
1782394,-1.00,89,29731
1782496,-1.00,87,30479
1782597,-1.00,87,30479
1782699,-1.00,87,30479
1782800,-1.00,88,30101
1782901,-1.00,89,29731
1783003,-1.00,86,30867
1783104,-1.00,88,30101
1783204,-1.00,86,30867
1783306,-1.00,86,30867
1783407,-1.00,86,30867
1783508,-1.00,88,30101
1783610,-1.00,86,30867
1783711,-1.00,87,30479
1783813,-1.00,90,29369
1783914,-1.00,89,29731
1784015,-1.00,93,28330
1784117,-1.00,89,29731
1784218,-1.00,92,28669
1784320,-1.00,91,29015
1784421,-1.00,93,28330
1784522,-1.00,92,28669
1784624,-1.00,92,28669
1784725,-1.00,92,28669
1784826,-1.00,92,28669
1784928,-1.00,91,29015
1785028,-1.00,92,28669
1785129,-1.00,90,29369
1785231,-1.00,91,29015
1785332,-1.00,90,29369
1785434,-1.00,93,28330
1785535,-1.00,93,28330
1785636,-1.00,91,29015
1785738,-1.00,91,29015
1785839,-1.00,92,28669
1785940,-1.00,92,28669
1786042,-1.00,91,29015
1786143,-1.00,89,29731
1786245,-1.00,91,29015
1786346,-1.00,90,29369
1786447,-1.00,91,29015
1786549,-1.00,91,29015
1786650,-1.00,90,29369
1786752,-1.00,90,29369
1786852,-1.00,92,28669
1786953,-1.00,90,29369
1787055,-1.00,90,29369
1787156,-1.00,93,28330
1787257,-1.00,91,29015
1787359,-1.00,91,29015
1787460,-1.00,90,29369
1787561,-1.00,92,28669
1787663,-1.00,91,29015
1787764,-1.00,91,29015
1787866,-1.00,92,28669
1787967,-1.00,91,29015
1788068,-1.00,89,29731
1788170,-1.00,90,29369
1788271,-1.00,90,29369
1788372,-1.00,91,29015
1788474,-1.00,90,29369
1788575,-1.00,92,28669
1788676,-1.00,93,28330
1788777,-1.00,91,29015
1788878,-1.00,90,29369
1788980,-1.00,90,29369
1789081,-1.00,88,30101
1789182,-1.00,86,30867
1789284,-1.00,88,30101
1789385,-1.00,87,30479
1789487,-1.00,88,30101
1789588,-1.00,87,30479
1789689,-1.00,89,29731
1789791,-1.00,86,30867
1789892,-1.00,86,30867
1789993,-1.00,89,29731
1790095,-1.00,87,30479
1790196,-1.00,87,30479
1790298,-1.00,86,30867
1790399,-1.00,88,30101
1790499,-1.00,87,30479
1790601,-1.00,86,30867
1790702,-1.00,90,29369
1790803,-1.00,87,30479
1790905,-1.00,87,30479
1791006,-1.00,88,30101
1791108,-1.00,88,30101
1791209,-1.00,87,30479
1791310,-1.00,88,30101
1791412,-1.00,89,29731
1791513,-1.00,88,30101
1791614,-1.00,87,30479
1791716,-1.00,85,31263
1791817,-1.00,86,30867
1791919,-1.00,86,30867
1792020,-1.00,87,30479
1792121,-1.00,88,30101
1792223,-1.00,88,30101
1792323,-1.00,87,30479
1792424,-1.00,85,31263
1792526,-1.00,86,30867
1792627,-1.00,87,30479
1792729,-1.00,86,30867
1792830,-1.00,85,31263
1792931,-1.00,87,30479
1793033,-1.00,86,30867
1793134,-1.00,86,30867
1793235,-1.00,88,30101
1793337,-1.00,86,30867
1793438,-1.00,89,29731
1793540,-1.00,87,30479
1793641,-1.00,87,30479
1793742,-1.00,88,30101
1793844,-1.00,88,30101
1793944,-1.00,87,30479
1794045,-1.00,85,31263
1794147,-1.00,86,30867
1794248,-1.00,84,31669
1794350,-1.00,85,31263
1794451,-1.00,87,30479
1794552,-1.00,87,30479
1794654,-1.00,87,30479
1794755,-1.00,86,30867
1794856,-1.00,86,30867
1794958,-1.00,88,30101
1795059,-1.00,88,30101
1795161,-1.00,87,30479
1795262,-1.00,87,30479
1795363,-1.00,85,31263
1795465,-1.00,84,31669
1795566,-1.00,86,30867
1795667,-1.00,83,32085
1795768,-1.00,85,31263
1795869,-1.00,84,31669
1795971,-1.00,83,32085
1796072,-1.00,84,31669
1796173,-1.00,85,31263
1796275,-1.00,86,30867
1796376,-1.00,87,30479
1796477,-1.00,85,31263
1796579,-1.00,85,31263
1796680,-1.00,84,31669
1796782,-1.00,84,31669
1796883,-1.00,84,31669
1796984,-1.00,83,32085
1797086,-1.00,86,30867
1797187,-1.00,86,30867
1797288,-1.00,85,31263
1797390,-1.00,85,31263
1797490,-1.00,84,31669
1797592,-1.00,83,32085
1797693,-1.00,85,31263
1797794,-1.00,83,32085
1797896,-1.00,83,32085
1797997,-1.00,82,32510
1798098,-1.00,83,32085
1798200,-1.00,84,31669
1798301,-1.00,85,31263
1798403,-1.00,84,31669
1798504,-1.00,86,30867
1798605,-1.00,85,31263
1798707,-1.00,83,32085
1798808,-1.00,86,30867
1798909,-1.00,85,31263
1799011,-1.00,84,31669
1799112,-1.00,86,30867
1799213,-1.00,85,31263
1799314,-1.00,86,30867
1799415,-1.00,84,31669
1799517,-1.00,85,31263
1799618,-1.00,87,30479
1799719,-1.00,87,30479
1799821,-1.00,85,31263
1799922,-1.00,86,30867
1800024,-1.00,85,31263
1800125,-1.00,84,31669
1800226,-1.00,83,32085
1800328,-1.00,84,31669
1800429,-1.00,82,32510
1800530,-1.00,83,32085
1800632,-1.00,82,32510
1800733,-1.00,86,30867
1800835,-1.00,84,31669
1800935,-1.00,84,31669
1801036,-1.00,85,31263
1801138,-1.00,84,31669
1801239,-1.00,86,30867
1801340,-1.00,88,30101
1801442,-1.00,84,31669
1801543,-1.00,83,32085
1801645,-1.00,85,31263
1801746,-1.00,85,31263
1801847,-1.00,84,31669
1801949,-1.00,83,32085
1802050,-1.00,84,31669
1802151,-1.00,83,32085
1802253,-1.00,83,32085
1802354,-1.00,84,31669
1802456,-1.00,83,32085
1802557,-1.00,84,31669
1802657,-1.00,85,31263
1802759,-1.00,86,30867
1802860,-1.00,84,31669
1802961,-1.00,86,30867
1803063,-1.00,86,30867
1803164,-1.00,87,30479
1803266,-1.00,83,32085
1803367,-1.00,86,30867
1803468,-1.00,83,32085
1803570,-1.00,85,31263
1803671,-1.00,85,31263
1803772,-1.00,82,32510
1803874,-1.00,83,32085
1803975,-1.00,83,32085
1804077,-1.00,85,31263
1804178,-1.00,84,31669
1804279,-1.00,84,31669
1804380,-1.00,84,31669
1804481,-1.00,84,31669
1804582,-1.00,83,32085
1804684,-1.00,84,31669
1804785,-1.00,83,32085
1804887,-1.00,82,32510
1804988,-1.00,82,32510
1805089,-1.00,82,32510
1805191,-1.00,84,31669
1805292,-1.00,84,31669
1805393,-1.00,83,32085
1805495,-1.00,84,31669
1805596,-1.00,82,32510
1805698,-1.00,82,32510
1805799,-1.00,84,31669
1805900,-1.00,81,32947
1806002,-1.00,85,31263
1806102,-1.00,86,30867
1806203,-1.00,85,31263
1806305,-1.00,85,31263
1806406,-1.00,83,32085
1806508,-1.00,82,32510
1806609,-1.00,86,30867
1806710,-1.00,84,31669
1806812,-1.00,85,31263
1806913,-1.00,85,31263
1807014,-1.00,84,31669
1807116,-1.00,83,32085
1807217,-1.00,84,31669
1807319,-1.00,84,31669
1807420,-1.00,83,32085
1807521,-1.00,82,32510
1807623,-1.00,85,31263
1807724,-1.00,84,31669
1807824,-1.00,83,32085
1807926,-1.00,83,32085
1808027,-1.00,86,30867
1808129,-1.00,86,30867
1808230,-1.00,85,31263
1808331,-1.00,82,32510
1808433,-1.00,85,31263
1808534,-1.00,84,31669
1808635,-1.00,83,32085
1808737,-1.00,85,31263
1808838,-1.00,85,31263
1808940,-1.00,83,32085
1809041,-1.00,85,31263
1809142,-1.00,83,32085
1809244,-1.00,82,32510
1809345,-1.00,83,32085
1809446,-1.00,85,31263
1809547,-1.00,85,31263
1809648,-1.00,83,32085
1809750,-1.00,82,32510
1809851,-1.00,82,32510
1809952,-1.00,84,31669
1810054,-1.00,84,31669
1810155,-1.00,85,31263
1810256,-1.00,85,31263
1810358,-1.00,83,32085
1810459,-1.00,84,31669
1810561,-1.00,84,31669
1810662,-1.00,84,31669
1810763,-1.00,83,32085
1810865,-1.00,82,32510
1810966,-1.00,82,32510
1811067,-1.00,85,31263
1811169,-1.00,84,31669
1811270,-1.00,82,32510
1811371,-1.00,85,31263
1811472,-1.00,84,31669
1811573,-1.00,84,31669
1811675,-1.00,83,32085
1811776,-1.00,83,32085
1811877,-1.00,84,31669
1811979,-1.00,83,32085
1812080,-1.00,85,31263
1812182,-1.00,82,32510
1812283,-1.00,85,31263
1812384,-1.00,83,32085
1812486,-1.00,83,32085
1812587,-1.00,84,31669
1812688,-1.00,85,31263
1812790,-1.00,84,31669
1812891,-1.00,82,32510
1812993,-1.00,84,31669
1813093,-1.00,82,32510
1813194,-1.00,82,32510
1813296,-1.00,81,32947
1813397,-1.00,83,32085
1813498,-1.00,82,32510
1813600,-1.00,84,31669
1813701,-1.00,84,31669
1813803,-1.00,82,32510
1813904,-1.00,84,31669
1814005,-1.00,84,31669
1814107,-1.00,83,32085
1814208,-1.00,84,31669
1814309,-1.00,83,32085
1814411,-1.00,83,32085
1814512,-1.00,85,31263
1814614,-1.00,83,32085
1814715,-1.00,84,31669
1814815,-1.00,85,31263
1814917,-1.00,83,32085
1815018,-1.00,84,31669
1815119,-1.00,84,31669
1815221,-1.00,84,31669
1815322,-1.00,84,31669
1815424,-1.00,83,32085
1815525,-1.00,84,31669
1815626,-1.00,83,32085
1815728,-1.00,84,31669
1815829,-1.00,83,32085
1815930,-1.00,85,31263
1816032,-1.00,85,31263
1816133,-1.00,84,31669
1816235,-1.00,83,32085
1816336,-1.00,83,32085
1816437,-1.00,83,32085
1816538,-1.00,83,32085
1816639,-1.00,83,32085
1816740,-1.00,84,31669
1816842,-1.00,83,32085
1816943,-1.00,83,32085
1817044,-1.00,83,32085
1817146,-1.00,84,31669
1817247,-1.00,85,31263
1817349,-1.00,84,31669
1817450,-1.00,82,32510
1817551,-1.00,82,32510
1817653,-1.00,83,32085
1817754,-1.00,83,32085
1817856,-1.00,84,31669
1817957,-1.00,85,31263
1818058,-1.00,82,32510
1818160,-1.00,85,31263
1818260,-1.00,84,31669
1818361,-1.00,83,32085
1818463,-1.00,83,32085
1818564,-1.00,83,32085
1818665,-1.00,83,32085
1818767,-1.00,83,32085
1818868,-1.00,84,31669
1818970,-1.00,83,32085
1819071,-1.00,83,32085
1819172,-1.00,84,31669
1819274,-1.00,84,31669
1819375,-1.00,81,32947
1819476,-1.00,83,32085
1819578,-1.00,83,32085
1819679,-1.00,83,32085
1819781,-1.00,81,32947
1819881,-1.00,82,32510
1819982,-1.00,81,32947
1820084,-1.00,83,32085
1820185,-1.00,82,32510
1820286,-1.00,80,33394
1820388,-1.00,83,32085
1820489,-1.00,83,32085
1820591,-1.00,82,32510
1820692,-1.00,83,32085
1820793,-1.00,82,32510
1820895,-1.00,80,33394
1820996,-1.00,82,32510
1821097,-1.00,81,32947
1821199,-1.00,81,32947
1821300,-1.00,82,32510
1821402,-1.00,81,32947
1821503,-1.00,80,33394
1821603,-1.00,82,32510
1821705,-1.00,82,32510
1821806,-1.00,79,33853
1821907,-1.00,79,33853
1822009,-1.00,80,33394
1822110,-1.00,79,33853
1822212,-1.00,81,32947
1822313,-1.00,74,36331
1822414,-1.00,76,35301
1822516,-1.00,76,35301
1822617,-1.00,74,36331
1822718,-1.00,73,36868
1822820,-1.00,74,36331
1822921,-1.00,74,36331
1823023,-1.00,76,35301
1823124,-1.00,76,35301
1823224,-1.00,75,35809
1823326,-1.00,77,34805
1823427,-1.00,76,35301
1823528,-1.00,76,35301
1823630,-1.00,76,35301
1823731,-1.00,75,35809
1823833,-1.00,75,35809
1823934,-1.00,75,35809
1824035,-1.00,75,35809
1824137,-1.00,76,35301
1824238,-1.00,76,35301
1824339,-1.00,76,35301
1824441,-1.00,75,35809
1824542,-1.00,76,35301
1824644,-1.00,77,34805
1824745,-1.00,75,35809
1824845,-1.00,75,35809
1824947,-1.00,75,35809
1825048,-1.00,74,36331
1825149,-1.00,76,35301
1825251,-1.00,74,36331
1825352,-1.00,74,36331
1825454,-1.00,76,35301
1825555,-1.00,76,35301
1825656,-1.00,75,35809
1825758,-1.00,76,35301
1825859,-1.00,73,36868
1825960,-1.00,74,36331
1826062,-1.00,74,36331
1826163,-1.00,75,35809
1826265,-1.00,74,36331
1826366,-1.00,76,35301
1826466,-1.00,75,35809
1826568,-1.00,75,35809
1826669,-1.00,74,36331
1826770,-1.00,76,35301
1826872,-1.00,77,34805
1826973,-1.00,75,35809
1827075,-1.00,76,35301
1827176,-1.00,75,35809
1827277,-1.00,76,35301
1827379,-1.00,74,36331
1827480,-1.00,75,35809
1827581,-1.00,76,35301
1827683,-1.00,77,34805
1827784,-1.00,77,34805
1827886,-1.00,78,34323
1827987,-1.00,78,34323
1828087,-1.00,77,34805
1828189,-1.00,77,34805
1828290,-1.00,77,34805
1828391,-1.00,79,33853
1828493,-1.00,79,33853
1828594,-1.00,79,33853
1828696,-1.00,77,34805
1828797,-1.00,78,34323
1828898,-1.00,80,33394
1829000,-1.00,77,34805
1829101,-1.00,79,33853
1829202,-1.00,79,33853
1829304,-1.00,79,33853
1829405,-1.00,77,34805
1829507,-1.00,80,33394
1829608,-1.00,78,34323
1829708,-1.00,79,33853
1829810,-1.00,77,34805
1829911,-1.00,78,34323
1830012,-1.00,76,35301
1830114,-1.00,76,35301
1830215,-1.00,77,34805
1830317,-1.00,79,33853
1830418,-1.00,78,34323
1830519,-1.00,77,34805
1830621,-1.00,78,34323
1830722,-1.00,78,34323
1830823,-1.00,78,34323
1830925,-1.00,79,33853
1831026,-1.00,77,34805
1831128,-1.00,77,34805
1831229,-1.00,77,34805
1831329,-1.00,79,33853
1831431,-1.00,78,34323
1831532,-1.00,75,35809
1831633,-1.00,76,35301
1831735,-1.00,76,35301
1831836,-1.00,77,34805
1831938,-1.00,76,35301
1832039,-1.00,76,35301
1832140,-1.00,76,35301
1832242,-1.00,76,35301
1832343,-1.00,77,34805
1832444,-1.00,76,35301
1832546,-1.00,78,34323
1832647,-1.00,77,34805
1832749,-1.00,77,34805
1832850,-1.00,75,35809
1832950,-1.00,79,33853
1833052,-1.00,77,34805
1833153,-1.00,75,35809
1833254,-1.00,78,34323
1833356,-1.00,75,35809
1833457,-1.00,75,35809
1833559,-1.00,75,35809
1833660,-1.00,77,34805
1833761,-1.00,75,35809
1833863,-1.00,77,34805
1833964,-1.00,76,35301
1834065,-1.00,77,34805
1834167,-1.00,77,34805
1834268,-1.00,77,34805
1834370,-1.00,77,34805
1834471,-1.00,76,35301
1834571,-1.00,77,34805
1834673,-1.00,77,34805
1834774,-1.00,75,35809
1834875,-1.00,75,35809
1834977,-1.00,77,34805
1835078,-1.00,75,35809
1835180,-1.00,76,35301
1835281,-1.00,77,34805
1835382,-1.00,76,35301
1835484,-1.00,76,35301
1835585,-1.00,77,34805
1835686,-1.00,78,34323
1835788,-1.00,76,35301
1835889,-1.00,80,33394
1835991,-1.00,77,34805
1836092,-1.00,77,34805
1836192,-1.00,77,34805
1836294,-1.00,74,36331
1836395,-1.00,75,35809
1836496,-1.00,74,36331
1836598,-1.00,75,35809
1836699,-1.00,74,36331
1836801,-1.00,76,35301
1836902,-1.00,77,34805
1837003,-1.00,74,36331
1837105,-1.00,75,35809
1837206,-1.00,74,36331
1837307,-1.00,75,35809
1837409,-1.00,75,35809
1837510,-1.00,75,35809
1837612,-1.00,76,35301
1837713,-1.00,75,35809
1837813,-1.00,76,35301
1837915,-1.00,76,35301
1838016,-1.00,74,36331
1838117,-1.00,75,35809
1838219,-1.00,73,36868
1838320,-1.00,74,36331
1838422,-1.00,74,36331
1838523,-1.00,76,35301
1838624,-1.00,76,35301
1838726,-1.00,74,36331
1838827,-1.00,74,36331
1838928,-1.00,73,36868
1839030,-1.00,72,37419
1839131,-1.00,77,34805
1839233,-1.00,73,36868
1839334,-1.00,73,36868
1839435,-1.00,70,38569
1839536,-1.00,73,36868
1839637,-1.00,71,37986
1839738,-1.00,74,36331
1839840,-1.00,72,37419
1839941,-1.00,72,37419
1840043,-1.00,71,37986
1840144,-1.00,74,36331
1840245,-1.00,73,36868
1840347,-1.00,70,38569
1840448,-1.00,70,38569
1840549,-1.00,70,38569
1840651,-1.00,70,38569
1840752,-1.00,70,38569
1840854,-1.00,71,37986
1840955,-1.00,71,37986
1841056,-1.00,69,39169
1841157,-1.00,69,39169
1841258,-1.00,70,38569
1841359,-1.00,71,37986
1841461,-1.00,70,38569
1841562,-1.00,70,38569
1841664,-1.00,72,37419
1841765,-1.00,71,37986
1841866,-1.00,70,38569
1841968,-1.00,72,37419
1842069,-1.00,70,38569
1842170,-1.00,70,38569
1842272,-1.00,70,38569
1842373,-1.00,71,37986
1842475,-1.00,69,39169
1842576,-1.00,73,36868
1842677,-1.00,69,39169
1842778,-1.00,69,39169
1842879,-1.00,72,37419
1842980,-1.00,71,37986
1843082,-1.00,71,37986
1843183,-1.00,70,38569
1843284,-1.00,70,38569
1843386,-1.00,70,38569
1843487,-1.00,69,39169
1843589,-1.00,70,38569
1843690,-1.00,70,38569
1843791,-1.00,70,38569
1843893,-1.00,69,39169
1843994,-1.00,70,38569
1844096,-1.00,68,39787
1844197,-1.00,67,40423
1844297,-1.00,69,39169
1844399,-1.00,68,39787
1844500,-1.00,67,40423
1844601,-1.00,67,40423
1844703,-1.00,66,41079
1844804,-1.00,66,41079
1844905,-1.00,67,40423
1845007,-1.00,69,39169
1845108,-1.00,68,39787
1845210,-1.00,66,41079
1845311,-1.00,68,39787
1845412,-1.00,69,39169
1845514,-1.00,69,39169
1845615,-1.00,68,39787
1845716,-1.00,67,40423
1845818,-1.00,65,41754
1845918,-1.00,67,40423
1846020,-1.00,66,41079
1846121,-1.00,68,39787
1846222,-1.00,69,39169
1846324,-1.00,69,39169
1846425,-1.00,67,40423
1846526,-1.00,66,41079
1846628,-1.00,65,41754
1846729,-1.00,67,40423
1846831,-1.00,67,40423
1846932,-1.00,66,41079
1847033,-1.00,68,39787
1847135,-1.00,67,40423
1847236,-1.00,67,40423
1847337,-1.00,67,40423
1847439,-1.00,69,39169
1847539,-1.00,66,41079
1847641,-1.00,67,40423
1847742,-1.00,68,39787
1847843,-1.00,65,41754
1847945,-1.00,67,40423
1848046,-1.00,65,41754
1848147,-1.00,66,41079
1848249,-1.00,67,40423
1848350,-1.00,68,39787
1848452,-1.00,67,40423
1848553,-1.00,66,41079
1848654,-1.00,66,41079
1848756,-1.00,65,41754
1848857,-1.00,66,41079
1848958,-1.00,64,42451
1849059,-1.00,65,41754
1849160,-1.00,66,41079
1849262,-1.00,65,41754
1849363,-1.00,68,39787
1849464,-1.00,65,41754
1849566,-1.00,65,41754
1849667,-1.00,67,40423
1849768,-1.00,67,40423
1849870,-1.00,66,41079
1849971,-1.00,66,41079
1850073,-1.00,66,41079
1850174,-1.00,67,40423
1850275,-1.00,65,41754
1850377,-1.00,66,41079
1850478,-1.00,65,41754
1850579,-1.00,66,41079
1850680,-1.00,65,41754
1850781,-1.00,65,41754
1850883,-1.00,66,41079
1850984,-1.00,66,41079
1851085,-1.00,66,41079
1851187,-1.00,66,41079
1851288,-1.00,64,42451
1851389,-1.00,65,41754
1851491,-1.00,67,40423
1851592,-1.00,67,40423
1851694,-1.00,65,41754
1851795,-1.00,65,41754
1851896,-1.00,66,41079
1851998,-1.00,66,41079
1852099,-1.00,66,41079
1852199,-1.00,64,42451
1852301,-1.00,66,41079
1852402,-1.00,66,41079
1852504,-1.00,67,40423
1852605,-1.00,67,40423
1852706,-1.00,68,39787
1852808,-1.00,68,39787
1852909,-1.00,66,41079
1853010,-1.00,68,39787
1853112,-1.00,64,42451
1853213,-1.00,66,41079
1853315,-1.00,67,40423
1853416,-1.00,67,40423
1853517,-1.00,68,39787
1853619,-1.00,66,41079
1853720,-1.00,67,40423
1853820,-1.00,66,41079
1853922,-1.00,68,39787
1854023,-1.00,67,40423
1854125,-1.00,65,41754
1854226,-1.00,66,41079
1854327,-1.00,66,41079
1854429,-1.00,67,40423
1854530,-1.00,65,41754
1854631,-1.00,67,40423
1854733,-1.00,64,42451
1854834,-1.00,65,41754
1854936,-1.00,65,41754
1855037,-1.00,65,41754
1855138,-1.00,64,42451
1855240,-1.00,66,41079
1855340,-1.00,64,42451
1855441,-1.00,65,41754
1855543,-1.00,65,41754
1855644,-1.00,66,41079
1855746,-1.00,63,43170
1855847,-1.00,63,43170
1855948,-1.00,65,41754
1856050,-1.00,64,42451
1856151,-1.00,64,42451
1856252,-1.00,64,42451
1856354,-1.00,65,41754
1856455,-1.00,63,43170
1856557,-1.00,63,43170
1856658,-1.00,64,42451
1856759,-1.00,63,43170
1856861,-1.00,65,41754
1856961,-1.00,64,42451
1857062,-1.00,63,43170
1857164,-1.00,63,43170
1857265,-1.00,64,42451
1857367,-1.00,65,41754
1857468,-1.00,62,43911
1857569,-1.00,64,42451
1857671,-1.00,65,41754
1857772,-1.00,64,42451
1857873,-1.00,63,43170
1857975,-1.00,63,43170
1858076,-1.00,65,41754
1858178,-1.00,64,42451
1858279,-1.00,63,43170
1858380,-1.00,65,41754
1858482,-1.00,65,41754
1858582,-1.00,65,41754
1858683,-1.00,64,42451
1858785,-1.00,63,43170
1858886,-1.00,65,41754
1858988,-1.00,64,42451
1859089,-1.00,64,42451
1859190,-1.00,64,42451
1859292,-1.00,64,42451
1859393,-1.00,62,43911
1859494,-1.00,64,42451
1859596,-1.00,63,43170
1859697,-1.00,64,42451
1859799,-1.00,64,42451
1859900,-1.00,62,43911
1860001,-1.00,64,42451
1860102,-1.00,62,43911
1860203,-1.00,62,43911
1860304,-1.00,64,42451
1860406,-1.00,63,43170
1860507,-1.00,63,43170
1860609,-1.00,64,42451
1860710,-1.00,64,42451
1860811,-1.00,63,43170
1860913,-1.00,64,42451
1861014,-1.00,64,42451
1861115,-1.00,65,41754
1861217,-1.00,64,42451
1861318,-1.00,64,42451
1861420,-1.00,63,43170
1861521,-1.00,62,43911
1861622,-1.00,65,41754
1861723,-1.00,61,44678
1861824,-1.00,65,41754
1861925,-1.00,63,43170
1862027,-1.00,62,43911
1862128,-1.00,61,44678
1862230,-1.00,62,43911
1862331,-1.00,64,42451
1862432,-1.00,63,43170
1862534,-1.00,63,43170
1862635,-1.00,61,44678
1862736,-1.00,61,44678
1862838,-1.00,62,43911
1862939,-1.00,64,42451
1863041,-1.00,62,43911
1863142,-1.00,63,43170
1863243,-1.00,62,43911
1863344,-1.00,63,43170
1863445,-1.00,63,43170
1863546,-1.00,61,44678
1863648,-1.00,63,43170
1863749,-1.00,62,43911
1863851,-1.00,63,43170
1863952,-1.00,62,43911
1864053,-1.00,62,43911
1864155,-1.00,63,43170
1864256,-1.00,62,43911
1864357,-1.00,63,43170
1864459,-1.00,63,43170
1864560,-1.00,64,42451
1864662,-1.00,62,43911
1864763,-1.00,62,43911
1864863,-1.00,62,43911
1864965,-1.00,60,45470
1865066,-1.00,62,43911
1865167,-1.00,60,45470
1865269,-1.00,62,43911
1865370,-1.00,62,43911
1865472,-1.00,58,47135
1865573,-1.00,60,45470
1865674,-1.00,59,46288
1865776,-1.00,62,43911
1865877,-1.00,57,48012
1865978,-1.00,58,47135
1866080,-1.00,59,46288
1866181,-1.00,59,46288
1866283,-1.00,58,47135
1866384,-1.00,60,45470
1866484,-1.00,58,47135
1866586,-1.00,58,47135
1866687,-1.00,57,48012
1866788,-1.00,60,45470
1866890,-1.00,56,48920
1866991,-1.00,57,48012
1867092,-1.00,58,47135
1867194,-1.00,58,47135
1867295,-1.00,58,47135
1867397,-1.00,57,48012
1867498,-1.00,58,47135
1867599,-1.00,58,47135
1867701,-1.00,59,46288
1867802,-1.00,59,46288
1867904,-1.00,58,47135
1868005,-1.00,55,49861
1868105,-1.00,59,46288
1868207,-1.00,59,46288
1868308,-1.00,57,48012
1868409,-1.00,58,47135
1868511,-1.00,59,46288
1868612,-1.00,56,48920
1868713,-1.00,58,47135
1868815,-1.00,58,47135
1868916,-1.00,57,48012
1869018,-1.00,57,48012
1869119,-1.00,58,47135
1869220,-1.00,57,48012
1869322,-1.00,57,48012
1869423,-1.00,56,48920
1869524,-1.00,53,51849
1869626,-1.00,55,49861
1869726,-1.00,53,51849
1869828,-1.00,55,49861
1869929,-1.00,51,53994
1870030,-1.00,52,52901
1870132,-1.00,52,52901
1870233,-1.00,52,52901
1870334,-1.00,50,55130
1870436,-1.00,52,52901
1870537,-1.00,53,51849
1870639,-1.00,50,55130
1870740,-1.00,50,55130
1870841,-1.00,50,55130
1870943,-1.00,52,52901
1871044,-1.00,52,52901
1871145,-1.00,52,52901
1871246,-1.00,50,55130
1871347,-1.00,51,53994
1871449,-1.00,53,51849
1871550,-1.00,52,52901
1871651,-1.00,53,51849
1871753,-1.00,51,53994
1871854,-1.00,51,53994
1871955,-1.00,50,55130
1872057,-1.00,52,52901
1872158,-1.00,53,51849
1872260,-1.00,51,53994
1872361,-1.00,53,51849
1872462,-1.00,51,53994
1872564,-1.00,50,55130
1872665,-1.00,49,56313
1872766,-1.00,49,56313
1872868,-1.00,49,56313
1872968,-1.00,50,55130
1873070,-1.00,52,52901
1873171,-1.00,51,53994
1873272,-1.00,50,55130
1873374,-1.00,52,52901
1873475,-1.00,50,55130
1873576,-1.00,49,56313
1873678,-1.00,51,53994
1873779,-1.00,52,52901
1873881,-1.00,51,53994
1873982,-1.00,49,56313
1874083,-1.00,52,52901
1874185,-1.00,49,56313
1874286,-1.00,50,55130
1874387,-1.00,49,56313
1874489,-1.00,50,55130
1874589,-1.00,48,57545
1874691,-1.00,50,55130
1874792,-1.00,49,56313
1874893,-1.00,50,55130
1874995,-1.00,49,56313
1875096,-1.00,49,56313
1875197,-1.00,49,56313
1875299,-1.00,49,56313
1875400,-1.00,48,57545
1875502,-1.00,47,58830
1875603,-1.00,49,56313
1875704,-1.00,49,56313
1875806,-1.00,49,56313
1875907,-1.00,48,57545
1876008,-1.00,47,58830
1876110,-1.00,46,60170
1876211,-1.00,48,57545
1876312,-1.00,49,56313
1876413,-1.00,48,57545
1876514,-1.00,49,56313
1876616,-1.00,51,53994
1876717,-1.00,48,57545
1876818,-1.00,48,57545
1876920,-1.00,49,56313
1877021,-1.00,49,56313
1877123,-1.00,47,58830
1877224,-1.00,47,58830
1877325,-1.00,50,55130
1877427,-1.00,47,58830
1877528,-1.00,49,56313
1877629,-1.00,50,55130
1877731,-1.00,47,58830
1877832,-1.00,49,56313
1877934,-1.00,49,56313
1878034,-1.00,48,57545
1878135,-1.00,45,61571
1878237,-1.00,47,58830
1878338,-1.00,48,57545
1878439,-1.00,46,60170
1878541,-1.00,47,58830
1878642,-1.00,45,61571
1878744,-1.00,43,64566
1878845,-1.00,32,87734
1878946,-1.00,30,93772
1879048,-1.00,28,100673
1879149,-1.00,28,100673
1879250,-1.00,24,117924
1879352,-1.00,20,142075
1879453,-1.00,21,135175
1879555,-1.00,22,128902
1879656,-1.00,22,128902
1879757,-1.00,16,178302
1879859,-1.00,0,-1
1879959,-1.00,0,-1
1880060,-1.00,0,-1
1880162,-1.00,0,-1
1880262,-1.00,0,-1
1880364,-1.00,0,-1
1880465,-1.00,0,-1
1880565,-1.00,0,-1
1880667,-1.00,0,-1
1880768,-1.00,0,-1
1880868,-1.00,0,-1
1880970,-1.00,0,-1
1881071,-1.00,1,-1
1881171,-1.00,1,-1
1881273,-1.00,0,-1
1881374,-1.00,2,-1
1881475,-1.00,0,-1
1881576,-1.00,0,-1
1881677,-1.00,0,-1
1881778,-1.00,0,-1
1881879,-1.00,1,-1
1881979,-1.00,0,-1
1882081,-1.00,0,-1
1882182,-1.00,0,-1
1882283,-1.00,0,-1
1882384,-1.00,0,-1
1882485,-1.00,0,-1
1882586,-1.00,0,-1
1882687,-1.00,0,-1
1882788,-1.00,1,-1
1882889,-1.00,0,-1
1882990,-1.00,0,-1
1883091,-1.00,0,-1
1883192,-1.00,0,-1
1883293,-1.00,0,-1
1883395,-1.00,0,-1
1883495,-1.00,0,-1
1883596,-1.00,0,-1
1883698,-1.00,0,-1
1883798,-1.00,0,-1
1883899,-1.00,0,-1
1884001,-1.00,0,-1
1884101,-1.00,0,-1
1884203,-1.00,0,-1
1884304,-1.00,0,-1
1884404,-1.00,0,-1
1884506,-1.00,0,-1
1884607,-1.00,0,-1
1884707,-1.00,0,-1
1884809,-1.00,0,-1
1884910,-1.00,0,-1
1885010,-1.00,0,-1
1885112,-1.00,0,-1
1885212,-1.00,0,-1
1885314,-1.00,0,-1
1885415,-1.00,0,-1
1885515,-1.00,0,-1
1885617,-1.00,0,-1
1885718,-1.00,0,-1
1885818,-1.00,0,-1
1885920,-1.00,1,-1
1886021,-1.00,0,-1
1886121,-1.00,0,-1
1886223,-1.00,0,-1
1886324,-1.00,0,-1
1886425,-1.00,0,-1
1886526,-1.00,0,-1
1886627,-1.00,0,-1
1886728,-1.00,0,-1
1886829,-1.00,0,-1
1886930,-1.00,0,-1
1887031,-1.00,0,-1
1887132,-1.00,0,-1
1887234,-1.00,0,-1
1887334,-1.00,0,-1
1887435,-1.00,0,-1
1887537,-1.00,0,-1
1887637,-1.00,0,-1
1887738,-1.00,0,-1
1887840,-1.00,2,-1
1887940,-1.00,0,-1
1888041,-1.00,0,-1
1888143,-1.00,0,-1
1888243,-1.00,0,-1
1888345,-1.00,0,-1
1888445,-1.00,0,-1
1888546,-1.00,0,-1
1888648,-1.00,0,-1
1888748,-1.00,0,-1
1888849,-1.00,0,-1
1888951,-1.00,0,-1
1889051,-1.00,0,-1
1889153,-1.00,0,-1
1889254,-1.00,0,-1
1889354,-1.00,0,-1
1889456,-1.00,0,-1
1889557,-1.00,0,-1
1889657,-1.00,0,-1
1889759,-1.00,0,-1
1889860,-1.00,0,-1
1889960,-1.00,0,-1
1890062,-1.00,0,-1
1890163,-1.00,0,-1
1890264,-1.00,0,-1
1890365,-1.00,0,-1
1890466,-1.00,0,-1
1890567,-1.00,0,-1
1890668,-1.00,0,-1
1890769,-1.00,0,-1
1890870,-1.00,0,-1
1890971,-1.00,0,-1
1891073,-1.00,0,-1
1891173,-1.00,0,-1
1891274,-1.00,0,-1
1891375,-1.00,1,-1
1891476,-1.00,0,-1
1891577,-1.00,0,-1
1891678,-1.00,0,-1
1891779,-1.00,0,-1
1891880,-1.00,0,-1
1891981,-1.00,0,-1
1892082,-1.00,0,-1
1892184,-1.00,0,-1
1892284,-1.00,0,-1
1892385,-1.00,0,-1
1892487,-1.00,1,-1
1892587,-1.00,0,-1
1892688,-1.00,0,-1
1892790,-1.00,0,-1
1892890,-1.00,0,-1
1892992,-1.00,0,-1
1893093,-1.00,0,-1
1893193,-1.00,0,-1
1893295,-1.00,0,-1
1893396,-1.00,0,-1
1893496,-1.00,0,-1
1893598,-1.00,0,-1
1893699,-1.00,0,-1
1893799,-1.00,0,-1
1893901,-1.00,0,-1
1894002,-1.00,0,-1
1894103,-1.00,0,-1
1894204,-1.00,0,-1
1894305,-1.00,0,-1
1894406,-1.00,0,-1
1894507,-1.00,0,-1
1894607,-1.00,0,-1
1894709,-1.00,0,-1
1894810,-1.00,0,-1
1894910,-1.00,0,-1
1895012,-1.00,0,-1
1895113,-1.00,0,-1
1895214,-1.00,0,-1
1895315,-1.00,0,-1
1895416,-1.00,1,-1
1895517,-1.00,0,-1
1895618,-1.00,0,-1
1895719,-1.00,0,-1
1895820,-1.00,0,-1
1895921,-1.00,0,-1
1896023,-1.00,0,-1
1896123,-1.00,0,-1
1896224,-1.00,1,-1
1896326,-1.00,0,-1
1896426,-1.00,0,-1
1896527,-1.00,0,-1
1896629,-1.00,0,-1
1896729,-1.00,0,-1
1896830,-1.00,0,-1
1896932,-1.00,0,-1
1897032,-1.00,0,-1
1897134,-1.00,0,-1
1897235,-1.00,0,-1
1897335,-1.00,0,-1
1897437,-1.00,0,-1
1897538,-1.00,0,-1
1897638,-1.00,0,-1
1897740,-1.00,0,-1
1897840,-1.00,0,-1
1897942,-1.00,0,-1
1898043,-1.00,0,-1
1898143,-1.00,0,-1
1898245,-1.00,0,-1
1898346,-1.00,0,-1
1898446,-1.00,0,-1
1898548,-1.00,0,-1
1898649,-1.00,0,-1
1898749,-1.00,0,-1
1898851,-1.00,0,-1
1898952,-1.00,0,-1
1899053,-1.00,0,-1
1899154,-1.00,0,-1
1899255,-1.00,0,-1
1899356,-1.00,0,-1
1899457,-1.00,0,-1
1899558,-1.00,0,-1
1899659,-1.00,0,-1
1899760,-1.00,0,-1
1899862,-1.00,0,-1
1899962,-1.00,0,-1
1900063,-1.00,0,-1
1900165,-1.00,0,-1
1900265,-1.00,0,-1
1900366,-1.00,0,-1
1900468,-1.00,0,-1
1900568,-1.00,0,-1
1900669,-1.00,0,-1
1900770,-1.00,0,-1
1900871,-1.00,0,-1
1900973,-1.00,0,-1
1901073,-1.00,0,-1
1901174,-1.00,0,-1
1901276,-1.00,0,-1
1901376,-1.00,0,-1
1901477,-1.00,0,-1
1901579,-1.00,0,-1
1901679,-1.00,0,-1
1901780,-1.00,0,-1
1901882,-1.00,0,-1
1901982,-1.00,0,-1
1902084,-1.00,0,-1
1902185,-1.00,0,-1
1902285,-1.00,0,-1
1902387,-1.00,0,-1
1902488,-1.00,0,-1
1902588,-1.00,0,-1
1902690,-1.00,0,-1
1902791,-1.00,0,-1
1902892,-1.00,0,-1
1902993,-1.00,0,-1
1903094,-1.00,0,-1
1903195,-1.00,0,-1
1903296,-1.00,0,-1
1903397,-1.00,0,-1
1903498,-1.00,0,-1
1903599,-1.00,0,-1
1903700,-1.00,0,-1
1903801,-1.00,0,-1
1903902,-1.00,0,-1
1904004,-1.00,0,-1
1904104,-1.00,0,-1
1904205,-1.00,0,-1
1904306,-1.00,0,-1
1904407,-1.00,0,-1
1904508,-1.00,0,-1
1904609,-1.00,1,-1
1904710,-1.00,0,-1
1904812,-1.00,0,-1
1904912,-1.00,0,-1
1905013,-1.00,0,-1
1905115,-1.00,0,-1
1905215,-1.00,0,-1
1905316,-1.00,0,-1
1905418,-1.00,0,-1
1905518,-1.00,0,-1
1905619,-1.00,0,-1
1905721,-1.00,0,-1
1905821,-1.00,0,-1
1905923,-1.00,0,-1
1906024,-1.00,0,-1
1906124,-1.00,0,-1
1906226,-1.00,1,-1
1906327,-1.00,0,-1
1906427,-1.00,0,-1
1906529,-1.00,0,-1
1906630,-1.00,0,-1
1906731,-1.00,0,-1
1906832,-1.00,0,-1
1906933,-1.00,0,-1
1907034,-1.00,1,-1
1907135,-1.00,0,-1
1907236,-1.00,0,-1
1907337,-1.00,5,-1
1907438,-1.00,0,-1
1907538,-1.00,0,-1
1907640,-1.00,0,-1
1907741,-1.00,0,-1
1907842,-1.00,0,-1
1907943,-1.00,0,-1
1908044,-1.00,0,-1
1908145,-1.00,0,-1
1908246,-1.00,0,-1
1908347,-1.00,0,-1
1908448,-1.00,0,-1
1908549,-1.00,0,-1
1908651,-1.00,0,-1
1908751,-1.00,0,-1
1908852,-1.00,0,-1
1908954,-1.00,0,-1
1909054,-1.00,0,-1
1909155,-1.00,0,-1
1909257,-1.00,0,-1
1909357,-1.00,0,-1
1909458,-1.00,0,-1
1909560,-1.00,0,-1
1909660,-1.00,0,-1
1909762,-1.00,0,-1
1909863,-1.00,0,-1
1909963,-1.00,0,-1
1910065,-1.00,2,-1
1910166,-1.00,0,-1
1910266,-1.00,0,-1
1910368,-1.00,0,-1
1910469,-1.00,0,-1
1910569,-1.00,0,-1
1910671,-1.00,0,-1
1910771,-1.00,0,-1
1910873,-1.00,0,-1
1910974,-1.00,0,-1
1911074,-1.00,0,-1
1911176,-1.00,0,-1
1911277,-1.00,0,-1
1911377,-1.00,1,-1
1911479,-1.00,0,-1
1911580,-1.00,0,-1
1911681,-1.00,0,-1
1911782,-1.00,0,-1
1911883,-1.00,0,-1
1911984,-1.00,0,-1
1912085,-1.00,0,-1
1912186,-1.00,0,-1
1912287,-1.00,0,-1
1912388,-1.00,0,-1
1912489,-1.00,0,-1
1912590,-1.00,0,-1
1912691,-1.00,0,-1
1912793,-1.00,0,-1
1912893,-1.00,0,-1
1912994,-1.00,0,-1
1913096,-1.00,0,-1
1913196,-1.00,0,-1
1913297,-1.00,0,-1
1913399,-1.00,1,-1
1913499,-1.00,0,-1
1913601,-1.00,0,-1
1913702,-1.00,0,-1
1913802,-1.00,0,-1
1913904,-1.00,0,-1
1914004,-1.00,0,-1
1914105,-1.00,0,-1
1914207,-1.00,0,-1
1914307,-1.00,0,-1
1914408,-1.00,1,-1
1914510,-1.00,0,-1
1914610,-1.00,0,-1
1914712,-1.00,0,-1
1914813,-1.00,0,-1
1914913,-1.00,0,-1
1915015,-1.00,1,-1
1915116,-1.00,0,-1
1915216,-1.00,0,-1
1915318,-1.00,0,-1
1915419,-1.00,0,-1
1915520,-1.00,0,-1
1915621,-1.00,0,-1
1915722,-1.00,0,-1
1915823,-1.00,0,-1
1915924,-1.00,0,-1
1916025,-1.00,0,-1
1916126,-1.00,0,-1
1916227,-1.00,0,-1
1916328,-1.00,0,-1
1916429,-1.00,0,-1
1916530,-1.00,0,-1
1916632,-1.00,0,-1
1916732,-1.00,0,-1
1916833,-1.00,0,-1
1916935,-1.00,0,-1
1917035,-1.00,0,-1
1917136,-1.00,0,-1
1917237,-1.00,0,-1
1917338,-1.00,0,-1
1917440,-1.00,2,-1
1917540,-1.00,0,-1
1917641,-1.00,0,-1
1917743,-1.00,0,-1
1917843,-1.00,0,-1
1917944,-1.00,0,-1
1918046,-1.00,0,-1
1918146,-1.00,0,-1
1918247,-1.00,0,-1
1918349,-1.00,0,-1
1918449,-1.00,0,-1
1918551,-1.00,0,-1
1918652,-1.00,0,-1
1918752,-1.00,0,-1
1918854,-1.00,0,-1
1918955,-1.00,0,-1
1919055,-1.00,0,-1
1919157,-1.00,0,-1
1919258,-1.00,0,-1
1919358,-1.00,1,-1
1919460,-1.00,0,-1
1919561,-1.00,0,-1
1919662,-1.00,0,-1
1919763,-1.00,1,-1
1919864,-1.00,0,-1
1919965,-1.00,0,-1
1920066,-1.00,0,-1
1920167,-1.00,0,-1
1920268,-1.00,0,-1
1920369,-1.00,0,-1
1920471,-1.00,1,-1
1920571,-1.00,0,-1
1920672,-1.00,0,-1
1920773,-1.00,0,-1
1920874,-1.00,0,-1
1920975,-1.00,0,-1
1921076,-1.00,0,-1
1921177,-1.00,0,-1
1921278,-1.00,0,-1
1921379,-1.00,0,-1
1921480,-1.00,0,-1
1921582,-1.00,0,-1
1921682,-1.00,0,-1
1921783,-1.00,0,-1
1921885,-1.00,0,-1
1921985,-1.00,0,-1
1922086,-1.00,0,-1
1922188,-1.00,0,-1
1922288,-1.00,1,-1
1922390,-1.00,0,-1
1922491,-1.00,0,-1
1922591,-1.00,0,-1
1922693,-1.00,0,-1
1922794,-1.00,0,-1
1922894,-1.00,0,-1
1922996,-1.00,0,-1
1923097,-1.00,0,-1
1923197,-1.00,0,-1
1923299,-1.00,0,-1
1923400,-1.00,0,-1
1923501,-1.00,0,-1
1923602,-1.00,0,-1
1923702,-1.00,0,-1
1923804,-1.00,0,-1
1923905,-1.00,0,-1
1924005,-1.00,0,-1
1924107,-1.00,0,-1
1924208,-1.00,1,-1
1924308,-1.00,0,-1
1924410,-1.00,0,-1
1924511,-1.00,0,-1
1924612,-1.00,0,-1
1924713,-1.00,0,-1
1924814,-1.00,3,-1
1924915,-1.00,0,-1
1925016,-1.00,0,-1
1925117,-1.00,0,-1
1925218,-1.00,0,-1
1925319,-1.00,0,-1
1925421,-1.00,0,-1
1925521,-1.00,0,-1
1925622,-1.00,0,-1
1925724,-1.00,0,-1
1925824,-1.00,0,-1
1925925,-1.00,0,-1
1926027,-1.00,0,-1
1926127,-1.00,1,-1
1926228,-1.00,0,-1
1926330,-1.00,0,-1
1926430,-1.00,0,-1
1926532,-1.00,0,-1
1926633,-1.00,0,-1
1926733,-1.00,0,-1
1926835,-1.00,0,-1
1926935,-1.00,1,-1
1927036,-1.00,0,-1
1927138,-1.00,0,-1
1927238,-1.00,0,-1
1927340,-1.00,0,-1
1927441,-1.00,0,-1
1927541,-1.00,0,-1
1927643,-1.00,0,-1
1927744,-1.00,0,-1
1927844,-1.00,0,-1
1927946,-1.00,0,-1
1928047,-1.00,2,-1
1928147,-1.00,0,-1
1928249,-1.00,0,-1
1928350,-1.00,0,-1
1928451,-1.00,0,-1
1928552,-1.00,0,-1
1928653,-1.00,0,-1
1928754,-1.00,0,-1
1928855,-1.00,0,-1
1928956,-1.00,0,-1
1929057,-1.00,0,-1
1929158,-1.00,1,-1
1929260,-1.00,0,-1
1929360,-1.00,0,-1
1929461,-1.00,0,-1
1929563,-1.00,0,-1
1929663,-1.00,1,-1
1929764,-1.00,0,-1
1929866,-1.00,0,-1
1929966,-1.00,0,-1
1930067,-1.00,0,-1
1930168,-1.00,0,-1
1930269,-1.00,0,-1
1930371,-1.00,0,-1
1930471,-1.00,0,-1
1930572,-1.00,0,-1
1930674,-1.00,1,-1
1930774,-1.00,0,-1
1930875,-1.00,0,-1
1930977,-1.00,0,-1
1931077,-1.00,0,-1
1931179,-1.00,0,-1
1931280,-1.00,0,-1
1931380,-1.00,0,-1
1931482,-1.00,0,-1
1931583,-1.00,0,-1
1931683,-1.00,0,-1
1931785,-1.00,0,-1
1931886,-1.00,0,-1
1931986,-1.00,0,-1
1932088,-1.00,0,-1
1932189,-1.00,0,-1
1932290,-1.00,0,-1
1932391,-1.00,0,-1
1932492,-1.00,0,-1
1932593,-1.00,0,-1
1932694,-1.00,0,-1
1932795,-1.00,0,-1
1932896,-1.00,0,-1
1932997,-1.00,0,-1
1933099,-1.00,0,-1
1933199,-1.00,0,-1
1933300,-1.00,0,-1
1933401,-1.00,0,-1
1933502,-1.00,1,-1
1933603,-1.00,0,-1
1933704,-1.00,0,-1
1933805,-1.00,0,-1
1933906,-1.00,0,-1
1934007,-1.00,0,-1
1934108,-1.00,0,-1
1934210,-1.00,0,-1
1934310,-1.00,0,-1
1934411,-1.00,0,-1
1934513,-1.00,0,-1
1934613,-1.00,0,-1
1934714,-1.00,0,-1
1934816,-1.00,0,-1
1934916,-1.00,0,-1
1935017,-1.00,0,-1
1935119,-1.00,0,-1
1935219,-1.00,0,-1
1935321,-1.00,0,-1
1935422,-1.00,0,-1
1935522,-1.00,0,-1
1935624,-1.00,0,-1
1935725,-1.00,0,-1
1935825,-1.00,0,-1
1935927,-1.00,0,-1
1936028,-1.00,0,-1
1936129,-1.00,0,-1
1936230,-1.00,0,-1
1936330,-1.00,0,-1
1936432,-1.00,0,-1
1936533,-1.00,0,-1
1936633,-1.00,0,-1
1936735,-1.00,0,-1
1936836,-1.00,0,-1
1936936,-1.00,0,-1
1937038,-1.00,0,-1
1937139,-1.00,0,-1
1937240,-1.00,0,-1
1937341,-1.00,0,-1
1937442,-1.00,0,-1
1937543,-1.00,0,-1
1937644,-1.00,0,-1
1937745,-1.00,0,-1
1937846,-1.00,0,-1
1937947,-1.00,0,-1
1938049,-1.00,0,-1
1938149,-1.00,0,-1
1938250,-1.00,0,-1
1938352,-1.00,0,-1
1938452,-1.00,0,-1
1938553,-1.00,0,-1
1938655,-1.00,0,-1
1938755,-1.00,0,-1
1938856,-1.00,0,-1
1938958,-1.00,0,-1
1939058,-1.00,0,-1
1939160,-1.00,0,-1
1939260,-1.00,0,-1
1939361,-1.00,0,-1
1939463,-1.00,0,-1
1939563,-1.00,0,-1
1939664,-1.00,0,-1
1939766,-1.00,0,-1
1939866,-1.00,0,-1
1939968,-1.00,0,-1
1940069,-1.00,0,-1
1940169,-1.00,0,-1
1940271,-1.00,0,-1
1940372,-1.00,0,-1
1940472,-1.00,0,-1
1940574,-1.00,0,-1
1940675,-1.00,0,-1
1940775,-1.00,0,-1
1940877,-1.00,0,-1
1940978,-1.00,0,-1
1941079,-1.00,0,-1
1941180,-1.00,0,-1
1941281,-1.00,0,-1
1941382,-1.00,2,-1
1941483,-1.00,0,-1
1941584,-1.00,0,-1
1941685,-1.00,0,-1
1941786,-1.00,0,-1
1941888,-1.00,0,-1
1941988,-1.00,0,-1
1942089,-1.00,0,-1
1942191,-1.00,0,-1
1942291,-1.00,0,-1
1942392,-1.00,0,-1
1942493,-1.00,0,-1
1942594,-1.00,1,-1
1942695,-1.00,0,-1
1942796,-1.00,0,-1
1942897,-1.00,0,-1
1942999,-1.00,0,-1
1943099,-1.00,0,-1
1943200,-1.00,0,-1
1943302,-1.00,0,-1
1943402,-1.00,0,-1
1943503,-1.00,0,-1
1943605,-1.00,0,-1
1943705,-1.00,0,-1
1943806,-1.00,0,-1
1943908,-1.00,0,-1
1944008,-1.00,0,-1
1944110,-1.00,0,-1
1944211,-1.00,0,-1
1944311,-1.00,0,-1
1944413,-1.00,0,-1
1944514,-1.00,0,-1
1944614,-1.00,0,-1
1944716,-1.00,0,-1
1944817,-1.00,0,-1
1944918,-1.00,0,-1
1945019,-1.00,0,-1
1945120,-1.00,0,-1
1945221,-1.00,0,-1
1945322,-1.00,0,-1
1945423,-1.00,0,-1
1945524,-1.00,0,-1
1945625,-1.00,0,-1
1945726,-1.00,1,-1
1945827,-1.00,0,-1
1945928,-1.00,0,-1
1946029,-1.00,0,-1
1946130,-1.00,0,-1
1946231,-1.00,0,-1
1946332,-1.00,0,-1
1946433,-1.00,0,-1
1946534,-1.00,0,-1
1946635,-1.00,0,-1
1946736,-1.00,0,-1
1946838,-1.00,0,-1
1946938,-1.00,0,-1
1947039,-1.00,0,-1
1947141,-1.00,0,-1
1947241,-1.00,0,-1
1947342,-1.00,0,-1
1947444,-1.00,0,-1
1947544,-1.00,0,-1
1947645,-1.00,0,-1
1947747,-1.00,0,-1
1947847,-1.00,0,-1
1947949,-1.00,0,-1
1948050,-1.00,0,-1
1948150,-1.00,0,-1
1948252,-1.00,0,-1
1948353,-1.00,0,-1
1948453,-1.00,0,-1
1948555,-1.00,0,-1
1948656,-1.00,0,-1
1948756,-1.00,0,-1
1948858,-1.00,0,-1
1948958,-1.00,5,-1
1949060,-1.00,0,-1
1949161,-1.00,0,-1
1949261,-1.00,0,-1
1949363,-1.00,0,-1
1949464,-1.00,0,-1
1949564,-1.00,0,-1
1949666,-1.00,0,-1
1949767,-1.00,0,-1
1949868,-1.00,0,-1
1949969,-1.00,0,-1
1950070,-1.00,0,-1
1950171,-1.00,0,-1
1950272,-1.00,0,-1
1950373,-1.00,0,-1
1950474,-1.00,0,-1
1950575,-1.00,0,-1
1950676,-1.00,0,-1
1950777,-1.00,0,-1
1950878,-1.00,0,-1
1950980,-1.00,0,-1
1951080,-1.00,1,-1
1951181,-1.00,0,-1
1951283,-1.00,0,-1
1951383,-1.00,0,-1
1951484,-1.00,0,-1
1951586,-1.00,0,-1
1951686,-1.00,0,-1
1951788,-1.00,0,-1
1951889,-1.00,0,-1
1951989,-1.00,0,-1
1952091,-1.00,0,-1
1952191,-1.00,0,-1
1952292,-1.00,0,-1
1952394,-1.00,0,-1
1952494,-1.00,0,-1
1952595,-1.00,0,-1
1952697,-1.00,0,-1
1952797,-1.00,0,-1
1952899,-1.00,0,-1
1953000,-1.00,0,-1
1953100,-1.00,0,-1
1953202,-1.00,1,-1
1953303,-1.00,0,-1
1953403,-1.00,0,-1
1953505,-1.00,0,-1
1953606,-1.00,0,-1
1953707,-1.00,0,-1
1953808,-1.00,0,-1
1953909,-1.00,0,-1
1954010,-1.00,0,-1
1954111,-1.00,0,-1
1954212,-1.00,0,-1
1954313,-1.00,0,-1
1954414,-1.00,0,-1
1954515,-1.00,0,-1
1954616,-1.00,0,-1
1954717,-1.00,0,-1
1954819,-1.00,0,-1
1954919,-1.00,0,-1
1955020,-1.00,0,-1
1955121,-1.00,0,-1
1955222,-1.00,0,-1
1955323,-1.00,1,-1
1955424,-1.00,0,-1
1955525,-1.00,0,-1
1955627,-1.00,0,-1
1955727,-1.00,0,-1
1955828,-1.00,0,-1
1955930,-1.00,1,-1
1956030,-1.00,0,-1
1956131,-1.00,0,-1
1956233,-1.00,0,-1
1956333,-1.00,0,-1
1956434,-1.00,0,-1
1956536,-1.00,0,-1
1956636,-1.00,0,-1
1956738,-1.00,1,-1
1956839,-1.00,0,-1
1956939,-1.00,0,-1
1957041,-1.00,0,-1
1957142,-1.00,0,-1
1957242,-1.00,0,-1
1957344,-1.00,0,-1
1957445,-1.00,0,-1
1957545,-1.00,1,-1
1957647,-1.00,0,-1
1957748,-1.00,0,-1
1957849,-1.00,0,-1
1957950,-1.00,0,-1
1958051,-1.00,0,-1
1958152,-1.00,0,-1
1958253,-1.00,0,-1
1958354,-1.00,0,-1
1958455,-1.00,0,-1
1958556,-1.00,0,-1
1958657,-1.00,0,-1
1958758,-1.00,0,-1
1958859,-1.00,0,-1
1958960,-1.00,0,-1
1959061,-1.00,0,-1
1959162,-1.00,1,-1
1959263,-1.00,0,-1
1959364,-1.00,0,-1
1959465,-1.00,0,-1
1959566,-1.00,0,-1
1959667,-1.00,0,-1
1959769,-1.00,0,-1
1959869,-1.00,0,-1
1959970,-1.00,0,-1
1960072,-1.00,0,-1
1960172,-1.00,0,-1
1960273,-1.00,0,-1
1960375,-1.00,0,-1
1960475,-1.00,0,-1
1960577,-1.00,0,-1
1960678,-1.00,0,-1
1960778,-1.00,0,-1
1960880,-1.00,0,-1
1960981,-1.00,0,-1
1961081,-1.00,0,-1
1961183,-1.00,0,-1
1961284,-1.00,0,-1
1961384,-1.00,1,-1
1961486,-1.00,0,-1
1961587,-1.00,0,-1
1961688,-1.00,0,-1
1961789,-1.00,0,-1
1961889,-1.00,0,-1
1961991,-1.00,0,-1
1962092,-1.00,0,-1
1962192,-1.00,0,-1
1962294,-1.00,0,-1
1962395,-1.00,0,-1
1962496,-1.00,0,-1
1962597,-1.00,0,-1
1962698,-1.00,0,-1
1962799,-1.00,0,-1
1962900,-1.00,0,-1
1963001,-1.00,0,-1
1963102,-1.00,0,-1
1963203,-1.00,0,-1
1963304,-1.00,0,-1
1963405,-1.00,0,-1
1963506,-1.00,0,-1
1963608,-1.00,0,-1
1963708,-1.00,0,-1
1963809,-1.00,0,-1
1963911,-1.00,0,-1
1964011,-1.00,0,-1
1964112,-1.00,0,-1
1964214,-1.00,0,-1
1964314,-1.00,0,-1
1964416,-1.00,0,-1
1964517,-1.00,0,-1
1964617,-1.00,1,-1
1964719,-1.00,0,-1
1964820,-1.00,0,-1
1964920,-1.00,0,-1
1965022,-1.00,0,-1
1965122,-1.00,0,-1
1965223,-1.00,0,-1
1965325,-1.00,1,-1
1965425,-1.00,0,-1
1965527,-1.00,0,-1
1965628,-1.00,0,-1
1965728,-1.00,0,-1
1965830,-1.00,0,-1
1965931,-1.00,1,-1
1966031,-1.00,0,-1
1966133,-1.00,0,-1
1966234,-1.00,0,-1
1966334,-1.00,0,-1
1966436,-1.00,0,-1
1966537,-1.00,0,-1
1966638,-1.00,0,-1
1966739,-1.00,0,-1
1966840,-1.00,0,-1
1966941,-1.00,0,-1
1967042,-1.00,0,-1
1967143,-1.00,0,-1
1967244,-1.00,0,-1
1967345,-1.00,0,-1
1967447,-1.00,0,-1
1967547,-1.00,0,-1
1967648,-1.00,0,-1
1967750,-1.00,0,-1
1967850,-1.00,0,-1
1967951,-1.00,0,-1
1968053,-1.00,0,-1
1968153,-1.00,0,-1
1968254,-1.00,0,-1
1968355,-1.00,0,-1
1968456,-1.00,0,-1
1968558,-1.00,0,-1
1968658,-1.00,0,-1
1968759,-1.00,0,-1
1968861,-1.00,0,-1
1968961,-1.00,0,-1
1969062,-1.00,0,-1
1969164,-1.00,0,-1
1969264,-1.00,0,-1
1969366,-1.00,0,-1
1969467,-1.00,0,-1
1969567,-1.00,1,-1
1969669,-1.00,0,-1
1969770,-1.00,0,-1
1969870,-1.00,0,-1
1969972,-1.00,0,-1
1970073,-1.00,0,-1
1970173,-1.00,0,-1
1970275,-1.00,0,-1
1970376,-1.00,0,-1
1970477,-1.00,0,-1
1970578,-1.00,0,-1
1970679,-1.00,0,-1
1970780,-1.00,0,-1
1970881,-1.00,0,-1
1970982,-1.00,0,-1
1971083,-1.00,0,-1
1971184,-1.00,0,-1
1971284,-1.00,0,-1
1971386,-1.00,0,-1
1971487,-1.00,0,-1
1971588,-1.00,0,-1
1971689,-1.00,0,-1
1971790,-1.00,0,-1
1971891,-1.00,0,-1
1971992,-1.00,0,-1
1972093,-1.00,0,-1
1972194,-1.00,0,-1
1972295,-1.00,0,-1
1972397,-1.00,0,-1
1972497,-1.00,0,-1
1972598,-1.00,0,-1
1972700,-1.00,0,-1
1972800,-1.00,0,-1
1972901,-1.00,0,-1
1973003,-1.00,0,-1
1973103,-1.00,0,-1
1973204,-1.00,0,-1
1973306,-1.00,0,-1
1973406,-1.00,0,-1
1973508,-1.00,0,-1
1973609,-1.00,0,-1
1973709,-1.00,0,-1
1973811,-1.00,0,-1
1973912,-1.00,0,-1
1974012,-1.00,0,-1
1974114,-1.00,0,-1
1974215,-1.00,0,-1
1974316,-1.00,0,-1
1974417,-1.00,0,-1
1974517,-1.00,0,-1
1974619,-1.00,0,-1
1974720,-1.00,0,-1
1974820,-1.00,0,-1
1974922,-1.00,0,-1
1975023,-1.00,0,-1
1975123,-1.00,0,-1
1975225,-1.00,0,-1
1975326,-1.00,0,-1
1975427,-1.00,0,-1
1975528,-1.00,0,-1
1975629,-1.00,0,-1
1975730,-1.00,1,-1
1975831,-1.00,0,-1
1975932,-1.00,0,-1
1976033,-1.00,0,-1
1976134,-1.00,0,-1
1976236,-1.00,0,-1
1976336,-1.00,0,-1
1976437,-1.00,0,-1
1976539,-1.00,0,-1
1976639,-1.00,0,-1
1976740,-1.00,0,-1
1976842,-1.00,0,-1
1976942,-1.00,0,-1
1977043,-1.00,0,-1
1977145,-1.00,0,-1
1977245,-1.00,0,-1
1977347,-1.00,0,-1
1977447,-1.00,0,-1
1977548,-1.00,0,-1
1977650,-1.00,0,-1
1977750,-1.00,0,-1
1977851,-1.00,0,-1
1977953,-1.00,0,-1
1978053,-1.00,0,-1
1978155,-1.00,0,-1
1978256,-1.00,0,-1
1978356,-1.00,0,-1
1978458,-1.00,0,-1
1978559,-1.00,0,-1
1978659,-1.00,0,-1
1978761,-1.00,0,-1
1978862,-1.00,0,-1
1978962,-1.00,0,-1
1979064,-1.00,0,-1
1979165,-1.00,0,-1
1979266,-1.00,0,-1
1979367,-1.00,0,-1
1979468,-1.00,0,-1
1979569,-1.00,0,-1
1979670,-1.00,0,-1
1979771,-1.00,0,-1
1979872,-1.00,0,-1
1979973,-1.00,0,-1
1980075,-1.00,0,-1
1980175,-1.00,0,-1
1980276,-1.00,0,-1
1980378,-1.00,0,-1
1980478,-1.00,0,-1
1980579,-1.00,0,-1
1980680,-1.00,0,-1
1980781,-1.00,0,-1
1980882,-1.00,0,-1
1980983,-1.00,0,-1
1981084,-1.00,0,-1
1981186,-1.00,0,-1
1981286,-1.00,0,-1
1981387,-1.00,0,-1
1981489,-1.00,0,-1
1981589,-1.00,0,-1
1981690,-1.00,0,-1
1981792,-1.00,0,-1
1981892,-1.00,0,-1
1981993,-1.00,0,-1
1982095,-1.00,0,-1
1982195,-1.00,0,-1
1982297,-1.00,0,-1
1982398,-1.00,0,-1
1982498,-1.00,0,-1
1982600,-1.00,0,-1
1982701,-1.00,0,-1
1982801,-1.00,0,-1
1982903,-1.00,0,-1
1983004,-1.00,1,-1
1983105,-1.00,0,-1
1983206,-1.00,1,-1
1983307,-1.00,0,-1
1983408,-1.00,0,-1
1983509,-1.00,0,-1
1983610,-1.00,0,-1
1983711,-1.00,0,-1
1983812,-1.00,1,-1
1983912,-1.00,0,-1
1984014,-1.00,0,-1
1984115,-1.00,0,-1
1984216,-1.00,0,-1
1984317,-1.00,0,-1
1984418,-1.00,0,-1
1984519,-1.00,0,-1
1984620,-1.00,0,-1
1984721,-1.00,0,-1
1984822,-1.00,0,-1
1984923,-1.00,0,-1
1985025,-1.00,0,-1
1985125,-1.00,0,-1
1985226,-1.00,0,-1
1985328,-1.00,0,-1
1985428,-1.00,1,-1
1985529,-1.00,0,-1
1985631,-1.00,0,-1
1985731,-1.00,0,-1
1985832,-1.00,0,-1
1985934,-1.00,0,-1
1986034,-1.00,0,-1
1986136,-1.00,0,-1
1986237,-1.00,0,-1
1986337,-1.00,0,-1
1986439,-1.00,0,-1
1986540,-1.00,0,-1
1986640,-1.00,0,-1
1986742,-1.00,0,-1
1986843,-1.00,0,-1
1986944,-1.00,0,-1
1987045,-1.00,0,-1
1987145,-1.00,0,-1
1987247,-1.00,0,-1
1987348,-1.00,0,-1
1987448,-1.00,0,-1
1987550,-1.00,0,-1
1987651,-1.00,0,-1
1987751,-1.00,0,-1
1987853,-1.00,0,-1
1987954,-1.00,0,-1
1988055,-1.00,0,-1
1988156,-1.00,0,-1
1988257,-1.00,0,-1
1988358,-1.00,0,-1
1988459,-1.00,0,-1
1988560,-1.00,0,-1
1988661,-1.00,1,-1
1988762,-1.00,0,-1
1988864,-1.00,0,-1
1988964,-1.00,0,-1
1989065,-1.00,0,-1
1989167,-1.00,0,-1
1989267,-1.00,0,-1
1989368,-1.00,0,-1
1989470,-1.00,0,-1
1989570,-1.00,0,-1
1989671,-1.00,0,-1
1989773,-1.00,0,-1
1989873,-1.00,0,-1
1989975,-1.00,0,-1
1990075,-1.00,0,-1
1990176,-1.00,0,-1
1990278,-1.00,1,-1
1990378,-1.00,0,-1
1990479,-1.00,0,-1
1990581,-1.00,0,-1
1990681,-1.00,0,-1
1990782,-1.00,0,-1
1990884,-1.00,0,-1
1990984,-1.00,0,-1
1991086,-1.00,0,-1
1991187,-1.00,0,-1
1991287,-1.00,0,-1
1991389,-1.00,0,-1
1991490,-1.00,0,-1
1991590,-1.00,0,-1
1991692,-1.00,0,-1
1991793,-1.00,0,-1
1991894,-1.00,0,-1
1991995,-1.00,0,-1
1992096,-1.00,0,-1
1992197,-1.00,0,-1
1992298,-1.00,0,-1
1992399,-1.00,0,-1
1992500,-1.00,0,-1
1992601,-1.00,0,-1
1992702,-1.00,0,-1
1992803,-1.00,0,-1
1992904,-1.00,0,-1
1993006,-1.00,0,-1
1993106,-1.00,0,-1
1993207,-1.00,0,-1
1993308,-1.00,0,-1
1993409,-1.00,0,-1
1993510,-1.00,0,-1
1993611,-1.00,0,-1
1993712,-1.00,0,-1
1993814,-1.00,0,-1
1993914,-1.00,0,-1
1994015,-1.00,0,-1
1994117,-1.00,0,-1
1994217,-1.00,0,-1
1994318,-1.00,0,-1
1994420,-1.00,0,-1
1994520,-1.00,0,-1
1994621,-1.00,0,-1
1994723,-1.00,0,-1
1994823,-1.00,0,-1
1994925,-1.00,0,-1
1995026,-1.00,0,-1
1995126,-1.00,0,-1
1995228,-1.00,0,-1
1995329,-1.00,0,-1
1995429,-1.00,0,-1
1995531,-1.00,0,-1
1995632,-1.00,0,-1
1995732,-1.00,0,-1
1995834,-1.00,0,-1
1995935,-1.00,0,-1
1996036,-1.00,0,-1
1996137,-1.00,0,-1
1996238,-1.00,0,-1
1996339,-1.00,0,-1
1996440,-1.00,0,-1
1996540,-1.00,0,-1
1996642,-1.00,0,-1
1996743,-1.00,0,-1
1996844,-1.00,0,-1
1996945,-1.00,0,-1
1997046,-1.00,0,-1
1997147,-1.00,0,-1
1997248,-1.00,0,-1
1997349,-1.00,0,-1
1997450,-1.00,0,-1
1997551,-1.00,0,-1
1997652,-1.00,0,-1
1997753,-1.00,0,-1
1997854,-1.00,0,-1
1997956,-1.00,0,-1
1998056,-1.00,0,-1
1998157,-1.00,0,-1
1998259,-1.00,0,-1
1998359,-1.00,0,-1
1998460,-1.00,0,-1
1998562,-1.00,0,-1
1998662,-1.00,0,-1
1998764,-1.00,0,-1
1998865,-1.00,0,-1
1998965,-1.00,0,-1
1999067,-1.00,0,-1
1999168,-1.00,0,-1
1999268,-1.00,0,-1
1999370,-1.00,0,-1
1999470,-1.00,0,-1
1999571,-1.00,0,-1
1999673,-1.00,5,-1
1999773,-1.00,0,-1
1999875,-1.00,0,-1
1999976,-1.00,0,-1
2000076,-1.00,0,-1
2000178,-1.00,0,-1
2000279,-1.00,0,-1
2000379,-1.00,0,-1
2000481,-1.00,0,-1
2000582,-1.00,0,-1
2000683,-1.00,0,-1
2000784,-1.00,0,-1
2000885,-1.00,0,-1
2000986,-1.00,0,-1
2001087,-1.00,0,-1
2001188,-1.00,0,-1
2001289,-1.00,0,-1
2001390,-1.00,0,-1
2001491,-1.00,1,-1
2001592,-1.00,0,-1
2001693,-1.00,0,-1
2001795,-1.00,0,-1
2001895,-1.00,0,-1
2001996,-1.00,0,-1
2002098,-1.00,0,-1
2002198,-1.00,0,-1
2002299,-1.00,0,-1
2002401,-1.00,0,-1
2002501,-1.00,0,-1
2002603,-1.00,0,-1
2002703,-1.00,0,-1
2002804,-1.00,0,-1
2002906,-1.00,1,-1
2003006,-1.00,0,-1
2003107,-1.00,0,-1
2003209,-1.00,0,-1
2003309,-1.00,0,-1
2003410,-1.00,0,-1
2003512,-1.00,0,-1
2003612,-1.00,0,-1
2003714,-1.00,0,-1
2003815,-1.00,0,-1
2003915,-1.00,0,-1
2004017,-1.00,0,-1
2004118,-1.00,0,-1
2004218,-1.00,1,-1
2004320,-1.00,0,-1
2004421,-1.00,0,-1
2004521,-1.00,0,-1
2004623,-1.00,0,-1
2004724,-1.00,0,-1
2004825,-1.00,0,-1
2004926,-1.00,1,-1
2005027,-1.00,0,-1
2005128,-1.00,0,-1
2005229,-1.00,0,-1
2005330,-1.00,0,-1
2005431,-1.00,0,-1
2005532,-1.00,0,-1
2005634,-1.00,0,-1
2005734,-1.00,0,-1
2005835,-1.00,0,-1
2005936,-1.00,0,-1
2006037,-1.00,0,-1
2006138,-1.00,0,-1
2006239,-1.00,0,-1
2006340,-1.00,0,-1
2006441,-1.00,0,-1
2006542,-1.00,0,-1
2006643,-1.00,0,-1
2006745,-1.00,0,-1
2006845,-1.00,0,-1
2006946,-1.00,0,-1
2007048,-1.00,0,-1
2007148,-1.00,0,-1
2007249,-1.00,0,-1
2007351,-1.00,0,-1
2007451,-1.00,0,-1
2007553,-1.00,0,-1
2007654,-1.00,0,-1
2007754,-1.00,0,-1
2007856,-1.00,0,-1
2007957,-1.00,0,-1
2008057,-1.00,0,-1
2008159,-1.00,2,-1
2008260,-1.00,0,-1
2008360,-1.00,0,-1
2008462,-1.00,0,-1
2008563,-1.00,0,-1
2008664,-1.00,0,-1
2008765,-1.00,0,-1
2008865,-1.00,0,-1
2008967,-1.00,0,-1
2009068,-1.00,0,-1
2009168,-1.00,0,-1
2009270,-1.00,0,-1
2009371,-1.00,1,-1
2009472,-1.00,0,-1
2009573,-1.00,0,-1
2009674,-1.00,0,-1
2009775,-1.00,0,-1
2009876,-1.00,0,-1
2009977,-1.00,0,-1
2010078,-1.00,0,-1
2010179,-1.00,0,-1
2010280,-1.00,1,-1
2010381,-1.00,0,-1
2010482,-1.00,0,-1
2010584,-1.00,0,-1
2010684,-1.00,0,-1
2010785,-1.00,0,-1
2010887,-1.00,0,-1
2010987,-1.00,0,-1
2011088,-1.00,0,-1
2011190,-1.00,0,-1
2011290,-1.00,0,-1
2011392,-1.00,0,-1
2011493,-1.00,0,-1
2011593,-1.00,0,-1
2011695,-1.00,0,-1
2011796,-1.00,0,-1
2011896,-1.00,1,-1
2011998,-1.00,0,-1
2012098,-1.00,0,-1
2012199,-1.00,0,-1
2012301,-1.00,3,-1
2012401,-1.00,0,-1
2012503,-1.00,0,-1
2012604,-1.00,0,-1
2012704,-1.00,0,-1
2012806,-1.00,0,-1
2012907,-1.00,0,-1
2013007,-1.00,0,-1
2013109,-1.00,0,-1
2013210,-1.00,0,-1
2013310,-1.00,0,-1
2013412,-1.00,0,-1
2013513,-1.00,0,-1
2013614,-1.00,0,-1
2013715,-1.00,0,-1
2013816,-1.00,0,-1
2013917,-1.00,0,-1
2014018,-1.00,0,-1
2014119,-1.00,0,-1
2014220,-1.00,0,-1
2014321,-1.00,0,-1
2014423,-1.00,0,-1
2014523,-1.00,0,-1
2014624,-1.00,0,-1
2014726,-1.00,0,-1
2014826,-1.00,0,-1
2014927,-1.00,0,-1
2015029,-1.00,0,-1
2015129,-1.00,0,-1
2015230,-1.00,0,-1
2015331,-1.00,0,-1
2015432,-1.00,0,-1
2015534,-1.00,0,-1
2015634,-1.00,0,-1
2015735,-1.00,0,-1
2015837,-1.00,0,-1
2015937,-1.00,0,-1
2016038,-1.00,0,-1
2016140,-1.00,0,-1
2016240,-1.00,0,-1
2016342,-1.00,0,-1
2016443,-1.00,0,-1
2016543,-1.00,0,-1
2016645,-1.00,0,-1
2016746,-1.00,0,-1
2016846,-1.00,0,-1
2016948,-1.00,0,-1
2017049,-1.00,0,-1
2017149,-1.00,0,-1
2017251,-1.00,0,-1
2017352,-1.00,0,-1
2017453,-1.00,0,-1
2017554,-1.00,0,-1
2017655,-1.00,0,-1
2017756,-1.00,0,-1
2017857,-1.00,0,-1
2017958,-1.00,0,-1
2018059,-1.00,0,-1
2018160,-1.00,2,-1
2018262,-1.00,0,-1
2018362,-1.00,0,-1
2018463,-1.00,0,-1
2018564,-1.00,0,-1
2018665,-1.00,0,-1
2018766,-1.00,0,-1
2018867,-1.00,0,-1
2018968,-1.00,0,-1
2019069,-1.00,0,-1
2019170,-1.00,0,-1
2019271,-1.00,0,-1
2019373,-1.00,0,-1
2019473,-1.00,0,-1
2019574,-1.00,0,-1
2019676,-1.00,0,-1
2019776,-1.00,1,-1
2019877,-1.00,0,-1
2019979,-1.00,0,-1
2020079,-1.00,0,-1
2020180,-1.00,0,-1
2020282,-1.00,0,-1
2020382,-1.00,0,-1
2020484,-1.00,0,-1
2020585,-1.00,0,-1
2020685,-1.00,0,-1
2020787,-1.00,0,-1
2020888,-1.00,0,-1
2020988,-1.00,1,-1
2021090,-1.00,0,-1
2021191,-1.00,0,-1
2021292,-1.00,0,-1
2021393,-1.00,0,-1
2021493,-1.00,0,-1
2021595,-1.00,0,-1
2021696,-1.00,0,-1
2021796,-1.00,0,-1
2021898,-1.00,0,-1
2021999,-1.00,0,-1
2022099,-1.00,0,-1
2022201,-1.00,0,-1
2022302,-1.00,0,-1
2022403,-1.00,0,-1
2022504,-1.00,0,-1
2022605,-1.00,0,-1
2022706,-1.00,0,-1
2022807,-1.00,0,-1
2022908,-1.00,0,-1
2023009,-1.00,0,-1
2023110,-1.00,0,-1
2023212,-1.00,0,-1
2023312,-1.00,0,-1
2023413,-1.00,0,-1
2023515,-1.00,0,-1
2023615,-1.00,0,-1
2023716,-1.00,0,-1
2023818,-1.00,0,-1
2023918,-1.00,1,-1
2024019,-1.00,0,-1
2024121,-1.00,0,-1
2024221,-1.00,0,-1
2024323,-1.00,0,-1
2024424,-1.00,0,-1
2024524,-1.00,0,-1
2024626,-1.00,0,-1
2024726,-1.00,0,-1
2024827,-1.00,0,-1
2024929,-1.00,0,-1
2025029,-1.00,0,-1
2025131,-1.00,0,-1
2025232,-1.00,0,-1
2025332,-1.00,0,-1
2025434,-1.00,0,-1
2025535,-1.00,0,-1
2025635,-1.00,0,-1
2025737,-1.00,0,-1
2025838,-1.00,0,-1
2025938,-1.00,0,-1
2026040,-1.00,0,-1
2026141,-1.00,0,-1
2026242,-1.00,0,-1
2026343,-1.00,0,-1
2026444,-1.00,0,-1
2026545,-1.00,0,-1
2026646,-1.00,0,-1
2026747,-1.00,0,-1
2026848,-1.00,0,-1
2026949,-1.00,0,-1
2027051,-1.00,0,-1
2027151,-1.00,0,-1
2027252,-1.00,0,-1
2027354,-1.00,0,-1
2027454,-1.00,0,-1
2027555,-1.00,0,-1
2027657,-1.00,1,-1
2027757,-1.00,0,-1
2027858,-1.00,1,-1
2027959,-1.00,0,-1
2028060,-1.00,0,-1
2028162,-1.00,0,-1
2028262,-1.00,0,-1
2028363,-1.00,0,-1
2028465,-1.00,0,-1
2028565,-1.00,0,-1
2028666,-1.00,0,-1
2028768,-1.00,0,-1
2028868,-1.00,0,-1
2028969,-1.00,0,-1
2029071,-1.00,0,-1
2029171,-1.00,0,-1
2029273,-1.00,0,-1
2029374,-1.00,1,-1
2029474,-1.00,0,-1
2029576,-1.00,1,-1
2029677,-1.00,1,-1
2029777,-1.00,0,-1
2029879,-1.00,1,-1
2029980,-1.00,0,-1
2030081,-1.00,0,-1
2030182,-1.00,0,-1
2030283,-1.00,0,-1
2030384,-1.00,0,-1
2030485,-1.00,0,-1
2030586,-1.00,0,-1
2030687,-1.00,1,-1
2030788,-1.00,0,-1
2030889,-1.00,0,-1
2030990,-1.00,0,-1
2031091,-1.00,0,-1
2031192,-1.00,0,-1
2031293,-1.00,0,-1
2031394,-1.00,1,-1
2031495,-1.00,0,-1
2031596,-1.00,0,-1
2031697,-1.00,0,-1
2031798,-1.00,0,-1
2031899,-1.00,0,-1
2032001,-1.00,0,-1
2032101,-1.00,0,-1
2032202,-1.00,0,-1
2032304,-1.00,0,-1
2032404,-1.00,0,-1
2032505,-1.00,0,-1
2032607,-1.00,0,-1
2032707,-1.00,0,-1
2032808,-1.00,0,-1
2032910,-1.00,0,-1
2033010,-1.00,0,-1
2033112,-1.00,0,-1
2033213,-1.00,0,-1
2033313,-1.00,0,-1
2033415,-1.00,0,-1
2033516,-1.00,0,-1
2033616,-1.00,0,-1
2033718,-1.00,0,-1
2033819,-1.00,0,-1
2033920,-1.00,0,-1
2034021,-1.00,0,-1
2034122,-1.00,0,-1
2034223,-1.00,0,-1
2034324,-1.00,0,-1
2034424,-1.00,0,-1
2034526,-1.00,0,-1
2034627,-1.00,0,-1
2034727,-1.00,0,-1
2034829,-1.00,0,-1
2034930,-1.00,0,-1
2035031,-1.00,0,-1
2035132,-1.00,0,-1
2035233,-1.00,0,-1
2035334,-1.00,0,-1
2035435,-1.00,0,-1
2035536,-1.00,0,-1
2035637,-1.00,0,-1
2035738,-1.00,0,-1
2035840,-1.00,0,-1
2035940,-1.00,0,-1
2036041,-1.00,0,-1
2036143,-1.00,1,-1
2036243,-1.00,0,-1
2036344,-1.00,0,-1
2036446,-1.00,0,-1
2036546,-1.00,0,-1
2036647,-1.00,0,-1
2036749,-1.00,0,-1
2036849,-1.00,0,-1
2036951,-1.00,1,-1
2037052,-1.00,0,-1
2037152,-1.00,0,-1
2037254,-1.00,0,-1
2037355,-1.00,0,-1
2037455,-1.00,0,-1
2037557,-1.00,0,-1
2037658,-1.00,0,-1
2037758,-1.00,0,-1
2037860,-1.00,0,-1
2037960,-1.00,0,-1
2038062,-1.00,0,-1
2038163,-1.00,0,-1
2038263,-1.00,0,-1
2038365,-1.00,0,-1
2038466,-1.00,0,-1
2038566,-1.00,0,-1
2038668,-1.00,0,-1
2038769,-1.00,0,-1
2038870,-1.00,0,-1
2038971,-1.00,0,-1
2039072,-1.00,0,-1
2039173,-1.00,0,-1
2039274,-1.00,0,-1
2039375,-1.00,0,-1
2039476,-1.00,1,-1
2039577,-1.00,0,-1
2039678,-1.00,0,-1
2039779,-1.00,0,-1
2039880,-1.00,0,-1
2039982,-1.00,0,-1
2040082,-1.00,0,-1
2040183,-1.00,0,-1
2040285,-1.00,0,-1
2040385,-1.00,0,-1
2040486,-1.00,0,-1
2040588,-1.00,0,-1
2040688,-1.00,0,-1
2040790,-1.00,1,-1
2040891,-1.00,0,-1
2040991,-1.00,0,-1
2041093,-1.00,1,-1
2041193,-1.00,0,-1
2041294,-1.00,0,-1
2041396,-1.00,0,-1
2041496,-1.00,0,-1
2041597,-1.00,0,-1
2041699,-1.00,0,-1
2041799,-1.00,0,-1
2041901,-1.00,0,-1
2042002,-1.00,0,-1
2042102,-1.00,0,-1
2042204,-1.00,0,-1
2042305,-1.00,0,-1
2042405,-1.00,0,-1
2042507,-1.00,0,-1
2042608,-1.00,0,-1
2042708,-1.00,0,-1
2042810,-1.00,1,-1
2042911,-1.00,0,-1
2043012,-1.00,0,-1
2043113,-1.00,0,-1
2043214,-1.00,0,-1
2043315,-1.00,0,-1
2043416,-1.00,1,-1
2043517,-1.00,0,-1
2043618,-1.00,0,-1
2043719,-1.00,0,-1
2043821,-1.00,0,-1
2043921,-1.00,0,-1
2044022,-1.00,0,-1
2044124,-1.00,0,-1
2044224,-1.00,0,-1
2044325,-1.00,0,-1
2044426,-1.00,0,-1
2044527,-1.00,0,-1
2044628,-1.00,0,-1
2044729,-1.00,0,-1
2044830,-1.00,0,-1
2044932,-1.00,0,-1
2045032,-1.00,0,-1
2045133,-1.00,0,-1
2045235,-1.00,0,-1
2045335,-1.00,0,-1
2045436,-1.00,0,-1
2045538,-1.00,1,-1
2045638,-1.00,0,-1
2045740,-1.00,0,-1
2045841,-1.00,0,-1
2045941,-1.00,0,-1
2046043,-1.00,0,-1
2046144,-1.00,0,-1
2046244,-1.00,0,-1
2046346,-1.00,0,-1
2046447,-1.00,0,-1
2046547,-1.00,0,-1
2046649,-1.00,0,-1
2046750,-1.00,0,-1
2046851,-1.00,0,-1
2046952,-1.00,0,-1
2047053,-1.00,0,-1
2047154,-1.00,0,-1
2047255,-1.00,0,-1
2047356,-1.00,0,-1
2047457,-1.00,0,-1
2047558,-1.00,0,-1
2047660,-1.00,0,-1
2047760,-1.00,0,-1
2047861,-1.00,0,-1
2047962,-1.00,0,-1
2048063,-1.00,0,-1
2048164,-1.00,0,-1
2048265,-1.00,1,-1
2048366,-1.00,0,-1
2048467,-1.00,0,-1
2048568,-1.00,0,-1
2048669,-1.00,1,-1
2048771,-1.00,0,-1
2048871,-1.00,0,-1
2048972,-1.00,0,-1
2049074,-1.00,0,-1
2049174,-1.00,0,-1
2049275,-1.00,0,-1
2049377,-1.00,0,-1
2049477,-1.00,0,-1
2049579,-1.00,0,-1
2049680,-1.00,0,-1
2049780,-1.00,0,-1
2049882,-1.00,0,-1
2049983,-1.00,0,-1
2050083,-1.00,0,-1
2050185,-1.00,0,-1
2050286,-1.00,0,-1
2050386,-1.00,0,-1
2050488,-1.00,0,-1
2050589,-1.00,4,-1
2050690,-1.00,0,-1
2050791,-1.00,0,-1
2050891,-1.00,0,-1
2050993,-1.00,1,-1
2051094,-1.00,0,-1
2051194,-1.00,0,-1
2051296,-1.00,0,-1
2051397,-1.00,0,-1
2051497,-1.00,0,-1
2051599,-1.00,0,-1
2051700,-1.00,0,-1
2051801,-1.00,0,-1
2051902,-1.00,0,-1
2052003,-1.00,0,-1
2052104,-1.00,6,-1
2052205,-1.00,0,-1
2052306,-1.00,0,-1
2052407,-1.00,0,-1
2052508,-1.00,0,-1
2052610,-1.00,1,-1
2052710,-1.00,0,-1
2052811,-1.00,0,-1
2052913,-1.00,0,-1
2053013,-1.00,0,-1
2053114,-1.00,0,-1
2053216,-1.00,0,-1
2053316,-1.00,0,-1
2053417,-1.00,0,-1
2053519,-1.00,0,-1
2053619,-1.00,0,-1
2053721,-1.00,0,-1
2053822,-1.00,0,-1
2053922,-1.00,0,-1
2054024,-1.00,0,-1
2054124,-1.00,0,-1
2054225,-1.00,0,-1
2054327,-1.00,0,-1
2054427,-1.00,0,-1
2054529,-1.00,0,-1
2054630,-1.00,0,-1
2054730,-1.00,0,-1
2054832,-1.00,0,-1
2054933,-1.00,0,-1
2055033,-1.00,0,-1
2055135,-1.00,0,-1
2055236,-1.00,0,-1
2055336,-1.00,0,-1
2055438,-1.00,0,-1
2055539,-1.00,1,-1
2055640,-1.00,0,-1
2055741,-1.00,0,-1
2055842,-1.00,0,-1
2055943,-1.00,0,-1
2056044,-1.00,0,-1
2056145,-1.00,0,-1
2056246,-1.00,0,-1
2056347,-1.00,0,-1
2056449,-1.00,0,-1
2056549,-1.00,0,-1
2056650,-1.00,0,-1
2056752,-1.00,0,-1
2056852,-1.00,0,-1
2056953,-1.00,0,-1
2057055,-1.00,0,-1
2057155,-1.00,0,-1
2057256,-1.00,0,-1
2057357,-1.00,0,-1
2057458,-1.00,0,-1
2057560,-1.00,0,-1
2057660,-1.00,0,-1
2057761,-1.00,0,-1
2057863,-1.00,0,-1
2057963,-1.00,0,-1
2058064,-1.00,0,-1
2058166,-1.00,0,-1
2058266,-1.00,0,-1
2058368,-1.00,0,-1
2058469,-1.00,0,-1
2058569,-1.00,0,-1
2058671,-1.00,1,-1
2058772,-1.00,0,-1
2058872,-1.00,0,-1
2058974,-1.00,0,-1
2059075,-1.00,0,-1
2059175,-1.00,0,-1
2059277,-1.00,0,-1
2059378,-1.00,0,-1
2059479,-1.00,0,-1
2059580,-1.00,0,-1
2059681,-1.00,0,-1
2059782,-1.00,0,-1
2059883,-1.00,0,-1
2059984,-1.00,0,-1
2060085,-1.00,0,-1
2060186,-1.00,0,-1
2060286,-1.00,0,-1
2060388,-1.00,0,-1
2060489,-1.00,0,-1
2060590,-1.00,0,-1
2060691,-1.00,0,-1
2060792,-1.00,0,-1
2060893,-1.00,0,-1
2060994,-1.00,0,-1
2061095,-1.00,0,-1
2061196,-1.00,0,-1
2061297,-1.00,0,-1
2061399,-1.00,0,-1
2061499,-1.00,0,-1
2061600,-1.00,0,-1
2061702,-1.00,1,-1
2061802,-1.00,0,-1
2061903,-1.00,0,-1
2062005,-1.00,0,-1
2062105,-1.00,0,-1
2062206,-1.00,0,-1
2062308,-1.00,0,-1
2062408,-1.00,0,-1
2062510,-1.00,0,-1
2062611,-1.00,0,-1
2062711,-1.00,0,-1
2062813,-1.00,0,-1
2062914,-1.00,0,-1
2063014,-1.00,0,-1
2063116,-1.00,0,-1
2063217,-1.00,0,-1
2063318,-1.00,0,-1
2063419,-1.00,0,-1
2063519,-1.00,0,-1
2063621,-1.00,0,-1
2063722,-1.00,0,-1
2063822,-1.00,1,-1
2063924,-1.00,0,-1
2064025,-1.00,0,-1
2064125,-1.00,0,-1
2064227,-1.00,0,-1
2064328,-1.00,0,-1
2064429,-1.00,0,-1
2064530,-1.00,0,-1
2064631,-1.00,0,-1
2064732,-1.00,0,-1
2064833,-1.00,0,-1
2064934,-1.00,0,-1
2065035,-1.00,0,-1
2065136,-1.00,0,-1
2065238,-1.00,0,-1
2065338,-1.00,0,-1
2065439,-1.00,0,-1
2065541,-1.00,0,-1
2065641,-1.00,0,-1
2065742,-1.00,0,-1
2065844,-1.00,0,-1
2065944,-1.00,0,-1
2066045,-1.00,0,-1
2066147,-1.00,0,-1
2066247,-1.00,0,-1
2066349,-1.00,0,-1
2066449,-1.00,0,-1
2066550,-1.00,0,-1
2066652,-1.00,0,-1
2066752,-1.00,1,-1
2066853,-1.00,0,-1
2066955,-1.00,0,-1
2067055,-1.00,0,-1
2067156,-1.00,0,-1
2067258,-1.00,0,-1
2067358,-1.00,0,-1
2067460,-1.00,0,-1
2067561,-1.00,0,-1
2067661,-1.00,5,-1
2067763,-1.00,0,-1
2067864,-1.00,0,-1
2067964,-1.00,0,-1
2068066,-1.00,0,-1
2068167,-1.00,0,-1
2068268,-1.00,0,-1
2068369,-1.00,0,-1
2068470,-1.00,0,-1
2068571,-1.00,0,-1
2068672,-1.00,0,-1
2068773,-1.00,0,-1
2068874,-1.00,0,-1
2068975,-1.00,0,-1
2069076,-1.00,0,-1
2069177,-1.00,0,-1
2069278,-1.00,0,-1
2069380,-1.00,0,-1
2069480,-1.00,1,-1
2069581,-1.00,0,-1
2069682,-1.00,0,-1
2069783,-1.00,0,-1
2069884,-1.00,0,-1
2069985,-1.00,0,-1
2070086,-1.00,0,-1
2070188,-1.00,1,-1
2070288,-1.00,0,-1
2070389,-1.00,0,-1
2070491,-1.00,0,-1
2070591,-1.00,0,-1
2070692,-1.00,0,-1
2070794,-1.00,0,-1
2070894,-1.00,0,-1
2070995,-1.00,0,-1
2071097,-1.00,0,-1
2071197,-1.00,0,-1
2071299,-1.00,0,-1
2071400,-1.00,0,-1
2071500,-1.00,0,-1
2071602,-1.00,0,-1
2071703,-1.00,0,-1
2071803,-1.00,0,-1
2071905,-1.00,0,-1
2072006,-1.00,0,-1
2072107,-1.00,1,-1
2072208,-1.00,0,-1
2072309,-1.00,0,-1
2072410,-1.00,0,-1
2072511,-1.00,0,-1
2072612,-1.00,0,-1
2072713,-1.00,0,-1
2072814,-1.00,0,-1
2072914,-1.00,0,-1
2073016,-1.00,0,-1
2073117,-1.00,0,-1
2073218,-1.00,0,-1
2073319,-1.00,0,-1
2073420,-1.00,0,-1
2073521,-1.00,0,-1
2073622,-1.00,0,-1
2073723,-1.00,0,-1
2073824,-1.00,0,-1
2073925,-1.00,0,-1
2074027,-1.00,0,-1
2074127,-1.00,0,-1
2074228,-1.00,0,-1
2074330,-1.00,0,-1
2074430,-1.00,0,-1
2074531,-1.00,0,-1
2074633,-1.00,0,-1
2074733,-1.00,0,-1
2074834,-1.00,0,-1
2074936,-1.00,0,-1
2075036,-1.00,0,-1
2075138,-1.00,0,-1
2075239,-1.00,0,-1
2075339,-1.00,0,-1
2075441,-1.00,0,-1
2075542,-1.00,0,-1
2075642,-1.00,0,-1
2075744,-1.00,0,-1
2075844,-1.00,0,-1
2075945,-1.00,0,-1
2076047,-1.00,0,-1
2076147,-1.00,0,-1
2076249,-1.00,1,-1
2076350,-1.00,0,-1
2076450,-1.00,0,-1
2076552,-1.00,0,-1
2076653,-1.00,0,-1
2076753,-1.00,0,-1
2076855,-1.00,0,-1
2076956,-1.00,0,-1
2077057,-1.00,0,-1
2077158,-1.00,1,-1
2077259,-1.00,0,-1
2077360,-1.00,0,-1
2077461,-1.00,0,-1
2077562,-1.00,4,-1
2077663,-1.00,0,-1
2077764,-1.00,0,-1
2077865,-1.00,0,-1
2077966,-1.00,0,-1
2078067,-1.00,0,-1
2078169,-1.00,0,-1
2078269,-1.00,0,-1
2078370,-1.00,0,-1
2078472,-1.00,0,-1
2078572,-1.00,0,-1
2078673,-1.00,0,-1
2078775,-1.00,0,-1
2078875,-1.00,0,-1
2078977,-1.00,0,-1
2079077,-1.00,0,-1
2079178,-1.00,0,-1
2079280,-1.00,0,-1
2079380,-1.00,0,-1
2079481,-1.00,0,-1
2079583,-1.00,1,-1
2079683,-1.00,0,-1
2079784,-1.00,0,-1
2079886,-1.00,0,-1
2079986,-1.00,0,-1
2080088,-1.00,0,-1
2080189,-1.00,0,-1
2080289,-1.00,0,-1
2080391,-1.00,0,-1
2080492,-1.00,0,-1
2080592,-1.00,0,-1
2080694,-1.00,0,-1
2080795,-1.00,0,-1
2080896,-1.00,0,-1
2080997,-1.00,0,-1
2081098,-1.00,0,-1
2081199,-1.00,0,-1
2081300,-1.00,0,-1
2081401,-1.00,0,-1
2081502,-1.00,0,-1
2081603,-1.00,0,-1
2081704,-1.00,0,-1
2081805,-1.00,0,-1
2081906,-1.00,0,-1
2082007,-1.00,0,-1
2082108,-1.00,0,-1
2082209,-1.00,0,-1
2082310,-1.00,0,-1
2082411,-1.00,0,-1
2082512,-1.00,0,-1
2082613,-1.00,0,-1
2082714,-1.00,0,-1
2082816,-1.00,0,-1
2082916,-1.00,0,-1
2083017,-1.00,0,-1
2083119,-1.00,0,-1
2083219,-1.00,0,-1
2083320,-1.00,0,-1
2083422,-1.00,0,-1
2083522,-1.00,0,-1
2083623,-1.00,0,-1
2083725,-1.00,0,-1
2083825,-1.00,0,-1
2083927,-1.00,0,-1
2084028,-1.00,0,-1
2084128,-1.00,1,-1
2084230,-1.00,1,-1
2084331,-1.00,1,-1
2084431,-1.00,0,-1
2084533,-1.00,0,-1
2084634,-1.00,0,-1
2084734,-1.00,0,-1
2084836,-1.00,0,-1
2084937,-1.00,0,-1
2085038,-1.00,0,-1
2085139,-1.00,0,-1
2085239,-1.00,0,-1
2085341,-1.00,0,-1
2085442,-1.00,0,-1
2085542,-1.00,0,-1
2085644,-1.00,0,-1
2085745,-1.00,0,-1
2085846,-1.00,0,-1
2085947,-1.00,0,-1
2086048,-1.00,1,-1
2086149,-1.00,0,-1
2086250,-1.00,0,-1
2086351,-1.00,0,-1
2086452,-1.00,0,-1
2086553,-1.00,0,-1
2086654,-1.00,1,-1
2086755,-1.00,0,-1
2086856,-1.00,0,-1
2086958,-1.00,0,-1
2087058,-1.00,0,-1
2087159,-1.00,0,-1
2087261,-1.00,0,-1
2087361,-1.00,0,-1
2087462,-1.00,0,-1
2087564,-1.00,0,-1
2087664,-1.00,0,-1
2087766,-1.00,0,-1
2087867,-1.00,0,-1
2087967,-1.00,0,-1
2088069,-1.00,0,-1
2088170,-1.00,0,-1
2088270,-1.00,0,-1
2088372,-1.00,0,-1
2088472,-1.00,0,-1
2088573,-1.00,0,-1
2088675,-1.00,0,-1
2088775,-1.00,0,-1
2088877,-1.00,0,-1
2088978,-1.00,0,-1
2089078,-1.00,0,-1
2089180,-1.00,0,-1
2089281,-1.00,0,-1
2089381,-1.00,1,-1
2089483,-1.00,0,-1
2089584,-1.00,0,-1
2089684,-1.00,0,-1
2089786,-1.00,0,-1
2089887,-1.00,0,-1
2089988,-1.00,0,-1
2090089,-1.00,0,-1
2090190,-1.00,0,-1
2090291,-1.00,0,-1
2090392,-1.00,0,-1
2090493,-1.00,0,-1
2090594,-1.00,0,-1
2090695,-1.00,0,-1
2090797,-1.00,1,-1
2090897,-1.00,0,-1
2090998,-1.00,0,-1
2091100,-1.00,0,-1
2091200,-1.00,0,-1
2091301,-1.00,0,-1
2091403,-1.00,1,-1
2091503,-1.00,0,-1
2091604,-1.00,0,-1
2091705,-1.00,0,-1
2091806,-1.00,0,-1
2091908,-1.00,0,-1
2092008,-1.00,0,-1
2092109,-1.00,0,-1
2092211,-1.00,0,-1
2092311,-1.00,0,-1
2092412,-1.00,0,-1
2092514,-1.00,0,-1
2092614,-1.00,0,-1
2092716,-1.00,0,-1
2092817,-1.00,0,-1
2092917,-1.00,0,-1
2093019,-1.00,0,-1
2093120,-1.00,0,-1
2093220,-1.00,0,-1
2093322,-1.00,0,-1
2093423,-1.00,0,-1
2093523,-1.00,0,-1
2093625,-1.00,0,-1
2093726,-1.00,0,-1
2093827,-1.00,0,-1
2093928,-1.00,1,-1
2094029,-1.00,0,-1
2094130,-1.00,0,-1
2094231,-1.00,0,-1
2094332,-1.00,0,-1
2094433,-1.00,0,-1
2094534,-1.00,0,-1
2094635,-1.00,0,-1
2094736,-1.00,0,-1
2094837,-1.00,1,-1
2094938,-1.00,0,-1
2095039,-1.00,0,-1
2095140,-1.00,0,-1
2095241,-1.00,1,-1
2095342,-1.00,0,-1
2095443,-1.00,0,-1
2095544,-1.00,0,-1
2095645,-1.00,0,-1
2095747,-1.00,0,-1
2095847,-1.00,0,-1
2095948,-1.00,0,-1
2096050,-1.00,1,-1
2096150,-1.00,0,-1
2096251,-1.00,0,-1
2096353,-1.00,0,-1
2096453,-1.00,0,-1
2096555,-1.00,0,-1
2096656,-1.00,0,-1
2096756,-1.00,0,-1
2096858,-1.00,0,-1
2096959,-1.00,0,-1
2097059,-1.00,0,-1
2097161,-1.00,0,-1
2097262,-1.00,0,-1
2097362,-1.00,1,-1
2097464,-1.00,0,-1
2097565,-1.00,1,-1
2097666,-1.00,0,-1
2097767,-1.00,0,-1
2097868,-1.00,0,-1
2097969,-1.00,0,-1
2098070,-1.00,0,-1
2098170,-1.00,0,-1
2098272,-1.00,0,-1
2098373,-1.00,0,-1
2098473,-1.00,0,-1
2098575,-1.00,0,-1
2098676,-1.00,0,-1
2098777,-1.00,0,-1
2098878,-1.00,0,-1
2098979,-1.00,1,-1
2099080,-1.00,0,-1
2099181,-1.00,0,-1
2099282,-1.00,0,-1
2099383,-1.00,0,-1
2099484,-1.00,0,-1
2099586,-1.00,1,-1
2099686,-1.00,0,-1
2099787,-1.00,0,-1
2099889,-1.00,0,-1
2099989,-1.00,0,-1
2100090,-1.00,0,-1
2100192,-1.00,0,-1
2100292,-1.00,0,-1
2100393,-1.00,0,-1
2100495,-1.00,0,-1
2100595,-1.00,1,-1
2100697,-1.00,0,-1
2100798,-1.00,0,-1
2100898,-1.00,0,-1
2101000,-1.00,0,-1
2101101,-1.00,0,-1
2101201,-1.00,0,-1
2101303,-1.00,1,-1
2101403,-1.00,0,-1
2101505,-1.00,0,-1
2101606,-1.00,0,-1
2101706,-1.00,0,-1
2101808,-1.00,0,-1
2101909,-1.00,0,-1
2102009,-1.00,0,-1
2102111,-1.00,0,-1
2102212,-1.00,0,-1
2102312,-1.00,0,-1
2102414,-1.00,0,-1
2102515,-1.00,0,-1
2102616,-1.00,0,-1
2102717,-1.00,0,-1
2102818,-1.00,0,-1
2102919,-1.00,0,-1
2103020,-1.00,0,-1
2103121,-1.00,0,-1
2103222,-1.00,0,-1
2103323,-1.00,0,-1
2103425,-1.00,0,-1
2103525,-1.00,0,-1
2103626,-1.00,0,-1
2103728,-1.00,0,-1
2103828,-1.00,0,-1
2103929,-1.00,0,-1
2104031,-1.00,0,-1
2104131,-1.00,0,-1
2104232,-1.00,0,-1
2104333,-1.00,0,-1
2104434,-1.00,0,-1
2104536,-1.00,0,-1
2104636,-1.00,0,-1
2104737,-1.00,0,-1
2104839,-1.00,0,-1
2104939,-1.00,0,-1
2105040,-1.00,0,-1
2105142,-1.00,0,-1
2105242,-1.00,0,-1
2105344,-1.00,0,-1
2105445,-1.00,0,-1
2105545,-1.00,0,-1
2105647,-1.00,0,-1
2105748,-1.00,0,-1
2105848,-1.00,0,-1
2105950,-1.00,0,-1
2106051,-1.00,0,-1
2106151,-1.00,0,-1
2106253,-1.00,0,-1
2106354,-1.00,0,-1
2106455,-1.00,0,-1
2106556,-1.00,0,-1
2106657,-1.00,0,-1
2106758,-1.00,0,-1
2106859,-1.00,6,-1
2106960,-1.00,0,-1
2107061,-1.00,0,-1
2107162,-1.00,0,-1
2107264,-1.00,0,-1
2107364,-1.00,0,-1
2107465,-1.00,0,-1
2107566,-1.00,0,-1
2107667,-1.00,0,-1
2107768,-1.00,0,-1
2107869,-1.00,0,-1
2107970,-1.00,0,-1
2108071,-1.00,0,-1
2108172,-1.00,0,-1
2108273,-1.00,0,-1
2108375,-1.00,0,-1
2108475,-1.00,1,-1
2108576,-1.00,1,-1
2108678,-1.00,0,-1
2108778,-1.00,0,-1
2108879,-1.00,0,-1
2108981,-1.00,0,-1
2109081,-1.00,0,-1
2109182,-1.00,1,-1
2109284,-1.00,0,-1
2109384,-1.00,0,-1
2109486,-1.00,0,-1
2109587,-1.00,0,-1
2109687,-1.00,1,-1
2109789,-1.00,0,-1
2109890,-1.00,0,-1
2109990,-1.00,0,-1
2110092,-1.00,0,-1
2110193,-1.00,0,-1
2110294,-1.00,0,-1
2110395,-1.00,0,-1
2110496,-1.00,0,-1
2110597,-1.00,0,-1
2110698,-1.00,0,-1
2110798,-1.00,0,-1
2110900,-1.00,0,-1
2111001,-1.00,0,-1
2111101,-1.00,0,-1
2111203,-1.00,0,-1
2111304,-1.00,0,-1
2111405,-1.00,0,-1
2111506,-1.00,0,-1
2111607,-1.00,0,-1
2111708,-1.00,0,-1
2111809,-1.00,0,-1
2111910,-1.00,0,-1
2112011,-1.00,0,-1
2112112,-1.00,0,-1
2112214,-1.00,0,-1
2112314,-1.00,0,-1
2112415,-1.00,0,-1
2112517,-1.00,0,-1
2112617,-1.00,0,-1
2112718,-1.00,0,-1
2112820,-1.00,0,-1
2112920,-1.00,0,-1
2113021,-1.00,0,-1
2113123,-1.00,0,-1
2113223,-1.00,0,-1
2113325,-1.00,0,-1
2113426,-1.00,0,-1
2113526,-1.00,0,-1
2113628,-1.00,0,-1
2113728,-1.00,0,-1
2113829,-1.00,0,-1
2113931,-1.00,0,-1
2114031,-1.00,1,-1
2114132,-1.00,0,-1
2114234,-1.00,0,-1
2114334,-1.00,0,-1
2114436,-1.00,0,-1
2114537,-1.00,0,-1
2114637,-1.00,1,-1
2114739,-1.00,0,-1
2114840,-1.00,0,-1
2114940,-1.00,0,-1
2115042,-1.00,0,-1
2115143,-1.00,0,-1
2115244,-1.00,0,-1
2115345,-1.00,0,-1
2115446,-1.00,0,-1
2115547,-1.00,0,-1
2115648,-1.00,0,-1
2115749,-1.00,0,-1
2115850,-1.00,0,-1
2115951,-1.00,0,-1
2116052,-1.00,0,-1
2116153,-1.00,0,-1
2116254,-1.00,0,-1
2116356,-1.00,0,-1
2116456,-1.00,0,-1
2116557,-1.00,0,-1
2116659,-1.00,0,-1
2116759,-1.00,0,-1
2116860,-1.00,0,-1
2116961,-1.00,0,-1
2117062,-1.00,0,-1
2117164,-1.00,0,-1
2117264,-1.00,0,-1
2117365,-1.00,0,-1
2117467,-1.00,0,-1
2117567,-1.00,0,-1
2117668,-1.00,0,-1
2117770,-1.00,0,-1
2117870,-1.00,1,-1
2117971,-1.00,0,-1
2118073,-1.00,0,-1
2118173,-1.00,0,-1
2118275,-1.00,0,-1
2118376,-1.00,0,-1
2118476,-1.00,1,-1
2118578,-1.00,0,-1
2118679,-1.00,0,-1
2118779,-1.00,0,-1
2118881,-1.00,0,-1
2118982,-1.00,0,-1
2119083,-1.00,0,-1
2119184,-1.00,0,-1
2119285,-1.00,0,-1
2119386,-1.00,1,-1
2119487,-1.00,0,-1
2119588,-1.00,1,-1
2119689,-1.00,0,-1
2119790,-1.00,0,-1
2119891,-1.00,0,-1
2119992,-1.00,0,-1
2120093,-1.00,0,-1
2120194,-1.00,0,-1
2120295,-1.00,0,-1
2120396,-1.00,1,-1
2120497,-1.00,0,-1
2120598,-1.00,0,-1
2120699,-1.00,0,-1
2120800,-1.00,0,-1
2120901,-1.00,0,-1
2121003,-1.00,0,-1
2121103,-1.00,0,-1
2121204,-1.00,0,-1
2121306,-1.00,0,-1
2121406,-1.00,0,-1
2121507,-1.00,1,-1
2121609,-1.00,0,-1
2121709,-1.00,0,-1
2121810,-1.00,0,-1
2121912,-1.00,0,-1
2122012,-1.00,0,-1
2122114,-1.00,0,-1
2122215,-1.00,0,-1
2122315,-1.00,0,-1
2122417,-1.00,0,-1
2122518,-1.00,0,-1
2122618,-1.00,1,-1
2122720,-1.00,0,-1
2122821,-1.00,0,-1
2122921,-1.00,0,-1
2123023,-1.00,0,-1
2123124,-1.00,1,-1
2123225,-1.00,0,-1
2123326,-1.00,0,-1
2123427,-1.00,0,-1
2123528,-1.00,0,-1
2123629,-1.00,0,-1
2123729,-1.00,0,-1
2123831,-1.00,0,-1
2123932,-1.00,0,-1
2124033,-1.00,0,-1
2124134,-1.00,0,-1
2124235,-1.00,0,-1
2124336,-1.00,0,-1
2124437,-1.00,0,-1
2124538,-1.00,0,-1
2124639,-1.00,0,-1
2124740,-1.00,0,-1
2124841,-1.00,0,-1
2124942,-1.00,0,-1
2125043,-1.00,0,-1
2125145,-1.00,0,-1
2125245,-1.00,0,-1
2125346,-1.00,0,-1
2125448,-1.00,0,-1
2125548,-1.00,0,-1
2125649,-1.00,0,-1
2125751,-1.00,0,-1
2125851,-1.00,0,-1
2125953,-1.00,0,-1
2126054,-1.00,0,-1
2126154,-1.00,0,-1
2126256,-1.00,0,-1
2126357,-1.00,0,-1
2126457,-1.00,2,-1
2126559,-1.00,0,-1
2126659,-1.00,0,-1
2126760,-1.00,0,-1
2126862,-1.00,0,-1
2126962,-1.00,0,-1
2127064,-1.00,0,-1
2127165,-1.00,0,-1
2127265,-1.00,0,-1
2127367,-1.00,2,-1
2127468,-1.00,0,-1
2127568,-1.00,0,-1
2127670,-1.00,0,-1
2127771,-1.00,0,-1
2127872,-1.00,0,-1
2127973,-1.00,0,-1
2128074,-1.00,0,-1
2128175,-1.00,0,-1
2128276,-1.00,0,-1
2128377,-1.00,0,-1
2128478,-1.00,0,-1
2128579,-1.00,1,-1
2128680,-1.00,0,-1
2128781,-1.00,0,-1
2128882,-1.00,0,-1
2128984,-1.00,0,-1
2129084,-1.00,0,-1
2129185,-1.00,0,-1
2129287,-1.00,0,-1
2129387,-1.00,0,-1
2129488,-1.00,0,-1
2129590,-1.00,0,-1
2129690,-1.00,0,-1
2129792,-1.00,0,-1
2129892,-1.00,0,-1
2129993,-1.00,0,-1
2130095,-1.00,0,-1
2130195,-1.00,0,-1
2130296,-1.00,0,-1
2130398,-1.00,6,-1
2130498,-1.00,0,-1
2130599,-1.00,0,-1
2130701,-1.00,0,-1
2130801,-1.00,0,-1
2130903,-1.00,0,-1
2131004,-1.00,0,-1
2131104,-1.00,0,-1
2131206,-1.00,0,-1
2131307,-1.00,0,-1
2131407,-1.00,0,-1
2131509,-1.00,0,-1
2131610,-1.00,0,-1
2131710,-1.00,1,-1
2131812,-1.00,0,-1
2131913,-1.00,0,-1
2132014,-1.00,0,-1
2132115,-1.00,0,-1
2132216,-1.00,0,-1
2132317,-1.00,0,-1
2132418,-1.00,0,-1
2132519,-1.00,0,-1
2132620,-1.00,0,-1
2132721,-1.00,0,-1
2132822,-1.00,0,-1
2132923,-1.00,0,-1
2133024,-1.00,0,-1
2133125,-1.00,0,-1
2133226,-1.00,0,-1
2133327,-1.00,1,-1
2133428,-1.00,0,-1
2133529,-1.00,0,-1
2133630,-1.00,0,-1
2133731,-1.00,0,-1
2133832,-1.00,0,-1
2133934,-1.00,1,-1
2134034,-1.00,0,-1
2134135,-1.00,0,-1
2134237,-1.00,0,-1
2134337,-1.00,0,-1
2134438,-1.00,0,-1
2134540,-1.00,0,-1
2134640,-1.00,0,-1
2134742,-1.00,0,-1
2134843,-1.00,0,-1
2134943,-1.00,0,-1
2135045,-1.00,0,-1
2135146,-1.00,0,-1
2135246,-1.00,0,-1
2135348,-1.00,0,-1
2135449,-1.00,0,-1
2135549,-1.00,0,-1
2135651,-1.00,0,-1
2135752,-1.00,0,-1
2135853,-1.00,0,-1
2135954,-1.00,0,-1
2136054,-1.00,0,-1
2136156,-1.00,0,-1
2136257,-1.00,0,-1
2136357,-1.00,0,-1
2136459,-1.00,0,-1
2136560,-1.00,0,-1
2136660,-1.00,0,-1
2136762,-1.00,0,-1
2136863,-1.00,0,-1
2136964,-1.00,1,-1
2137065,-1.00,0,-1
2137166,-1.00,0,-1
2137267,-1.00,0,-1
2137368,-1.00,0,-1
2137469,-1.00,0,-1
2137570,-1.00,0,-1
2137671,-1.00,0,-1
2137773,-1.00,0,-1
2137873,-1.00,0,-1
2137974,-1.00,0,-1
2138076,-1.00,0,-1
2138176,-1.00,0,-1
2138277,-1.00,0,-1
2138379,-1.00,0,-1
2138479,-1.00,0,-1
2138580,-1.00,0,-1
2138682,-1.00,0,-1
2138782,-1.00,0,-1
2138884,-1.00,0,-1
2138985,-1.00,0,-1
2139085,-1.00,0,-1
2139187,-1.00,0,-1
2139287,-1.00,0,-1
2139388,-1.00,1,-1
2139490,-1.00,0,-1
2139590,-1.00,0,-1
2139692,-1.00,0,-1
2139793,-1.00,0,-1
2139893,-1.00,0,-1
2139995,-1.00,0,-1
2140096,-1.00,0,-1
2140196,-1.00,0,-1
2140298,-1.00,0,-1
2140399,-1.00,0,-1
2140499,-1.00,0,-1
2140601,-1.00,0,-1
2140702,-1.00,0,-1
2140803,-1.00,1,-1
2140904,-1.00,0,-1
2141005,-1.00,0,-1
2141106,-1.00,0,-1
2141207,-1.00,0,-1
2141308,-1.00,0,-1
2141409,-1.00,0,-1
2141510,-1.00,0,-1
2141612,-1.00,0,-1
2141712,-1.00,1,-1
2141813,-1.00,0,-1
2141915,-1.00,1,-1
2142015,-1.00,0,-1
2142116,-1.00,0,-1
2142218,-1.00,0,-1
2142318,-1.00,0,-1
2142419,-1.00,0,-1
2142520,-1.00,0,-1
2142621,-1.00,0,-1
2142723,-1.00,1,-1
2142823,-1.00,0,-1
2142924,-1.00,0,-1
2143026,-1.00,0,-1
2143126,-1.00,0,-1
2143227,-1.00,0,-1
2143329,-1.00,2,-1
2143429,-1.00,0,-1
2143531,-1.00,0,-1
2143632,-1.00,0,-1
2143732,-1.00,0,-1
2143834,-1.00,0,-1
2143935,-1.00,0,-1
2144035,-1.00,0,-1
2144137,-1.00,0,-1
2144238,-1.00,0,-1
2144338,-1.00,0,-1
2144440,-1.00,0,-1
2144541,-1.00,0,-1
2144642,-1.00,0,-1
2144743,-1.00,0,-1
2144844,-1.00,0,-1
2144945,-1.00,0,-1
2145046,-1.00,0,-1
2145147,-1.00,0,-1
2145248,-1.00,0,-1
2145349,-1.00,0,-1
2145451,-1.00,0,-1
2145551,-1.00,0,-1
2145652,-1.00,0,-1
2145753,-1.00,0,-1
2145854,-1.00,0,-1
2145955,-1.00,0,-1
2146056,-1.00,0,-1
2146157,-1.00,0,-1
2146258,-1.00,0,-1
2146359,-1.00,0,-1
2146460,-1.00,0,-1
2146562,-1.00,0,-1
2146662,-1.00,0,-1
2146763,-1.00,0,-1
2146865,-1.00,0,-1
2146965,-1.00,0,-1
2147066,-1.00,6,-1
2147168,-1.00,0,-1
2147268,-1.00,0,-1
2147369,-1.00,0,-1
2147471,-1.00,0,-1
2147571,-1.00,0,-1
2147673,-1.00,0,-1
2147774,-1.00,0,-1
2147874,-1.00,0,-1
2147976,-1.00,0,-1
2148077,-1.00,0,-1
2148177,-1.00,0,-1
2148279,-1.00,0,-1
2148380,-1.00,0,-1
2148481,-1.00,0,-1
2148582,-1.00,0,-1
2148682,-1.00,0,-1
2148784,-1.00,0,-1
2148885,-1.00,0,-1
2148985,-1.00,0,-1
2149087,-1.00,0,-1
2149188,-1.00,1,-1
2149288,-1.00,0,-1
2149390,-1.00,0,-1
2149491,-1.00,0,-1
2149592,-1.00,0,-1
2149693,-1.00,0,-1
2149794,-1.00,0,-1
2149895,-1.00,0,-1
2149996,-1.00,0,-1
2150097,-1.00,0,-1
2150198,-1.00,0,-1
2150299,-1.00,0,-1
2150401,-1.00,0,-1
2150501,-1.00,0,-1
2150602,-1.00,0,-1
2150704,-1.00,0,-1
2150804,-1.00,5,-1
2150905,-1.00,0,-1
2151007,-1.00,1,-1
2151107,-1.00,0,-1
2151208,-1.00,0,-1
2151310,-1.00,0,-1
2151410,-1.00,0,-1
2151512,-1.00,0,-1
2151613,-1.00,0,-1
2151713,-1.00,0,-1
2151815,-1.00,0,-1
2151915,-1.00,0,-1
2152016,-1.00,0,-1
2152118,-1.00,0,-1
2152218,-1.00,0,-1
2152320,-1.00,0,-1
2152421,-1.00,0,-1
2152521,-1.00,0,-1
2152623,-1.00,0,-1
2152724,-1.00,0,-1
2152824,-1.00,0,-1
2152926,-1.00,0,-1
2153027,-1.00,0,-1
2153127,-1.00,0,-1
2153229,-1.00,0,-1
2153330,-1.00,0,-1
2153431,-1.00,0,-1
2153532,-1.00,0,-1
2153633,-1.00,0,-1
2153734,-1.00,0,-1
2153835,-1.00,0,-1
2153936,-1.00,0,-1
2154037,-1.00,0,-1
2154138,-1.00,0,-1
2154240,-1.00,0,-1
2154340,-1.00,0,-1
2154441,-1.00,0,-1
2154543,-1.00,0,-1
2154643,-1.00,0,-1
2154744,-1.00,0,-1
2154845,-1.00,0,-1
2154946,-1.00,0,-1
2155047,-1.00,0,-1
2155148,-1.00,0,-1
2155249,-1.00,0,-1
2155351,-1.00,0,-1
2155451,-1.00,0,-1
2155552,-1.00,0,-1
2155654,-1.00,0,-1
2155754,-1.00,0,-1
2155855,-1.00,0,-1
2155957,-1.00,0,-1
2156057,-1.00,0,-1
2156158,-1.00,0,-1
2156260,-1.00,0,-1
2156360,-1.00,0,-1
2156462,-1.00,0,-1
2156563,-1.00,0,-1
2156663,-1.00,0,-1
2156765,-1.00,0,-1
2156866,-1.00,0,-1
2156966,-1.00,0,-1
2157068,-1.00,0,-1
2157169,-1.00,0,-1
2157270,-1.00,1,-1
2157371,-1.00,0,-1
2157472,-1.00,0,-1
2157573,-1.00,0,-1
2157674,-1.00,0,-1
2157775,-1.00,0,-1
2157876,-1.00,0,-1
2157977,-1.00,0,-1
2158077,-1.00,0,-1
2158179,-1.00,1,-1
2158280,-1.00,0,-1
2158381,-1.00,0,-1
2158482,-1.00,0,-1
2158583,-1.00,0,-1
2158684,-1.00,0,-1
2158785,-1.00,0,-1
2158886,-1.00,0,-1
2158987,-1.00,0,-1
2159088,-1.00,0,-1
2159190,-1.00,0,-1
2159290,-1.00,0,-1
2159391,-1.00,0,-1
2159493,-1.00,0,-1
2159593,-1.00,0,-1
2159694,-1.00,0,-1
2159796,-1.00,0,-1
2159896,-1.00,0,-1
2159997,-1.00,0,-1
2160099,-1.00,0,-1
2160199,-1.00,0,-1
2160301,-1.00,0,-1
2160402,-1.00,0,-1
2160502,-1.00,0,-1
2160604,-1.00,0,-1
2160705,-1.00,0,-1
2160805,-1.00,0,-1
2160907,-1.00,0,-1
2161007,-1.00,0,-1
2161108,-1.00,0,-1
2161210,-1.00,1,-1
2161310,-1.00,0,-1
2161412,-1.00,0,-1
2161513,-1.00,0,-1
2161613,-1.00,0,-1
2161715,-1.00,0,-1
2161816,-1.00,1,-1
2161916,-1.00,0,-1
2162018,-1.00,0,-1
2162119,-1.00,0,-1
2162220,-1.00,0,-1
2162321,-1.00,0,-1
2162422,-1.00,0,-1
2162523,-1.00,0,-1
2162624,-1.00,0,-1
2162725,-1.00,0,-1
2162826,-1.00,0,-1
2162927,-1.00,0,-1
2163028,-1.00,0,-1
2163129,-1.00,0,-1
2163230,-1.00,0,-1
2163332,-1.00,0,-1
2163432,-1.00,0,-1
2163533,-1.00,0,-1
2163635,-1.00,0,-1
2163735,-1.00,0,-1
2163836,-1.00,0,-1
2163938,-1.00,0,-1
2164038,-1.00,1,-1
2164140,-1.00,0,-1
2164240,-1.00,0,-1
2164341,-1.00,0,-1
2164443,-1.00,0,-1
2164543,-1.00,0,-1
2164644,-1.00,1,-1
2164746,-1.00,0,-1
2164846,-1.00,3,-1
2164947,-1.00,0,-1
2165049,-1.00,0,-1
2165149,-1.00,0,-1
2165251,-1.00,0,-1
2165352,-1.00,0,-1
2165452,-1.00,1,-1
2165554,-1.00,0,-1
2165655,-1.00,0,-1
2165755,-1.00,0,-1
2165857,-1.00,0,-1
2165958,-1.00,0,-1
2166059,-1.00,0,-1
2166160,-1.00,0,-1
2166261,-1.00,0,-1
2166362,-1.00,0,-1
2166463,-1.00,0,-1
2166564,-1.00,0,-1
2166665,-1.00,0,-1
2166766,-1.00,0,-1
2166867,-1.00,0,-1
2166968,-1.00,0,-1
2167069,-1.00,0,-1
2167171,-1.00,0,-1
2167271,-1.00,0,-1
2167372,-1.00,0,-1
2167473,-1.00,0,-1
2167574,-1.00,0,-1
2167675,-1.00,0,-1
2167776,-1.00,0,-1
2167877,-1.00,0,-1
2167979,-1.00,0,-1
2168079,-1.00,0,-1
2168180,-1.00,0,-1
2168282,-1.00,0,-1
2168382,-1.00,0,-1
2168483,-1.00,0,-1
2168585,-1.00,0,-1
2168685,-1.00,0,-1
2168786,-1.00,0,-1
2168888,-1.00,0,-1
2168988,-1.00,4,-1
2169090,-1.00,0,-1
2169191,-1.00,0,-1
2169291,-1.00,0,-1
2169393,-1.00,0,-1
2169494,-1.00,0,-1
2169594,-1.00,0,-1
2169696,-1.00,0,-1
2169797,-1.00,0,-1
2169897,-1.00,0,-1
2169999,-1.00,0,-1
2170100,-1.00,0,-1
2170201,-1.00,0,-1
2170302,-1.00,0,-1
2170403,-1.00,0,-1
2170504,-1.00,0,-1
2170605,-1.00,0,-1
2170705,-1.00,1,-1
2170807,-1.00,0,-1
2170908,-1.00,0,-1
2171009,-1.00,0,-1
2171110,-1.00,0,-1
2171211,-1.00,0,-1
2171312,-1.00,0,-1
2171413,-1.00,1,-1
2171514,-1.00,0,-1
2171615,-1.00,0,-1
2171716,-1.00,0,-1
2171817,-1.00,0,-1
2171918,-1.00,0,-1
2172019,-1.00,0,-1
2172121,-1.00,0,-1
2172221,-1.00,0,-1
2172322,-1.00,0,-1
2172424,-1.00,0,-1
2172524,-1.00,0,-1
2172625,-1.00,0,-1
2172727,-1.00,0,-1
2172827,-1.00,0,-1
2172929,-1.00,0,-1
2173030,-1.00,0,-1
2173130,-1.00,0,-1
2173232,-1.00,0,-1
2173333,-1.00,0,-1
2173433,-1.00,0,-1
2173535,-1.00,0,-1
2173636,-1.00,0,-1
2173736,-1.00,0,-1
2173838,-1.00,0,-1
2173938,-1.00,0,-1
2174040,-1.00,0,-1
2174141,-1.00,2,-1
2174241,-1.00,0,-1
2174343,-1.00,0,-1
2174444,-1.00,0,-1
2174544,-1.00,0,-1
2174646,-1.00,0,-1
2174747,-1.00,0,-1
2174848,-1.00,0,-1
2174949,-1.00,0,-1
2175050,-1.00,0,-1
2175151,-1.00,0,-1
2175252,-1.00,0,-1
2175353,-1.00,0,-1
2175454,-1.00,0,-1
2175555,-1.00,0,-1
2175656,-1.00,0,-1
2175757,-1.00,0,-1
2175858,-1.00,0,-1
2175960,-1.00,0,-1
2176060,-1.00,0,-1
2176161,-1.00,0,-1
2176263,-1.00,0,-1
2176363,-1.00,0,-1
2176464,-1.00,0,-1
2176566,-1.00,0,-1
2176666,-1.00,0,-1
2176768,-1.00,0,-1
2176869,-1.00,0,-1
2176969,-1.00,0,-1
2177071,-1.00,0,-1
2177171,-1.00,0,-1
2177272,-1.00,0,-1
2177374,-1.00,0,-1
2177474,-1.00,0,-1
2177575,-1.00,0,-1
2177677,-1.00,0,-1
2177777,-1.00,0,-1
2177879,-1.00,0,-1
2177980,-1.00,0,-1
2178080,-1.00,0,-1
2178182,-1.00,0,-1
2178283,-1.00,1,-1
2178383,-1.00,0,-1
2178485,-1.00,0,-1
2178586,-1.00,0,-1
2178686,-1.00,0,-1
2178788,-1.00,0,-1
2178889,-1.00,0,-1
2178990,-1.00,0,-1
2179091,-1.00,0,-1
2179192,-1.00,0,-1
2179293,-1.00,0,-1
2179394,-1.00,0,-1
2179495,-1.00,0,-1
2179596,-1.00,0,-1
2179697,-1.00,0,-1
2179799,-1.00,0,-1
2179899,-1.00,0,-1
2180000,-1.00,1,-1
2180102,-1.00,0,-1
2180202,-1.00,0,-1
2180303,-1.00,0,-1
2180404,-1.00,0,-1
2180505,-1.00,0,-1
2180606,-1.00,0,-1
2180707,-1.00,0,-1
2180808,-1.00,0,-1
2180910,-1.00,0,-1
2181010,-1.00,0,-1
2181111,-1.00,1,-1
2181213,-1.00,0,-1
2181313,-1.00,0,-1
2181414,-1.00,0,-1
2181516,-1.00,1,-1
2181616,-1.00,0,-1
2181718,-1.00,0,-1
2181819,-1.00,0,-1
2181919,-1.00,0,-1
2182021,-1.00,0,-1
2182122,-1.00,0,-1
2182222,-1.00,0,-1
2182324,-1.00,0,-1
2182425,-1.00,0,-1
2182525,-1.00,0,-1
2182627,-1.00,0,-1
2182728,-1.00,0,-1
2182829,-1.00,0,-1
2182930,-1.00,0,-1
2183031,-1.00,0,-1
2183132,-1.00,0,-1
2183233,-1.00,0,-1
2183333,-1.00,0,-1
2183435,-1.00,0,-1
2183536,-1.00,0,-1
2183636,-1.00,0,-1
2183738,-1.00,0,-1
2183839,-1.00,0,-1
2183940,-1.00,0,-1
2184041,-1.00,0,-1
2184142,-1.00,0,-1
2184243,-1.00,0,-1
2184344,-1.00,0,-1
2184445,-1.00,0,-1
2184546,-1.00,0,-1
2184647,-1.00,0,-1
2184749,-1.00,0,-1
2184849,-1.00,0,-1
2184950,-1.00,0,-1
2185052,-1.00,0,-1
2185152,-1.00,0,-1
2185253,-1.00,0,-1
2185355,-1.00,0,-1
2185455,-1.00,0,-1
2185556,-1.00,0,-1
2185658,-1.00,0,-1
2185758,-1.00,0,-1
2185860,-1.00,0,-1
2185961,-1.00,0,-1
2186061,-1.00,0,-1
2186163,-1.00,0,-1
2186264,-1.00,0,-1
2186364,-1.00,0,-1
2186466,-1.00,0,-1
2186566,-1.00,0,-1
2186668,-1.00,0,-1
2186769,-1.00,0,-1
2186869,-1.00,0,-1
2186971,-1.00,0,-1
2187072,-1.00,0,-1
2187172,-1.00,0,-1
2187274,-1.00,0,-1
2187375,-1.00,0,-1
2187475,-1.00,0,-1
2187577,-1.00,0,-1
2187678,-1.00,0,-1
2187779,-1.00,0,-1
2187880,-1.00,0,-1
2187981,-1.00,0,-1
2188082,-1.00,0,-1
2188183,-1.00,0,-1
2188284,-1.00,0,-1
2188385,-1.00,0,-1
2188486,-1.00,0,-1
2188588,-1.00,0,-1
2188688,-1.00,0,-1
2188789,-1.00,0,-1
2188891,-1.00,0,-1
2188991,-1.00,0,-1
2189092,-1.00,0,-1
2189194,-1.00,0,-1
2189294,-1.00,0,-1
2189395,-1.00,0,-1
2189496,-1.00,0,-1
2189597,-1.00,0,-1
2189699,-1.00,0,-1
2189799,-1.00,0,-1
2189900,-1.00,0,-1
2190002,-1.00,0,-1
2190102,-1.00,0,-1
2190203,-1.00,0,-1
2190305,-1.00,0,-1
2190405,-1.00,0,-1
2190507,-1.00,0,-1
2190608,-1.00,0,-1
2190708,-1.00,2,-1
2190810,-1.00,1,-1
2190911,-1.00,0,-1
2191011,-1.00,0,-1
2191113,-1.00,0,-1
2191214,-1.00,0,-1
2191314,-1.00,0,-1
2191416,-1.00,0,-1
2191517,-1.00,2,-1
2191618,-1.00,0,-1
2191719,-1.00,0,-1
2191820,-1.00,0,-1
2191921,-1.00,1,-1
2192022,-1.00,0,-1
2192123,-1.00,0,-1
2192224,-1.00,0,-1
2192325,-1.00,0,-1
2192427,-1.00,1,-1
2192527,-1.00,0,-1
2192628,-1.00,0,-1
2192730,-1.00,0,-1
2192830,-1.00,0,-1
2192931,-1.00,1,-1
2193032,-1.00,0,-1
2193133,-1.00,0,-1
2193234,-1.00,0,-1
2193335,-1.00,0,-1
2193436,-1.00,0,-1
2193538,-1.00,0,-1
2193638,-1.00,0,-1
2193739,-1.00,0,-1
2193841,-1.00,0,-1
2193941,-1.00,0,-1
2194042,-1.00,0,-1
2194144,-1.00,0,-1
2194244,-1.00,0,-1
2194345,-1.00,0,-1
2194447,-1.00,0,-1
2194547,-1.00,0,-1
2194649,-1.00,0,-1
2194750,-1.00,0,-1
2194850,-1.00,0,-1
2194952,-1.00,0,-1
2195053,-1.00,0,-1
2195153,-1.00,0,-1
2195255,-1.00,0,-1
2195356,-1.00,1,-1
2195457,-1.00,0,-1
2195558,-1.00,0,-1
2195659,-1.00,0,-1
2195760,-1.00,0,-1
2195861,-1.00,0,-1
2195961,-1.00,0,-1
2196063,-1.00,0,-1
2196164,-1.00,0,-1
2196264,-1.00,0,-1
2196366,-1.00,0,-1
2196467,-1.00,0,-1
2196568,-1.00,0,-1
2196669,-1.00,0,-1
2196770,-1.00,0,-1
2196871,-1.00,0,-1
2196972,-1.00,0,-1
2197073,-1.00,0,-1
2197174,-1.00,0,-1
2197275,-1.00,0,-1
2197377,-1.00,0,-1
2197477,-1.00,0,-1
2197578,-1.00,0,-1
2197680,-1.00,0,-1
2197780,-1.00,0,-1
2197881,-1.00,0,-1
2197983,-1.00,0,-1
2198083,-1.00,0,-1
2198184,-1.00,0,-1
2198286,-1.00,0,-1
2198386,-1.00,0,-1
2198488,-1.00,0,-1
2198589,-1.00,0,-1
2198689,-1.00,0,-1
2198791,-1.00,0,-1
2198892,-1.00,0,-1
2198992,-1.00,0,-1
2199094,-1.00,0,-1
2199194,-1.00,4,-1
2199296,-1.00,0,-1
2199397,-1.00,0,-1
2199497,-1.00,0,-1
2199599,-1.00,0,-1
2199700,-1.00,0,-1
2199800,-1.00,0,-1
2199902,-1.00,0,-1
2200003,-1.00,0,-1
2200103,-1.00,0,-1
2200205,-1.00,1,-1
2200306,-1.00,0,-1
2200407,-1.00,0,-1
2200508,-1.00,0,-1
2200609,-1.00,0,-1
2200710,-1.00,0,-1
2200811,-1.00,0,-1
2200912,-1.00,0,-1
2201013,-1.00,0,-1
2201114,-1.00,0,-1
2201216,-1.00,0,-1
2201316,-1.00,0,-1
2201417,-1.00,0,-1
2201519,-1.00,0,-1
2201619,-1.00,0,-1
2201720,-1.00,0,-1
2201822,-1.00,0,-1
2201922,-1.00,1,-1
2202023,-1.00,0,-1
2202125,-1.00,0,-1
2202225,-1.00,0,-1
2202327,-1.00,1,-1
2202428,-1.00,0,-1
2202528,-1.00,0,-1
2202630,-1.00,0,-1
2202730,-1.00,0,-1
2202831,-1.00,0,-1
2202933,-1.00,0,-1
2203033,-1.00,0,-1
2203134,-1.00,0,-1
2203236,-1.00,0,-1
2203336,-1.00,0,-1
2203438,-1.00,0,-1
2203539,-1.00,0,-1
2203639,-1.00,0,-1
2203741,-1.00,0,-1
2203842,-1.00,0,-1
2203942,-1.00,0,-1
2204044,-1.00,0,-1
2204145,-1.00,0,-1
2204246,-1.00,0,-1
2204347,-1.00,0,-1
2204448,-1.00,0,-1
2204549,-1.00,0,-1
2204650,-1.00,0,-1
2204751,-1.00,0,-1
2204852,-1.00,0,-1
2204953,-1.00,0,-1
2205054,-1.00,0,-1
2205155,-1.00,0,-1
2205256,-1.00,0,-1
2205358,-1.00,0,-1
2205458,-1.00,0,-1
2205559,-1.00,0,-1
2205660,-1.00,0,-1
2205761,-1.00,1,-1
2205862,-1.00,0,-1
2205963,-1.00,0,-1
2206064,-1.00,0,-1
2206166,-1.00,0,-1
2206266,-1.00,0,-1
2206367,-1.00,0,-1
2206469,-1.00,0,-1
2206569,-1.00,0,-1
2206670,-1.00,0,-1
2206772,-1.00,0,-1
2206872,-1.00,0,-1
2206973,-1.00,0,-1
2207075,-1.00,0,-1
2207175,-1.00,1,-1
2207277,-1.00,0,-1
2207378,-1.00,0,-1
2207478,-1.00,0,-1
2207580,-1.00,0,-1
2207681,-1.00,0,-1
2207781,-1.00,0,-1
2207883,-1.00,0,-1
2207984,-1.00,0,-1
2208084,-1.00,0,-1
2208186,-1.00,0,-1
2208287,-1.00,0,-1
2208388,-1.00,0,-1
2208489,-1.00,0,-1
2208590,-1.00,0,-1
2208691,-1.00,2,-1
2208792,-1.00,0,-1
2208892,-1.00,0,-1
2208994,-1.00,0,-1
2209095,-1.00,2,-1
2209196,-1.00,0,-1
2209297,-1.00,0,-1
2209398,-1.00,0,-1
2209499,-1.00,0,-1
2209600,-1.00,0,-1
2209701,-1.00,0,-1
2209802,-1.00,0,-1
2209903,-1.00,0,-1
2210004,-1.00,0,-1
2210105,-1.00,0,-1
2210206,-1.00,1,-1
2210308,-1.00,1,-1
2210408,-1.00,0,-1
2210509,-1.00,2,-1
2210611,-1.00,0,-1
2210711,-1.00,0,-1
2210812,-1.00,0,-1
2210914,-1.00,0,-1
2211014,-1.00,0,-1
2211116,-1.00,0,-1
2211217,-1.00,0,-1
2211317,-1.00,0,-1
2211419,-1.00,0,-1
2211520,-1.00,0,-1
2211620,-1.00,0,-1
2211722,-1.00,0,-1
2211823,-1.00,0,-1
2211923,-1.00,0,-1
2212025,-1.00,0,-1
2212126,-1.00,0,-1
2212227,-1.00,6,-1
2212328,-1.00,0,-1
2212428,-1.00,0,-1
2212530,-1.00,0,-1
2212631,-1.00,0,-1
2212731,-1.00,0,-1
2212833,-1.00,0,-1
2212934,-1.00,0,-1
2213035,-1.00,0,-1
2213136,-1.00,0,-1
2213237,-1.00,0,-1
2213338,-1.00,0,-1
2213439,-1.00,0,-1
2213540,-1.00,0,-1
2213641,-1.00,0,-1
2213742,-1.00,0,-1
2213843,-1.00,0,-1
2213944,-1.00,0,-1
2214045,-1.00,0,-1
2214147,-1.00,0,-1
2214247,-1.00,0,-1
2214348,-1.00,0,-1
2214450,-1.00,0,-1
2214550,-1.00,0,-1
2214651,-1.00,0,-1
2214753,-1.00,0,-1
2214853,-1.00,0,-1
2214955,-1.00,0,-1
2215056,-1.00,0,-1
2215156,-1.00,0,-1
2215258,-1.00,0,-1
2215358,-1.00,0,-1
2215459,-1.00,0,-1
2215561,-1.00,0,-1
2215661,-1.00,0,-1
2215762,-1.00,0,-1
2215864,-1.00,0,-1
2215964,-1.00,0,-1
2216066,-1.00,0,-1
2216167,-1.00,0,-1
2216267,-1.00,1,-1
2216369,-1.00,0,-1
2216470,-1.00,0,-1
2216570,-1.00,0,-1
2216672,-1.00,0,-1
2216773,-1.00,0,-1
2216873,-1.00,0,-1
2216975,-1.00,0,-1
2217076,-1.00,0,-1
2217177,-1.00,0,-1
2217278,-1.00,0,-1
2217379,-1.00,0,-1
2217480,-1.00,0,-1
2217581,-1.00,0,-1
2217682,-1.00,0,-1
2217783,-1.00,0,-1
2217884,-1.00,0,-1
2217986,-1.00,0,-1
2218086,-1.00,0,-1
2218187,-1.00,0,-1
2218289,-1.00,0,-1
2218389,-1.00,0,-1
2218490,-1.00,1,-1
2218591,-1.00,0,-1
2218692,-1.00,0,-1
2218793,-1.00,0,-1
2218894,-1.00,0,-1
2218995,-1.00,0,-1
2219097,-1.00,0,-1
2219197,-1.00,0,-1
2219298,-1.00,0,-1
2219400,-1.00,0,-1
2219500,-1.00,0,-1
2219601,-1.00,1,-1
2219703,-1.00,0,-1
2219803,-1.00,0,-1
2219905,-1.00,0,-1
2220006,-1.00,0,-1
2220106,-1.00,0,-1
2220208,-1.00,0,-1
2220309,-1.00,0,-1
2220409,-1.00,0,-1
2220511,-1.00,0,-1
2220612,-1.00,0,-1
2220712,-1.00,0,-1
2220814,-1.00,0,-1
2220915,-1.00,0,-1
2221016,-1.00,0,-1
2221117,-1.00,0,-1
2221218,-1.00,0,-1
2221319,-1.00,0,-1
2221420,-1.00,0,-1
2221521,-1.00,0,-1
2221622,-1.00,0,-1
2221723,-1.00,0,-1
2221824,-1.00,0,-1
2221925,-1.00,0,-1
2222026,-1.00,0,-1
2222127,-1.00,0,-1
2222228,-1.00,0,-1
2222329,-1.00,0,-1
2222430,-1.00,0,-1
2222531,-1.00,0,-1
2222632,-1.00,0,-1
2222733,-1.00,0,-1
2222834,-1.00,0,-1
2222936,-1.00,0,-1
2223036,-1.00,0,-1
2223137,-1.00,0,-1
2223239,-1.00,0,-1
2223339,-1.00,0,-1
2223440,-1.00,1,-1
2223542,-1.00,0,-1
2223642,-1.00,0,-1
2223744,-1.00,0,-1
2223845,-1.00,0,-1
2223945,-1.00,0,-1
2224047,-1.00,0,-1
2224148,-1.00,0,-1
2224248,-1.00,0,-1
2224350,-1.00,0,-1
2224451,-1.00,0,-1
2224551,-1.00,0,-1
2224653,-1.00,0,-1
2224754,-1.00,0,-1
2224855,-1.00,0,-1
2224956,-1.00,0,-1
2225056,-1.00,1,-1
2225158,-1.00,0,-1
2225259,-1.00,0,-1
2225359,-1.00,0,-1
2225461,-1.00,0,-1
2225562,-1.00,0,-1
2225662,-1.00,0,-1
2225764,-1.00,0,-1
2225865,-1.00,0,-1
2225966,-1.00,0,-1
2226067,-1.00,0,-1
2226168,-1.00,1,-1
2226269,-1.00,0,-1
2226370,-1.00,0,-1
2226471,-1.00,0,-1
2226572,-1.00,0,-1
2226673,-1.00,0,-1
2226775,-1.00,1,-1
2226875,-1.00,0,-1
2226976,-1.00,0,-1
2227078,-1.00,0,-1
2227178,-1.00,0,-1
2227279,-1.00,0,-1
2227381,-1.00,0,-1
2227481,-1.00,0,-1
2227582,-1.00,0,-1
2227684,-1.00,0,-1
2227784,-1.00,0,-1
2227886,-1.00,0,-1
2227987,-1.00,0,-1
2228087,-1.00,0,-1
2228189,-1.00,0,-1
2228289,-1.00,0,-1
2228390,-1.00,0,-1
2228492,-1.00,0,-1
2228592,-1.00,0,-1
2228694,-1.00,0,-1
2228795,-1.00,0,-1
2228895,-1.00,0,-1
2228997,-1.00,0,-1
2229098,-1.00,0,-1
2229198,-1.00,0,-1
2229300,-1.00,0,-1
2229401,-1.00,0,-1
2229501,-1.00,1,-1
2229603,-1.00,0,-1
2229704,-1.00,0,-1
2229805,-1.00,0,-1
2229906,-1.00,0,-1
2230007,-1.00,0,-1
2230108,-1.00,0,-1
2230209,-1.00,0,-1
2230310,-1.00,0,-1
2230411,-1.00,0,-1
2230512,-1.00,0,-1
2230614,-1.00,0,-1
2230714,-1.00,0,-1
2230815,-1.00,0,-1
2230917,-1.00,0,-1
2231017,-1.00,0,-1
2231118,-1.00,0,-1
2231220,-1.00,0,-1
2231320,-1.00,0,-1
2231421,-1.00,0,-1
2231522,-1.00,0,-1
2231623,-1.00,0,-1
2231725,-1.00,1,-1
2231825,-1.00,0,-1
2231926,-1.00,0,-1
2232028,-1.00,0,-1
2232128,-1.00,0,-1
2232229,-1.00,0,-1
2232331,-1.00,0,-1
2232431,-1.00,0,-1
2232532,-1.00,0,-1
2232634,-1.00,0,-1
2232734,-1.00,0,-1
2232836,-1.00,1,-1
2232937,-1.00,0,-1
2233037,-1.00,0,-1
2233139,-1.00,0,-1
2233240,-1.00,0,-1
2233340,-1.00,0,-1
2233442,-1.00,1,-1
2233543,-1.00,0,-1
2233644,-1.00,0,-1
2233745,-1.00,0,-1
2233846,-1.00,0,-1
2233947,-1.00,0,-1
2234048,-1.00,0,-1
2234149,-1.00,0,-1
2234250,-1.00,0,-1
2234351,-1.00,0,-1
2234452,-1.00,0,-1
2234553,-1.00,0,-1
2234654,-1.00,0,-1
2234755,-1.00,0,-1
2234856,-1.00,0,-1
2234957,-1.00,0,-1
2235058,-1.00,1,-1
2235159,-1.00,0,-1
2235260,-1.00,0,-1
2235361,-1.00,0,-1
2235462,-1.00,0,-1
2235564,-1.00,0,-1
2235664,-1.00,0,-1
2235765,-1.00,0,-1
2235867,-1.00,0,-1
2235967,-1.00,0,-1
2236068,-1.00,0,-1
2236170,-1.00,0,-1
2236270,-1.00,0,-1
2236371,-1.00,0,-1
2236473,-1.00,0,-1
2236573,-1.00,0,-1
2236675,-1.00,0,-1
2236776,-1.00,0,-1
2236876,-1.00,0,-1
2236978,-1.00,2,-1
2237079,-1.00,0,-1
2237179,-1.00,0,-1
2237281,-1.00,0,-1
2237382,-1.00,0,-1
2237483,-1.00,0,-1
2237584,-1.00,0,-1
2237685,-1.00,0,-1
2237786,-1.00,0,-1
2237887,-1.00,0,-1
2237987,-1.00,0,-1
2238089,-1.00,0,-1
2238190,-1.00,0,-1
2238290,-1.00,0,-1
2238392,-1.00,0,-1
2238493,-1.00,0,-1
2238594,-1.00,0,-1
2238695,-1.00,1,-1
2238796,-1.00,0,-1
2238897,-1.00,0,-1
2238998,-1.00,0,-1
2239099,-1.00,0,-1
2239200,-1.00,0,-1
2239301,-1.00,0,-1
2239403,-1.00,0,-1
2239503,-1.00,2,-1
2239604,-1.00,0,-1
2239706,-1.00,0,-1
2239806,-1.00,0,-1
2239907,-1.00,0,-1
2240009,-1.00,0,-1
2240109,-1.00,0,-1
2240210,-1.00,0,-1
2240312,-1.00,0,-1
2240412,-1.00,0,-1
2240514,-1.00,0,-1
2240615,-1.00,0,-1
2240715,-1.00,1,-1
2240817,-1.00,0,-1
2240918,-1.00,0,-1
2241018,-1.00,0,-1
2241120,-1.00,0,-1
2241220,-1.00,0,-1
2241321,-1.00,0,-1
2241423,-1.00,0,-1
2241523,-1.00,0,-1
2241625,-1.00,0,-1
2241726,-1.00,0,-1
2241826,-1.00,0,-1
2241928,-1.00,0,-1
2242029,-1.00,0,-1
2242129,-1.00,0,-1
2242231,-1.00,0,-1
2242332,-1.00,0,-1
2242433,-1.00,0,-1
2242534,-1.00,0,-1
2242635,-1.00,0,-1
2242736,-1.00,0,-1
2242837,-1.00,0,-1
2242938,-1.00,0,-1
2243039,-1.00,0,-1
2243140,-1.00,0,-1
2243241,-1.00,0,-1
2243342,-1.00,0,-1
2243443,-1.00,0,-1
2243545,-1.00,0,-1
2243645,-1.00,0,-1
2243746,-1.00,0,-1
2243848,-1.00,0,-1
2243948,-1.00,0,-1
2244049,-1.00,0,-1
2244150,-1.00,0,-1
2244251,-1.00,0,-1
2244353,-1.00,0,-1
2244453,-1.00,0,-1
2244554,-1.00,0,-1
2244656,-1.00,0,-1
2244756,-1.00,0,-1
2244857,-1.00,0,-1
2244959,-1.00,0,-1
2245059,-1.00,1,-1
2245160,-1.00,0,-1
2245262,-1.00,0,-1
2245362,-1.00,0,-1
2245464,-1.00,0,-1
2245565,-1.00,0,-1
2245665,-1.00,0,-1
2245767,-1.00,0,-1
2245868,-1.00,0,-1
2245968,-1.00,0,-1
2246070,-1.00,0,-1
2246171,-1.00,0,-1
2246272,-1.00,0,-1
2246373,-1.00,0,-1
2246474,-1.00,0,-1
2246575,-1.00,0,-1
2246676,-1.00,0,-1
2246777,-1.00,0,-1
2246878,-1.00,0,-1
2246979,-1.00,0,-1
2247080,-1.00,0,-1
2247181,-1.00,0,-1
2247282,-1.00,0,-1
2247383,-1.00,0,-1
2247484,-1.00,0,-1
2247585,-1.00,3,-1
2247686,-1.00,0,-1
2247787,-1.00,0,-1
2247888,-1.00,0,-1
2247989,-1.00,0,-1
2248090,-1.00,0,-1
2248192,-1.00,0,-1
2248292,-1.00,0,-1
2248393,-1.00,0,-1
2248495,-1.00,0,-1
2248595,-1.00,0,-1
2248696,-1.00,0,-1
2248798,-1.00,0,-1
2248898,-1.00,0,-1
2248999,-1.00,0,-1
2249101,-1.00,0,-1
2249201,-1.00,0,-1
2249303,-1.00,0,-1
2249404,-1.00,0,-1
2249504,-1.00,0,-1
2249606,-1.00,0,-1
2249707,-1.00,0,-1
2249807,-1.00,0,-1
2249909,-1.00,0,-1
2250010,-1.00,0,-1
2250110,-1.00,0,-1
2250212,-1.00,0,-1
2250312,-1.00,0,-1
2250414,-1.00,0,-1
2250515,-1.00,0,-1
2250615,-1.00,0,-1
2250717,-1.00,0,-1
2250818,-1.00,0,-1
2250918,-1.00,0,-1
2251020,-1.00,0,-1
2251121,-1.00,0,-1
2251222,-1.00,0,-1
2251323,-1.00,2,-1
2251424,-1.00,0,-1
2251525,-1.00,0,-1
2251626,-1.00,0,-1
2251727,-1.00,0,-1
2251828,-1.00,0,-1
2251929,-1.00,1,-1
2252030,-1.00,1,-1
2252131,-1.00,0,-1
2252232,-1.00,0,-1
2252334,-1.00,0,-1
2252434,-1.00,0,-1
2252535,-1.00,0,-1
2252637,-1.00,0,-1
2252737,-1.00,0,-1
2252838,-1.00,0,-1
2252940,-1.00,0,-1
2253040,-1.00,0,-1
2253142,-1.00,0,-1
2253243,-1.00,0,-1
2253343,-1.00,0,-1
2253445,-1.00,0,-1
2253546,-1.00,0,-1
2253646,-1.00,0,-1
2253748,-1.00,0,-1
2253848,-1.00,0,-1
2253949,-1.00,0,-1
2254051,-1.00,0,-1
2254151,-1.00,0,-1
2254253,-1.00,0,-1
2254354,-1.00,0,-1
2254454,-1.00,0,-1
2254556,-1.00,0,-1
2254657,-1.00,1,-1
2254757,-1.00,0,-1
2254859,-1.00,0,-1
2254960,-1.00,0,-1
2255060,-1.00,0,-1
2255162,-1.00,0,-1
2255263,-1.00,0,-1
2255364,-1.00,0,-1
2255465,-1.00,0,-1
2255566,-1.00,0,-1
2255667,-1.00,0,-1
2255768,-1.00,0,-1
2255869,-1.00,0,-1
2255970,-1.00,0,-1
2256071,-1.00,0,-1
2256173,-1.00,0,-1
2256273,-1.00,0,-1
2256374,-1.00,0,-1
2256476,-1.00,0,-1
2256576,-1.00,0,-1
2256677,-1.00,0,-1
2256778,-1.00,0,-1
2256879,-1.00,1,-1
2256980,-1.00,0,-1
2257081,-1.00,0,-1
2257182,-1.00,0,-1
2257284,-1.00,0,-1
2257384,-1.00,0,-1
2257485,-1.00,0,-1
2257587,-1.00,0,-1
2257687,-1.00,0,-1
2257788,-1.00,0,-1
2257890,-1.00,0,-1
2257990,-1.00,0,-1
2258092,-1.00,0,-1
2258193,-1.00,0,-1
2258293,-1.00,0,-1
2258395,-1.00,0,-1
2258496,-1.00,0,-1
2258596,-1.00,0,-1
2258698,-1.00,0,-1
2258799,-1.00,0,-1
2258899,-1.00,1,-1
2259001,-1.00,0,-1
2259102,-1.00,0,-1
2259203,-1.00,0,-1
2259304,-1.00,0,-1
2259405,-1.00,1,-1
2259506,-1.00,0,-1
2259607,-1.00,0,-1
2259708,-1.00,0,-1
2259809,-1.00,0,-1
2259910,-1.00,0,-1
2260011,-1.00,0,-1
2260112,-1.00,0,-1
2260213,-1.00,0,-1
2260314,-1.00,0,-1
2260415,-1.00,0,-1
2260516,-1.00,0,-1
2260617,-1.00,0,-1
2260718,-1.00,0,-1
2260819,-1.00,0,-1
2260920,-1.00,0,-1
2261021,-1.00,0,-1
2261123,-1.00,0,-1
2261223,-1.00,0,-1
2261324,-1.00,0,-1
2261426,-1.00,0,-1
2261526,-1.00,0,-1
2261627,-1.00,1,-1
# load_kg=0.00
2261729,0.00,0,-1
2261830,0.00,0,-1
2261931,0.00,0,-1
2262032,0.00,0,-1
2262133,0.00,0,-1
2262234,0.00,0,-1
2262335,0.00,0,-1
2262436,0.00,0,-1
2262537,0.00,0,-1
2262638,0.00,0,-1
2262739,0.00,0,-1
2262840,0.00,0,-1
2262941,0.00,0,-1
2263042,0.00,0,-1
2263143,0.00,1,-1
2263244,0.00,0,-1
2263345,0.00,0,-1
2263446,0.00,0,-1
2263547,0.00,0,-1
2263648,0.00,0,-1
2263749,0.00,0,-1
2263849,0.00,0,-1
2263951,0.00,1,-1
2264052,0.00,0,-1
2264153,0.00,0,-1
2264254,0.00,0,-1
2264355,0.00,0,-1
2264456,0.00,0,-1
2264557,0.00,0,-1
2264658,0.00,0,-1
2264759,0.00,0,-1
2264860,0.00,0,-1
2264961,0.00,0,-1
2265062,0.00,0,-1
2265163,0.00,0,-1
2265264,0.00,0,-1
2265365,0.00,0,-1
2265466,0.00,0,-1
2265567,0.00,0,-1
2265668,0.00,0,-1
2265768,0.00,0,-1
2265870,0.00,0,-1
2265971,0.00,0,-1
2266072,0.00,0,-1
2266173,0.00,0,-1
2266274,0.00,0,-1
2266375,0.00,0,-1
2266476,0.00,0,-1
2266577,0.00,0,-1
2266678,0.00,0,-1
2266779,0.00,1,-1
2266880,0.00,0,-1
2266981,0.00,0,-1
2267082,0.00,0,-1
2267183,0.00,0,-1
2267284,0.00,0,-1
2267385,0.00,0,-1
2267486,0.00,0,-1
2267587,0.00,0,-1
2267687,0.00,0,-1
2267789,0.00,0,-1
2267890,0.00,0,-1
2267991,0.00,0,-1
2268092,0.00,0,-1
2268193,0.00,0,-1
2268294,0.00,0,-1
2268395,0.00,0,-1
2268496,0.00,0,-1
2268597,0.00,0,-1
2268698,0.00,1,-1
2268798,0.00,0,-1
2268900,0.00,0,-1
2269001,0.00,0,-1
2269102,0.00,0,-1
2269203,0.00,0,-1
2269304,0.00,0,-1
2269405,0.00,0,-1
2269506,0.00,0,-1
2269606,0.00,0,-1
2269708,0.00,0,-1
2269809,0.00,0,-1
2269910,0.00,0,-1
2270011,0.00,0,-1
2270112,0.00,0,-1
2270213,0.00,0,-1
2270314,0.00,0,-1
2270415,0.00,0,-1
2270516,0.00,0,-1
2270617,0.00,0,-1
2270717,0.00,0,-1
2270819,0.00,0,-1
2270920,0.00,0,-1
2271021,0.00,0,-1
2271122,0.00,0,-1
2271223,0.00,0,-1
2271324,0.00,0,-1
2271425,0.00,0,-1
2271526,0.00,0,-1
2271627,0.00,1,-1
2271728,0.00,0,-1
2271828,0.00,0,-1
2271930,0.00,0,-1
2272031,0.00,0,-1
2272132,0.00,0,-1
2272233,0.00,1,-1
2272334,0.00,0,-1
2272435,0.00,2,-1
2272536,0.00,0,-1
2272636,0.00,0,-1
2272738,0.00,0,-1
2272839,0.00,0,-1
2272940,0.00,0,-1
2273041,0.00,0,-1
2273142,0.00,1,-1
2273243,0.00,0,-1
2273344,0.00,0,-1
2273445,0.00,0,-1
2273546,0.00,0,-1
2273647,0.00,1,-1
2273747,0.00,1,-1
2273849,0.00,0,-1
2273950,0.00,0,-1
2274051,0.00,0,-1
2274152,0.00,0,-1
2274253,0.00,0,-1
2274354,0.00,0,-1
2274455,0.00,0,-1
2274555,0.00,0,-1
2274657,0.00,0,-1
2274758,0.00,0,-1
2274859,0.00,0,-1
2274960,0.00,1,-1
2275061,0.00,0,-1
2275162,0.00,1,-1
2275263,0.00,0,-1
2275364,0.00,0,-1
2275465,0.00,0,-1
2275566,0.00,1,-1
2275666,0.00,0,-1
2275768,0.00,0,-1
2275869,0.00,1,-1
2275970,0.00,0,-1
2276071,0.00,0,-1
2276172,0.00,0,-1
2276273,0.00,0,-1
2276374,0.00,0,-1
2276475,0.00,0,-1
2276576,0.00,1,-1
2276677,0.00,0,-1
2276777,0.00,0,-1
2276879,0.00,0,-1
2276980,0.00,1,-1
2277081,0.00,0,-1
2277182,0.00,0,-1
2277283,0.00,0,-1
2277384,0.00,0,-1
2277485,0.00,0,-1
2277585,0.00,0,-1
2277687,0.00,0,-1
2277788,0.00,0,-1
2277889,0.00,0,-1
2277990,0.00,0,-1
2278091,0.00,0,-1
2278192,0.00,0,-1
2278293,0.00,0,-1
2278394,0.00,0,-1
2278495,0.00,0,-1
2278596,0.00,0,-1
2278696,0.00,0,-1
2278798,0.00,0,-1
2278899,0.00,0,-1
2279000,0.00,0,-1
2279101,0.00,0,-1
2279202,0.00,1,-1
2279303,0.00,0,-1
2279404,0.00,0,-1
2279505,0.00,0,-1
2279606,0.00,0,-1
2279707,0.00,0,-1
2279808,0.00,0,-1
2279909,0.00,0,-1
2280010,0.00,0,-1
2280111,0.00,0,-1
2280212,0.00,0,-1
2280313,0.00,0,-1
2280414,0.00,0,-1
2280515,0.00,0,-1
2280615,0.00,0,-1
2280717,0.00,0,-1
2280818,0.00,0,-1
2280919,0.00,0,-1
2281020,0.00,0,-1
2281121,0.00,0,-1
2281222,0.00,0,-1
2281323,0.00,0,-1
2281424,0.00,0,-1
2281525,0.00,0,-1
2281626,0.00,0,-1
2281726,0.00,0,-1
2281828,0.00,0,-1
2281929,0.00,0,-1
2282030,0.00,0,-1
2282131,0.00,0,-1
2282232,0.00,0,-1
2282333,0.00,0,-1
2282434,0.00,0,-1
2282534,0.00,0,-1
2282636,0.00,0,-1
2282737,0.00,0,-1
2282838,0.00,0,-1
2282939,0.00,0,-1
2283040,0.00,0,-1
2283141,0.00,0,-1
2283242,0.00,0,-1
2283343,0.00,0,-1
2283444,0.00,0,-1
2283545,0.00,0,-1
2283645,0.00,0,-1
2283747,0.00,0,-1
2283848,0.00,0,-1
2283949,0.00,0,-1
2284050,0.00,0,-1
2284151,0.00,0,-1
2284252,0.00,0,-1
# load_kg=10.00
2284353,10.00,0,-1
2284454,10.00,0,-1
2284556,10.00,0,-1
2284657,10.00,0,-1
2284758,10.00,0,-1
2284859,10.00,0,-1
2284960,10.00,0,-1
2285061,10.00,0,-1
2285162,10.00,0,-1
2285263,10.00,0,-1
2285364,10.00,0,-1
2285465,10.00,0,-1
2285566,10.00,0,-1
2285667,10.00,0,-1
2285768,10.00,0,-1
2285870,10.00,0,-1
2285971,10.00,0,-1
2286071,10.00,0,-1
2286173,10.00,0,-1
2286274,10.00,0,-1
2286374,10.00,0,-1
2286476,10.00,0,-1
2286577,10.00,0,-1
2286678,10.00,0,-1
2286779,10.00,0,-1
2286880,10.00,0,-1
2286982,10.00,0,-1
2287082,10.00,0,-1
2287183,10.00,0,-1
2287285,10.00,0,-1
2287385,10.00,0,-1
2287486,10.00,0,-1
2287588,10.00,0,-1
2287688,10.00,2,-1
2287790,10.00,0,-1
2287891,10.00,0,-1
2287991,10.00,0,-1
2288093,10.00,0,-1
2288194,10.00,0,-1
2288295,10.00,0,-1
2288396,10.00,0,-1
2288497,10.00,0,-1
2288599,10.00,0,-1
2288699,10.00,0,-1
2288800,10.00,0,-1
2288902,10.00,0,-1
2289002,10.00,0,-1
2289103,10.00,0,-1
2289205,10.00,0,-1
2289306,10.00,0,-1
2289406,10.00,0,-1
2289508,10.00,0,-1
2289609,10.00,0,-1
2289710,10.00,0,-1
2289811,10.00,0,-1
2289912,10.00,0,-1
2290013,10.00,0,-1
2290114,10.00,0,-1
2290215,10.00,0,-1
2290316,10.00,0,-1
2290417,10.00,0,-1
2290519,10.00,0,-1
2290620,10.00,0,-1
2290720,10.00,0,-1
2290822,10.00,0,-1
2290923,10.00,0,-1
2291023,10.00,0,-1
2291125,10.00,0,-1
2291226,10.00,0,-1
2291326,10.00,0,-1
2291428,10.00,0,-1
2291529,10.00,0,-1
2291630,10.00,0,-1
2291731,10.00,0,-1
2291832,10.00,1,-1
2291934,10.00,0,-1
2292034,10.00,0,-1
2292135,10.00,0,-1
2292237,10.00,0,-1
2292337,10.00,0,-1
2292439,10.00,0,-1
2292540,10.00,0,-1
2292640,10.00,0,-1
2292742,10.00,0,-1
2292843,10.00,1,-1
2292944,10.00,0,-1
2293045,10.00,0,-1
2293146,10.00,0,-1
2293248,10.00,0,-1
2293348,10.00,0,-1
2293449,10.00,0,-1
2293551,10.00,0,-1
2293651,10.00,0,-1
2293752,10.00,0,-1
2293854,10.00,0,-1
2293954,10.00,0,-1
2294055,10.00,0,-1
2294157,10.00,0,-1
2294258,10.00,0,-1
2294359,10.00,0,-1
2294460,10.00,0,-1
2294561,10.00,0,-1
2294662,10.00,0,-1
2294763,10.00,0,-1
2294864,10.00,0,-1
2294965,10.00,0,-1
2295066,10.00,0,-1
2295168,10.00,0,-1
2295269,10.00,0,-1
2295369,10.00,0,-1
2295471,10.00,0,-1
2295572,10.00,0,-1
2295672,10.00,0,-1
2295774,10.00,0,-1
2295875,10.00,0,-1
2295975,10.00,0,-1
2296077,10.00,0,-1
2296178,10.00,0,-1
2296279,10.00,0,-1
2296380,10.00,1,-1
2296481,10.00,0,-1
2296583,10.00,0,-1
2296683,10.00,0,-1
2296784,10.00,0,-1
2296886,10.00,0,-1
2296986,10.00,0,-1
2297088,10.00,1,-1
2297189,10.00,0,-1
2297289,10.00,0,-1
2297391,10.00,0,-1
2297492,10.00,0,-1
2297593,10.00,0,-1
2297694,10.00,0,-1
2297795,10.00,0,-1
2297896,10.00,0,-1
2297997,10.00,0,-1
2298098,10.00,0,-1
2298200,10.00,0,-1
2298300,10.00,0,-1
2298401,10.00,0,-1
2298503,10.00,0,-1
# load_kg=0.00
2298604,0.00,0,-1
2298705,0.00,0,-1
2298806,0.00,0,-1
2298907,0.00,0,-1
2299009,0.00,0,-1
2299109,0.00,0,-1
2299210,0.00,0,-1
2299311,0.00,0,-1
2299412,0.00,0,-1
2299513,0.00,0,-1
2299614,0.00,0,-1
2299715,0.00,0,-1
2299816,0.00,0,-1
2299917,0.00,0,-1
2300018,0.00,0,-1
2300119,0.00,0,-1
2300220,0.00,0,-1
2300321,0.00,0,-1
2300422,0.00,0,-1
2300523,0.00,0,-1
2300624,0.00,0,-1
2300725,0.00,0,-1
2300826,0.00,0,-1
2300928,0.00,0,-1
2301028,0.00,0,-1
2301129,0.00,0,-1
2301230,0.00,0,-1
2301331,0.00,0,-1
2301432,0.00,0,-1
2301533,0.00,1,-1
2301634,0.00,0,-1
2301735,0.00,0,-1
2301836,0.00,0,-1
2301937,0.00,0,-1
2302038,0.00,5,-1
2302139,0.00,0,-1
2302240,0.00,0,-1
2302341,0.00,0,-1
2302442,0.00,0,-1
2302543,0.00,0,-1
2302644,0.00,0,-1
2302745,0.00,0,-1
2302846,0.00,0,-1
2302947,0.00,0,-1
2303048,0.00,0,-1
2303149,0.00,0,-1
2303250,0.00,0,-1
2303351,0.00,0,-1
2303452,0.00,0,-1
2303553,0.00,0,-1
2303654,0.00,0,-1
2303755,0.00,0,-1
2303856,0.00,0,-1
2303956,0.00,0,-1
2304058,0.00,0,-1
2304159,0.00,0,-1
2304260,0.00,0,-1
2304361,0.00,0,-1
2304462,0.00,0,-1
2304563,0.00,0,-1
2304664,0.00,0,-1
2304765,0.00,0,-1
2304866,0.00,0,-1
2304967,0.00,0,-1
2305068,0.00,0,-1
2305169,0.00,0,-1
2305270,0.00,0,-1
2305371,0.00,0,-1
2305472,0.00,0,-1
2305573,0.00,0,-1
2305674,0.00,0,-1
2305775,0.00,0,-1
2305875,0.00,0,-1
2305977,0.00,0,-1
2306078,0.00,1,-1
2306179,0.00,0,-1
2306280,0.00,0,-1
2306381,0.00,0,-1
2306482,0.00,0,-1
2306583,0.00,0,-1
2306684,0.00,0,-1
2306785,0.00,0,-1
2306886,0.00,0,-1
2306987,0.00,2,-1
2307088,0.00,0,-1
2307189,0.00,0,-1
2307290,0.00,0,-1
2307391,0.00,1,-1
2307492,0.00,0,-1
2307593,0.00,2,-1
2307694,0.00,0,-1
2307795,0.00,0,-1
2307896,0.00,0,-1
2307997,0.00,0,-1
2308098,0.00,0,-1
2308199,0.00,0,-1
2308300,0.00,0,-1
2308401,0.00,0,-1
2308502,0.00,0,-1
2308603,0.00,0,-1
2308704,0.00,0,-1
2308805,0.00,0,-1
2308905,0.00,0,-1
2309007,0.00,0,-1
2309108,0.00,0,-1
2309209,0.00,0,-1
2309310,0.00,0,-1
2309411,0.00,1,-1
2309512,0.00,0,-1
2309613,0.00,0,-1
2309714,0.00,1,-1
2309815,0.00,0,-1
2309916,0.00,0,-1
2310017,0.00,0,-1
2310118,0.00,0,-1
2310219,0.00,65,41754
2310321,0.00,71,37986
2310422,0.00,79,33853
2310522,0.00,80,33394
2310624,0.00,137,18321
2310725,0.00,393,4541
2310827,0.00,564,2306
2310928,0.00,623,1819
2311029,0.00,673,1473
2311131,0.00,736,1105
2311232,0.00,778,892
2311333,0.00,798,799
2311435,0.00,807,758
2311536,0.00,892,416
2311636,0.00,896,402
2311738,0.00,888,431
2311839,0.00,834,642
2311941,0.00,923,307
2312042,0.00,932,277
2312143,0.00,936,263
2312245,0.00,931,280
2312346,0.00,931,280
2312446,0.00,940,250
2312548,0.00,916,331
2312649,0.00,866,514
2312751,0.00,741,1078
2312852,0.00,657,1578
2312953,0.00,642,1681
2313055,0.00,320,6224
2313156,0.00,20,142075
2313257,0.00,149,16618
2313359,0.00,80,33394
2313460,0.00,628,1782
2313561,0.00,643,1674
2313662,0.00,828,667
2313763,0.00,858,545
2313865,0.00,880,460
2313966,0.00,910,352
2314067,0.00,920,317
2314169,0.00,928,290
2314270,0.00,931,280
2314372,0.00,931,280
2314472,0.00,934,270
2314573,0.00,936,263
2314675,0.00,933,273
2314776,0.00,936,263
2314877,0.00,934,270
2314979,0.00,931,280
2315080,0.00,936,263
2315182,0.00,936,263
2315282,0.00,934,270
2315383,0.00,936,263
2315485,0.00,936,263
2315586,0.00,937,260
2315687,0.00,937,260
2315789,0.00,938,257
2315890,0.00,936,263
2315992,0.00,938,257
2316092,0.00,936,263
2316193,0.00,938,257
2316295,0.00,938,257
2316396,0.00,936,263
2316497,0.00,938,257
2316599,0.00,938,257
2316700,0.00,938,257
2316802,0.00,937,260
2316902,0.00,936,263
2317003,0.00,937,260
2317105,0.00,935,267
2317206,0.00,936,263
2317307,0.00,938,257
2317409,0.00,939,253
2317510,0.00,938,257
2317612,0.00,936,263
2317712,0.00,938,257
2317813,0.00,936,263
2317915,0.00,938,257
2318016,0.00,936,263
2318117,0.00,939,253
2318219,0.00,938,257
2318320,0.00,935,267
2318420,0.00,938,257
2318522,0.00,937,260
2318623,0.00,937,260
2318725,0.00,937,260
2318826,0.00,937,260
2318927,0.00,936,263
2319029,0.00,939,253
2319130,0.00,938,257
2319230,0.00,937,260
2319332,0.00,940,250
2319433,0.00,939,253
# load_kg=1234.00
2319536,1234.00,937,260
2319637,1234.00,938,257
2319738,1234.00,940,250
2319840,1234.00,939,253
2319941,1234.00,937,260
2320043,1234.00,940,250
2320144,1234.00,937,260
2320245,1234.00,939,253
2320347,1234.00,937,260
2320448,1234.00,937,260
2320549,1234.00,937,260
2320651,1234.00,939,253
2320752,1234.00,938,257
2320854,1234.00,938,257
2320955,1234.00,940,250
2321056,1234.00,937,260
2321158,1234.00,940,250
2321259,1234.00,937,260
2321360,1234.00,938,257
2321463,1234.00,934,270
2321564,1234.00,937,260
2321666,1234.00,939,253
2321767,1234.00,937,260
2321868,1234.00,938,257
2321970,1234.00,937,260
2322071,1234.00,940,250
2322172,1234.00,940,250
2322274,1234.00,938,257
2322375,1234.00,939,253
2322477,1234.00,938,257
2322578,1234.00,939,253
2322679,1234.00,940,250
2322781,1234.00,937,260
2322882,1234.00,939,253
2322983,1234.00,939,253
2323085,1234.00,936,263
2323186,1234.00,938,257
2323288,1234.00,940,250
2323389,1234.00,937,260
2323490,1234.00,938,257
2323592,1234.00,939,253
2323693,1234.00,938,257
2323794,1234.00,938,257
2323896,1234.00,940,250
2323997,1234.00,937,260
2324099,1234.00,940,250
2324200,1234.00,938,257
2324301,1234.00,939,253
2324403,1234.00,940,250
2324505,1234.00,938,257
2324606,1234.00,938,257
2324708,1234.00,939,253
2324809,1234.00,937,260
2324911,1234.00,939,253
2325012,1234.00,940,250
2325113,1234.00,939,253
2325215,1234.00,937,260
2325316,1234.00,938,257
2325417,1234.00,938,257
2325519,1234.00,939,253
2325620,1234.00,939,253
2325722,1234.00,937,260
2325823,1234.00,940,250
2325924,1234.00,940,250
2326026,1234.00,938,257
2326127,1234.00,938,257
2326228,1234.00,938,257
2326330,1234.00,938,257
2326431,1234.00,938,257
2326533,1234.00,938,257
2326634,1234.00,940,250
2326735,1234.00,939,253
2326837,1234.00,938,257
2326938,1234.00,939,253
2327040,1234.00,938,257
2327141,1234.00,939,253
2327242,1234.00,940,250
2327344,1234.00,939,253
2327445,1234.00,939,253
2327547,1234.00,938,257
2327649,1234.00,938,257
2327750,1234.00,938,257
2327852,1234.00,940,250
2327953,1234.00,940,250
2328054,1234.00,938,257
2328156,1234.00,939,253
2328257,1234.00,940,250
2328358,1234.00,938,257
2328460,1234.00,940,250
2328561,1234.00,937,260
2328663,1234.00,939,253
2328764,1234.00,939,253
2328865,1234.00,938,257
2328967,1234.00,941,247
2329068,1234.00,938,257
2329169,1234.00,939,253
2329271,1234.00,938,257
2329372,1234.00,941,247
2329474,1234.00,939,253
2329575,1234.00,939,253
2329676,1234.00,940,250
2329778,1234.00,939,253
2329879,1234.00,938,257
2329980,1234.00,938,257
2330082,1234.00,941,247
2330183,1234.00,938,257
2330285,1234.00,939,253
2330386,1234.00,940,250
2330487,1234.00,942,244
2330590,1234.00,940,250
2330691,1234.00,940,250
2330792,1234.00,941,247
2330894,1234.00,939,253
2330995,1234.00,937,260
2331097,1234.00,940,250
2331198,1234.00,938,257
2331299,1234.00,940,250
2331401,1234.00,941,247
2331502,1234.00,939,253
2331603,1234.00,939,253
2331705,1234.00,940,250
2331806,1234.00,940,250
2331908,1234.00,940,250
2332009,1234.00,941,247
2332110,1234.00,940,250
2332212,1234.00,941,247
2332313,1234.00,940,250
2332414,1234.00,941,247
2332516,1234.00,940,250
2332617,1234.00,940,250
2332719,1234.00,941,247
2332820,1234.00,939,253
2332921,1234.00,938,257
2333023,1234.00,940,250
2333124,1234.00,938,257
2333225,1234.00,940,250
2333327,1234.00,939,253
2333428,1234.00,939,253
2333530,1234.00,939,253
2333631,1234.00,940,250
2333733,1234.00,938,257
2333835,1234.00,940,250
2333936,1234.00,939,253
2334038,1234.00,940,250
2334139,1234.00,940,250
2334240,1234.00,940,250
2334342,1234.00,939,253
2334443,1234.00,938,257
2334544,1234.00,942,244
2334646,1234.00,939,253
2334747,1234.00,941,247
2334849,1234.00,940,250
2334950,1234.00,940,250
2335051,1234.00,939,253
2335153,1234.00,938,257
2335254,1234.00,939,253
2335355,1234.00,941,247
2335457,1234.00,942,244
2335558,1234.00,940,250
2335660,1234.00,939,253
2335761,1234.00,939,253
2335862,1234.00,939,253
2335964,1234.00,939,253
2336065,1234.00,940,250
2336166,1234.00,940,250
2336268,1234.00,938,257
2336369,1234.00,940,250
2336471,1234.00,941,247
2336572,1234.00,940,250
2336673,1234.00,941,247
2336776,1234.00,940,250
2336877,1234.00,940,250
2336978,1234.00,939,253
2337080,1234.00,941,247
2337181,1234.00,939,253
2337283,1234.00,940,250
2337384,1234.00,939,253
2337485,1234.00,940,250
2337587,1234.00,940,250
2337688,1234.00,939,253
2337789,1234.00,939,253
2337891,1234.00,939,253
2337992,1234.00,939,253
2338094,1234.00,941,247
2338195,1234.00,939,253
2338296,1234.00,937,260
2338398,1234.00,941,247
2338499,1234.00,941,247
2338600,1234.00,938,257
2338702,1234.00,940,250
2338803,1234.00,943,240
2338905,1234.00,938,257
2339006,1234.00,942,244
2339107,1234.00,939,253
2339209,1234.00,938,257
2339310,1234.00,940,250
2339411,1234.00,940,250
2339513,1234.00,941,247
2339614,1234.00,940,250
2339716,1234.00,940,250
2339818,1234.00,939,253
2339919,1234.00,941,247
2340021,1234.00,941,247
2340122,1234.00,942,244
2340224,1234.00,940,250
2340325,1234.00,940,250
2340426,1234.00,939,253
2340528,1234.00,940,250
2340629,1234.00,941,247
2340730,1234.00,939,253
2340832,1234.00,942,244
2340933,1234.00,940,250
2341035,1234.00,939,253
2341136,1234.00,941,247
2341237,1234.00,941,247
2341339,1234.00,940,250
2341440,1234.00,941,247
2341541,1234.00,942,244
2341643,1234.00,940,250
2341744,1234.00,940,250
2341846,1234.00,941,247
2341947,1234.00,940,250
2342048,1234.00,939,253
2342150,1234.00,941,247
2342251,1234.00,941,247
2342352,1234.00,940,250
2342454,1234.00,940,250
2342555,1234.00,941,247
2342657,1234.00,940,250
2342758,1234.00,940,250
2342860,1234.00,939,253
2342962,1234.00,939,253
2343063,1234.00,938,257
2343164,1234.00,942,244
2343266,1234.00,941,247
2343367,1234.00,940,250
2343469,1234.00,938,257
2343570,1234.00,942,244
2343671,1234.00,941,247
2343773,1234.00,941,247
2343874,1234.00,942,244
2343975,1234.00,941,247
2344077,1234.00,939,253
2344178,1234.00,940,250
2344280,1234.00,941,247
2344381,1234.00,940,250
2344482,1234.00,939,253
2344584,1234.00,939,253
2344685,1234.00,941,247
2344786,1234.00,942,244
2344888,1234.00,940,250
2344989,1234.00,941,247
2345091,1234.00,940,250
2345192,1234.00,940,250
2345293,1234.00,942,244
2345395,1234.00,942,244
2345496,1234.00,940,250
2345597,1234.00,939,253
2345699,1234.00,942,244
2345800,1234.00,935,267
2345903,1234.00,942,244
2346004,1234.00,940,250
2346105,1234.00,939,253
2346207,1234.00,941,247
2346308,1234.00,939,253
2346409,1234.00,940,250
2346511,1234.00,941,247
2346612,1234.00,941,247
2346714,1234.00,942,244
2346815,1234.00,941,247
2346916,1234.00,941,247
2347018,1234.00,939,253
2347119,1234.00,940,250
2347220,1234.00,941,247
2347322,1234.00,941,247
2347423,1234.00,941,247
2347525,1234.00,937,260
2347626,1234.00,939,253
2347727,1234.00,939,253
2347829,1234.00,942,244
2347930,1234.00,941,247
2348032,1234.00,939,253
2348133,1234.00,940,250
2348234,1234.00,940,250
2348336,1234.00,940,250
2348437,1234.00,941,247
2348538,1234.00,941,247
2348640,1234.00,940,250
2348741,1234.00,940,250
2348843,1234.00,941,247
2348945,1234.00,941,247
2349046,1234.00,939,253
2349148,1234.00,941,247
2349249,1234.00,940,250
2349350,1234.00,942,244
2349452,1234.00,940,250
2349553,1234.00,940,250
2349655,1234.00,941,247
2349756,1234.00,939,253
2349857,1234.00,942,244
2349959,1234.00,940,250
2350060,1234.00,940,250
2350161,1234.00,941,247
2350263,1234.00,939,253
2350364,1234.00,942,244
2350466,1234.00,942,244
2350567,1234.00,940,250
2350668,1234.00,940,250
2350770,1234.00,939,253
2350871,1234.00,939,253
2350972,1234.00,941,247
2351074,1234.00,942,244
2351175,1234.00,941,247
2351277,1234.00,939,253
2351378,1234.00,939,253
2351479,1234.00,939,253
2351581,1234.00,939,253
2351682,1234.00,939,253
2351783,1234.00,940,250
2351885,1234.00,939,253
2351987,1234.00,942,244
2352089,1234.00,941,247
2352190,1234.00,942,244
2352291,1234.00,939,253
2352393,1234.00,941,247
2352494,1234.00,942,244
2352595,1234.00,940,250
2352697,1234.00,942,244
2352798,1234.00,941,247
2352900,1234.00,940,250
2353001,1234.00,940,250
2353102,1234.00,941,247
2353204,1234.00,939,253
2353305,1234.00,939,253
2353406,1234.00,942,244
2353508,1234.00,939,253
2353609,1234.00,941,247
2353711,1234.00,941,247
2353812,1234.00,941,247
2353913,1234.00,939,253
2354015,1234.00,942,244
2354116,1234.00,940,250
2354217,1234.00,940,250
2354319,1234.00,940,250
2354420,1234.00,943,240
2354522,1234.00,942,244
2354623,1234.00,939,253
2354724,1234.00,942,244
2354826,1234.00,940,250
2354927,1234.00,941,247
2355028,1234.00,940,250
2355131,1234.00,942,244
2355232,1234.00,941,247
2355334,1234.00,940,250
2355435,1234.00,939,253
2355536,1234.00,940,250
2355638,1234.00,939,253
2355739,1234.00,940,250
2355841,1234.00,940,250
2355942,1234.00,941,247
2356043,1234.00,941,247
2356145,1234.00,941,247
2356246,1234.00,941,247
2356347,1234.00,940,250
2356449,1234.00,940,250
2356550,1234.00,941,247
2356652,1234.00,941,247
2356753,1234.00,941,247
2356854,1234.00,942,244
2356956,1234.00,939,253
2357057,1234.00,941,247
2357158,1234.00,940,250
2357260,1234.00,943,240
2357361,1234.00,940,250
2357463,1234.00,942,244
2357564,1234.00,942,244
2357665,1234.00,941,247
2357767,1234.00,942,244
2357868,1234.00,941,247
2357969,1234.00,940,250
2358071,1234.00,941,247
2358173,1234.00,942,244
2358275,1234.00,941,247
2358376,1234.00,941,247
2358477,1234.00,940,250
2358579,1234.00,941,247
2358680,1234.00,942,244
2358781,1234.00,939,253
2358883,1234.00,938,257
2358984,1234.00,939,253
2359086,1234.00,942,244
2359187,1234.00,942,244
2359288,1234.00,939,253
2359390,1234.00,942,244
2359491,1234.00,940,250
2359592,1234.00,941,247
2359694,1234.00,941,247
2359795,1234.00,942,244
2359897,1234.00,941,247
2359998,1234.00,940,250
2360099,1234.00,941,247
2360201,1234.00,941,247
2360302,1234.00,943,240
2360403,1234.00,942,244
2360505,1234.00,941,247
2360606,1234.00,941,247
2360708,1234.00,939,253
2360809,1234.00,942,244
2360910,1234.00,942,244
2361012,1234.00,942,244
2361113,1234.00,942,244
2361216,1234.00,941,247
2361317,1234.00,942,244
2361418,1234.00,940,250
2361520,1234.00,941,247
2361621,1234.00,942,244
2361722,1234.00,940,250
2361824,1234.00,942,244
2361925,1234.00,941,247
2362027,1234.00,941,247
2362128,1234.00,941,247
2362229,1234.00,942,244
2362331,1234.00,940,250
2362432,1234.00,940,250
2362533,1234.00,941,247
2362635,1234.00,941,247
2362736,1234.00,942,244
2362838,1234.00,942,244
2362939,1234.00,941,247
2363040,1234.00,942,244
2363142,1234.00,941,247
2363243,1234.00,942,244
2363344,1234.00,942,244
2363446,1234.00,943,240
2363547,1234.00,940,250
2363649,1234.00,940,250
2363750,1234.00,942,244
2363851,1234.00,939,253
2363953,1234.00,942,244
2364054,1234.00,940,250
2364155,1234.00,941,247
2364258,1234.00,940,250
2364359,1234.00,941,247
2364461,1234.00,941,247
2364562,1234.00,941,247
2364663,1234.00,940,250
2364765,1234.00,941,247
2364866,1234.00,940,250
2364967,1234.00,941,247
2365069,1234.00,939,253
2365170,1234.00,942,244
2365272,1234.00,940,250
2365373,1234.00,942,244
2365474,1234.00,942,244
2365576,1234.00,942,244
2365677,1234.00,943,240
2365778,1234.00,942,244
2365880,1234.00,941,247
2365981,1234.00,941,247
2366083,1234.00,942,244
2366184,1234.00,940,250
2366285,1234.00,941,247
2366387,1234.00,942,244
2366488,1234.00,942,244
2366589,1234.00,942,244
2366691,1234.00,941,247
2366792,1234.00,940,250
2366894,1234.00,940,250
2366995,1234.00,942,244
2367096,1234.00,942,244
2367198,1234.00,943,240
2367300,1234.00,941,247
2367401,1234.00,943,240
2367503,1234.00,942,244
2367604,1234.00,941,247
2367706,1234.00,939,253
2367807,1234.00,941,247
2367908,1234.00,941,247
2368010,1234.00,942,244
2368111,1234.00,941,247
2368212,1234.00,940,250
2368314,1234.00,940,250
2368415,1234.00,943,240
2368517,1234.00,940,250
2368618,1234.00,942,244
2368719,1234.00,942,244
2368821,1234.00,942,244
2368922,1234.00,940,250
2369024,1234.00,941,247
2369125,1234.00,941,247
2369226,1234.00,941,247
2369328,1234.00,941,247
2369429,1234.00,942,244
2369530,1234.00,941,247
2369632,1234.00,939,253
2369733,1234.00,941,247
2369835,1234.00,941,247
2369936,1234.00,941,247
2370037,1234.00,942,244
2370139,1234.00,942,244
2370240,1234.00,943,240
2370342,1234.00,942,244
2370444,1234.00,942,244
2370545,1234.00,941,247
2370647,1234.00,941,247
2370748,1234.00,941,247
2370849,1234.00,942,244
2370951,1234.00,941,247
2371052,1234.00,941,247
2371153,1234.00,943,240
2371255,1234.00,941,247
2371356,1234.00,939,253
2371458,1234.00,942,244
2371559,1234.00,941,247
2371660,1234.00,941,247
2371762,1234.00,941,247
2371863,1234.00,939,253
2371964,1234.00,940,250
2372066,1234.00,942,244
2372167,1234.00,940,250
2372269,1234.00,941,247
2372370,1234.00,942,244
2372471,1234.00,941,247
2372573,1234.00,941,247
2372674,1234.00,942,244
2372775,1234.00,942,244
2372877,1234.00,942,244
2372978,1234.00,943,240
2373080,1234.00,941,247
2373181,1234.00,940,250
2373282,1234.00,942,244
2373385,1234.00,942,244
2373486,1234.00,941,247
2373587,1234.00,942,244
2373689,1234.00,941,247
2373790,1234.00,942,244
2373892,1234.00,942,244
2373993,1234.00,941,247
2374094,1234.00,941,247
2374196,1234.00,942,244
2374297,1234.00,942,244
2374398,1234.00,940,250
2374500,1234.00,941,247
2374601,1234.00,941,247
2374703,1234.00,941,247
2374804,1234.00,940,250
2374905,1234.00,941,247
2375007,1234.00,941,247
2375108,1234.00,942,244
2375209,1234.00,941,247
2375311,1234.00,943,240
2375412,1234.00,941,247
2375514,1234.00,940,250
2375615,1234.00,942,244
2375716,1234.00,942,244
2375818,1234.00,943,240
2375919,1234.00,942,244
2376020,1234.00,941,247
2376122,1234.00,944,237
2376223,1234.00,940,250
2376325,1234.00,942,244
2376427,1234.00,943,240
2376528,1234.00,941,247
2376630,1234.00,942,244
2376731,1234.00,942,244
2376833,1234.00,943,240
2376934,1234.00,938,257
2377035,1234.00,942,244
2377137,1234.00,941,247
2377238,1234.00,941,247
2377339,1234.00,942,244
2377441,1234.00,943,240
2377542,1234.00,941,247
2377644,1234.00,942,244
2377745,1234.00,942,244
2377846,1234.00,941,247
2377948,1234.00,941,247
2378049,1234.00,942,244
2378150,1234.00,942,244
2378252,1234.00,940,250
2378353,1234.00,942,244
2378455,1234.00,941,247
2378556,1234.00,940,250
2378657,1234.00,942,244
2378759,1234.00,943,240
2378860,1234.00,942,244
2378961,1234.00,941,247
2379063,1234.00,940,250
2379164,1234.00,943,240
2379266,1234.00,940,250
2379367,1234.00,941,247
2379469,1234.00,942,244
2379571,1234.00,941,247
2379672,1234.00,942,244
2379773,1234.00,942,244
2379875,1234.00,941,247
2379976,1234.00,942,244
2380078,1234.00,942,244
2380179,1234.00,941,247
2380280,1234.00,940,250
2380382,1234.00,940,250
2380483,1234.00,942,244
2380584,1234.00,942,244
2380686,1234.00,942,244
2380787,1234.00,941,247
2380889,1234.00,942,244
2380990,1234.00,941,247
2381091,1234.00,943,240
2381193,1234.00,937,260
2381294,1234.00,942,244
2381395,1234.00,942,244
2381497,1234.00,941,247
2381598,1234.00,941,247
2381700,1234.00,941,247
2381801,1234.00,942,244
2381902,1234.00,942,244
2382004,1234.00,942,244
2382105,1234.00,942,244
2382206,1234.00,941,247
2382308,1234.00,941,247
2382409,1234.00,944,237
2382512,1234.00,941,247
2382613,1234.00,942,244
2382714,1234.00,941,247
2382816,1234.00,943,240
2382917,1234.00,942,244
2383019,1234.00,943,240
2383120,1234.00,943,240
2383221,1234.00,942,244
2383323,1234.00,942,244
2383424,1234.00,941,247
2383525,1234.00,941,247
2383627,1234.00,942,244
2383728,1234.00,942,244
2383830,1234.00,942,244
2383931,1234.00,942,244
2384032,1234.00,943,240
2384134,1234.00,941,247
2384235,1234.00,942,244
2384336,1234.00,942,244
2384438,1234.00,941,247
2384539,1234.00,941,247
2384641,1234.00,941,247
2384742,1234.00,942,244
2384843,1234.00,941,247
2384945,1234.00,941,247
2385046,1234.00,943,240
2385147,1234.00,941,247
2385249,1234.00,942,244
2385350,1234.00,943,240
2385452,1234.00,942,244
2385554,1234.00,942,244
2385655,1234.00,942,244
2385757,1234.00,940,250
2385858,1234.00,943,240
2385959,1234.00,942,244
2386061,1234.00,942,244
2386162,1234.00,942,244
2386264,1234.00,943,240
2386365,1234.00,941,247
2386466,1234.00,943,240
2386568,1234.00,940,250
2386669,1234.00,942,244
2386770,1234.00,941,247
2386872,1234.00,943,240
2386973,1234.00,942,244
2387075,1234.00,943,240
2387176,1234.00,941,247
2387277,1234.00,942,244
2387379,1234.00,943,240
2387480,1234.00,942,244
2387581,1234.00,944,237
2387683,1234.00,941,247
2387784,1234.00,943,240
2387886,1234.00,942,244
2387987,1234.00,943,240
2388088,1234.00,942,244
2388190,1234.00,943,240
2388291,1234.00,942,244
2388392,1234.00,943,240
2388494,1234.00,941,247
2388596,1234.00,943,240
2388698,1234.00,942,244
2388799,1234.00,942,244
2388900,1234.00,941,247
2389002,1234.00,942,244
2389103,1234.00,941,247
2389204,1234.00,942,244
2389306,1234.00,941,247
2389407,1234.00,941,247
2389509,1234.00,941,247
2389610,1234.00,942,244
2389711,1234.00,942,244
2389813,1234.00,943,240
2389914,1234.00,942,244
2390016,1234.00,943,240
2390117,1234.00,943,240
2390218,1234.00,939,253
2390320,1234.00,943,240
2390421,1234.00,942,244
2390522,1234.00,942,244
2390624,1234.00,940,250
2390725,1234.00,943,240
2390827,1234.00,940,250
2390928,1234.00,944,237
2391029,1234.00,942,244
2391131,1234.00,941,247
2391232,1234.00,943,240
2391333,1234.00,942,244
2391435,1234.00,943,240
2391536,1234.00,942,244
2391638,1234.00,940,250
2391740,1234.00,942,244
2391841,1234.00,943,240
2391943,1234.00,938,257
2392044,1234.00,942,244
2392145,1234.00,943,240
2392247,1234.00,942,244
2392348,1234.00,941,247
2392450,1234.00,941,247
2392551,1234.00,942,244
2392652,1234.00,941,247
2392754,1234.00,941,247
2392855,1234.00,942,244
2392956,1234.00,943,240
2393058,1234.00,944,237
2393159,1234.00,942,244
2393261,1234.00,941,247
2393362,1234.00,941,247
2393463,1234.00,941,247
2393565,1234.00,941,247
2393666,1234.00,942,244
2393767,1234.00,942,244
2393869,1234.00,941,247
2393970,1234.00,942,244
2394072,1234.00,941,247
2394173,1234.00,941,247
2394274,1234.00,944,237
2394376,1234.00,941,247
2394477,1234.00,943,240
2394578,1234.00,941,247
2394680,1234.00,941,247
2394782,1234.00,943,240
2394884,1234.00,943,240
2394985,1234.00,942,244
2395086,1234.00,941,247
2395188,1234.00,939,253
2395289,1234.00,942,244
2395390,1234.00,943,240
2395492,1234.00,942,244
2395593,1234.00,941,247
2395695,1234.00,943,240
2395796,1234.00,939,253
2395897,1234.00,944,237
2395999,1234.00,942,244
2396100,1234.00,943,240
2396201,1234.00,941,247
2396303,1234.00,941,247
2396404,1234.00,939,253
2396506,1234.00,942,244
2396607,1234.00,943,240
2396708,1234.00,941,247
2396810,1234.00,942,244
2396911,1234.00,943,240
2397012,1234.00,941,247
2397114,1234.00,943,240
2397215,1234.00,942,244
2397317,1234.00,941,247
2397418,1234.00,943,240
2397519,1234.00,943,240
2397621,1234.00,943,240
2397722,1234.00,941,247
2397825,1234.00,942,244
2397926,1234.00,942,244
2398027,1234.00,943,240
2398129,1234.00,942,244
2398230,1234.00,941,247
2398331,1234.00,942,244
2398433,1234.00,943,240
2398534,1234.00,941,247
2398636,1234.00,944,237
2398737,1234.00,942,244
2398838,1234.00,942,244
2398940,1234.00,941,247
2399041,1234.00,942,244
2399142,1234.00,943,240
2399244,1234.00,944,237
2399345,1234.00,942,244
2399447,1234.00,943,240
2399548,1234.00,943,240
2399649,1234.00,942,244
2399751,1234.00,941,247
2399852,1234.00,941,247
2399953,1234.00,943,240
2400055,1234.00,942,244
2400156,1234.00,943,240
2400258,1234.00,941,247
2400359,1234.00,944,237
2400460,1234.00,943,240
2400562,1234.00,944,237
2400663,1234.00,942,244
2400764,1234.00,942,244
2400867,1234.00,942,244
2400968,1234.00,941,247
2401070,1234.00,941,247
2401171,1234.00,942,244
2401272,1234.00,942,244
2401374,1234.00,940,250
2401475,1234.00,943,240
2401576,1234.00,943,240
2401678,1234.00,942,244
2401779,1234.00,941,247
2401881,1234.00,945,234
2401982,1234.00,943,240
2402083,1234.00,944,237
2402185,1234.00,943,240
2402286,1234.00,942,244
2402387,1234.00,943,240
2402489,1234.00,942,244
2402590,1234.00,943,240
2402692,1234.00,944,237
2402793,1234.00,943,240
2402894,1234.00,943,240
2402996,1234.00,942,244
2403097,1234.00,943,240
2403198,1234.00,945,234
2403300,1234.00,942,244
2403401,1234.00,942,244
2403503,1234.00,942,244
2403604,1234.00,944,237
2403705,1234.00,941,247
2403807,1234.00,941,247
2403909,1234.00,942,244
2404011,1234.00,943,240
2404112,1234.00,942,244
2404213,1234.00,943,240
2404315,1234.00,942,244
2404416,1234.00,942,244
2404517,1234.00,942,244
2404619,1234.00,942,244
2404720,1234.00,943,240
2404822,1234.00,942,244
2404923,1234.00,943,240
2405024,1234.00,943,240
2405126,1234.00,943,240
2405227,1234.00,940,250
2405328,1234.00,942,244
2405430,1234.00,943,240
2405531,1234.00,945,234
2405633,1234.00,941,247
2405734,1234.00,941,247
2405835,1234.00,943,240
2405937,1234.00,944,237
2406038,1234.00,943,240
2406139,1234.00,941,247
2406241,1234.00,942,244
2406342,1234.00,943,240
2406444,1234.00,943,240
2406545,1234.00,942,244
2406646,1234.00,941,247
2406748,1234.00,943,240
2406849,1234.00,943,240
2406951,1234.00,945,234
2407053,1234.00,941,247
2407154,1234.00,942,244
2407256,1234.00,943,240
2407357,1234.00,943,240
2407458,1234.00,943,240
2407560,1234.00,941,247
2407661,1234.00,943,240
2407762,1234.00,941,247
2407864,1234.00,942,244
2407965,1234.00,943,240
2408067,1234.00,943,240
2408168,1234.00,942,244
2408269,1234.00,942,244
2408371,1234.00,942,244
2408472,1234.00,941,247
2408573,1234.00,941,247
2408675,1234.00,942,244
2408776,1234.00,943,240
2408878,1234.00,940,250
2408979,1234.00,943,240
2409080,1234.00,942,244
2409182,1234.00,942,244
2409283,1234.00,943,240
2409384,1234.00,941,247
2409486,1234.00,941,247
2409587,1234.00,943,240
2409689,1234.00,943,240
2409790,1234.00,941,247
2409891,1234.00,941,247
2409994,1234.00,943,240
2410095,1234.00,942,244
2410196,1234.00,942,244
2410298,1234.00,943,240
2410399,1234.00,942,244
2410501,1234.00,942,244
2410602,1234.00,944,237
2410703,1234.00,943,240
2410805,1234.00,941,247
2410906,1234.00,943,240
2411008,1234.00,943,240
2411109,1234.00,944,237
2411210,1234.00,942,244
2411312,1234.00,943,240
2411413,1234.00,941,247
2411514,1234.00,943,240
2411616,1234.00,941,247
2411717,1234.00,942,244
2411819,1234.00,944,237
2411920,1234.00,942,244
2412021,1234.00,942,244
2412123,1234.00,943,240
2412224,1234.00,943,240
2412325,1234.00,943,240
2412427,1234.00,942,244
2412528,1234.00,942,244
2412630,1234.00,943,240
2412731,1234.00,943,240
2412832,1234.00,944,237
2412934,1234.00,943,240
2413036,1234.00,941,247
2413137,1234.00,942,244
2413239,1234.00,941,247
2413340,1234.00,941,247
2413442,1234.00,941,247
2413543,1234.00,943,240
2413644,1234.00,941,247
2413746,1234.00,943,240
2413847,1234.00,939,253
2413948,1234.00,942,244
2414050,1234.00,943,240
2414151,1234.00,943,240
2414253,1234.00,943,240
2414354,1234.00,943,240
2414455,1234.00,943,240
2414557,1234.00,944,237
2414658,1234.00,943,240
2414759,1234.00,941,247
2414861,1234.00,943,240
2414962,1234.00,942,244
2415064,1234.00,941,247
2415165,1234.00,943,240
2415266,1234.00,941,247
2415368,1234.00,943,240
2415469,1234.00,943,240
2415570,1234.00,943,240
2415672,1234.00,942,244
2415773,1234.00,942,244
2415875,1234.00,945,234
2415976,1234.00,942,244
2416078,1234.00,942,244
2416180,1234.00,944,237
2416281,1234.00,942,244
2416382,1234.00,942,244
2416484,1234.00,941,247
2416585,1234.00,942,244
2416687,1234.00,943,240
2416788,1234.00,944,237
2416889,1234.00,942,244
2416991,1234.00,941,247
2417092,1234.00,943,240
2417193,1234.00,943,240
2417295,1234.00,941,247
2417396,1234.00,942,244
2417498,1234.00,943,240
2417599,1234.00,942,244
2417700,1234.00,943,240
2417802,1234.00,942,244
2417903,1234.00,942,244
2418004,1234.00,942,244
2418106,1234.00,943,240
2418207,1234.00,943,240
2418309,1234.00,942,244
2418410,1234.00,945,234
2418511,1234.00,938,257
2418613,1234.00,944,237
2418714,1234.00,941,247
2418816,1234.00,942,244
2418917,1234.00,942,244
2419018,1234.00,943,240
2419121,1234.00,941,247
2419222,1234.00,942,244
2419323,1234.00,943,240
2419425,1234.00,942,244
2419526,1234.00,943,240
2419628,1234.00,941,247
2419729,1234.00,943,240
2419830,1234.00,942,244
2419932,1234.00,943,240
2420033,1234.00,943,240
2420134,1234.00,943,240
2420236,1234.00,943,240
2420337,1234.00,942,244
2420439,1234.00,941,247
2420540,1234.00,943,240
2420641,1234.00,944,237
2420743,1234.00,942,244
2420844,1234.00,943,240
2420945,1234.00,942,244
2421047,1234.00,942,244
2421148,1234.00,943,240
2421250,1234.00,942,244
2421351,1234.00,943,240
2421452,1234.00,943,240
2421554,1234.00,943,240
2421655,1234.00,942,244
2421756,1234.00,942,244
2421858,1234.00,943,240
2421959,1234.00,942,244
2422061,1234.00,944,237
2422162,1234.00,942,244
2422264,1234.00,944,237
2422366,1234.00,943,240
2422467,1234.00,944,237
2422568,1234.00,941,247
2422670,1234.00,944,237
2422771,1234.00,941,247
2422873,1234.00,942,244
2422974,1234.00,943,240
2423075,1234.00,944,237
2423177,1234.00,942,244
2423278,1234.00,943,240
2423379,1234.00,943,240
2423481,1234.00,943,240
2423582,1234.00,944,237
2423684,1234.00,941,247
2423785,1234.00,943,240
2423886,1234.00,943,240
2423988,1234.00,942,244
2424089,1234.00,943,240
2424190,1234.00,943,240
2424292,1234.00,938,257
2424393,1234.00,943,240
2424495,1234.00,942,244
2424596,1234.00,942,244
2424697,1234.00,941,247
2424799,1234.00,944,237
2424900,1234.00,941,247
2425001,1234.00,944,237
2425103,1234.00,941,247
2425204,1234.00,941,247
2425307,1234.00,944,237
2425408,1234.00,942,244
2425509,1234.00,944,237
2425611,1234.00,945,234
2425712,1234.00,943,240
2425814,1234.00,940,250
2425915,1234.00,946,231
2426016,1234.00,943,240
2426118,1234.00,943,240
2426219,1234.00,943,240
2426320,1234.00,943,240
2426422,1234.00,942,244
2426523,1234.00,944,237
2426625,1234.00,943,240
2426726,1234.00,942,244
2426827,1234.00,943,240
2426929,1234.00,941,247
2427030,1234.00,944,237
2427131,1234.00,944,237
2427233,1234.00,944,237
2427334,1234.00,942,244
2427436,1234.00,942,244
2427537,1234.00,943,240
2427638,1234.00,943,240
2427740,1234.00,942,244
2427841,1234.00,943,240
2427942,1234.00,942,244
2428044,1234.00,943,240
2428145,1234.00,940,250
2428247,1234.00,942,244
2428349,1234.00,942,244
2428450,1234.00,945,234
2428552,1234.00,942,244
2428653,1234.00,941,247
2428754,1234.00,943,240
2428856,1234.00,943,240
2428957,1234.00,941,247
2429059,1234.00,943,240
2429160,1234.00,943,240
2429261,1234.00,943,240
2429363,1234.00,944,237
2429464,1234.00,943,240
2429565,1234.00,943,240
2429667,1234.00,942,244
2429768,1234.00,945,234
2429870,1234.00,942,244
2429971,1234.00,942,244
2430072,1234.00,943,240
2430174,1234.00,942,244
2430275,1234.00,943,240
2430376,1234.00,941,247
2430478,1234.00,940,250
2430579,1234.00,944,237
2430681,1234.00,942,244
2430782,1234.00,941,247
2430883,1234.00,944,237
2430985,1234.00,944,237
2431086,1234.00,944,237
2431187,1234.00,942,244
2431289,1234.00,943,240
2431391,1234.00,943,240
2431493,1234.00,941,247
2431594,1234.00,942,244
2431695,1234.00,944,237
2431797,1234.00,942,244
2431898,1234.00,943,240
2432000,1234.00,941,247
2432101,1234.00,944,237
2432202,1234.00,944,237
2432304,1234.00,943,240
2432405,1234.00,943,240
2432506,1234.00,942,244
2432608,1234.00,943,240
2432709,1234.00,942,244
2432811,1234.00,942,244
2432912,1234.00,944,237
2433013,1234.00,942,244
2433115,1234.00,944,237
2433216,1234.00,942,244
2433317,1234.00,942,244
2433419,1234.00,944,237
2433520,1234.00,943,240
2433622,1234.00,941,247
2433723,1234.00,942,244
2433824,1234.00,943,240
2433926,1234.00,943,240
2434027,1234.00,945,234
2434128,1234.00,943,240
2434230,1234.00,941,247
2434331,1234.00,942,244
2434434,1234.00,943,240
2434535,1234.00,943,240
2434636,1234.00,943,240
2434738,1234.00,941,247
2434839,1234.00,941,247
2434940,1234.00,945,234
2435042,1234.00,943,240
2435143,1234.00,942,244
2435245,1234.00,944,237
2435346,1234.00,943,240
2435447,1234.00,940,250
2435549,1234.00,944,237
2435650,1234.00,944,237
2435751,1234.00,943,240
2435853,1234.00,943,240
2435954,1234.00,942,244
2436056,1234.00,942,244
2436157,1234.00,944,237
2436258,1234.00,945,234
2436360,1234.00,944,237
2436461,1234.00,944,237
2436562,1234.00,943,240
2436664,1234.00,942,244
2436765,1234.00,945,234
2436867,1234.00,943,240
2436968,1234.00,942,244
2437069,1234.00,944,237
2437171,1234.00,942,244
2437272,1234.00,942,244
2437373,1234.00,944,237
2437476,1234.00,944,237
2437577,1234.00,943,240
2437679,1234.00,944,237
2437780,1234.00,943,240
2437881,1234.00,944,237
2437983,1234.00,945,234
2438084,1234.00,941,247
2438185,1234.00,943,240
2438287,1234.00,943,240
2438388,1234.00,944,237
2438490,1234.00,943,240
2438591,1234.00,941,247
2438692,1234.00,945,234
2438794,1234.00,945,234
2438895,1234.00,943,240
2438996,1234.00,942,244
2439098,1234.00,944,237
2439199,1234.00,942,244
2439301,1234.00,942,244
2439402,1234.00,941,247
2439503,1234.00,942,244
2439605,1234.00,943,240
2439706,1234.00,944,237
2439808,1234.00,943,240
2439909,1234.00,942,244
2440010,1234.00,944,237
2440112,1234.00,942,244
2440213,1234.00,944,237
2440314,1234.00,943,240
2440416,1234.00,942,244
2440518,1234.00,943,240
2440620,1234.00,942,244
2440721,1234.00,942,244
2440822,1234.00,942,244
2440924,1234.00,941,247
2441025,1234.00,943,240
2441126,1234.00,944,237
2441228,1234.00,942,244
2441329,1234.00,941,247
2441431,1234.00,941,247
2441532,1234.00,944,237
2441633,1234.00,944,237
2441735,1234.00,942,244
2441836,1234.00,944,237
2441937,1234.00,944,237
2442039,1234.00,943,240
2442140,1234.00,942,244
2442242,1234.00,944,237
2442343,1234.00,943,240
2442444,1234.00,944,237
2442546,1234.00,943,240
2442647,1234.00,943,240
2442748,1234.00,943,240
2442850,1234.00,945,234
2442951,1234.00,940,250
2443053,1234.00,943,240
2443154,1234.00,941,247
2443255,1234.00,945,234
2443357,1234.00,943,240
2443458,1234.00,943,240
2443560,1234.00,941,247
2443662,1234.00,944,237
2443763,1234.00,944,237
2443865,1234.00,945,234
2443966,1234.00,945,234
2444067,1234.00,943,240
2444169,1234.00,941,247
2444270,1234.00,942,244
2444371,1234.00,943,240
2444473,1234.00,942,244
2444574,1234.00,944,237
2444676,1234.00,943,240
2444777,1234.00,942,244
2444878,1234.00,942,244
2444980,1234.00,942,244
2445081,1234.00,943,240
2445182,1234.00,945,234
2445284,1234.00,944,237
2445385,1234.00,942,244
2445487,1234.00,944,237
2445588,1234.00,944,237
2445689,1234.00,944,237
2445791,1234.00,942,244
2445892,1234.00,943,240
2445993,1234.00,942,244
2446095,1234.00,941,247
2446196,1234.00,943,240
2446298,1234.00,945,234
2446399,1234.00,942,244
2446500,1234.00,943,240
2446603,1234.00,944,237
2446704,1234.00,944,237
2446806,1234.00,943,240
2446907,1234.00,945,234
2447008,1234.00,942,244
2447110,1234.00,943,240
2447211,1234.00,944,237
2447312,1234.00,941,247
2447414,1234.00,946,231
2447515,1234.00,944,237
2447617,1234.00,943,240
2447718,1234.00,943,240
2447819,1234.00,943,240
2447921,1234.00,941,247
2448022,1234.00,944,237
2448123,1234.00,943,240
2448225,1234.00,943,240
2448326,1234.00,943,240
2448428,1234.00,941,247
2448529,1234.00,942,244
2448630,1234.00,942,244
2448732,1234.00,944,237
2448833,1234.00,942,244
2448934,1234.00,943,240
2449036,1234.00,943,240
2449137,1234.00,943,240
2449239,1234.00,944,237
2449340,1234.00,942,244
2449441,1234.00,944,237
2449543,1234.00,944,237
2449645,1234.00,942,244
2449746,1234.00,944,237
2449848,1234.00,944,237
2449949,1234.00,942,244
2450051,1234.00,942,244
2450152,1234.00,943,240
2450253,1234.00,944,237
2450355,1234.00,943,240
2450456,1234.00,943,240
2450557,1234.00,944,237
2450659,1234.00,941,247
2450760,1234.00,942,244
2450862,1234.00,946,231
2450963,1234.00,944,237
2451064,1234.00,942,244
2451166,1234.00,943,240
2451267,1234.00,943,240
2451368,1234.00,942,244
2451470,1234.00,942,244
2451571,1234.00,942,244
2451673,1234.00,945,234
2451774,1234.00,941,247
2451875,1234.00,943,240
2451977,1234.00,941,247
2452078,1234.00,944,237
2452179,1234.00,943,240
2452281,1234.00,944,237
2452382,1234.00,945,234
2452484,1234.00,944,237
2452585,1234.00,943,240
2452687,1234.00,943,240
2452789,1234.00,944,237
2452890,1234.00,945,234
2452992,1234.00,945,234
2453093,1234.00,944,237
2453194,1234.00,942,244
2453296,1234.00,942,244
2453397,1234.00,945,234
2453498,1234.00,945,234
2453600,1234.00,944,237
2453701,1234.00,943,240
2453803,1234.00,944,237
2453904,1234.00,943,240
2454005,1234.00,944,237
2454107,1234.00,943,240
2454208,1234.00,944,237
2454309,1234.00,944,237
2454411,1234.00,943,240
2454512,1234.00,943,240
2454614,1234.00,942,244
2454715,1234.00,943,240
2454816,1234.00,942,244
2454918,1234.00,942,244
2455019,1234.00,944,237
2455120,1234.00,943,240
2455222,1234.00,939,253
2455323,1234.00,943,240
2455425,1234.00,943,240
2455526,1234.00,944,237
2455627,1234.00,941,247
2455730,1234.00,943,240
2455831,1234.00,943,240
2455932,1234.00,942,244
2456034,1234.00,942,244
2456135,1234.00,944,237
2456237,1234.00,943,240
2456338,1234.00,939,253
2456439,1234.00,944,237
2456541,1234.00,943,240
2456642,1234.00,942,244
2456743,1234.00,944,237
2456845,1234.00,945,234
2456946,1234.00,943,240
2457048,1234.00,944,237
2457149,1234.00,943,240
2457250,1234.00,942,244
2457352,1234.00,943,240
2457453,1234.00,944,237
2457554,1234.00,941,247
2457656,1234.00,945,234
2457757,1234.00,943,240
2457859,1234.00,943,240
2457960,1234.00,944,237
2458061,1234.00,944,237
2458163,1234.00,944,237
2458264,1234.00,944,237
2458365,1234.00,943,240
2458467,1234.00,941,247
2458568,1234.00,943,240
2458670,1234.00,943,240
2458772,1234.00,942,244
2458873,1234.00,943,240
2458975,1234.00,943,240
2459076,1234.00,943,240
2459177,1234.00,944,237
2459279,1234.00,941,247
2459380,1234.00,944,237
2459482,1234.00,944,237
2459583,1234.00,942,244
2459684,1234.00,944,237
2459786,1234.00,944,237
2459887,1234.00,941,247
2459988,1234.00,942,244
2460090,1234.00,945,234
2460191,1234.00,944,237
2460293,1234.00,945,234
2460394,1234.00,942,244
2460495,1234.00,943,240
2460597,1234.00,940,250
2460698,1234.00,944,237
2460800,1234.00,944,237
2460901,1234.00,942,244
2461002,1234.00,945,234
2461104,1234.00,941,247
2461205,1234.00,941,247
2461306,1234.00,943,240
2461408,1234.00,944,237
2461509,1234.00,944,237
2461611,1234.00,943,240
2461712,1234.00,945,234
2461814,1234.00,945,234
2461916,1234.00,944,237
2462017,1234.00,942,244
2462118,1234.00,944,237
2462220,1234.00,944,237
2462321,1234.00,942,244
2462423,1234.00,943,240
2462524,1234.00,942,244
2462625,1234.00,944,237
2462727,1234.00,945,234
2462828,1234.00,943,240
2462929,1234.00,943,240
2463031,1234.00,945,234
2463132,1234.00,942,244
2463234,1234.00,944,237
2463335,1234.00,945,234
2463436,1234.00,943,240
2463538,1234.00,945,234
2463639,1234.00,943,240
2463740,1234.00,942,244
2463842,1234.00,943,240
2463943,1234.00,945,234
2464045,1234.00,944,237
2464146,1234.00,942,244
2464247,1234.00,943,240
2464349,1234.00,941,247
2464450,1234.00,943,240
2464551,1234.00,945,234
2464653,1234.00,943,240
2464754,1234.00,945,234
2464857,1234.00,944,237
2464958,1234.00,942,244
2465059,1234.00,946,231
2465161,1234.00,943,240
2465262,1234.00,943,240
2465363,1234.00,942,244
2465465,1234.00,943,240
2465566,1234.00,943,240
2465668,1234.00,943,240
2465769,1234.00,943,240
2465870,1234.00,941,247
2465972,1234.00,945,234
2466073,1234.00,943,240
2466174,1234.00,940,250
2466276,1234.00,943,240
2466377,1234.00,943,240
2466479,1234.00,942,244
2466580,1234.00,943,240
2466681,1234.00,944,237
2466783,1234.00,945,234
2466884,1234.00,944,237
2466985,1234.00,944,237
2467087,1234.00,944,237
2467188,1234.00,943,240
2467290,1234.00,944,237
2467391,1234.00,945,234
2467492,1234.00,943,240
2467594,1234.00,944,237
2467695,1234.00,945,234
2467796,1234.00,943,240
2467898,1234.00,944,237
2468000,1234.00,944,237
2468102,1234.00,944,237
2468203,1234.00,944,237
2468304,1234.00,944,237
2468406,1234.00,944,237
2468507,1234.00,944,237
2468609,1234.00,945,234
2468710,1234.00,942,244
2468811,1234.00,942,244
2468913,1234.00,943,240
2469014,1234.00,941,247
2469115,1234.00,943,240
2469217,1234.00,943,240
2469318,1234.00,944,237
2469420,1234.00,943,240
2469521,1234.00,943,240
2469622,1234.00,945,234
2469724,1234.00,945,234
2469825,1234.00,940,250
2469926,1234.00,942,244
2470028,1234.00,943,240
2470129,1234.00,943,240
2470231,1234.00,944,237
2470332,1234.00,943,240
2470433,1234.00,943,240
2470535,1234.00,946,231
2470636,1234.00,944,237
2470737,1234.00,944,237
2470839,1234.00,943,240
2470940,1234.00,941,247
2471043,1234.00,945,234
2471144,1234.00,942,244
2471245,1234.00,945,234
2471347,1234.00,942,244
2471448,1234.00,944,237
2471549,1234.00,943,240
2471651,1234.00,943,240
2471752,1234.00,944,237
2471854,1234.00,944,237
2471955,1234.00,943,240
2472056,1234.00,945,234
2472158,1234.00,944,237
2472259,1234.00,945,234
2472360,1234.00,943,240
2472462,1234.00,942,244
2472563,1234.00,942,244
2472665,1234.00,943,240
2472766,1234.00,942,244
2472867,1234.00,944,237
2472969,1234.00,943,240
2473070,1234.00,943,240
2473171,1234.00,942,244
2473273,1234.00,943,240
2473374,1234.00,943,240
2473476,1234.00,943,240
2473577,1234.00,945,234
2473678,1234.00,944,237
2473780,1234.00,942,244
2473881,1234.00,944,237
2473982,1234.00,942,244
2474085,1234.00,943,240
2474186,1234.00,944,237
2474288,1234.00,946,231
2474389,1234.00,944,237
2474490,1234.00,944,237
2474592,1234.00,943,240
2474693,1234.00,943,240
2474795,1234.00,939,253
2474896,1234.00,943,240
2474997,1234.00,943,240
2475099,1234.00,944,237
2475200,1234.00,943,240
2475301,1234.00,943,240
2475403,1234.00,942,244
2475504,1234.00,946,231
2475606,1234.00,944,237
2475707,1234.00,943,240
2475808,1234.00,944,237
2475910,1234.00,945,234
2476011,1234.00,943,240
2476112,1234.00,942,244
2476214,1234.00,943,240
2476315,1234.00,944,237
2476417,1234.00,942,244
2476518,1234.00,943,240
2476619,1234.00,943,240
2476721,1234.00,943,240
2476822,1234.00,945,234
2476923,1234.00,945,234
2477025,1234.00,942,244
2477126,1234.00,944,237
2477229,1234.00,943,240
2477330,1234.00,945,234
2477431,1234.00,943,240
2477533,1234.00,942,244
2477634,1234.00,941,247
2477735,1234.00,942,244
2477837,1234.00,942,244
2477938,1234.00,944,237
2478040,1234.00,943,240
2478141,1234.00,945,234
2478242,1234.00,941,247
2478344,1234.00,944,237
2478445,1234.00,944,237
2478546,1234.00,944,237
2478648,1234.00,942,244
2478749,1234.00,944,237
2478851,1234.00,943,240
2478952,1234.00,946,231
2479053,1234.00,944,237
2479155,1234.00,942,244
2479256,1234.00,943,240
2479357,1234.00,944,237
2479459,1234.00,943,240
2479560,1234.00,945,234
2479662,1234.00,943,240
2479763,1234.00,945,234
2479864,1234.00,942,244
2479966,1234.00,945,234
2480067,1234.00,944,237
2480168,1234.00,944,237
2480271,1234.00,944,237
2480372,1234.00,942,244
2480474,1234.00,944,237
2480575,1234.00,943,240
2480676,1234.00,943,240
2480778,1234.00,942,244
2480879,1234.00,943,240
2480980,1234.00,943,240
2481082,1234.00,944,237
2481183,1234.00,942,244
2481285,1234.00,944,237
2481386,1234.00,944,237
2481487,1234.00,943,240
2481589,1234.00,943,240
2481690,1234.00,941,247
2481792,1234.00,945,234
2481893,1234.00,942,244
2481994,1234.00,942,244
2482096,1234.00,942,244
2482197,1234.00,943,240
2482298,1234.00,942,244
2482400,1234.00,942,244
2482501,1234.00,942,244
2482603,1234.00,942,244
2482704,1234.00,945,234
2482805,1234.00,944,237
2482907,1234.00,943,240
2483008,1234.00,942,244
2483109,1234.00,944,237
2483211,1234.00,943,240
2483313,1234.00,944,237
2483415,1234.00,942,244
2483516,1234.00,943,240
2483617,1234.00,942,244
2483719,1234.00,943,240
2483820,1234.00,942,244
2483921,1234.00,944,237
2484023,1234.00,942,244
2484124,1234.00,944,237
2484226,1234.00,942,244
2484327,1234.00,944,237
2484428,1234.00,944,237
2484530,1234.00,944,237
2484631,1234.00,942,244
2484732,1234.00,943,240
2484834,1234.00,943,240
2484935,1234.00,942,244
2485037,1234.00,942,244
2485138,1234.00,945,234
2485239,1234.00,945,234
2485341,1234.00,944,237
2485442,1234.00,943,240
2485543,1234.00,943,240
2485645,1234.00,942,244
2485746,1234.00,943,240
2485848,1234.00,943,240
2485949,1234.00,943,240
2486050,1234.00,943,240
2486152,1234.00,943,240
2486253,1234.00,944,237
2486355,1234.00,945,234
2486457,1234.00,944,237
2486558,1234.00,945,234
2486660,1234.00,943,240
2486761,1234.00,942,244
2486862,1234.00,944,237
2486964,1234.00,943,240
2487065,1234.00,943,240
2487166,1234.00,941,247
2487268,1234.00,943,240
2487369,1234.00,944,237
2487471,1234.00,943,240
2487572,1234.00,945,234
2487673,1234.00,943,240
2487775,1234.00,944,237
2487876,1234.00,943,240
2487977,1234.00,944,237
2488079,1234.00,943,240
2488180,1234.00,945,234
