927390,-1.00,0,-1
927492,-1.00,0,-1
927592,-1.00,# FSR402 characterization. 'l' = CSV mode; type the scale
# reading in kg to stamp load. Default view: raw  V_node  R(ohm).
0	0.000	open/no-force
0	0.000	open/no-force
0	0.000	open/no-force
0	0.000	open/no-force
0	0.000	open/no-force
0	0.000	open/no-force
# CSV mode ON. Header follows; type a number (kg) to set load.
t_ms,load_kg,raw,ohms
1212,0.00,0,-1
1313,0.00,0,-1
1415,0.00,0,-1
1515,0.00,2,-1
1616,0.00,0,-1
1717,0.00,0,-1
1818,0.00,0,-1
1918,0.00,0,-1
2020,0.00,0,-1
2120,0.00,0,-1
2222,0.00,0,-1
2322,0.00,0,-1
2423,0.00,0,-1
2524,0.00,0,-1
2625,0.00,0,-1
2725,0.00,0,-1
2827,0.00,0,-1
2927,0.00,0,-1
3028,0.00,1,-1
3129,0.00,0,-1
3230,0.00,1,-1
3331,0.00,0,-1
3432,0.00,0,-1
3532,0.00,0,-1
3634,0.00,0,-1
3734,0.00,1,-1
3835,0.00,0,-1
3936,0.00,0,-1
4037,0.00,0,-1
4137,0.00,0,-1
4239,0.00,0,-1
4339,0.00,0,-1
4441,0.00,0,-1
4541,0.00,0,-1
4642,0.00,0,-1
4743,0.00,0,-1
4844,0.00,0,-1
4944,0.00,0,-1
5046,0.00,0,-1
5146,0.00,0,-1
5248,0.00,0,-1
5348,0.00,0,-1
5449,0.00,0,-1
5550,0.00,0,-1
5651,0.00,0,-1
5751,0.00,0,-1
5853,0.00,0,-1
5953,0.00,0,-1
6054,0.00,2,-1
6155,0.00,0,-1
6256,0.00,0,-1
6356,0.00,0,-1
6458,0.00,0,-1
6558,0.00,0,-1
6660,0.00,0,-1
6760,0.00,0,-1
6861,0.00,0,-1
6962,0.00,0,-1
7063,0.00,0,-1
7163,0.00,0,-1
7265,0.00,0,-1
7365,0.00,0,-1
7467,0.00,0,-1
7567,0.00,0,-1
7668,0.00,0,-1
7769,0.00,0,-1
7870,0.00,0,-1
7970,0.00,0,-1
8072,0.00,0,-1
8172,0.00,0,-1
8273,0.00,0,-1
8374,0.00,0,-1
8475,0.00,0,-1
8576,0.00,0,-1
8677,0.00,0,-1
8777,0.00,0,-1
8879,0.00,0,-1
8979,0.00,0,-1
9080,0.00,0,-1
9181,0.00,0,-1
9282,0.00,0,-1
9382,0.00,0,-1
9484,0.00,0,-1
9584,0.00,0,-1
9686,0.00,0,-1
9786,0.00,0,-1
9887,0.00,1,-1
9988,0.00,0,-1
10089,0.00,0,-1
10189,0.00,0,-1
10291,0.00,0,-1
10391,0.00,0,-1
10492,0.00,0,-1
10593,0.00,0,-1
10694,0.00,0,-1
10795,0.00,0,-1
10896,0.00,0,-1
10996,0.00,0,-1
11098,0.00,0,-1
11198,0.00,1,-1
11299,0.00,0,-1
11401,0.00,1,-1
11501,0.00,1,-1
11602,0.00,0,-1
11703,0.00,0,-1
11804,0.00,0,-1
11905,0.00,417,4117
12006,0.00,742,1073
12107,0.00,881,457
12209,0.00,895,405
12310,0.00,905,369
12410,0.00,910,352
12512,0.00,921,314
12613,0.00,913,341
12715,0.00,929,287
12815,0.00,927,293
12916,0.00,930,283
13018,0.00,932,277
13119,0.00,926,297
13220,0.00,932,277
13321,0.00,933,273
13422,0.00,931,280
13523,0.00,933,273
13625,0.00,932,277
13725,0.00,934,270
13827,0.00,933,273
13928,0.00,931,280
14029,0.00,932,277
14131,0.00,934,270
14231,0.00,935,267
14332,0.00,933,273
14434,0.00,933,273
14535,0.00,934,270
14636,0.00,935,267
14737,0.00,934,270
14838,0.00,934,270
14940,0.00,931,280
15041,0.00,934,270
15141,0.00,937,260
15243,0.00,936,263
15344,0.00,935,267
15446,0.00,936,263
15547,0.00,936,263
15647,0.00,935,267
15749,0.00,935,267
15850,0.00,933,273
15951,0.00,934,270
16052,0.00,934,270
16153,0.00,935,267
16254,0.00,936,263
16356,0.00,935,267
16457,0.00,936,263
16558,0.00,936,263
16659,0.00,936,263
16760,0.00,934,270
16862,0.00,937,260
16962,0.00,936,263
17063,0.00,934,270
17165,0.00,936,263
17266,0.00,936,263
17368,0.00,936,263
17468,0.00,934,270
17569,0.00,935,267
17671,0.00,934,270
17772,0.00,935,267
17872,0.00,932,277
17974,0.00,935,267
18075,0.00,935,267
18177,0.00,936,263
18278,0.00,935,267
18378,0.00,936,263
18480,0.00,937,260
18581,0.00,936,263
18682,0.00,936,263
18783,0.00,938,257
18884,0.00,937,260
18985,0.00,935,267
19087,0.00,937,260
19188,0.00,935,267
19289,0.00,937,260
19390,0.00,937,260
19491,0.00,936,263
19593,0.00,937,260
19693,0.00,934,270
19794,0.00,936,263
19896,0.00,936,263
19997,0.00,937,260
20099,0.00,936,263
20199,0.00,938,257
20300,0.00,937,260
20402,0.00,937,260
20503,0.00,937,260
20603,0.00,936,263
20705,0.00,938,257
# load_kg=1000.00
20807,1000.00,935,267
20909,1000.00,938,257
21010,1000.00,937,260
21111,1000.00,939,253
21213,1000.00,937,260
21314,1000.00,937,260
21414,1000.00,937,260
21516,1000.00,939,253
21617,1000.00,937,260
21719,1000.00,935,267
21820,1000.00,938,257
21921,1000.00,937,260
22023,1000.00,936,263
22124,1000.00,938,257
22225,1000.00,937,260
22327,1000.00,936,263
22428,1000.00,938,257
22530,1000.00,936,263
22631,1000.00,936,263
22732,1000.00,938,257
22834,1000.00,936,263
22935,1000.00,936,263
23036,1000.00,938,257
23137,1000.00,935,267
23238,1000.00,938,257
23340,1000.00,938,257
23441,1000.00,937,260
23542,1000.00,939,253
23644,1000.00,939,253
23745,1000.00,937,260
23846,1000.00,937,260
23948,1000.00,937,260
24049,1000.00,937,260
24151,1000.00,938,257
24252,1000.00,937,260
24353,1000.00,938,257
24455,1000.00,939,253
24556,1000.00,937,260
24657,1000.00,937,260
24758,1000.00,939,253
24859,1000.00,937,260
24961,1000.00,940,250
25062,1000.00,937,260
25163,1000.00,938,257
25265,1000.00,940,250
25366,1000.00,939,253
25467,1000.00,939,253
25569,1000.00,937,260
25670,1000.00,939,253
25772,1000.00,935,267
25873,1000.00,938,257
25974,1000.00,938,257
26076,1000.00,937,260
26177,1000.00,938,257
26278,1000.00,938,257
26379,1000.00,938,257
26480,1000.00,939,253
26582,1000.00,940,250
26683,1000.00,937,260
26784,1000.00,938,257
26886,1000.00,940,250
26987,1000.00,939,253
27088,1000.00,938,257
27190,1000.00,938,257
27291,1000.00,940,250
27393,1000.00,940,250
27494,1000.00,937,260
27595,1000.00,940,250
27697,1000.00,939,253
27798,1000.00,939,253
27899,1000.00,938,257
28001,1000.00,937,260
28101,1000.00,941,247
28203,1000.00,938,257
28304,1000.00,936,263
28405,1000.00,940,250
28507,1000.00,937,260
28608,1000.00,940,250
28709,1000.00,938,257
28811,1000.00,938,257
28912,1000.00,940,250
29014,1000.00,941,247
29115,1000.00,940,250
29216,1000.00,941,247
29318,1000.00,937,260
29419,1000.00,940,250
29520,1000.00,941,247
29622,1000.00,940,250
29722,1000.00,934,270
29824,1000.00,938,257
29925,1000.00,939,253
30026,1000.00,940,250
30128,1000.00,939,253
30229,1000.00,940,250
30330,1000.00,940,250
30432,1000.00,939,253
30533,1000.00,939,253
30635,1000.00,940,250
30736,1000.00,940,250
30837,1000.00,939,253
30939,1000.00,939,253
31040,1000.00,940,250
31141,1000.00,939,253
31243,1000.00,940,250
31343,1000.00,940,250
31444,1000.00,942,244
31546,1000.00,939,253
31647,1000.00,940,250
31749,1000.00,940,250
31850,1000.00,940,250
31951,1000.00,939,253
32053,1000.00,939,253
32154,1000.00,938,257
32256,1000.00,939,253
32357,1000.00,935,267
32458,1000.00,939,253
32560,1000.00,939,253
32661,1000.00,939,253
32762,1000.00,939,253
32864,1000.00,939,253
32964,1000.00,941,247
33065,1000.00,940,250
33167,1000.00,939,253
33268,1000.00,940,250
33370,1000.00,938,257
33471,1000.00,938,257
33572,1000.00,939,253
33674,1000.00,940,250
33775,1000.00,939,253
33876,1000.00,940,250
33978,1000.00,938,257
34079,1000.00,938,257
34181,1000.00,939,253
34282,1000.00,939,253
34383,1000.00,939,253
34485,1000.00,939,253
34585,1000.00,939,253
34686,1000.00,938,257
34788,1000.00,940,250
34889,1000.00,939,253
34991,1000.00,939,253
35092,1000.00,940,250
35193,1000.00,938,257
35295,1000.00,940,250
35396,1000.00,940,250
35497,1000.00,940,250
35599,1000.00,941,247
35700,1000.00,939,253
35802,1000.00,940,250
35903,1000.00,941,247
36004,1000.00,939,253
36106,1000.00,941,247
36207,1000.00,940,250
36307,1000.00,940,250
36409,1000.00,940,250
36510,1000.00,940,250
36612,1000.00,939,253
36713,1000.00,940,250
36814,1000.00,940,250
36916,1000.00,942,244
37017,1000.00,938,257
37118,1000.00,941,247
37220,1000.00,938,257
37321,1000.00,940,250
37423,1000.00,941,247
37524,1000.00,940,250
37625,1000.00,941,247
37727,1000.00,939,253
37828,1000.00,938,257
37928,1000.00,940,250
38030,1000.00,938,257
38131,1000.00,941,247
38233,1000.00,941,247
38334,1000.00,941,247
38435,1000.00,939,253
38537,1000.00,943,240
38638,1000.00,941,247
38739,1000.00,941,247
38841,1000.00,939,253
38942,1000.00,940,250
39044,1000.00,940,250
39145,1000.00,937,260
39246,1000.00,942,244
39348,1000.00,941,247
39449,1000.00,939,253
39549,1000.00,940,250
39651,1000.00,940,250
39752,1000.00,942,244
39854,1000.00,941,247
39955,1000.00,940,250
40056,1000.00,939,253
40158,1000.00,938,257
40259,1000.00,942,244
40360,1000.00,940,250
40462,1000.00,939,253
40563,1000.00,942,244
40665,1000.00,940,250
40766,1000.00,941,247
40867,1000.00,942,244
40969,1000.00,941,247
41070,1000.00,939,253
41170,1000.00,940,250
41272,1000.00,940,250
41373,1000.00,942,244
41475,1000.00,941,247
41576,1000.00,940,250
41677,1000.00,940,250
41779,1000.00,939,253
41880,1000.00,938,257
41981,1000.00,940,250
42083,1000.00,941,247
42184,1000.00,942,244
42286,1000.00,940,250
42387,1000.00,939,253
42488,1000.00,938,257
42590,1000.00,939,253
42691,1000.00,941,247
42792,1000.00,940,250
42893,1000.00,938,257
42994,1000.00,939,253
43096,1000.00,940,250
43197,1000.00,939,253
43298,1000.00,941,247
43400,1000.00,941,247
43501,1000.00,942,244
43602,1000.00,939,253
43704,1000.00,942,244
43805,1000.00,940,250
43907,1000.00,940,250
44008,1000.00,941,247
44109,1000.00,939,253
44211,1000.00,941,247
44312,1000.00,936,263
44413,1000.00,939,253
44514,1000.00,939,253
44615,1000.00,940,250
44717,1000.00,942,244
44818,1000.00,942,244
44919,1000.00,941,247
45021,1000.00,940,250
45122,1000.00,940,250
45223,1000.00,942,244
45325,1000.00,939,253
45426,1000.00,941,247
45528,1000.00,942,244
45629,1000.00,940,250
45730,1000.00,939,253
45832,1000.00,941,247
45933,1000.00,940,250
46034,1000.00,941,247
46136,1000.00,940,250
46236,1000.00,941,247
46338,1000.00,941,247
46439,1000.00,939,253
46540,1000.00,941,247
46642,1000.00,940,250
46743,1000.00,939,253
46844,1000.00,940,250
46946,1000.00,940,250
47047,1000.00,941,247
47149,1000.00,942,244
47250,1000.00,941,247
47351,1000.00,940,250
47453,1000.00,940,250
47554,1000.00,941,247
47655,1000.00,941,247
47757,1000.00,940,250
47857,1000.00,940,250
47959,1000.00,941,247
48060,1000.00,942,244
48161,1000.00,942,244
48263,1000.00,939,253
48364,1000.00,942,244
48465,1000.00,939,253
48567,1000.00,941,247
48668,1000.00,941,247
48770,1000.00,942,244
48871,1000.00,940,250
48972,1000.00,943,240
49074,1000.00,939,253
49175,1000.00,941,247
49276,1000.00,943,240
49378,1000.00,938,257
49478,1000.00,940,250
49580,1000.00,941,247
49681,1000.00,941,247
49782,1000.00,940,250
49884,1000.00,941,247
49985,1000.00,939,253
50086,1000.00,942,244
50188,1000.00,940,250
50289,1000.00,941,247
50391,1000.00,942,244
50492,1000.00,941,247
50593,1000.00,942,244
50695,1000.00,938,257
50796,1000.00,942,244
50897,1000.00,940,250
50999,1000.00,940,250
51099,1000.00,941,247
51201,1000.00,942,244
51302,1000.00,941,247
51403,1000.00,941,247
51505,1000.00,941,247
51606,1000.00,941,247
51707,1000.00,941,247
51809,1000.00,941,247
51910,1000.00,940,250
52012,1000.00,941,247
52113,1000.00,939,253
52214,1000.00,941,247
52316,1000.00,941,247
52417,1000.00,941,247
52518,1000.00,942,244
52620,1000.00,941,247
52721,1000.00,941,247
52822,1000.00,942,244
52923,1000.00,942,244
53024,1000.00,941,247
53126,1000.00,941,247
53227,1000.00,940,250
53328,1000.00,940,250
53430,1000.00,942,244
53531,1000.00,941,247
53633,1000.00,941,247
53734,1000.00,941,247
53835,1000.00,941,247
53937,1000.00,941,247
54038,1000.00,942,244
54139,1000.00,942,244
54241,1000.00,943,240
54342,1000.00,940,250
54443,1000.00,942,244
54544,1000.00,940,250
54645,1000.00,942,244
54747,1000.00,942,244
54848,1000.00,938,257
54949,1000.00,940,250
55051,1000.00,940,250
55152,1000.00,941,247
55254,1000.00,942,244
55355,1000.00,941,247
55456,1000.00,941,247
55558,1000.00,942,244
55659,1000.00,941,247
55760,1000.00,940,250
55862,1000.00,942,244
55963,1000.00,941,247
56064,1000.00,940,250
56165,1000.00,942,244
56266,1000.00,941,247
56368,1000.00,941,247
56469,1000.00,941,247
56570,1000.00,940,250
56672,1000.00,939,253
56773,1000.00,942,244
56875,1000.00,941,247
56976,1000.00,941,247
57077,1000.00,942,244
57179,1000.00,941,247
57280,1000.00,940,250
57381,1000.00,941,247
57483,1000.00,942,244
57584,1000.00,941,247
57684,1000.00,941,247
57786,1000.00,941,247
57887,1000.00,942,244
57989,1000.00,942,244
58090,1000.00,941,247
58191,1000.00,942,244
58293,1000.00,941,247
58394,1000.00,941,247
58496,1000.00,942,244
58597,1000.00,942,244
58698,1000.00,941,247
58800,1000.00,939,253
58901,1000.00,942,244
59002,1000.00,942,244
59104,1000.00,942,244
59205,1000.00,941,247
59305,1000.00,940,250
59407,1000.00,941,247
59508,1000.00,942,244
59610,1000.00,941,247
59711,1000.00,941,247
59812,1000.00,941,247
59914,1000.00,941,247
60015,1000.00,942,244
60116,1000.00,940,250
60218,1000.00,942,244
60319,1000.00,941,247
60421,1000.00,941,247
60522,1000.00,942,244
60623,1000.00,942,244
60725,1000.00,941,247
60826,1000.00,942,244
60928,1000.00,941,247
61028,1000.00,942,244
61129,1000.00,941,247
61231,1000.00,941,247
61332,1000.00,942,244
61433,1000.00,941,247
61535,1000.00,941,247
61636,1000.00,941,247
61737,1000.00,941,247
61839,1000.00,941,247
61940,1000.00,942,244
62042,1000.00,942,244
62143,1000.00,941,247
62244,1000.00,941,247
62346,1000.00,942,244
62447,1000.00,943,240
62548,1000.00,940,250
62649,1000.00,942,244
62750,1000.00,938,257
62852,1000.00,942,244
62953,1000.00,941,247
63054,1000.00,942,244
63156,1000.00,941,247
63257,1000.00,941,247
63358,1000.00,942,244
63460,1000.00,940,250
63561,1000.00,942,244
63663,1000.00,942,244
63764,1000.00,941,247
63865,1000.00,942,244
63967,1000.00,941,247
64068,1000.00,941,247
64169,1000.00,942,244
64270,1000.00,941,247
64371,1000.00,940,250
64473,1000.00,941,247
64574,1000.00,941,247
64675,1000.00,942,244
64777,1000.00,942,244
64878,1000.00,941,247
64979,1000.00,942,244
65081,1000.00,941,247
65182,1000.00,942,244
65284,1000.00,940,250
65385,1000.00,942,244
65486,1000.00,942,244
65588,1000.00,941,247
65689,1000.00,943,240
65790,1000.00,940,250
65891,1000.00,943,240
65992,1000.00,941,247
66094,1000.00,942,244
66195,1000.00,941,247
66296,1000.00,942,244
66398,1000.00,942,244
66499,1000.00,941,247
66600,1000.00,942,244
66702,1000.00,938,257
66803,1000.00,942,244
66905,1000.00,942,244
67006,1000.00,942,244
67107,1000.00,942,244
67209,1000.00,942,244
67310,1000.00,943,240
67411,1000.00,942,244
67512,1000.00,942,244
67613,1000.00,942,244
67715,1000.00,941,247
67816,1000.00,942,244
67917,1000.00,940,250
68019,1000.00,941,247
68120,1000.00,943,240
68221,1000.00,940,250
68323,1000.00,942,244
68424,1000.00,941,247
68526,1000.00,939,253
68627,1000.00,942,244
68728,1000.00,942,244
68830,1000.00,941,247
68931,1000.00,942,244
69032,1000.00,941,247
69134,1000.00,943,240
69234,1000.00,943,240
69336,1000.00,942,244
69437,1000.00,942,244
69538,1000.00,940,250
69640,1000.00,942,244
69741,1000.00,941,247
69842,1000.00,942,244
69944,1000.00,944,237
70045,1000.00,942,244
70147,1000.00,943,240
70248,1000.00,942,244
70349,1000.00,943,240
70451,1000.00,941,247
70552,1000.00,942,244
70653,1000.00,941,247
70755,1000.00,942,244
70855,1000.00,941,247
70957,1000.00,942,244
71058,1000.00,943,240
71159,1000.00,942,244
71261,1000.00,940,250
71362,1000.00,941,247
71463,1000.00,944,237
71565,1000.00,941,247
71666,1000.00,941,247
71768,1000.00,942,244
71869,1000.00,941,247
71970,1000.00,942,244
72072,1000.00,941,247
72173,1000.00,940,250
72274,1000.00,941,247
72376,1000.00,937,260
72476,1000.00,942,244
72578,1000.00,941,247
72679,1000.00,942,244
72780,1000.00,942,244
72882,1000.00,942,244
72983,1000.00,943,240
73084,1000.00,942,244
73186,1000.00,940,250
73287,1000.00,941,247
73389,1000.00,941,247
73490,1000.00,940,250
73591,1000.00,943,240
73693,1000.00,940,250
73794,1000.00,941,247
73895,1000.00,941,247
73997,1000.00,941,247
74098,1000.00,941,247
74199,1000.00,941,247
74300,1000.00,944,237
74401,1000.00,942,244
74503,1000.00,941,247
74604,1000.00,942,244
74705,1000.00,942,244
74807,1000.00,937,260
74908,1000.00,944,237
75010,1000.00,943,240
75111,1000.00,941,247
75212,1000.00,942,244
75314,1000.00,943,240
75415,1000.00,943,240
75516,1000.00,942,244
75618,1000.00,942,244
75719,1000.00,942,244
75820,1000.00,943,240
75921,1000.00,941,247
76022,1000.00,941,247
76124,1000.00,938,257
76225,1000.00,941,247
76326,1000.00,943,240
76428,1000.00,940,250
76529,1000.00,940,250
76631,1000.00,941,247
76732,1000.00,943,240
76833,1000.00,942,244
76935,1000.00,943,240
77036,1000.00,943,240
77137,1000.00,944,237
77239,1000.00,941,247
77340,1000.00,941,247
77441,1000.00,942,244
77542,1000.00,943,240
77643,1000.00,940,250
77745,1000.00,941,247
77846,1000.00,941,247
77947,1000.00,943,240
78049,1000.00,941,247
78150,1000.00,942,244
78252,1000.00,941,247
78353,1000.00,942,244
78454,1000.00,942,244
78556,1000.00,943,240
78657,1000.00,942,244
78758,1000.00,942,244
78860,1000.00,944,237
78961,1000.00,939,253
79063,1000.00,943,240
79163,1000.00,943,240
79264,1000.00,941,247
79366,1000.00,942,244
79467,1000.00,944,237
79568,1000.00,941,247
79670,1000.00,941,247
79771,1000.00,942,244
79873,1000.00,942,244
79974,1000.00,941,247
80075,1000.00,943,240
80177,1000.00,941,247
80278,1000.00,942,244
80379,1000.00,937,260
80481,1000.00,943,240
80582,1000.00,941,247
80684,1000.00,943,240
80784,1000.00,941,247
80885,1000.00,941,247
80987,1000.00,942,244
81088,1000.00,943,240
81189,1000.00,942,244
81291,1000.00,943,240
81392,1000.00,941,247
81494,1000.00,944,237
81595,1000.00,942,244
81696,1000.00,942,244
81798,1000.00,940,250
81899,1000.00,942,244
82000,1000.00,942,244
82102,1000.00,941,247
82203,1000.00,941,247
82305,1000.00,942,244
82405,1000.00,941,247
82506,1000.00,942,244
82608,1000.00,941,247
82709,1000.00,941,247
82810,1000.00,942,244
82912,1000.00,941,247
83013,1000.00,944,237
83115,1000.00,941,247
83216,1000.00,942,244
83317,1000.00,941,247
83419,1000.00,943,240
83520,1000.00,942,244
83621,1000.00,943,240
83723,1000.00,941,247
83824,1000.00,942,244
83926,1000.00,941,247
84026,1000.00,943,240
84127,1000.00,943,240
84229,1000.00,943,240
84330,1000.00,941,247
84431,1000.00,942,244
84533,1000.00,941,247
84634,1000.00,941,247
84736,1000.00,941,247
84837,1000.00,943,240
84938,1000.00,942,244
85040,1000.00,941,247
85141,1000.00,944,237
85242,1000.00,943,240
85344,1000.00,941,247
85445,1000.00,942,244
85547,1000.00,943,240
85647,1000.00,945,234
85748,1000.00,941,247
85850,1000.00,945,234
85951,1000.00,941,247
86052,1000.00,943,240
86154,1000.00,941,247
86255,1000.00,941,247
86356,1000.00,943,240
86458,1000.00,943,240
86559,1000.00,942,244
86661,1000.00,942,244
86762,1000.00,941,247
86863,1000.00,943,240
86965,1000.00,944,237
87066,1000.00,941,247
87168,1000.00,943,240
87268,1000.00,942,244
87369,1000.00,942,244
87471,1000.00,943,240
87572,1000.00,940,250
87673,1000.00,942,244
87775,1000.00,942,244
87876,1000.00,941,247
87977,1000.00,942,244
88079,1000.00,943,240
88180,1000.00,941,247
88282,1000.00,942,244
88383,1000.00,944,237
88484,1000.00,941,247
88586,1000.00,942,244
88687,1000.00,940,250
88788,1000.00,942,244
88889,1000.00,941,247
88990,1000.00,941,247
89092,1000.00,943,240
89193,1000.00,941,247
89294,1000.00,941,247
89396,1000.00,942,244
89497,1000.00,941,247
89598,1000.00,941,247
89700,1000.00,944,237
89801,1000.00,942,244
89903,1000.00,943,240
90004,1000.00,941,247
90105,1000.00,941,247
90207,1000.00,937,260
90308,1000.00,942,244
90409,1000.00,942,244
90510,1000.00,943,240
90611,1000.00,942,244
90713,1000.00,942,244
90814,1000.00,943,240
90915,1000.00,944,237
91017,1000.00,943,240
91118,1000.00,943,240
91219,1000.00,943,240
91321,1000.00,941,247
91422,1000.00,941,247
91524,1000.00,944,237
91625,1000.00,939,253
91726,1000.00,943,240
91828,1000.00,943,240
91929,1000.00,941,247
92030,1000.00,942,244
92132,1000.00,943,240
92232,1000.00,943,240
92334,1000.00,942,244
92435,1000.00,943,240
92536,1000.00,942,244
92638,1000.00,941,247
92739,1000.00,941,247
92840,1000.00,941,247
92942,1000.00,942,244
93043,1000.00,941,247
93145,1000.00,942,244
93246,1000.00,941,247
93347,1000.00,942,244
93449,1000.00,943,240
93550,1000.00,943,240
93651,1000.00,943,240
93753,1000.00,944,237
93853,1000.00,943,240
93955,1000.00,944,237
94056,1000.00,941,247
94157,1000.00,942,244
94259,1000.00,941,247
94360,1000.00,946,231
94461,1000.00,943,240
94563,1000.00,943,240
94664,1000.00,944,237
94766,1000.00,944,237
94867,1000.00,943,240
94968,1000.00,942,244
95070,1000.00,944,237
95171,1000.00,943,240
95272,1000.00,942,244
95374,1000.00,941,247
95474,1000.00,942,244
95576,1000.00,941,247
95677,1000.00,942,244
95778,1000.00,943,240
95880,1000.00,941,247
95981,1000.00,944,237
96082,1000.00,944,237
96184,1000.00,942,244
96285,1000.00,945,234
96387,1000.00,941,247
96488,1000.00,943,240
96589,1000.00,945,234
96691,1000.00,941,247
96792,1000.00,941,247
96893,1000.00,939,253
96995,1000.00,943,240
97095,1000.00,942,244
97197,1000.00,944,237
97298,1000.00,943,240
97399,1000.00,942,244
97501,1000.00,943,240
97602,1000.00,943,240
97703,1000.00,944,237
97805,1000.00,942,244
97906,1000.00,943,240
98008,1000.00,941,247
98109,1000.00,942,244
98210,1000.00,945,234
98312,1000.00,944,237
98413,1000.00,941,247
98514,1000.00,942,244
98616,1000.00,942,244
98717,1000.00,943,240
98818,1000.00,941,247
98919,1000.00,943,240
99020,1000.00,944,237
99122,1000.00,941,247
99223,1000.00,942,244
99324,1000.00,941,247
99426,1000.00,941,247
99527,1000.00,943,240
99629,1000.00,942,244
99730,1000.00,942,244
99831,1000.00,943,240
99933,1000.00,943,240
100034,1000.00,942,244
100135,1000.00,943,240
100237,1000.00,943,240
100338,1000.00,942,244
100440,1000.00,942,244
100541,1000.00,945,234
100642,1000.00,941,247
100744,1000.00,941,247
100845,1000.00,942,244
100946,1000.00,942,244
101048,1000.00,943,240
101149,1000.00,941,247
101251,1000.00,943,240
101352,1000.00,942,244
101453,1000.00,939,253
101555,1000.00,942,244
101656,1000.00,945,234
101756,1000.00,944,237
101858,1000.00,943,240
101959,1000.00,943,240
102061,1000.00,941,247
102162,1000.00,942,244
102263,1000.00,944,237
102365,1000.00,941,247
102466,1000.00,942,244
102567,1000.00,941,247
102669,1000.00,943,240
102770,1000.00,942,244
102872,1000.00,941,247
102973,1000.00,943,240
103074,1000.00,945,234
103176,1000.00,941,247
103277,1000.00,943,240
103378,1000.00,941,247
103480,1000.00,942,244
103581,1000.00,944,237
103683,1000.00,944,237
103784,1000.00,942,244
103885,1000.00,942,244
103987,1000.00,943,240
104088,1000.00,942,244
104189,1000.00,939,253
104291,1000.00,943,240
104392,1000.00,943,240
104494,1000.00,942,244
104595,1000.00,943,240
104696,1000.00,944,237
104798,1000.00,943,240
104899,1000.00,944,237
105000,1000.00,943,240
105102,1000.00,944,237
105203,1000.00,944,237
105305,1000.00,941,247
105406,1000.00,943,240
105507,1000.00,943,240
105609,1000.00,944,237
105710,1000.00,942,244
105811,1000.00,944,237
105913,1000.00,941,247
106014,1000.00,942,244
106116,1000.00,944,237
106217,1000.00,944,237
106318,1000.00,943,240
106420,1000.00,942,244
106521,1000.00,942,244
106622,1000.00,943,240
106724,1000.00,943,240
106825,1000.00,941,247
106927,1000.00,942,244
107028,1000.00,941,247
107129,1000.00,943,240
107231,1000.00,941,247
107332,1000.00,942,244
107433,1000.00,943,240
107535,1000.00,942,244
107636,1000.00,941,247
107738,1000.00,942,244
107839,1000.00,943,240
107940,1000.00,944,237
108042,1000.00,943,240
108143,1000.00,940,250
108244,1000.00,944,237
108346,1000.00,943,240
108447,1000.00,942,244
108549,1000.00,943,240
108650,1000.00,944,237
108751,1000.00,945,234
108853,1000.00,943,240
108954,1000.00,943,240
109056,1000.00,943,240
109157,1000.00,943,240
109258,1000.00,944,237
109359,1000.00,941,247
109460,1000.00,941,247
109561,1000.00,942,244
109663,1000.00,944,237
109764,1000.00,943,240
109865,1000.00,942,244
109967,1000.00,942,244
110068,1000.00,941,247
110170,1000.00,942,244
110271,1000.00,943,240
110372,1000.00,944,237
110474,1000.00,943,240
110575,1000.00,943,240
110676,1000.00,943,240
110778,1000.00,943,240
110879,1000.00,944,237
110981,1000.00,943,240
111082,1000.00,944,237
111183,1000.00,943,240
111285,1000.00,945,234
111386,1000.00,943,240
111488,1000.00,942,244
111589,1000.00,944,237
111690,1000.00,941,247
111792,1000.00,943,240
111893,1000.00,943,240
111994,1000.00,944,237
112096,1000.00,944,237
112197,1000.00,943,240
112299,1000.00,944,237
112400,1000.00,944,237
112501,1000.00,943,240
112603,1000.00,943,240
112704,1000.00,945,234
112805,1000.00,940,250
112907,1000.00,943,240
113008,1000.00,944,237
113110,1000.00,943,240
113211,1000.00,943,240
113312,1000.00,944,237
113414,1000.00,943,240
113515,1000.00,942,244
113616,1000.00,943,240
113718,1000.00,943,240
113819,1000.00,944,237
113921,1000.00,942,244
114022,1000.00,941,247
114123,1000.00,941,247
114225,1000.00,944,237
114326,1000.00,943,240
114427,1000.00,942,244
114529,1000.00,943,240
114630,1000.00,944,237
114732,1000.00,943,240
114833,1000.00,942,244
114934,1000.00,943,240
115036,1000.00,942,244
115137,1000.00,943,240
115238,1000.00,944,237
115340,1000.00,943,240
115441,1000.00,943,240
115543,1000.00,943,240
115644,1000.00,944,237
115745,1000.00,943,240
115847,1000.00,944,237
115948,1000.00,945,234
116049,1000.00,939,253
116151,1000.00,944,237
116252,1000.00,941,247
116354,1000.00,939,253
116455,1000.00,941,247
116556,1000.00,944,237
116658,1000.00,943,240
116759,1000.00,942,244
116860,1000.00,943,240
116961,1000.00,942,244
117062,1000.00,942,244
117164,1000.00,941,247
117265,1000.00,943,240
117366,1000.00,944,237
117468,1000.00,943,240
117569,1000.00,943,240
117670,1000.00,941,247
117772,1000.00,944,237
117873,1000.00,941,247
117975,1000.00,943,240
118076,1000.00,942,244
118177,1000.00,944,237
118279,1000.00,944,237
118380,1000.00,944,237
118481,1000.00,944,237
118583,1000.00,946,231
118684,1000.00,944,237
118786,1000.00,943,240
118887,1000.00,941,247
118988,1000.00,944,237
119090,1000.00,942,244
119191,1000.00,944,237
119292,1000.00,943,240
119394,1000.00,940,250
119495,1000.00,944,237
119597,1000.00,942,244
119698,1000.00,941,247
119799,1000.00,944,237
119901,1000.00,944,237
120002,1000.00,943,240
120103,1000.00,943,240
120205,1000.00,943,240
120306,1000.00,944,237
120408,1000.00,944,237
120509,1000.00,943,240
120610,1000.00,944,237
120712,1000.00,941,247
120813,1000.00,943,240
120914,1000.00,944,237
121016,1000.00,941,247
121117,1000.00,942,244
121219,1000.00,942,244
121320,1000.00,942,244
121421,1000.00,944,237
121523,1000.00,942,244
121624,1000.00,944,237
121725,1000.00,943,240
121827,1000.00,942,244
121928,1000.00,944,237
122030,1000.00,939,253
122131,1000.00,945,234
122232,1000.00,944,237
122334,1000.00,943,240
122435,1000.00,945,234
122536,1000.00,943,240
122638,1000.00,943,240
122739,1000.00,944,237
122841,1000.00,943,240
122942,1000.00,942,244
123043,1000.00,944,237
123145,1000.00,943,240
123246,1000.00,941,247
123347,1000.00,944,237
123449,1000.00,944,237
123550,1000.00,942,244
123652,1000.00,943,240
123753,1000.00,942,244
123854,1000.00,945,234
123956,1000.00,944,237
124057,1000.00,941,247
124158,1000.00,942,244
124260,1000.00,938,257
124361,1000.00,944,237
124463,1000.00,944,237
124563,1000.00,944,237
124664,1000.00,942,244
124766,1000.00,944,237
124867,1000.00,945,234
124968,1000.00,943,240
125070,1000.00,944,237
125171,1000.00,944,237
125273,1000.00,942,244
125374,1000.00,944,237
125475,1000.00,944,237
125577,1000.00,942,244
125678,1000.00,942,244
125779,1000.00,943,240
125881,1000.00,944,237
125982,1000.00,944,237
126084,1000.00,942,244
126185,1000.00,944,237
126286,1000.00,943,240
126388,1000.00,941,247
126489,1000.00,944,237
126590,1000.00,944,237
126692,1000.00,943,240
126793,1000.00,945,234
126895,1000.00,942,244
126996,1000.00,941,247
127097,1000.00,944,237
127199,1000.00,943,240
127300,1000.00,943,240
127401,1000.00,943,240
127503,1000.00,944,237
127604,1000.00,945,234
127706,1000.00,943,240
127807,1000.00,945,234
127908,1000.00,943,240
128010,1000.00,944,237
128111,1000.00,942,244
128212,1000.00,944,237
128314,1000.00,941,247
128415,1000.00,946,231
128517,1000.00,942,244
128618,1000.00,943,240
128719,1000.00,943,240
128821,1000.00,942,244
128922,1000.00,943,240
129024,1000.00,941,247
129125,1000.00,943,240
129226,1000.00,943,240
129328,1000.00,943,240
129429,1000.00,942,244
129530,1000.00,943,240
129632,1000.00,944,237
129733,1000.00,946,231
129835,1000.00,942,244
129936,1000.00,943,240
130037,1000.00,943,240
130139,1000.00,944,237
130240,1000.00,943,240
130341,1000.00,943,240
130443,1000.00,944,237
130544,1000.00,943,240
130646,1000.00,944,237
130747,1000.00,943,240
130848,1000.00,944,237
130950,1000.00,944,237
131051,1000.00,941,247
131152,1000.00,944,237
131254,1000.00,943,240
131355,1000.00,942,244
131457,1000.00,943,240
131558,1000.00,941,247
131659,1000.00,944,237
131761,1000.00,941,247
131862,1000.00,945,234
131963,1000.00,943,240
132065,1000.00,943,240
132166,1000.00,942,244
132267,1000.00,943,240
132368,1000.00,944,237
132469,1000.00,945,234
132571,1000.00,943,240
132672,1000.00,941,247
132773,1000.00,942,244
132875,1000.00,943,240
132976,1000.00,944,237
133078,1000.00,944,237
133179,1000.00,943,240
133280,1000.00,943,240
133382,1000.00,943,240
133483,1000.00,942,244
133584,1000.00,943,240
133686,1000.00,943,240
133787,1000.00,944,237
133889,1000.00,943,240
133990,1000.00,944,237
134091,1000.00,942,244
134193,1000.00,943,240
134294,1000.00,944,237
134395,1000.00,945,234
134497,1000.00,942,244
134598,1000.00,943,240
134700,1000.00,944,237
134801,1000.00,943,240
134902,1000.00,943,240
135004,1000.00,943,240
135105,1000.00,943,240
135206,1000.00,945,234
135308,1000.00,942,244
135409,1000.00,943,240
135511,1000.00,941,247
135612,1000.00,943,240
135713,1000.00,943,240
135815,1000.00,943,240
135916,1000.00,942,244
136017,1000.00,942,244
136119,1000.00,942,244
136220,1000.00,941,247
136322,1000.00,943,240
136423,1000.00,944,237
136524,1000.00,944,237
136626,1000.00,945,234
136727,1000.00,945,234
136828,1000.00,943,240
136930,1000.00,943,240
137031,1000.00,943,240
137133,1000.00,944,237
137234,1000.00,940,250
137335,1000.00,944,237
137437,1000.00,942,244
137538,1000.00,942,244
137639,1000.00,941,247
137741,1000.00,946,231
137842,1000.00,943,240
137944,1000.00,942,244
138045,1000.00,944,237
138146,1000.00,943,240
138248,1000.00,942,244
138349,1000.00,941,247
138450,1000.00,944,237
138552,1000.00,941,247
138653,1000.00,944,237
138755,1000.00,945,234
138856,1000.00,944,237
138957,1000.00,943,240
139059,1000.00,946,231
139160,1000.00,943,240
139261,1000.00,942,244
139363,1000.00,943,240
139464,1000.00,942,244
139566,1000.00,942,244
139667,1000.00,944,237
139768,1000.00,944,237
139869,1000.00,944,237
139970,1000.00,945,234
140071,1000.00,944,237
140173,1000.00,943,240
140274,1000.00,943,240
140376,1000.00,942,244
140477,1000.00,944,237
140578,1000.00,946,231
140680,1000.00,943,240
140781,1000.00,943,240
140882,1000.00,943,240
140984,1000.00,943,240
141085,1000.00,943,240
141187,1000.00,944,237
141288,1000.00,940,250
141389,1000.00,943,240
141491,1000.00,944,237
141592,1000.00,943,240
141693,1000.00,943,240
141795,1000.00,943,240
141896,1000.00,943,240
141998,1000.00,943,240
142099,1000.00,943,240
142200,1000.00,945,234
142302,1000.00,943,240
142403,1000.00,943,240
142504,1000.00,944,237
142606,1000.00,943,240
142707,1000.00,944,237
142809,1000.00,945,234
142910,1000.00,942,244
143011,1000.00,944,237
143113,1000.00,943,240
143214,1000.00,943,240
143315,1000.00,942,244
143417,1000.00,942,244
143518,1000.00,943,240
143620,1000.00,944,237
143721,1000.00,945,234
143822,1000.00,943,240
143924,1000.00,945,234
144025,1000.00,944,237
144126,1000.00,944,237
144228,1000.00,942,244
144329,1000.00,944,237
144431,1000.00,942,244
144532,1000.00,943,240
144633,1000.00,940,250
144735,1000.00,944,237
144836,1000.00,944,237
144937,1000.00,944,237
145039,1000.00,945,234
145140,1000.00,946,231
145242,1000.00,944,237
145343,1000.00,943,240
145444,1000.00,943,240
145546,1000.00,945,234
145647,1000.00,944,237
145748,1000.00,942,244
145850,1000.00,943,240
145951,1000.00,943,240
146053,1000.00,943,240
146154,1000.00,944,237
146255,1000.00,944,237
146357,1000.00,943,240
146458,1000.00,944,237
146560,1000.00,944,237
146661,1000.00,943,240
146762,1000.00,945,234
146864,1000.00,943,240
146965,1000.00,945,234
147066,1000.00,944,237
147168,1000.00,942,244
147269,1000.00,943,240
147371,1000.00,944,237
147471,1000.00,942,244
147572,1000.00,944,237
147674,1000.00,943,240
147775,1000.00,944,237
147876,1000.00,944,237
147978,1000.00,943,240
148079,1000.00,942,244
148180,1000.00,943,240
148282,1000.00,945,234
148383,1000.00,943,240
148485,1000.00,945,234
148586,1000.00,945,234
148687,1000.00,943,240
148789,1000.00,945,234
148890,1000.00,942,244
148992,1000.00,942,244
149093,1000.00,944,237
149194,1000.00,943,240
149296,1000.00,945,234
149397,1000.00,942,244
149498,1000.00,943,240
149600,1000.00,944,237
149701,1000.00,943,240
149803,1000.00,943,240
149904,1000.00,944,237
150005,1000.00,943,240
150107,1000.00,943,240
150208,1000.00,943,240
150309,1000.00,941,247
150411,1000.00,943,240
150512,1000.00,943,240
150614,1000.00,943,240
150715,1000.00,943,240
150816,1000.00,944,237
150918,1000.00,943,240
151019,1000.00,943,240
151120,1000.00,943,240
151222,1000.00,946,231
151323,1000.00,944,237
151425,1000.00,944,237
151526,1000.00,943,240
151627,1000.00,942,244
151729,1000.00,946,231
151830,1000.00,944,237
151931,1000.00,944,237
152033,1000.00,943,240
152134,1000.00,946,231
152236,1000.00,942,244
152337,1000.00,945,234
152438,1000.00,944,237
152540,1000.00,944,237
152641,1000.00,944,237
152742,1000.00,943,240
152844,1000.00,945,234
152945,1000.00,943,240
153047,1000.00,944,237
153148,1000.00,942,244
153249,1000.00,944,237
153351,1000.00,944,237
153452,1000.00,946,231
153553,1000.00,943,240
153655,1000.00,943,240
153756,1000.00,943,240
153858,1000.00,943,240
153959,1000.00,940,250
154060,1000.00,946,231
154162,1000.00,944,237
154263,1000.00,944,237
154364,1000.00,943,240
154466,1000.00,944,237
154567,1000.00,945,234
154669,1000.00,943,240
154770,1000.00,943,240
154871,1000.00,944,237
154973,1000.00,944,237
155074,1000.00,943,240
155174,1000.00,944,237
155276,1000.00,943,240
155377,1000.00,945,234
155479,1000.00,944,237
155580,1000.00,943,240
155681,1000.00,944,237
155783,1000.00,944,237
155884,1000.00,945,234
155985,1000.00,943,240
156087,1000.00,939,253
156188,1000.00,945,234
156290,1000.00,944,237
156391,1000.00,944,237
156492,1000.00,946,231
156594,1000.00,944,237
156695,1000.00,943,240
156796,1000.00,943,240
156898,1000.00,944,237
156999,1000.00,943,240
157101,1000.00,942,244
157202,1000.00,944,237
157303,1000.00,944,237
157405,1000.00,945,234
157506,1000.00,945,234
157607,1000.00,944,237
157709,1000.00,942,244
157810,1000.00,944,237
157912,1000.00,945,234
158013,1000.00,944,237
158114,1000.00,944,237
158216,1000.00,942,244
158317,1000.00,942,244
158418,1000.00,945,234
158520,1000.00,943,240
158621,1000.00,944,237
158723,1000.00,943,240
158824,1000.00,946,231
158925,1000.00,944,237
159027,1000.00,944,237
159128,1000.00,945,234
159229,1000.00,943,240
159331,1000.00,943,240
159432,1000.00,943,240
159534,1000.00,944,237
159635,1000.00,941,247
159736,1000.00,944,237
159838,1000.00,942,244
159939,1000.00,943,240
160040,1000.00,944,237
160142,1000.00,946,231
160243,1000.00,943,240
160345,1000.00,944,237
160446,1000.00,945,234
160547,1000.00,946,231
160649,1000.00,944,237
160750,1000.00,944,237
160851,1000.00,943,240
160953,1000.00,942,244
161054,1000.00,943,240
161156,1000.00,943,240
161257,1000.00,944,237
161358,1000.00,944,237
161460,1000.00,944,237
161561,1000.00,944,237
161662,1000.00,943,240
161764,1000.00,944,237
161865,1000.00,944,237
161967,1000.00,943,240
162068,1000.00,943,240
162169,1000.00,944,237
162271,1000.00,939,253
162372,1000.00,943,240
162473,1000.00,944,237
162575,1000.00,943,240
162676,1000.00,946,231
162778,1000.00,943,240
162878,1000.00,945,234
162979,1000.00,945,234
163081,1000.00,942,244
163182,1000.00,946,231
163283,1000.00,943,240
163385,1000.00,944,237
163486,1000.00,945,234
163588,1000.00,944,237
163689,1000.00,943,240
163790,1000.00,943,240
163892,1000.00,943,240
163993,1000.00,943,240
164094,1000.00,943,240
164196,1000.00,944,237
164297,1000.00,944,237
164399,1000.00,945,234
164500,1000.00,943,240
164601,1000.00,944,237
164703,1000.00,943,240
164804,1000.00,943,240
164905,1000.00,944,237
165007,1000.00,945,234
165108,1000.00,942,244
165210,1000.00,945,234
165311,1000.00,944,237
165412,1000.00,945,234
165514,1000.00,946,231
165615,1000.00,943,240
165716,1000.00,944,237
165818,1000.00,943,240
165919,1000.00,942,244
166021,1000.00,943,240
166122,1000.00,944,237
166223,1000.00,943,240
166325,1000.00,939,253
166426,1000.00,944,237
166528,1000.00,943,240
166629,1000.00,944,237
166730,1000.00,945,234
166832,1000.00,944,237
166933,1000.00,944,237
167034,1000.00,943,240
167136,1000.00,943,240
167237,1000.00,946,231
167339,1000.00,943,240
167440,1000.00,945,234
167541,1000.00,943,240
167643,1000.00,939,253
167744,1000.00,944,237
167845,1000.00,946,231
167947,1000.00,943,240
168048,1000.00,945,234
168150,1000.00,944,237
168251,1000.00,945,234
168352,1000.00,944,237
168454,1000.00,945,234
168555,1000.00,944,237
168656,1000.00,945,234
168758,1000.00,944,237
168859,1000.00,945,234
168961,1000.00,946,231
169062,1000.00,945,234
169163,1000.00,943,240
169265,1000.00,944,237
169366,1000.00,944,237
169467,1000.00,943,240
169569,1000.00,943,240
169670,1000.00,944,237
169772,1000.00,944,237
169873,1000.00,945,234
169974,1000.00,946,231
170076,1000.00,943,240
170177,1000.00,944,237
170278,1000.00,944,237
170380,1000.00,944,237
170481,1000.00,944,237
170582,1000.00,943,240
170683,1000.00,946,231
170784,1000.00,944,237
170886,1000.00,946,231
170987,1000.00,943,240
171088,1000.00,944,237
171190,1000.00,946,231
171291,1000.00,943,240
171393,1000.00,944,237
171494,1000.00,944,237
171595,1000.00,946,231
171697,1000.00,944,237
171798,1000.00,944,237
171899,1000.00,943,240
172001,1000.00,944,237
172102,1000.00,944,237
172204,1000.00,944,237
172305,1000.00,942,244
172406,1000.00,944,237
172508,1000.00,944,237
172609,1000.00,942,244
172710,1000.00,943,240
172812,1000.00,945,234
172913,1000.00,943,240
173015,1000.00,943,240
173116,1000.00,942,244
173217,1000.00,943,240
173319,1000.00,944,237
173420,1000.00,943,240
173521,1000.00,946,231
173623,1000.00,945,234
173724,1000.00,943,240
173826,1000.00,945,234
173927,1000.00,943,240
174028,1000.00,942,244
174130,1000.00,944,237
174231,1000.00,943,240
174332,1000.00,942,244
174434,1000.00,946,231
174535,1000.00,944,237
174637,1000.00,943,240
174738,1000.00,944,237
174839,1000.00,946,231
174941,1000.00,945,234
175042,1000.00,944,237
175143,1000.00,945,234
175245,1000.00,944,237
175346,1000.00,943,240
175448,1000.00,944,237
175549,1000.00,944,237
175650,1000.00,941,247
175752,1000.00,946,231
175853,1000.00,944,237
175954,1000.00,944,237
176056,1000.00,945,234
176157,1000.00,946,231
176259,1000.00,946,231
176360,1000.00,946,231
176461,1000.00,945,234
176563,1000.00,944,237
176664,1000.00,944,237
176765,1000.00,944,237
176867,1000.00,946,231
176968,1000.00,941,247
177070,1000.00,945,234
177171,1000.00,942,244
177272,1000.00,943,240
177374,1000.00,945,234
177475,1000.00,946,231
177576,1000.00,944,237
177678,1000.00,946,231
177779,1000.00,946,231
177881,1000.00,946,231
177982,1000.00,945,234
178083,1000.00,945,234
178184,1000.00,943,240
178285,1000.00,945,234
178386,1000.00,944,237
178488,1000.00,944,237
178589,1000.00,943,240
178691,1000.00,943,240
178792,1000.00,946,231
178893,1000.00,943,240
178995,1000.00,945,234
179096,1000.00,940,250
179197,1000.00,945,234
179299,1000.00,946,231
179400,1000.00,944,237
179502,1000.00,944,237
179603,1000.00,944,237
179704,1000.00,943,240
179806,1000.00,944,237
179907,1000.00,944,237
180008,1000.00,944,237
180110,1000.00,944,237
180211,1000.00,944,237
180313,1000.00,945,234
180414,1000.00,945,234
180515,1000.00,944,237
180617,1000.00,945,234
180718,1000.00,945,234
180819,1000.00,944,237
180921,1000.00,944,237
181022,1000.00,943,240
181124,1000.00,945,234
181225,1000.00,946,231
181326,1000.00,944,237
181428,1000.00,946,231
181529,1000.00,943,240
181630,1000.00,943,240
181732,1000.00,946,231
181833,1000.00,945,234
181935,1000.00,945,234
182036,1000.00,945,234
182137,1000.00,946,231
182239,1000.00,943,240
182340,1000.00,946,231
182441,1000.00,943,240
182543,1000.00,946,231
182644,1000.00,946,231
182746,1000.00,946,231
182847,1000.00,944,237
182948,1000.00,945,234
183050,1000.00,944,237
183151,1000.00,944,237
183252,1000.00,945,234
183354,1000.00,942,244
183455,1000.00,944,237
183557,1000.00,943,240
183658,1000.00,946,231
183759,1000.00,946,231
183861,1000.00,944,237
183962,1000.00,945,234
184064,1000.00,945,234
184165,1000.00,946,231
184266,1000.00,944,237
184368,1000.00,946,231
184469,1000.00,945,234
184570,1000.00,944,237
184672,1000.00,944,237
184773,1000.00,943,240
184875,1000.00,944,237
184976,1000.00,945,234
185077,1000.00,945,234
185179,1000.00,945,234
185280,1000.00,945,234
185381,1000.00,944,237
185483,1000.00,945,234
185584,1000.00,944,237
185686,1000.00,945,234
185786,1000.00,943,240
185887,1000.00,941,247
185989,1000.00,944,237
186090,1000.00,944,237
186191,1000.00,946,231
186293,1000.00,944,237
186394,1000.00,944,237
186496,1000.00,945,234
186597,1000.00,945,234
186698,1000.00,944,237
186800,1000.00,944,237
186901,1000.00,944,237
187002,1000.00,944,237
187104,1000.00,944,237
187205,1000.00,946,231
187307,1000.00,945,234
187408,1000.00,946,231
187509,1000.00,945,234
187611,1000.00,945,234
187712,1000.00,946,231
187813,1000.00,945,234
187915,1000.00,945,234
188016,1000.00,944,237
188118,1000.00,943,240
188219,1000.00,943,240
188320,1000.00,943,240
188422,1000.00,946,231
188523,1000.00,945,234
188624,1000.00,943,240
188726,1000.00,944,237
188827,1000.00,946,231
188929,1000.00,946,231
189030,1000.00,945,234
189131,1000.00,943,240
189233,1000.00,944,237
189334,1000.00,945,234
189435,1000.00,946,231
189537,1000.00,945,234
189638,1000.00,944,237
189740,1000.00,946,231
189841,1000.00,945,234
189942,1000.00,944,237
190044,1000.00,943,240
190145,1000.00,946,231
190246,1000.00,946,231
190348,1000.00,944,237
190449,1000.00,945,234
190551,1000.00,944,237
190652,1000.00,944,237
190753,1000.00,945,234
190855,1000.00,945,234
190956,1000.00,944,237
191057,1000.00,944,237
191159,1000.00,944,237
191260,1000.00,945,234
191362,1000.00,942,244
191463,1000.00,944,237
191564,1000.00,944,237
191666,1000.00,945,234
191767,1000.00,943,240
191868,1000.00,944,237
191970,1000.00,944,237
192071,1000.00,946,231
192173,1000.00,945,234
192274,1000.00,943,240
192375,1000.00,943,240
192477,1000.00,946,231
192578,1000.00,944,237
192679,1000.00,946,231
192781,1000.00,944,237
192882,1000.00,945,234
192984,1000.00,945,234
193085,1000.00,944,237
193186,1000.00,945,234
193288,1000.00,945,234
193389,1000.00,946,231
193489,1000.00,944,237
193591,1000.00,945,234
193692,1000.00,945,234
193794,1000.00,944,237
193895,1000.00,944,237
193996,1000.00,944,237
194098,1000.00,944,237
194199,1000.00,943,240
194300,1000.00,944,237
194402,1000.00,944,237
194503,1000.00,946,231
194605,1000.00,946,231
194706,1000.00,946,231
194807,1000.00,945,234
194909,1000.00,946,231
195010,1000.00,943,240
195111,1000.00,944,237
195213,1000.00,945,234
195314,1000.00,944,237
195416,1000.00,946,231
195517,1000.00,946,231
195618,1000.00,944,237
195720,1000.00,945,234
195821,1000.00,946,231
195922,1000.00,946,231
196024,1000.00,945,234
196125,1000.00,944,237
196227,1000.00,943,240
196328,1000.00,943,240
196429,1000.00,945,234
196531,1000.00,946,231
196632,1000.00,943,240
196733,1000.00,944,237
196835,1000.00,944,237
196936,1000.00,943,240
197038,1000.00,946,231
197139,1000.00,946,231
197240,1000.00,946,231
197342,1000.00,945,234
197443,1000.00,945,234
197544,1000.00,944,237
197646,1000.00,943,240
197747,1000.00,944,237
197849,1000.00,945,234
197950,1000.00,945,234
198051,1000.00,944,237
198153,1000.00,944,237
198254,1000.00,943,240
198355,1000.00,944,237
198457,1000.00,945,234
198558,1000.00,944,237
198660,1000.00,946,231
198761,1000.00,946,231
198862,1000.00,946,231
198964,1000.00,944,237
199065,1000.00,944,237
199166,1000.00,946,231
199268,1000.00,945,234
199369,1000.00,945,234
199471,1000.00,946,231
199572,1000.00,944,237
199673,1000.00,946,231
199775,1000.00,944,237
199876,1000.00,945,234
199977,1000.00,943,240
200079,1000.00,946,231
200180,1000.00,945,234
200282,1000.00,943,240
200383,1000.00,943,240
200484,1000.00,946,231
200586,1000.00,944,237
200687,1000.00,944,237
200788,1000.00,946,231
200890,1000.00,944,237
200991,1000.00,945,234
201093,1000.00,946,231
201193,1000.00,943,240
201294,1000.00,944,237
201396,1000.00,944,237
201497,1000.00,945,234
201598,1000.00,946,231
201700,1000.00,943,240
201801,1000.00,943,240
201903,1000.00,944,237
202004,1000.00,943,240
202105,1000.00,945,234
202207,1000.00,946,231
202308,1000.00,943,240
202409,1000.00,945,234
202511,1000.00,946,231
202612,1000.00,943,240
202714,1000.00,946,231
202815,1000.00,945,234
202916,1000.00,945,234
203018,1000.00,943,240
203119,1000.00,944,237
203220,1000.00,943,240
203322,1000.00,946,231
203423,1000.00,946,231
203525,1000.00,946,231
203626,1000.00,946,231
203727,1000.00,945,234
203829,1000.00,946,231
203930,1000.00,946,231
204032,1000.00,943,240
204133,1000.00,945,234
204234,1000.00,946,231
204336,1000.00,943,240
204437,1000.00,946,231
204538,1000.00,943,240
204640,1000.00,944,237
204741,1000.00,943,240
204843,1000.00,946,231
204944,1000.00,943,240
205045,1000.00,944,237
205147,1000.00,945,234
205248,1000.00,946,231
205349,1000.00,945,234
205451,1000.00,945,234
205552,1000.00,946,231
205654,1000.00,942,244
205755,1000.00,946,231
205856,1000.00,946,231
205958,1000.00,945,234
206059,1000.00,943,240
206160,1000.00,946,231
206262,1000.00,944,237
206363,1000.00,946,231
206465,1000.00,944,237
206566,1000.00,945,234
206667,1000.00,944,237
206769,1000.00,945,234
206870,1000.00,945,234
206971,1000.00,942,244
207073,1000.00,944,237
207174,1000.00,943,240
207276,1000.00,944,237
207377,1000.00,945,234
207478,1000.00,945,234
207580,1000.00,943,240
207681,1000.00,944,237
207782,1000.00,945,234
207884,1000.00,946,231
207985,1000.00,946,231
208087,1000.00,946,231
208188,1000.00,945,234
208289,1000.00,944,237
208391,1000.00,945,234
208492,1000.00,944,237
208593,1000.00,945,234
208695,1000.00,944,237
208796,1000.00,945,234
208897,1000.00,944,237
208998,1000.00,945,234
209099,1000.00,945,234
209201,1000.00,943,240
209302,1000.00,945,234
209403,1000.00,946,231
209505,1000.00,945,234
209606,1000.00,944,237
209708,1000.00,945,234
209809,1000.00,946,231
209910,1000.00,945,234
210012,1000.00,945,234
210113,1000.00,945,234
210214,1000.00,945,234
210316,1000.00,941,247
210417,1000.00,946,231
210519,1000.00,944,237
210620,1000.00,946,231
210721,1000.00,947,227
210823,1000.00,943,240
210924,1000.00,945,234
211025,1000.00,945,234
211127,1000.00,945,234
211228,1000.00,943,240
211330,1000.00,943,240
211431,1000.00,945,234
211532,1000.00,945,234
211634,1000.00,946,231
211735,1000.00,943,240
211836,1000.00,946,231
211938,1000.00,941,247
212039,1000.00,944,237
212141,1000.00,944,237
212242,1000.00,945,234
212343,1000.00,945,234
212445,1000.00,946,231
212546,1000.00,945,234
212647,1000.00,945,234
212749,1000.00,943,240
212850,1000.00,944,237
212952,1000.00,945,234
213053,1000.00,944,237
213154,1000.00,943,240
213256,1000.00,942,244
213357,1000.00,946,231
213458,1000.00,945,234
213560,1000.00,945,234
213661,1000.00,946,231
213763,1000.00,946,231
213864,1000.00,945,234
213965,1000.00,946,231
214067,1000.00,943,240
214168,1000.00,945,234
214269,1000.00,945,234
214371,1000.00,945,234
214472,1000.00,945,234
214574,1000.00,943,240
214675,1000.00,946,231
214776,1000.00,945,234
214878,1000.00,946,231
214979,1000.00,946,231
215080,1000.00,945,234
215182,1000.00,945,234
215283,1000.00,944,237
215385,1000.00,944,237
215486,1000.00,945,234
215587,1000.00,945,234
215689,1000.00,946,231
215790,1000.00,945,234
215891,1000.00,945,234
215993,1000.00,946,231
216094,1000.00,945,234
216196,1000.00,945,234
216297,1000.00,947,227
216398,1000.00,945,234
216500,1000.00,945,234
216600,1000.00,943,240
216701,1000.00,943,240
216803,1000.00,945,234
216904,1000.00,946,231
217006,1000.00,945,234
217107,1000.00,944,237
217208,1000.00,945,234
217310,1000.00,944,237
217411,1000.00,945,234
217512,1000.00,945,234
217614,1000.00,942,244
217715,1000.00,945,234
217817,1000.00,945,234
217918,1000.00,945,234
218019,1000.00,946,231
218121,1000.00,945,234
218222,1000.00,945,234
218323,1000.00,945,234
218425,1000.00,945,234
218526,1000.00,946,231
218628,1000.00,945,234
218729,1000.00,945,234
218830,1000.00,945,234
218932,1000.00,945,234
219033,1000.00,946,231
219134,1000.00,947,227
219236,1000.00,945,234
219337,1000.00,945,234
219439,1000.00,945,234
219540,1000.00,941,247
219641,1000.00,945,234
219743,1000.00,944,237
219844,1000.00,945,234
219945,1000.00,945,234
220047,1000.00,946,231
220148,1000.00,945,234
220250,1000.00,946,231
220351,1000.00,945,234
220452,1000.00,946,231
220554,1000.00,945,234
220655,1000.00,945,234
220756,1000.00,944,237
220858,1000.00,942,244
220959,1000.00,946,231
221061,1000.00,946,231
221162,1000.00,946,231
221263,1000.00,945,234
221365,1000.00,946,231
221466,1000.00,944,237
221568,1000.00,945,234
221669,1000.00,943,240
221770,1000.00,945,234
221872,1000.00,945,234
221973,1000.00,948,224
222074,1000.00,946,231
222176,1000.00,943,240
222277,1000.00,944,237
222379,1000.00,945,234
222480,1000.00,946,231
222581,1000.00,946,231
222683,1000.00,946,231
222784,1000.00,944,237
222885,1000.00,945,234
222987,1000.00,945,234
223088,1000.00,945,234
223190,1000.00,944,237
223291,1000.00,944,237
223392,1000.00,944,237
223494,1000.00,945,234
223595,1000.00,946,231
223696,1000.00,948,224
223798,1000.00,943,240
223899,1000.00,943,240
224001,1000.00,946,231
224102,1000.00,944,237
224203,1000.00,944,237
224304,1000.00,945,234
224405,1000.00,945,234
224506,1000.00,945,234
224608,1000.00,944,237
224709,1000.00,943,240
224811,1000.00,945,234
224912,1000.00,944,237
225013,1000.00,945,234
225115,1000.00,946,231
225216,1000.00,945,234
225317,1000.00,946,231
225419,1000.00,945,234
225520,1000.00,944,237
225622,1000.00,945,234
225723,1000.00,945,234
225824,1000.00,942,244
225926,1000.00,944,237
226027,1000.00,945,234
226128,1000.00,945,234
226230,1000.00,945,234
226331,1000.00,946,231
226433,1000.00,946,231
226534,1000.00,943,240
226635,1000.00,946,231
226737,1000.00,945,234
226838,1000.00,945,234
226939,1000.00,945,234
227041,1000.00,946,231
227142,1000.00,946,231
227244,1000.00,943,240
227345,1000.00,946,231
227446,1000.00,945,234
227548,1000.00,946,231
227649,1000.00,948,224
227750,1000.00,944,237
227852,1000.00,946,231
227953,1000.00,946,231
228055,1000.00,945,234
228156,1000.00,944,237
228257,1000.00,945,234
228359,1000.00,946,231
228460,1000.00,945,234
228561,1000.00,943,240
228663,1000.00,945,234
228764,1000.00,945,234
228866,1000.00,943,240
228967,1000.00,945,234
229068,1000.00,945,234
229170,1000.00,944,237
229271,1000.00,946,231
229372,1000.00,945,234
229474,1000.00,946,231
229575,1000.00,945,234
229677,1000.00,946,231
229778,1000.00,946,231
229879,1000.00,945,234
229981,1000.00,945,234
230082,1000.00,944,237
230183,1000.00,945,234
230285,1000.00,946,231
230386,1000.00,944,237
230488,1000.00,945,234
230589,1000.00,946,231
230690,1000.00,944,237
230792,1000.00,944,237
230893,1000.00,945,234
230994,1000.00,946,231
231096,1000.00,945,234
231197,1000.00,944,237
231299,1000.00,946,231
231400,1000.00,942,244
231501,1000.00,944,237
231603,1000.00,946,231
231704,1000.00,945,234
231804,1000.00,944,237
231906,1000.00,945,234
232007,1000.00,945,234
232109,1000.00,947,227
232210,1000.00,945,234
232311,1000.00,945,234
232413,1000.00,945,234
232514,1000.00,945,234
232615,1000.00,944,237
232717,1000.00,946,231
232818,1000.00,945,234
232920,1000.00,946,231
233021,1000.00,945,234
233122,1000.00,945,234
233224,1000.00,945,234
233325,1000.00,945,234
233426,1000.00,944,237
233528,1000.00,945,234
233629,1000.00,946,231
233731,1000.00,943,240
233832,1000.00,945,234
233933,1000.00,946,231
234035,1000.00,944,237
234136,1000.00,945,234
234237,1000.00,945,234
234339,1000.00,945,234
234440,1000.00,944,237
234542,1000.00,945,234
234643,1000.00,943,240
234744,1000.00,945,234
234846,1000.00,943,240
234947,1000.00,946,231
235048,1000.00,946,231
235150,1000.00,946,231
235251,1000.00,945,234
235353,1000.00,944,237
235454,1000.00,945,234
235555,1000.00,944,237
235657,1000.00,945,234
235758,1000.00,943,240
235859,1000.00,946,231
235961,1000.00,946,231
236062,1000.00,945,234
236164,1000.00,945,234
236265,1000.00,946,231
236366,1000.00,943,240
236468,1000.00,945,234
236569,1000.00,947,227
236670,1000.00,946,231
236772,1000.00,945,234
236873,1000.00,946,231
236975,1000.00,946,231
237076,1000.00,944,237
237177,1000.00,946,231
237279,1000.00,943,240
237380,1000.00,944,237
237481,1000.00,942,244
237583,1000.00,947,227
237684,1000.00,945,234
237786,1000.00,946,231
237887,1000.00,943,240
237988,1000.00,943,240
238090,1000.00,944,237
238191,1000.00,946,231
238292,1000.00,943,240
238394,1000.00,947,227
238495,1000.00,946,231
238597,1000.00,946,231
238698,1000.00,944,237
238799,1000.00,945,234
238901,1000.00,947,227
239002,1000.00,945,234
239104,1000.00,945,234
239205,1000.00,945,234
239306,1000.00,945,234
239408,1000.00,945,234
239508,1000.00,947,227
239609,1000.00,944,237
239711,1000.00,945,234
239812,1000.00,946,231
239913,1000.00,945,234
240015,1000.00,944,237
240116,1000.00,945,234
240218,1000.00,945,234
240319,1000.00,945,234
240420,1000.00,945,234
240522,1000.00,947,227
240623,1000.00,944,237
240724,1000.00,947,227
240826,1000.00,946,231
240927,1000.00,944,237
241029,1000.00,945,234
241130,1000.00,945,234
241231,1000.00,943,240
241333,1000.00,944,237
241434,1000.00,944,237
241536,1000.00,946,231
241637,1000.00,945,234
241738,1000.00,946,231
241840,1000.00,945,234
241941,1000.00,945,234
242042,1000.00,946,231
242144,1000.00,946,231
242245,1000.00,945,234
242347,1000.00,947,227
242448,1000.00,945,234
242549,1000.00,946,231
242651,1000.00,948,224
242752,1000.00,946,231
242853,1000.00,947,227
242955,1000.00,946,231
243056,1000.00,945,234
243158,1000.00,946,231
243259,1000.00,943,240
243360,1000.00,946,231
243462,1000.00,945,234
243563,1000.00,945,234
243664,1000.00,945,234
243766,1000.00,944,237
243867,1000.00,944,237
243969,1000.00,946,231
244070,1000.00,946,231
244171,1000.00,944,237
244273,1000.00,945,234
244374,1000.00,945,234
244475,1000.00,945,234
244577,1000.00,945,234
244678,1000.00,945,234
244780,1000.00,944,237
244881,1000.00,945,234
244982,1000.00,945,234
245084,1000.00,944,237
245185,1000.00,946,231
245286,1000.00,945,234
245388,1000.00,944,237
245489,1000.00,942,244
245591,1000.00,946,231
245692,1000.00,944,237
245793,1000.00,946,231
245895,1000.00,946,231
245996,1000.00,945,234
246097,1000.00,945,234
246199,1000.00,946,231
246300,1000.00,947,227
246402,1000.00,945,234
246503,1000.00,945,234
246604,1000.00,945,234
246706,1000.00,945,234
246807,1000.00,946,231
246908,1000.00,944,237
247010,1000.00,944,237
247111,1000.00,946,231
247212,1000.00,945,234
247313,1000.00,946,231
247414,1000.00,947,227
247516,1000.00,946,231
247617,1000.00,941,247
247718,1000.00,945,234
247820,1000.00,946,231
247921,1000.00,946,231
248023,1000.00,946,231
248124,1000.00,945,234
248225,1000.00,945,234
248327,1000.00,945,234
248428,1000.00,943,240
248529,1000.00,946,231
248631,1000.00,946,231
248732,1000.00,945,234
248834,1000.00,947,227
248935,1000.00,945,234
249036,1000.00,943,240
249138,1000.00,945,234
249239,1000.00,946,231
249340,1000.00,946,231
249442,1000.00,945,234
249543,1000.00,946,231
249645,1000.00,948,224
249746,1000.00,947,227
249847,1000.00,944,237
249949,1000.00,947,227
250050,1000.00,945,234
250151,1000.00,945,234
250253,1000.00,946,231
250354,1000.00,946,231
250456,1000.00,944,237
250557,1000.00,945,234
250658,1000.00,946,231
250760,1000.00,944,237
250861,1000.00,945,234
250962,1000.00,948,224
251064,1000.00,945,234
251165,1000.00,945,234
251267,1000.00,945,234
251368,1000.00,946,231
251469,1000.00,945,234
251571,1000.00,945,234
251672,1000.00,947,227
251773,1000.00,945,234
251875,1000.00,945,234
251976,1000.00,946,231
252078,1000.00,944,237
252179,1000.00,946,231
252280,1000.00,948,224
252382,1000.00,946,231
252483,1000.00,947,227
252584,1000.00,946,231
252686,1000.00,946,231
252787,1000.00,946,231
252889,1000.00,945,234
252990,1000.00,944,237
253091,1000.00,945,234
253193,1000.00,944,237
253294,1000.00,946,231
253395,1000.00,946,231
253497,1000.00,945,234
253598,1000.00,946,231
253700,1000.00,944,237
253801,1000.00,946,231
253902,1000.00,945,234
254004,1000.00,945,234
254105,1000.00,944,237
254206,1000.00,945,234
254308,1000.00,946,231
254409,1000.00,946,231
254511,1000.00,945,234
254612,1000.00,945,234
254713,1000.00,946,231
254814,1000.00,946,231
254915,1000.00,946,231
255016,1000.00,945,234
255118,1000.00,945,234
255219,1000.00,946,231
255321,1000.00,944,237
255422,1000.00,944,237
255523,1000.00,943,240
255625,1000.00,944,237
255726,1000.00,945,234
255827,1000.00,946,231
255929,1000.00,946,231
256030,1000.00,945,234
256132,1000.00,946,231
256233,1000.00,944,237
256334,1000.00,944,237
256436,1000.00,944,237
256537,1000.00,948,224
256638,1000.00,946,231
256740,1000.00,945,234
256841,1000.00,945,234
256943,1000.00,947,227
257044,1000.00,944,237
257145,1000.00,947,227
257247,1000.00,943,240
257348,1000.00,946,231
257449,1000.00,945,234
257551,1000.00,946,231
257652,1000.00,946,231
257754,1000.00,944,237
257855,1000.00,946,231
257956,1000.00,945,234
258058,1000.00,945,234
258159,1000.00,945,234
258260,1000.00,945,234
258362,1000.00,946,231
258463,1000.00,946,231
258565,1000.00,945,234
258666,1000.00,946,231
258767,1000.00,946,231
258869,1000.00,946,231
258970,1000.00,945,234
259072,1000.00,944,237
259173,1000.00,943,240
259274,1000.00,945,234
259376,1000.00,946,231
259477,1000.00,946,231
259578,1000.00,947,227
259680,1000.00,945,234
259781,1000.00,946,231
259883,1000.00,945,234
259984,1000.00,945,234
260085,1000.00,946,231
260187,1000.00,945,234
260288,1000.00,946,231
260389,1000.00,944,237
260491,1000.00,945,234
260592,1000.00,946,231
260694,1000.00,947,227
260795,1000.00,946,231
260896,1000.00,945,234
260998,1000.00,944,237
261099,1000.00,945,234
261200,1000.00,945,234
261302,1000.00,946,231
261403,1000.00,944,237
261505,1000.00,945,234
261606,1000.00,946,231
261707,1000.00,947,227
261809,1000.00,946,231
261910,1000.00,946,231
262011,1000.00,947,227
262113,1000.00,946,231
262214,1000.00,948,224
262316,1000.00,946,231
262417,1000.00,943,240
262517,1000.00,944,237
262619,1000.00,946,231
262720,1000.00,946,231
262821,1000.00,947,227
262923,1000.00,945,234
263024,1000.00,946,231
263126,1000.00,946,231
263227,1000.00,947,227
263328,1000.00,947,227
263430,1000.00,945,234
263531,1000.00,943,240
263632,1000.00,948,224
263734,1000.00,944,237
263835,1000.00,948,224
263937,1000.00,947,227
264038,1000.00,946,231
264139,1000.00,945,234
264241,1000.00,945,234
264342,1000.00,942,244
264443,1000.00,945,234
264545,1000.00,945,234
264646,1000.00,945,234
264748,1000.00,944,237
264849,1000.00,947,227
264950,1000.00,944,237
265052,1000.00,946,231
265153,1000.00,945,234
265254,1000.00,943,240
265356,1000.00,945,234
265457,1000.00,945,234
265559,1000.00,945,234
265660,1000.00,946,231
265761,1000.00,944,237
265863,1000.00,946,231
265964,1000.00,945,234
266065,1000.00,945,234
266167,1000.00,945,234
266268,1000.00,946,231
266370,1000.00,946,231
266471,1000.00,944,237
266572,1000.00,946,231
266674,1000.00,946,231
266775,1000.00,945,234
266876,1000.00,944,237
266978,1000.00,945,234
267079,1000.00,945,234
267181,1000.00,946,231
267282,1000.00,946,231
267383,1000.00,943,240
267485,1000.00,945,234
267586,1000.00,946,231
267687,1000.00,945,234
267789,1000.00,944,237
267890,1000.00,945,234
267992,1000.00,943,240
268093,1000.00,946,231
268194,1000.00,943,240
268296,1000.00,945,234
268397,1000.00,944,237
268498,1000.00,946,231
268600,1000.00,945,234
268701,1000.00,946,231
268803,1000.00,944,237
268904,1000.00,943,240
269005,1000.00,942,244
269107,1000.00,948,224
269208,1000.00,944,237
269309,1000.00,946,231
269411,1000.00,945,234
269512,1000.00,945,234
269614,1000.00,944,237
269715,1000.00,946,231
269816,1000.00,947,227
269918,1000.00,944,237
270019,1000.00,946,231
270119,1000.00,945,234
270221,1000.00,947,227
270322,1000.00,945,234
270424,1000.00,946,231
270525,1000.00,943,240
270626,1000.00,945,234
270728,1000.00,946,231
270829,1000.00,946,231
270930,1000.00,945,234
271032,1000.00,946,231
271133,1000.00,946,231
271235,1000.00,947,227
271336,1000.00,943,240
271437,1000.00,942,244
271539,1000.00,945,234
271640,1000.00,945,234
271741,1000.00,945,234
271843,1000.00,946,231
271944,1000.00,946,231
272046,1000.00,944,237
272147,1000.00,949,221
272248,1000.00,946,231
272350,1000.00,945,234
272451,1000.00,946,231
272552,1000.00,944,237
272654,1000.00,945,234
272755,1000.00,945,234
272857,1000.00,946,231
272958,1000.00,945,234
273059,1000.00,945,234
273161,1000.00,945,234
273262,1000.00,945,234
273363,1000.00,946,231
273465,1000.00,946,231
273566,1000.00,948,224
273668,1000.00,946,231
273769,1000.00,946,231
273870,1000.00,946,231
273972,1000.00,945,234
274073,1000.00,946,231
274174,1000.00,945,234
274276,1000.00,945,234
274377,1000.00,945,234
274479,1000.00,944,237
274580,1000.00,945,234
274681,1000.00,946,231
274783,1000.00,946,231
274884,1000.00,946,231
274985,1000.00,947,227
275087,1000.00,943,240
275188,1000.00,946,231
275290,1000.00,945,234
275391,1000.00,946,231
275492,1000.00,946,231
275594,1000.00,947,227
275695,1000.00,945,234
275796,1000.00,946,231
275898,1000.00,945,234
275999,1000.00,946,231
276101,1000.00,947,227
276202,1000.00,945,234
276303,1000.00,945,234
276405,1000.00,945,234
276506,1000.00,945,234
276608,1000.00,945,234
276709,1000.00,946,231
276810,1000.00,945,234
276912,1000.00,945,234
277013,1000.00,943,240
277114,1000.00,946,231
277216,1000.00,945,234
277317,1000.00,947,227
277419,1000.00,946,231
277520,1000.00,945,234
277621,1000.00,943,240
277723,1000.00,945,234
277823,1000.00,946,231
277924,1000.00,946,231
278026,1000.00,945,234
278127,1000.00,946,231
278228,1000.00,944,237
278330,1000.00,945,234
278431,1000.00,946,231
278533,1000.00,943,240
278634,1000.00,946,231
278735,1000.00,946,231
278837,1000.00,946,231
278938,1000.00,946,231
279040,1000.00,946,231
279141,1000.00,945,234
279242,1000.00,945,234
279344,1000.00,945,234
279445,1000.00,946,231
279546,1000.00,948,224
279648,1000.00,945,234
279749,1000.00,945,234
279851,1000.00,948,224
279952,1000.00,943,240
280053,1000.00,945,234
280155,1000.00,946,231
280256,1000.00,944,237
280357,1000.00,947,227
280459,1000.00,944,237
280560,1000.00,945,234
280662,1000.00,945,234
280763,1000.00,946,231
280864,1000.00,945,234
280966,1000.00,947,227
281067,1000.00,945,234
281168,1000.00,945,234
281270,1000.00,947,227
281371,1000.00,944,237
281473,1000.00,946,231
281574,1000.00,945,234
281675,1000.00,945,234
281777,1000.00,945,234
281878,1000.00,946,231
281979,1000.00,945,234
282081,1000.00,946,231
282182,1000.00,944,237
282284,1000.00,947,227
282385,1000.00,945,234
282486,1000.00,948,224
282588,1000.00,947,227
282689,1000.00,945,234
282790,1000.00,945,234
282892,1000.00,944,237
282993,1000.00,944,237
283095,1000.00,945,234
283196,1000.00,948,224
283297,1000.00,946,231
283399,1000.00,943,240
283500,1000.00,946,231
283601,1000.00,944,237
283703,1000.00,945,234
283804,1000.00,946,231
283906,1000.00,948,224
284007,1000.00,946,231
284108,1000.00,946,231
284210,1000.00,945,234
284311,1000.00,947,227
284412,1000.00,946,231
284514,1000.00,945,234
284615,1000.00,946,231
284717,1000.00,944,237
284818,1000.00,945,234
284919,1000.00,948,224
285021,1000.00,946,231
285122,1000.00,946,231
285223,1000.00,946,231
285325,1000.00,946,231
285426,1000.00,946,231
285527,1000.00,946,231
285628,1000.00,945,234
285729,1000.00,945,234
285831,1000.00,946,231
285932,1000.00,946,231
286033,1000.00,946,231
286135,1000.00,945,234
286236,1000.00,946,231
286338,1000.00,947,227
286439,1000.00,946,231
286540,1000.00,946,231
286642,1000.00,948,224
286743,1000.00,943,240
286844,1000.00,945,234
286946,1000.00,946,231
287047,1000.00,944,237
287149,1000.00,946,231
287250,1000.00,946,231
287351,1000.00,943,240
287453,1000.00,946,231
287554,1000.00,944,237
287655,1000.00,945,234
287757,1000.00,945,234
287858,1000.00,943,240
287960,1000.00,944,237
288061,1000.00,943,240
288162,1000.00,946,231
288264,1000.00,947,227
288365,1000.00,945,234
288466,1000.00,946,231
288568,1000.00,946,231
288669,1000.00,946,231
288771,1000.00,946,231
288872,1000.00,947,227
288973,1000.00,948,224
289075,1000.00,945,234
289176,1000.00,946,231
289277,1000.00,945,234
289379,1000.00,941,247
289480,1000.00,947,227
289582,1000.00,944,237
289683,1000.00,947,227
289784,1000.00,945,234
289886,1000.00,946,231
289987,1000.00,948,224
290088,1000.00,945,234
290190,1000.00,945,234
290291,1000.00,946,231
290393,1000.00,946,231
290494,1000.00,946,231
290595,1000.00,943,240
290697,1000.00,941,247
290798,1000.00,944,237
290899,1000.00,945,234
291001,1000.00,945,234
291102,1000.00,946,231
291204,1000.00,947,227
291305,1000.00,945,234
291406,1000.00,945,234
291508,1000.00,945,234
291609,1000.00,946,231
291710,1000.00,944,237
291812,1000.00,948,224
291913,1000.00,948,224
292015,1000.00,946,231
292116,1000.00,943,240
292217,1000.00,944,237
292319,1000.00,946,231
292420,1000.00,946,231
292521,1000.00,947,227
292623,1000.00,946,231
292724,1000.00,945,234
292826,1000.00,944,237
292927,1000.00,944,237
293028,1000.00,948,224
293130,1000.00,945,234
293230,1000.00,946,231
293331,1000.00,946,231
293433,1000.00,945,234
293534,1000.00,946,231
293636,1000.00,947,227
293737,1000.00,945,234
293838,1000.00,946,231
293940,1000.00,946,231
294041,1000.00,946,231
294142,1000.00,948,224
294244,1000.00,946,231
294345,1000.00,946,231
294447,1000.00,945,234
294548,1000.00,945,234
294649,1000.00,946,231
294751,1000.00,945,234
294852,1000.00,946,231
294953,1000.00,944,237
295055,1000.00,946,231
295156,1000.00,946,231
295258,1000.00,946,231
295359,1000.00,946,231
295460,1000.00,945,234
295562,1000.00,946,231
295663,1000.00,943,240
295764,1000.00,945,234
295866,1000.00,946,231
295967,1000.00,946,231
296069,1000.00,945,234
296170,1000.00,946,231
296271,1000.00,946,231
296373,1000.00,946,231
296474,1000.00,945,234
296576,1000.00,946,231
296677,1000.00,946,231
296778,1000.00,946,231
296880,1000.00,946,231
296981,1000.00,944,237
297082,1000.00,945,234
297184,1000.00,946,231
297285,1000.00,946,231
297387,1000.00,946,231
297488,1000.00,946,231
297589,1000.00,946,231
297691,1000.00,948,224
297792,1000.00,945,234
297893,1000.00,945,234
297995,1000.00,945,234
298096,1000.00,944,237
298198,1000.00,945,234
298299,1000.00,943,240
298400,1000.00,947,227
298502,1000.00,948,224
298603,1000.00,946,231
298704,1000.00,946,231
298806,1000.00,946,231
298907,1000.00,944,237
299009,1000.00,945,234
299110,1000.00,945,234
299211,1000.00,946,231
299313,1000.00,944,237
299414,1000.00,946,231
299515,1000.00,946,231
299617,1000.00,945,234
299718,1000.00,947,227
299820,1000.00,946,231
299921,1000.00,948,224
300022,1000.00,945,234
300124,1000.00,946,231
300225,1000.00,946,231
300326,1000.00,946,231
300428,1000.00,946,231
300529,1000.00,946,231
300631,1000.00,945,234
300732,1000.00,946,231
300833,1000.00,946,231
300934,1000.00,946,231
301035,1000.00,946,231
301136,1000.00,943,240
301238,1000.00,948,224
301339,1000.00,946,231
301441,1000.00,944,237
301542,1000.00,946,231
301643,1000.00,944,237
301745,1000.00,946,231
301846,1000.00,945,234
301947,1000.00,946,231
302049,1000.00,946,231
302150,1000.00,946,231
302252,1000.00,945,234
302353,1000.00,945,234
302454,1000.00,946,231
302556,1000.00,947,227
302657,1000.00,946,231
302758,1000.00,947,227
302860,1000.00,946,231
302961,1000.00,946,231
303063,1000.00,946,231
303164,1000.00,946,231
303265,1000.00,945,234
303367,1000.00,946,231
303468,1000.00,946,231
303569,1000.00,946,231
303671,1000.00,946,231
303772,1000.00,947,227
303874,1000.00,945,234
303975,1000.00,947,227
304076,1000.00,946,231
304178,1000.00,946,231
304279,1000.00,945,234
304380,1000.00,945,234
304482,1000.00,946,231
304583,1000.00,946,231
304685,1000.00,945,234
304786,1000.00,945,234
304887,1000.00,943,240
304989,1000.00,945,234
305090,1000.00,948,224
305191,1000.00,946,231
305293,1000.00,945,234
305394,1000.00,946,231
305496,1000.00,945,234
305597,1000.00,944,237
305698,1000.00,948,224
305800,1000.00,947,227
305901,1000.00,946,231
306002,1000.00,945,234
306104,1000.00,945,234
306205,1000.00,945,234
306307,1000.00,946,231
306408,1000.00,944,237
306509,1000.00,946,231
306611,1000.00,946,231
306712,1000.00,946,231
306813,1000.00,946,231
306915,1000.00,945,234
307016,1000.00,948,224
307118,1000.00,946,231
307219,1000.00,945,234
307320,1000.00,945,234
307422,1000.00,948,224
307523,1000.00,946,231
307624,1000.00,946,231
307726,1000.00,946,231
307827,1000.00,944,237
307929,1000.00,946,231
308030,1000.00,945,234
308131,1000.00,947,227
308233,1000.00,945,234
308334,1000.00,945,234
308435,1000.00,946,231
308537,1000.00,945,234
308638,1000.00,948,224
308740,1000.00,945,234
308841,1000.00,945,234
308942,1000.00,945,234
309043,1000.00,945,234
309144,1000.00,947,227
309245,1000.00,945,234
309347,1000.00,945,234
309448,1000.00,947,227
309550,1000.00,947,227
309651,1000.00,946,231
309752,1000.00,945,234
309854,1000.00,944,237
309955,1000.00,946,231
310056,1000.00,946,231
310158,1000.00,946,231
310259,1000.00,948,224
310361,1000.00,946,231
310462,1000.00,945,234
310563,1000.00,945,234
310665,1000.00,946,231
310766,1000.00,943,240
310867,1000.00,946,231
310969,1000.00,947,227
311070,1000.00,942,244
311172,1000.00,946,231
311273,1000.00,947,227
311374,1000.00,945,234
311476,1000.00,945,234
311577,1000.00,946,231
311678,1000.00,946,231
311780,1000.00,945,234
311881,1000.00,946,231
311983,1000.00,946,231
312084,1000.00,946,231
312185,1000.00,946,231
312287,1000.00,947,227
312388,1000.00,944,237
312489,1000.00,947,227
312591,1000.00,947,227
312692,1000.00,945,234
312794,1000.00,945,234
312895,1000.00,945,234
312996,1000.00,946,231
313098,1000.00,946,231
313199,1000.00,946,231
313300,1000.00,945,234
313402,1000.00,943,240
313503,1000.00,946,231
313605,1000.00,946,231
313706,1000.00,947,227
313807,1000.00,945,234
313909,1000.00,946,231
314010,1000.00,946,231
314112,1000.00,947,227
314213,1000.00,945,234
314314,1000.00,946,231
314416,1000.00,946,231
314517,1000.00,946,231
314618,1000.00,945,234
314720,1000.00,946,231
314821,1000.00,944,237
314923,1000.00,946,231
315024,1000.00,946,231
315125,1000.00,946,231
315227,1000.00,946,231
315328,1000.00,945,234
315429,1000.00,946,231
315531,1000.00,948,224
315632,1000.00,944,237
315734,1000.00,945,234
315835,1000.00,946,231
315936,1000.00,944,237
316038,1000.00,947,227
316139,1000.00,947,227
316240,1000.00,945,234
316342,1000.00,945,234
316443,1000.00,948,224
316545,1000.00,946,231
316646,1000.00,946,231
316747,1000.00,944,237
316848,1000.00,944,237
316949,1000.00,945,234
317050,1000.00,947,227
317152,1000.00,946,231
317253,1000.00,947,227
317355,1000.00,947,227
317456,1000.00,945,234
317557,1000.00,948,224
317659,1000.00,945,234
317760,1000.00,944,237
317861,1000.00,946,231
317963,1000.00,945,234
318064,1000.00,946,231
318166,1000.00,945,234
318267,1000.00,948,224
318368,1000.00,945,234
318470,1000.00,946,231
318571,1000.00,945,234
318672,1000.00,946,231
318774,1000.00,945,234
318875,1000.00,946,231
318977,1000.00,945,234
319078,1000.00,948,224
319179,1000.00,947,227
319281,1000.00,944,237
319382,1000.00,945,234
319483,1000.00,948,224
319585,1000.00,944,237
319686,1000.00,947,227
319788,1000.00,945,234
319889,1000.00,945,234
319990,1000.00,947,227
320092,1000.00,946,231
320193,1000.00,943,240
320294,1000.00,946,231
320396,1000.00,948,224
320497,1000.00,945,234
320599,1000.00,947,227
320700,1000.00,947,227
320801,1000.00,945,234
320903,1000.00,947,227
321004,1000.00,947,227
321105,1000.00,945,234
321207,1000.00,946,231
321308,1000.00,946,231
321410,1000.00,947,227
321511,1000.00,946,231
321612,1000.00,946,231
321714,1000.00,945,234
321815,1000.00,946,231
321916,1000.00,948,224
322018,1000.00,945,234
322119,1000.00,945,234
322221,1000.00,946,231
322322,1000.00,945,234
322423,1000.00,943,240
322525,1000.00,946,231
322626,1000.00,946,231
322727,1000.00,946,231
322829,1000.00,948,224
322930,1000.00,948,224
323032,1000.00,946,231
323133,1000.00,947,227
323234,1000.00,945,234
323336,1000.00,946,231
323437,1000.00,948,224
323538,1000.00,946,231
323640,1000.00,947,227
323741,1000.00,944,237
323843,1000.00,945,234
323944,1000.00,948,224
324045,1000.00,945,234
324147,1000.00,946,231
324248,1000.00,946,231
324349,1000.00,946,231
324451,1000.00,945,234
324552,1000.00,947,227
324654,1000.00,943,240
324754,1000.00,948,224
324855,1000.00,946,231
324957,1000.00,945,234
325058,1000.00,946,231
325159,1000.00,946,231
325261,1000.00,947,227
325362,1000.00,946,231
325464,1000.00,945,234
325565,1000.00,945,234
325666,1000.00,946,231
325768,1000.00,946,231
325869,1000.00,945,234
325970,1000.00,948,224
326072,1000.00,945,234
326173,1000.00,945,234
326275,1000.00,948,224
326376,1000.00,945,234
326477,1000.00,945,234
326579,1000.00,948,224
326680,1000.00,943,240
326781,1000.00,947,227
326883,1000.00,945,234
326984,1000.00,947,227
327086,1000.00,948,224
327187,1000.00,947,227
327288,1000.00,948,224
327390,1000.00,948,224
327491,1000.00,948,224
327592,1000.00,946,231
327694,1000.00,944,237
327795,1000.00,947,227
327897,1000.00,946,231
327998,1000.00,946,231
328099,1000.00,946,231
328201,1000.00,946,231
328302,1000.00,944,237
328403,1000.00,948,224
328505,1000.00,947,227
328606,1000.00,945,234
328708,1000.00,946,231
328809,1000.00,945,234
328910,1000.00,946,231
329012,1000.00,943,240
329113,1000.00,946,231
329214,1000.00,945,234
329316,1000.00,946,231
329417,1000.00,945,234
329519,1000.00,948,224
329620,1000.00,947,227
329721,1000.00,946,231
329823,1000.00,947,227
329924,1000.00,944,237
330025,1000.00,945,234
330127,1000.00,948,224
330228,1000.00,946,231
330330,1000.00,945,234
330431,1000.00,946,231
330532,1000.00,946,231
330634,1000.00,946,231
330735,1000.00,945,234
330836,1000.00,944,237
330938,1000.00,944,237
331039,1000.00,947,227
331141,1000.00,945,234
331242,1000.00,946,231
331343,1000.00,948,224
331445,1000.00,946,231
331546,1000.00,947,227
331648,1000.00,946,231
331749,1000.00,948,224
331850,1000.00,946,231
331952,1000.00,945,234
332053,1000.00,948,224
332154,1000.00,943,240
332256,1000.00,948,224
332357,1000.00,947,227
332457,1000.00,946,231
332559,1000.00,946,231
332660,1000.00,945,234
332762,1000.00,946,231
332863,1000.00,945,234
332964,1000.00,945,234
333066,1000.00,945,234
333167,1000.00,946,231
333268,1000.00,946,231
333370,1000.00,948,224
333471,1000.00,947,227
333573,1000.00,946,231
333674,1000.00,947,227
333775,1000.00,947,227
333877,1000.00,946,231
333978,1000.00,946,231
334080,1000.00,948,224
334181,1000.00,946,231
334282,1000.00,945,234
334384,1000.00,946,231
334485,1000.00,945,234
334586,1000.00,947,227
334688,1000.00,947,227
334789,1000.00,945,234
334891,1000.00,944,237
334992,1000.00,946,231
335093,1000.00,946,231
335195,1000.00,945,234
335296,1000.00,946,231
335397,1000.00,946,231
335499,1000.00,946,231
335600,1000.00,948,224
335702,1000.00,947,227
335803,1000.00,946,231
335904,1000.00,947,227
336006,1000.00,948,224
336107,1000.00,945,234
336208,1000.00,944,237
336310,1000.00,946,231
336411,1000.00,948,224
336513,1000.00,948,224
336614,1000.00,945,234
336715,1000.00,946,231
336817,1000.00,946,231
336918,1000.00,945,234
337019,1000.00,945,234
337121,1000.00,946,231
337222,1000.00,946,231
337324,1000.00,948,224
337425,1000.00,946,231
337526,1000.00,943,240
337628,1000.00,947,227
337729,1000.00,946,231
337830,1000.00,947,227
337932,1000.00,948,224
338033,1000.00,948,224
338135,1000.00,947,227
338236,1000.00,946,231
338337,1000.00,947,227
338439,1000.00,946,231
338540,1000.00,945,234
338641,1000.00,948,224
338743,1000.00,946,231
338844,1000.00,945,234
338946,1000.00,945,234
339047,1000.00,946,231
339148,1000.00,945,234
339250,1000.00,947,227
339351,1000.00,947,227
339452,1000.00,945,234
339554,1000.00,946,231
339655,1000.00,946,231
339757,1000.00,948,224
339858,1000.00,946,231
339959,1000.00,947,227
340061,1000.00,946,231
340161,1000.00,947,227
340262,1000.00,946,231
340364,1000.00,945,234
340465,1000.00,946,231
340567,1000.00,948,224
340668,1000.00,945,234
340769,1000.00,948,224
340871,1000.00,948,224
340972,1000.00,946,231
341073,1000.00,946,231
341175,1000.00,948,224
341276,1000.00,946,231
341378,1000.00,946,231
341479,1000.00,948,224
341580,1000.00,946,231
341682,1000.00,946,231
341783,1000.00,945,234
341884,1000.00,947,227
341986,1000.00,946,231
342087,1000.00,947,227
342189,1000.00,946,231
342290,1000.00,946,231
342391,1000.00,947,227
342493,1000.00,946,231
342594,1000.00,947,227
342695,1000.00,948,224
342797,1000.00,946,231
342898,1000.00,945,234
343000,1000.00,946,231
343101,1000.00,945,234
343202,1000.00,945,234
343304,1000.00,947,227
343405,1000.00,946,231
343506,1000.00,948,224
343608,1000.00,946,231
343709,1000.00,947,227
343811,1000.00,944,237
343912,1000.00,945,234
344013,1000.00,945,234
344115,1000.00,946,231
344216,1000.00,948,224
344317,1000.00,947,227
344419,1000.00,948,224
344520,1000.00,947,227
344622,1000.00,947,227
344723,1000.00,946,231
344824,1000.00,945,234
344926,1000.00,946,231
345027,1000.00,945,234
345128,1000.00,944,237
345230,1000.00,948,224
345331,1000.00,946,231
345433,1000.00,947,227
345534,1000.00,945,234
345635,1000.00,946,231
345737,1000.00,948,224
345838,1000.00,948,224
345939,1000.00,946,231
346041,1000.00,948,224
346142,1000.00,947,227
346244,1000.00,946,231
346345,1000.00,946,231
346446,1000.00,946,231
346548,1000.00,945,234
346649,1000.00,946,231
346750,1000.00,946,231
346852,1000.00,946,231
346953,1000.00,947,227
347055,1000.00,945,234
347156,1000.00,947,227
347257,1000.00,945,234
347359,1000.00,946,231
347460,1000.00,947,227
347561,1000.00,944,237
347663,1000.00,946,231
347764,1000.00,945,234
347865,1000.00,946,231
347966,1000.00,945,234
348067,1000.00,946,231
348169,1000.00,946,231
348270,1000.00,947,227
348371,1000.00,945,234
348473,1000.00,946,231
348574,1000.00,945,234
348676,1000.00,945,234
348777,1000.00,947,227
348878,1000.00,946,231
348980,1000.00,946,231
349081,1000.00,947,227
349182,1000.00,946,231
349284,1000.00,946,231
349385,1000.00,945,234
349487,1000.00,947,227
349588,1000.00,945,234
349689,1000.00,944,237
349791,1000.00,944,237
349892,1000.00,945,234
349993,1000.00,945,234
350095,1000.00,947,227
350196,1000.00,947,227
350298,1000.00,948,224
350399,1000.00,948,224
350500,1000.00,948,224
350602,1000.00,946,231
350703,1000.00,946,231
350804,1000.00,945,234
350906,1000.00,945,234
351007,1000.00,948,224
351109,1000.00,946,231
351210,1000.00,946,231
351311,1000.00,946,231
351413,1000.00,944,237
351514,1000.00,946,231
351616,1000.00,946,231
351717,1000.00,946,231
351818,1000.00,947,227
351920,1000.00,946,231
352021,1000.00,946,231
352122,1000.00,945,234
352224,1000.00,947,227
352325,1000.00,947,227
352427,1000.00,947,227
352528,1000.00,948,224
352629,1000.00,947,227
352731,1000.00,942,244
352832,1000.00,946,231
352933,1000.00,946,231
353035,1000.00,945,234
353136,1000.00,945,234
353238,1000.00,946,231
353339,1000.00,947,227
353440,1000.00,946,231
353542,1000.00,947,227
353643,1000.00,946,231
353744,1000.00,945,234
353846,1000.00,946,231
353947,1000.00,946,231
354049,1000.00,946,231
354150,1000.00,948,224
354251,1000.00,946,231
354353,1000.00,946,231
354454,1000.00,945,234
354555,1000.00,947,227
354657,1000.00,944,237
354758,1000.00,947,227
354860,1000.00,945,234
354961,1000.00,946,231
355062,1000.00,946,231
355164,1000.00,946,231
355265,1000.00,946,231
355366,1000.00,946,231
355468,1000.00,947,227
355568,1000.00,945,234
355670,1000.00,948,224
355771,1000.00,947,227
355872,1000.00,945,234
355974,1000.00,946,231
356075,1000.00,946,231
356176,1000.00,946,231
356278,1000.00,947,227
356379,1000.00,946,231
356481,1000.00,947,227
356582,1000.00,947,227
356683,1000.00,947,227
356785,1000.00,945,234
356886,1000.00,948,224
356987,1000.00,945,234
357089,1000.00,945,234
357190,1000.00,946,231
357292,1000.00,947,227
357393,1000.00,946,231
357494,1000.00,947,227
357596,1000.00,946,231
357697,1000.00,948,224
357798,1000.00,945,234
357900,1000.00,947,227
358001,1000.00,945,234
358103,1000.00,946,231
358204,1000.00,948,224
358305,1000.00,946,231
358407,1000.00,946,231
358508,1000.00,946,231
358609,1000.00,947,227
358711,1000.00,947,227
358812,1000.00,947,227
358914,1000.00,946,231
359015,1000.00,945,234
359116,1000.00,947,227
359218,1000.00,947,227
359319,1000.00,947,227
359420,1000.00,946,231
359522,1000.00,946,231
359623,1000.00,944,237
359725,1000.00,947,227
359826,1000.00,946,231
359927,1000.00,946,231
360029,1000.00,946,231
360130,1000.00,947,227
360231,1000.00,945,234
360333,1000.00,945,234
360434,1000.00,945,234
360536,1000.00,946,231
360637,1000.00,947,227
360738,1000.00,946,231
360840,1000.00,948,224
360941,1000.00,944,237
361042,1000.00,947,227
361144,1000.00,946,231
361245,1000.00,947,227
361347,1000.00,947,227
361448,1000.00,948,224
361549,1000.00,948,224
361651,1000.00,945,234
361752,1000.00,947,227
361853,1000.00,948,224
361955,1000.00,947,227
362056,1000.00,947,227
362158,1000.00,945,234
362259,1000.00,945,234
362360,1000.00,946,231
362462,1000.00,948,224
362563,1000.00,946,231
362664,1000.00,947,227
362766,1000.00,945,234
362867,1000.00,946,231
362969,1000.00,946,231
363070,1000.00,945,234
363171,1000.00,946,231
363273,1000.00,945,234
363373,1000.00,945,234
363474,1000.00,946,231
363576,1000.00,945,234
363677,1000.00,946,231
363779,1000.00,945,234
363880,1000.00,947,227
363981,1000.00,947,227
364083,1000.00,946,231
364184,1000.00,947,227
364285,1000.00,948,224
364387,1000.00,949,221
364488,1000.00,945,234
364590,1000.00,945,234
364691,1000.00,946,231
364792,1000.00,946,231
364894,1000.00,946,231
364995,1000.00,946,231
365096,1000.00,947,227
365198,1000.00,947,227
365299,1000.00,945,234
365401,1000.00,946,231
365502,1000.00,946,231
365603,1000.00,947,227
365705,1000.00,947,227
365806,1000.00,947,227
365907,1000.00,943,240
366009,1000.00,946,231
366110,1000.00,948,224
366212,1000.00,948,224
366313,1000.00,946,231
366414,1000.00,947,227
366516,1000.00,948,224
366617,1000.00,946,231
366718,1000.00,946,231
366820,1000.00,946,231
366921,1000.00,945,234
367023,1000.00,947,227
367124,1000.00,945,234
367225,1000.00,944,237
367327,1000.00,947,227
367428,1000.00,948,224
367529,1000.00,947,227
367631,1000.00,946,231
367732,1000.00,947,227
367834,1000.00,947,227
367935,1000.00,946,231
368036,1000.00,947,227
368138,1000.00,946,231
368239,1000.00,947,227
368340,1000.00,948,224
368442,1000.00,947,227
368543,1000.00,943,240
368645,1000.00,947,227
368746,1000.00,947,227
368847,1000.00,947,227
368949,1000.00,945,234
369050,1000.00,946,231
369152,1000.00,945,234
369253,1000.00,948,224
369354,1000.00,947,227
369456,1000.00,946,231
369557,1000.00,947,227
369658,1000.00,948,224
369760,1000.00,945,234
369861,1000.00,945,234
369963,1000.00,945,234
370064,1000.00,946,231
370165,1000.00,946,231
370267,1000.00,945,234
370368,1000.00,947,227
370469,1000.00,946,231
370571,1000.00,947,227
370672,1000.00,947,227
370774,1000.00,944,237
370875,1000.00,948,224
370976,1000.00,946,231
371077,1000.00,947,227
371178,1000.00,948,224
371279,1000.00,948,224
371381,1000.00,948,224
371482,1000.00,946,231
371584,1000.00,946,231
371685,1000.00,947,227
371786,1000.00,945,234
371888,1000.00,946,231
371989,1000.00,948,224
372090,1000.00,946,231
372192,1000.00,947,227
372293,1000.00,948,224
372395,1000.00,948,224
372496,1000.00,946,231
372597,1000.00,947,227
372699,1000.00,948,224
372800,1000.00,944,237
372901,1000.00,946,231
373003,1000.00,947,227
373104,1000.00,946,231
373206,1000.00,949,221
373307,1000.00,945,234
373408,1000.00,946,231
373510,1000.00,944,237
373611,1000.00,948,224
373712,1000.00,948,224
373814,1000.00,946,231
373915,1000.00,946,231
374017,1000.00,948,224
374118,1000.00,945,234
374219,1000.00,946,231
374321,1000.00,947,227
374422,1000.00,947,227
374523,1000.00,947,227
374625,1000.00,948,224
374726,1000.00,946,231
374828,1000.00,945,234
374929,1000.00,947,227
375030,1000.00,947,227
375132,1000.00,946,231
375233,1000.00,946,231
375334,1000.00,946,231
375436,1000.00,947,227
375537,1000.00,946,231
375639,1000.00,947,227
375740,1000.00,945,234
375841,1000.00,946,231
375943,1000.00,947,227
376044,1000.00,948,224
376145,1000.00,945,234
376247,1000.00,947,227
376348,1000.00,948,224
376450,1000.00,946,231
376551,1000.00,945,234
376652,1000.00,946,231
376754,1000.00,945,234
376855,1000.00,945,234
376956,1000.00,947,227
377058,1000.00,946,231
377159,1000.00,946,231
377261,1000.00,946,231
377362,1000.00,947,227
377463,1000.00,946,231
377565,1000.00,947,227
377666,1000.00,947,227
377767,1000.00,947,227
377869,1000.00,948,224
377970,1000.00,948,224
378072,1000.00,948,224
378173,1000.00,946,231
378274,1000.00,947,227
378376,1000.00,947,227
378477,1000.00,946,231
378578,1000.00,947,227
378680,1000.00,946,231
378780,1000.00,947,227
378882,1000.00,945,234
378983,1000.00,946,231
379084,1000.00,948,224
379186,1000.00,946,231
379287,1000.00,947,227
379388,1000.00,947,227
379490,1000.00,946,231
379591,1000.00,948,224
379693,1000.00,943,240
379794,1000.00,948,224
379895,1000.00,948,224
379997,1000.00,948,224
380098,1000.00,943,240
380199,1000.00,948,224
380301,1000.00,946,231
380402,1000.00,947,227
380504,1000.00,946,231
380605,1000.00,946,231
380706,1000.00,947,227
380808,1000.00,947,227
380909,1000.00,947,227
381010,1000.00,946,231
381112,1000.00,947,227
381213,1000.00,947,227
381315,1000.00,948,224
381416,1000.00,946,231
381517,1000.00,946,231
381619,1000.00,946,231
381720,1000.00,945,234
381821,1000.00,945,234
381923,1000.00,947,227
382024,1000.00,947,227
382126,1000.00,946,231
382227,1000.00,946,231
382328,1000.00,947,227
382430,1000.00,946,231
382531,1000.00,947,227
382632,1000.00,947,227
382734,1000.00,948,224
382835,1000.00,947,227
382937,1000.00,948,224
383038,1000.00,947,227
383139,1000.00,947,227
383241,1000.00,946,231
383342,1000.00,946,231
383443,1000.00,947,227
383545,1000.00,945,234
383646,1000.00,945,234
383748,1000.00,949,221
383849,1000.00,948,224
383950,1000.00,947,227
384052,1000.00,948,224
384153,1000.00,946,231
384254,1000.00,948,224
384356,1000.00,947,227
384457,1000.00,946,231
384559,1000.00,949,221
384660,1000.00,948,224
384761,1000.00,947,227
384863,1000.00,946,231
384964,1000.00,946,231
385065,1000.00,945,234
385167,1000.00,945,234
385268,1000.00,947,227
385370,1000.00,948,224
385471,1000.00,947,227
385572,1000.00,945,234
385674,1000.00,948,224
385775,1000.00,946,231
385876,1000.00,946,231
385978,1000.00,945,234
386079,1000.00,948,224
386181,1000.00,949,221
386282,1000.00,946,231
386383,1000.00,948,224
386485,1000.00,945,234
386586,1000.00,946,231
386686,1000.00,948,224
386788,1000.00,948,224
386889,1000.00,945,234
386991,1000.00,947,227
387092,1000.00,949,221
387193,1000.00,947,227
387295,1000.00,944,237
387396,1000.00,947,227
387497,1000.00,948,224
387599,1000.00,947,227
387700,1000.00,947,227
387802,1000.00,948,224
387903,1000.00,947,227
388004,1000.00,947,227
388106,1000.00,947,227
388207,1000.00,946,231
388308,1000.00,945,234
388410,1000.00,947,227
388511,1000.00,946,231
388613,1000.00,946,231
388714,1000.00,945,234
388815,1000.00,945,234
388917,1000.00,946,231
389018,1000.00,947,227
389120,1000.00,947,227
389221,1000.00,948,224
389322,1000.00,947,227
389424,1000.00,946,231
389525,1000.00,947,227
389626,1000.00,945,234
389728,1000.00,947,227
389829,1000.00,947,227
389931,1000.00,947,227
390032,1000.00,946,231
390133,1000.00,947,227
390235,1000.00,947,227
390336,1000.00,946,231
390437,1000.00,948,224
390539,1000.00,948,224
390640,1000.00,945,234
390742,1000.00,944,237
390843,1000.00,946,231
390944,1000.00,945,234
391046,1000.00,945,234
391147,1000.00,947,227
391248,1000.00,948,224
391350,1000.00,947,227
391451,1000.00,947,227
391553,1000.00,947,227
391654,1000.00,947,227
391755,1000.00,946,231
391857,1000.00,948,224
391958,1000.00,947,227
392059,1000.00,945,234
392161,1000.00,948,224
392262,1000.00,946,231
392364,1000.00,945,234
392465,1000.00,948,224
392566,1000.00,946,231
392668,1000.00,949,221
392769,1000.00,948,224
392870,1000.00,946,231
392972,1000.00,946,231
393073,1000.00,946,231
393175,1000.00,947,227
393276,1000.00,946,231
393377,1000.00,947,227
393479,1000.00,945,234
393580,1000.00,945,234
393681,1000.00,948,224
393783,1000.00,945,234
393884,1000.00,945,234
393986,1000.00,947,227
394087,1000.00,947,227
394188,1000.00,946,231
394290,1000.00,948,224
394391,1000.00,946,231
394491,1000.00,947,227
394593,1000.00,946,231
394694,1000.00,947,227
394796,1000.00,947,227
394897,1000.00,947,227
394998,1000.00,946,231
395100,1000.00,946,231
395201,1000.00,946,231
395302,1000.00,948,224
395404,1000.00,948,224
395505,1000.00,947,227
395607,1000.00,945,234
395708,1000.00,946,231
395809,1000.00,949,221
395911,1000.00,946,231
396012,1000.00,946,231
396113,1000.00,948,224
396215,1000.00,944,237
396316,1000.00,947,227
396418,1000.00,947,227
396519,1000.00,946,231
396620,1000.00,946,231
396722,1000.00,946,231
396823,1000.00,947,227
396924,1000.00,948,224
397026,1000.00,948,224
397127,1000.00,946,231
397229,1000.00,945,234
397330,1000.00,947,227
397431,1000.00,947,227
397533,1000.00,948,224
397634,1000.00,945,234
397735,1000.00,950,218
397837,1000.00,948,224
397938,1000.00,947,227
398040,1000.00,946,231
398141,1000.00,948,224
398242,1000.00,947,227
398344,1000.00,947,227
398445,1000.00,946,231
398546,1000.00,947,227
398648,1000.00,948,224
398749,1000.00,948,224
398851,1000.00,947,227
398952,1000.00,946,231
399053,1000.00,946,231
399155,1000.00,946,231
399256,1000.00,947,227
399357,1000.00,946,231
399459,1000.00,943,240
399560,1000.00,948,224
399662,1000.00,948,224
399763,1000.00,945,234
399864,1000.00,947,227
399966,1000.00,947,227
400067,1000.00,948,224
400168,1000.00,948,224
400270,1000.00,947,227
400371,1000.00,945,234
400473,1000.00,946,231
400574,1000.00,947,227
400675,1000.00,947,227
400777,1000.00,948,224
400878,1000.00,945,234
400979,1000.00,945,234
401081,1000.00,947,227
401182,1000.00,948,224
401284,1000.00,947,227
401385,1000.00,944,237
401486,1000.00,947,227
401588,1000.00,946,231
401689,1000.00,946,231
401790,1000.00,947,227
401892,1000.00,945,234
401993,1000.00,948,224
402095,1000.00,947,227
402196,1000.00,948,224
402297,1000.00,944,237
402398,1000.00,948,224
402499,1000.00,946,231
402600,1000.00,947,227
402702,1000.00,946,231
402803,1000.00,947,227
402905,1000.00,947,227
403006,1000.00,949,221
403107,1000.00,945,234
403209,1000.00,945,234
403310,1000.00,946,231
403411,1000.00,947,227
403513,1000.00,948,224
403614,1000.00,947,227
403716,1000.00,947,227
403817,1000.00,949,221
403918,1000.00,947,227
404020,1000.00,947,227
404121,1000.00,946,231
404222,1000.00,945,234
404324,1000.00,946,231
404425,1000.00,946,231
404527,1000.00,947,227
404628,1000.00,945,234
404729,1000.00,946,231
404831,1000.00,947,227
404932,1000.00,948,224
405033,1000.00,946,231
405135,1000.00,946,231
405236,1000.00,947,227
405338,1000.00,948,224
405439,1000.00,946,231
405540,1000.00,947,227
405642,1000.00,946,231
405743,1000.00,945,234
405844,1000.00,948,224
405946,1000.00,948,224
406047,1000.00,949,221
406149,1000.00,948,224
406250,1000.00,947,227
406351,1000.00,945,234
406453,1000.00,948,224
406554,1000.00,949,221
406656,1000.00,948,224
406757,1000.00,948,224
406858,1000.00,949,221
406960,1000.00,947,227
407061,1000.00,948,224
407162,1000.00,950,218
407264,1000.00,947,227
407365,1000.00,946,231
407467,1000.00,948,224
407568,1000.00,948,224
407669,1000.00,949,221
407771,1000.00,947,227
407872,1000.00,948,224
407973,1000.00,946,231
408075,1000.00,946,231
408176,1000.00,947,227
408278,1000.00,947,227
408379,1000.00,947,227
408480,1000.00,947,227
408582,1000.00,948,224
408683,1000.00,946,231
408784,1000.00,947,227
408886,1000.00,949,221
408987,1000.00,948,224
409089,1000.00,947,227
409190,1000.00,948,224
409291,1000.00,948,224
409393,1000.00,945,234
409494,1000.00,948,224
409595,1000.00,947,227
409697,1000.00,946,231
409798,1000.00,948,224
409900,1000.00,949,221
410001,1000.00,947,227
410101,1000.00,948,224
410203,1000.00,948,224
410304,1000.00,946,231
410405,1000.00,948,224
410507,1000.00,948,224
410608,1000.00,946,231
410710,1000.00,947,227
410811,1000.00,946,231
410912,1000.00,947,227
411014,1000.00,947,227
411115,1000.00,945,234
411216,1000.00,947,227
411318,1000.00,948,224
411419,1000.00,947,227
411521,1000.00,948,224
411622,1000.00,949,221
411723,1000.00,948,224
411825,1000.00,945,234
411926,1000.00,947,227
412027,1000.00,947,227
412129,1000.00,947,227
412230,1000.00,948,224
412332,1000.00,946,231
412433,1000.00,948,224
412534,1000.00,945,234
412636,1000.00,946,231
412737,1000.00,947,227
412838,1000.00,947,227
412940,1000.00,948,224
413041,1000.00,948,224
413143,1000.00,945,234
413244,1000.00,949,221
413345,1000.00,948,224
413447,1000.00,947,227
413548,1000.00,948,224
413649,1000.00,948,224
413751,1000.00,948,224
413852,1000.00,948,224
413954,1000.00,948,224
414055,1000.00,947,227
414156,1000.00,947,227
414258,1000.00,949,221
414359,1000.00,947,227
414460,1000.00,946,231
414562,1000.00,947,227
414663,1000.00,948,224
414765,1000.00,948,224
414866,1000.00,947,227
414967,1000.00,947,227
415069,1000.00,947,227
415170,1000.00,947,227
415271,1000.00,949,221
415373,1000.00,946,231
415474,1000.00,947,227
415576,1000.00,947,227
415677,1000.00,947,227
415778,1000.00,946,231
415880,1000.00,948,224
415981,1000.00,948,224
416082,1000.00,943,240
416184,1000.00,948,224
416285,1000.00,946,231
416387,1000.00,946,231
416488,1000.00,947,227
416589,1000.00,948,224
416691,1000.00,946,231
416792,1000.00,946,231
416893,1000.00,947,227
416995,1000.00,947,227
417096,1000.00,948,224
417198,1000.00,949,221
417299,1000.00,948,224
417400,1000.00,949,221
417502,1000.00,948,224
417602,1000.00,946,231
417703,1000.00,947,227
417805,1000.00,946,231
417906,1000.00,946,231
418008,1000.00,947,227
418109,1000.00,946,231
418210,1000.00,947,227
418312,1000.00,949,221
418413,1000.00,946,231
418514,1000.00,948,224
418616,1000.00,947,227
418717,1000.00,948,224
418819,1000.00,944,237
418920,1000.00,947,227
419021,1000.00,949,221
419123,1000.00,947,227
419224,1000.00,948,224
419325,1000.00,948,224
419427,1000.00,948,224
419528,1000.00,949,221
419630,1000.00,947,227
419731,1000.00,947,227
419832,1000.00,949,221
419934,1000.00,948,224
420035,1000.00,946,231
420136,1000.00,946,231
420238,1000.00,948,224
420339,1000.00,947,227
420441,1000.00,949,221
420542,1000.00,945,234
420643,1000.00,948,224
420745,1000.00,947,227
420846,1000.00,946,231
420947,1000.00,947,227
421049,1000.00,948,224
421150,1000.00,947,227
421252,1000.00,948,224
421353,1000.00,948,224
421454,1000.00,944,237
421556,1000.00,947,227
421657,1000.00,947,227
421758,1000.00,947,227
421860,1000.00,947,227
421961,1000.00,949,221
422063,1000.00,948,224
422164,1000.00,947,227
422265,1000.00,947,227
422367,1000.00,948,224
422468,1000.00,946,231
422569,1000.00,946,231
422671,1000.00,949,221
422772,1000.00,944,237
422874,1000.00,948,224
422975,1000.00,948,224
423076,1000.00,948,224
423178,1000.00,949,221
423279,1000.00,946,231
423380,1000.00,946,231
423482,1000.00,949,221
423583,1000.00,948,224
423685,1000.00,948,224
423786,1000.00,946,231
423887,1000.00,946,231
423989,1000.00,949,221
424090,1000.00,948,224
424192,1000.00,947,227
424293,1000.00,948,224
424394,1000.00,946,231
424496,1000.00,946,231
424597,1000.00,948,224
424698,1000.00,947,227
424800,1000.00,947,227
424901,1000.00,948,224
425003,1000.00,944,237
425104,1000.00,948,224
425205,1000.00,948,224
425306,1000.00,947,227
425407,1000.00,948,224
425508,1000.00,948,224
425610,1000.00,947,227
425711,1000.00,948,224
425812,1000.00,947,227
425914,1000.00,948,224
426015,1000.00,950,218
426117,1000.00,946,231
426218,1000.00,947,227
426319,1000.00,949,221
426421,1000.00,948,224
426522,1000.00,947,227
426624,1000.00,948,224
426725,1000.00,948,224
426826,1000.00,948,224
426928,1000.00,947,227
427029,1000.00,947,227
427130,1000.00,947,227
427232,1000.00,948,224
427333,1000.00,946,231
427435,1000.00,946,231
427536,1000.00,948,224
427637,1000.00,947,227
427739,1000.00,946,231
427840,1000.00,947,227
427941,1000.00,947,227
428043,1000.00,945,234
428144,1000.00,948,224
428246,1000.00,947,227
428347,1000.00,947,227
428448,1000.00,947,227
428550,1000.00,947,227
428651,1000.00,948,224
428752,1000.00,947,227
428854,1000.00,947,227
428955,1000.00,948,224
429057,1000.00,947,227
429158,1000.00,948,224
429259,1000.00,950,218
429361,1000.00,946,231
429462,1000.00,948,224
429563,1000.00,947,227
429665,1000.00,948,224
429766,1000.00,948,224
429868,1000.00,947,227
429969,1000.00,948,224
430070,1000.00,945,234
430172,1000.00,948,224
430273,1000.00,948,224
430374,1000.00,947,227
430476,1000.00,949,221
430577,1000.00,947,227
430679,1000.00,947,227
430780,1000.00,947,227
430881,1000.00,947,227
430983,1000.00,947,227
431084,1000.00,948,224
431185,1000.00,949,221
431287,1000.00,947,227
431388,1000.00,947,227
431490,1000.00,947,227
431591,1000.00,947,227
431692,1000.00,948,224
431794,1000.00,948,224
431895,1000.00,948,224
431996,1000.00,945,234
432098,1000.00,947,227
432199,1000.00,947,227
432301,1000.00,948,224
432402,1000.00,947,227
432503,1000.00,948,224
432605,1000.00,943,240
432706,1000.00,948,224
432806,1000.00,947,227
432908,1000.00,948,224
433009,1000.00,949,221
433111,1000.00,947,227
433212,1000.00,947,227
433313,1000.00,947,227
433415,1000.00,947,227
433516,1000.00,946,231
433617,1000.00,948,224
433719,1000.00,947,227
433820,1000.00,947,227
433922,1000.00,947,227
434023,1000.00,947,227
434124,1000.00,947,227
434226,1000.00,946,231
434327,1000.00,948,224
434428,1000.00,946,231
434530,1000.00,949,221
434631,1000.00,945,234
434733,1000.00,947,227
434834,1000.00,946,231
434935,1000.00,947,227
435037,1000.00,947,227
435138,1000.00,948,224
435239,1000.00,948,224
435341,1000.00,949,221
435442,1000.00,947,227
435544,1000.00,950,218
435645,1000.00,948,224
435746,1000.00,949,221
435848,1000.00,947,227
435949,1000.00,947,227
436050,1000.00,947,227
436152,1000.00,947,227
436253,1000.00,947,227
436355,1000.00,944,237
436456,1000.00,948,224
436557,1000.00,945,234
436659,1000.00,948,224
436760,1000.00,948,224
436861,1000.00,947,227
436963,1000.00,948,224
437064,1000.00,948,224
437166,1000.00,948,224
437267,1000.00,947,227
437368,1000.00,949,221
437470,1000.00,948,224
437571,1000.00,948,224
437672,1000.00,944,237
437774,1000.00,948,224
437875,1000.00,948,224
437977,1000.00,948,224
438078,1000.00,948,224
438179,1000.00,948,224
438281,1000.00,946,231
438382,1000.00,948,224
438483,1000.00,947,227
438585,1000.00,948,224
438686,1000.00,947,227
438788,1000.00,947,227
438889,1000.00,947,227
438990,1000.00,948,224
439092,1000.00,946,231
439193,1000.00,948,224
439294,1000.00,948,224
439396,1000.00,947,227
439497,1000.00,947,227
439599,1000.00,948,224
439700,1000.00,946,231
439801,1000.00,948,224
439903,1000.00,948,224
440004,1000.00,948,224
440105,1000.00,946,231
440207,1000.00,948,224
440308,1000.00,946,231
440410,1000.00,947,227
440510,1000.00,949,221
440611,1000.00,946,231
440713,1000.00,948,224
440814,1000.00,946,231
440915,1000.00,949,221
441017,1000.00,946,231
441118,1000.00,948,224
441220,1000.00,947,227
441321,1000.00,949,221
441422,1000.00,948,224
441524,1000.00,947,227
441625,1000.00,948,224
441726,1000.00,946,231
441828,1000.00,948,224
441929,1000.00,948,224
442031,1000.00,948,224
442132,1000.00,947,227
442233,1000.00,949,221
442335,1000.00,947,227
442436,1000.00,946,231
442537,1000.00,947,227
442639,1000.00,948,224
442740,1000.00,946,231
442842,1000.00,947,227
442943,1000.00,949,221
443044,1000.00,945,234
443146,1000.00,946,231
443247,1000.00,948,224
443348,1000.00,948,224
443450,1000.00,947,227
443551,1000.00,946,231
443653,1000.00,948,224
443754,1000.00,949,221
443855,1000.00,947,227
443957,1000.00,946,231
444058,1000.00,948,224
444160,1000.00,948,224
444261,1000.00,947,227
444362,1000.00,945,234
444464,1000.00,949,221
444565,1000.00,946,231
444666,1000.00,948,224
444768,1000.00,948,224
444869,1000.00,948,224
444971,1000.00,947,227
445072,1000.00,948,224
445173,1000.00,947,227
445275,1000.00,946,231
445376,1000.00,948,224
445477,1000.00,948,224
445579,1000.00,949,221
445680,1000.00,945,234
445782,1000.00,948,224
445883,1000.00,948,224
445984,1000.00,948,224
446086,1000.00,947,227
446187,1000.00,947,227
446288,1000.00,947,227
446390,1000.00,948,224
446491,1000.00,947,227
446593,1000.00,947,227
446694,1000.00,948,224
446795,1000.00,949,221
446897,1000.00,946,231
446998,1000.00,948,224
447099,1000.00,947,227
447201,1000.00,948,224
447302,1000.00,948,224
447404,1000.00,947,227
447505,1000.00,948,224
447606,1000.00,948,224
447708,1000.00,947,227
447809,1000.00,948,224
447910,1000.00,944,237
448012,1000.00,946,231
448113,1000.00,947,227
448214,1000.00,948,224
448315,1000.00,946,231
448416,1000.00,948,224
448518,1000.00,947,227
448619,1000.00,948,224
448720,1000.00,947,227
448822,1000.00,947,227
448923,1000.00,947,227
449025,1000.00,947,227
449126,1000.00,948,224
449227,1000.00,947,227
449329,1000.00,946,231
449430,1000.00,947,227
449531,1000.00,948,224
449633,1000.00,946,231
449734,1000.00,948,224
449836,1000.00,947,227
449937,1000.00,948,224
450038,1000.00,946,231
450140,1000.00,948,224
450241,1000.00,946,231
450342,1000.00,945,234
450444,1000.00,947,227
450545,1000.00,948,224
450647,1000.00,947,227
450748,1000.00,949,221
450849,1000.00,947,227
450951,1000.00,946,231
451052,1000.00,947,227
451153,1000.00,948,224
451255,1000.00,947,227
451356,1000.00,947,227
451458,1000.00,950,218
451559,1000.00,948,224
451660,1000.00,948,224
451762,1000.00,947,227
451863,1000.00,948,224
451964,1000.00,948,224
452066,1000.00,946,231
452167,1000.00,947,227
452269,1000.00,948,224
452370,1000.00,947,227
452471,1000.00,948,224
452573,1000.00,947,227
452674,1000.00,947,227
452775,1000.00,948,224
452877,1000.00,946,231
452978,1000.00,947,227
453080,1000.00,947,227
453181,1000.00,947,227
453282,1000.00,948,224
453384,1000.00,947,227
453485,1000.00,949,221
453586,1000.00,946,231
453688,1000.00,946,231
453789,1000.00,948,224
453891,1000.00,947,227
453992,1000.00,946,231
454093,1000.00,949,221
454195,1000.00,947,227
454296,1000.00,947,227
454397,1000.00,947,227
454499,1000.00,948,224
454600,1000.00,945,234
454702,1000.00,947,227
454803,1000.00,948,224
454904,1000.00,948,224
455006,1000.00,947,227
455107,1000.00,950,218
455208,1000.00,948,224
455310,1000.00,947,227
455411,1000.00,947,227
455513,1000.00,947,227
455614,1000.00,947,227
455715,1000.00,948,224
455816,1000.00,946,231
455917,1000.00,947,227
456018,1000.00,948,224
456120,1000.00,946,231
456221,1000.00,947,227
456323,1000.00,947,227
456424,1000.00,947,227
456525,1000.00,947,227
456627,1000.00,947,227
456728,1000.00,944,237
456829,1000.00,948,224
456931,1000.00,948,224
457032,1000.00,948,224
457134,1000.00,947,227
457235,1000.00,948,224
457336,1000.00,950,218
457438,1000.00,947,227
457539,1000.00,948,224
457640,1000.00,947,227
457742,1000.00,948,224
457843,1000.00,945,234
457945,1000.00,948,224
458046,1000.00,948,224
458147,1000.00,947,227
458249,1000.00,949,221
458350,1000.00,948,224
458451,1000.00,945,234
458553,1000.00,947,227
458654,1000.00,949,221
458756,1000.00,947,227
458857,1000.00,947,227
458958,1000.00,946,231
459060,1000.00,948,224
459161,1000.00,949,221
459262,1000.00,948,224
459364,1000.00,945,234
459465,1000.00,946,231
459567,1000.00,946,231
459668,1000.00,947,227
459769,1000.00,947,227
459871,1000.00,948,224
459972,1000.00,947,227
460073,1000.00,948,224
460175,1000.00,947,227
460276,1000.00,946,231
460378,1000.00,949,221
460479,1000.00,948,224
460580,1000.00,948,224
460682,1000.00,949,221
460783,1000.00,947,227
460884,1000.00,946,231
460986,1000.00,947,227
461087,1000.00,946,231
461189,1000.00,945,234
461290,1000.00,947,227
461391,1000.00,947,227
461493,1000.00,947,227
461594,1000.00,947,227
461696,1000.00,946,231
461797,1000.00,946,231
461898,1000.00,944,237
462000,1000.00,948,224
462101,1000.00,947,227
462202,1000.00,946,231
462304,1000.00,948,224
462405,1000.00,945,234
462507,1000.00,947,227
462608,1000.00,947,227
462709,1000.00,947,227
462811,1000.00,947,227
462912,1000.00,947,227
463013,1000.00,948,224
463115,1000.00,947,227
463216,1000.00,948,224
463318,1000.00,948,224
463419,1000.00,946,231
463519,1000.00,947,227
463621,1000.00,945,234
463722,1000.00,945,234
463823,1000.00,949,221
463925,1000.00,948,224
464026,1000.00,945,234
464128,1000.00,949,221
464229,1000.00,947,227
464330,1000.00,948,224
464432,1000.00,950,218
464533,1000.00,949,221
464634,1000.00,947,227
464736,1000.00,947,227
464837,1000.00,947,227
464939,1000.00,947,227
465040,1000.00,948,224
465141,1000.00,947,227
465243,1000.00,948,224
465344,1000.00,948,224
465445,1000.00,948,224
465547,1000.00,946,231
465648,1000.00,948,224
465750,1000.00,947,227
465851,1000.00,948,224
465952,1000.00,947,227
466054,1000.00,949,221
466155,1000.00,945,234
466256,1000.00,948,224
466358,1000.00,948,224
466459,1000.00,947,227
466561,1000.00,947,227
466662,1000.00,948,224
466763,1000.00,948,224
466865,1000.00,948,224
466966,1000.00,948,224
467067,1000.00,946,231
467169,1000.00,947,227
467270,1000.00,947,227
467372,1000.00,947,227
467473,1000.00,948,224
467574,1000.00,948,224
467676,1000.00,948,224
467777,1000.00,947,227
467878,1000.00,947,227
467980,1000.00,948,224
468081,1000.00,949,221
468183,1000.00,947,227
468284,1000.00,947,227
468385,1000.00,947,227
468487,1000.00,947,227
468588,1000.00,947,227
468689,1000.00,947,227
468791,1000.00,947,227
468892,1000.00,950,218
468994,1000.00,948,224
469095,1000.00,947,227
469196,1000.00,947,227
469298,1000.00,947,227
469399,1000.00,947,227
469500,1000.00,948,224
469602,1000.00,950,218
469703,1000.00,947,227
469805,1000.00,943,240
469906,1000.00,947,227
470007,1000.00,948,224
470109,1000.00,947,227
470210,1000.00,946,231
470311,1000.00,947,227
470413,1000.00,949,221
470514,1000.00,946,231
470616,1000.00,948,224
470717,1000.00,949,221
470818,1000.00,948,224
470920,1000.00,946,231
471021,1000.00,947,227
471122,1000.00,947,227
471224,1000.00,949,221
471324,1000.00,946,231
471426,1000.00,948,224
471527,1000.00,947,227
471628,1000.00,947,227
471730,1000.00,948,224
471831,1000.00,947,227
471932,1000.00,948,224
472034,1000.00,948,224
472135,1000.00,948,224
472237,1000.00,947,227
472338,1000.00,947,227
472439,1000.00,948,224
472541,1000.00,944,237
472642,1000.00,946,231
472743,1000.00,948,224
472845,1000.00,948,224
472946,1000.00,947,227
473048,1000.00,948,224
473149,1000.00,948,224
473250,1000.00,948,224
473352,1000.00,948,224
473453,1000.00,948,224
473554,1000.00,950,218
473656,1000.00,947,227
473757,1000.00,947,227
473859,1000.00,947,227
473960,1000.00,948,224
474061,1000.00,948,224
474163,1000.00,946,231
474264,1000.00,947,227
474365,1000.00,948,224
474467,1000.00,946,231
474568,1000.00,947,227
474670,1000.00,948,224
474771,1000.00,948,224
474872,1000.00,948,224
474974,1000.00,945,234
475075,1000.00,947,227
475176,1000.00,947,227
475278,1000.00,949,221
475379,1000.00,947,227
475481,1000.00,945,234
475582,1000.00,947,227
475683,1000.00,948,224
475785,1000.00,948,224
475886,1000.00,949,221
475987,1000.00,949,221
476089,1000.00,949,221
476190,1000.00,947,227
476292,1000.00,947,227
476393,1000.00,948,224
476494,1000.00,946,231
476596,1000.00,948,224
476697,1000.00,948,224
476798,1000.00,946,231
476900,1000.00,948,224
477001,1000.00,946,231
477103,1000.00,949,221
477204,1000.00,946,231
477305,1000.00,946,231
477407,1000.00,947,227
477508,1000.00,949,221
477609,1000.00,950,218
477711,1000.00,947,227
477812,1000.00,947,227
477914,1000.00,946,231
478015,1000.00,948,224
478116,1000.00,949,221
478218,1000.00,947,227
478319,1000.00,946,231
478420,1000.00,949,221
478522,1000.00,948,224
478623,1000.00,947,227
478725,1000.00,946,231
478826,1000.00,946,231
478927,1000.00,948,224
479029,1000.00,947,227
479129,1000.00,949,221
479230,1000.00,947,227
479332,1000.00,949,221
479433,1000.00,947,227
479535,1000.00,947,227
479636,1000.00,946,231
479737,1000.00,946,231
479839,1000.00,949,221
479940,1000.00,947,227
480041,1000.00,946,231
480143,1000.00,948,224
480244,1000.00,949,221
480346,1000.00,950,218
480447,1000.00,948,224
480548,1000.00,947,227
480650,1000.00,947,227
480751,1000.00,949,221
480852,1000.00,946,231
480954,1000.00,948,224
481055,1000.00,946,231
481157,1000.00,948,224
481258,1000.00,947,227
481359,1000.00,948,224
481461,1000.00,948,224
481562,1000.00,947,227
481664,1000.00,947,227
481765,1000.00,949,221
481866,1000.00,949,221
481968,1000.00,949,221
482069,1000.00,948,224
482170,1000.00,948,224
482272,1000.00,948,224
482373,1000.00,948,224
482475,1000.00,948,224
482576,1000.00,950,218
482677,1000.00,948,224
482779,1000.00,948,224
482880,1000.00,949,221
482981,1000.00,947,227
483083,1000.00,946,231
483184,1000.00,948,224
483286,1000.00,948,224
483387,1000.00,946,231
483488,1000.00,949,221
483590,1000.00,948,224
483691,1000.00,947,227
483792,1000.00,948,224
483894,1000.00,948,224
483995,1000.00,948,224
484097,1000.00,948,224
484198,1000.00,948,224
484299,1000.00,946,231
484401,1000.00,948,224
484502,1000.00,948,224
484603,1000.00,947,227
484705,1000.00,947,227
484806,1000.00,949,221
484908,1000.00,948,224
485009,1000.00,947,227
485110,1000.00,948,224
485212,1000.00,948,224
485313,1000.00,947,227
485414,1000.00,948,224
485516,1000.00,948,224
485617,1000.00,946,231
485719,1000.00,944,237
485820,1000.00,948,224
485921,1000.00,948,224
486023,1000.00,948,224
486124,1000.00,947,227
486225,1000.00,948,224
486327,1000.00,947,227
486428,1000.00,948,224
486530,1000.00,948,224
486631,1000.00,947,227
486732,1000.00,947,227
486833,1000.00,948,224
486934,1000.00,949,221
487035,1000.00,949,221
487137,1000.00,946,231
487238,1000.00,945,234
487340,1000.00,947,227
487441,1000.00,947,227
487542,1000.00,948,224
487644,1000.00,949,221
487745,1000.00,949,221
487846,1000.00,948,224
487948,1000.00,947,227
488049,1000.00,948,224
488151,1000.00,946,231
488252,1000.00,946,231
488353,1000.00,947,227
488455,1000.00,945,234
488556,1000.00,948,224
488657,1000.00,946,231
488759,1000.00,948,224
488860,1000.00,947,227
488962,1000.00,946,231
489063,1000.00,948,224
489164,1000.00,946,231
489266,1000.00,947,227
489367,1000.00,946,231
489468,1000.00,948,224
489570,1000.00,948,224
489671,1000.00,948,224
489773,1000.00,947,227
489874,1000.00,948,224
489975,1000.00,948,224
490077,1000.00,948,224
490178,1000.00,949,221
490279,1000.00,949,221
490381,1000.00,948,224
490482,1000.00,947,227
490584,1000.00,948,224
490685,1000.00,950,218
490786,1000.00,947,227
490888,1000.00,948,224
490989,1000.00,948,224
491090,1000.00,948,224
491192,1000.00,949,221
491293,1000.00,946,231
491395,1000.00,948,224
491496,1000.00,947,227
491597,1000.00,947,227
491699,1000.00,948,224
491800,1000.00,946,231
491901,1000.00,948,224
492003,1000.00,948,224
492104,1000.00,949,221
492206,1000.00,950,218
492307,1000.00,948,224
492408,1000.00,949,221
492510,1000.00,949,221
492611,1000.00,947,227
492712,1000.00,948,224
492814,1000.00,948,224
492915,1000.00,948,224
493017,1000.00,947,227
493118,1000.00,948,224
493219,1000.00,947,227
493321,1000.00,946,231
493422,1000.00,947,227
493523,1000.00,947,227
493625,1000.00,948,224
493726,1000.00,945,234
493828,1000.00,947,227
493929,1000.00,948,224
494030,1000.00,946,231
494132,1000.00,947,227
494233,1000.00,948,224
494334,1000.00,947,227
494436,1000.00,947,227
494536,1000.00,944,237
494638,1000.00,948,224
494739,1000.00,947,227
494840,1000.00,948,224
494942,1000.00,950,218
495043,1000.00,947,227
495144,1000.00,947,227
495246,1000.00,949,221
495347,1000.00,947,227
495449,1000.00,946,231
495550,1000.00,946,231
495651,1000.00,947,227
495753,1000.00,948,224
495854,1000.00,948,224
495955,1000.00,947,227
496057,1000.00,950,218
496158,1000.00,949,221
496260,1000.00,947,227
496361,1000.00,947,227
496462,1000.00,948,224
496564,1000.00,948,224
496665,1000.00,947,227
496766,1000.00,948,224
496868,1000.00,947,227
496969,1000.00,947,227
497071,1000.00,948,224
497172,1000.00,948,224
497273,1000.00,946,231
497375,1000.00,948,224
497476,1000.00,948,224
497577,1000.00,948,224
497679,1000.00,947,227
497780,1000.00,949,221
497882,1000.00,947,227
497983,1000.00,948,224
498084,1000.00,947,227
498186,1000.00,950,218
498287,1000.00,948,224
498388,1000.00,949,221
498490,1000.00,949,221
498591,1000.00,946,231
498693,1000.00,950,218
498794,1000.00,947,227
498895,1000.00,948,224
498997,1000.00,946,231
499098,1000.00,948,224
499200,1000.00,946,231
499301,1000.00,947,227
499402,1000.00,948,224
499504,1000.00,948,224
499605,1000.00,948,224
499706,1000.00,947,227
499808,1000.00,948,224
499909,1000.00,948,224
500011,1000.00,948,224
500112,1000.00,947,227
500213,1000.00,947,227
500315,1000.00,948,224
500416,1000.00,948,224
500517,1000.00,947,227
500619,1000.00,949,221
500720,1000.00,948,224
500822,1000.00,948,224
500923,1000.00,948,224
501024,1000.00,948,224
501126,1000.00,948,224
501227,1000.00,949,221
501328,1000.00,946,231
501430,1000.00,947,227
501531,1000.00,948,224
501633,1000.00,949,221
501734,1000.00,948,224
501835,1000.00,945,234
501937,1000.00,947,227
502038,1000.00,947,227
502139,1000.00,947,227
502240,1000.00,950,218
502341,1000.00,947,227
502443,1000.00,947,227
502544,1000.00,947,227
502645,1000.00,948,224
502747,1000.00,945,234
502848,1000.00,948,224
502949,1000.00,948,224
503051,1000.00,948,224
503152,1000.00,950,218
503254,1000.00,948,224
503355,1000.00,948,224
503456,1000.00,949,221
503558,1000.00,948,224
503659,1000.00,949,221
503760,1000.00,948,224
503862,1000.00,946,231
503963,1000.00,948,224
504065,1000.00,947,227
504166,1000.00,948,224
504267,1000.00,949,221
504369,1000.00,947,227
504470,1000.00,946,231
504571,1000.00,948,224
504673,1000.00,948,224
504774,1000.00,946,231
504876,1000.00,945,234
504977,1000.00,947,227
505078,1000.00,948,224
505180,1000.00,947,227
505281,1000.00,948,224
505382,1000.00,947,227
505484,1000.00,949,221
505585,1000.00,948,224
505687,1000.00,949,221
505788,1000.00,948,224
505889,1000.00,948,224
505991,1000.00,949,221
506092,1000.00,948,224
506193,1000.00,945,234
506295,1000.00,947,227
506396,1000.00,948,224
506498,1000.00,948,224
506599,1000.00,947,227
506700,1000.00,948,224
506802,1000.00,945,234
506903,1000.00,948,224
507004,1000.00,948,224
507106,1000.00,948,224
507207,1000.00,948,224
507309,1000.00,948,224
507410,1000.00,947,227
507511,1000.00,947,227
507613,1000.00,946,231
507714,1000.00,949,221
507815,1000.00,946,231
507917,1000.00,946,231
508018,1000.00,948,224
508120,1000.00,947,227
508221,1000.00,946,231
508322,1000.00,948,224
508424,1000.00,947,227
508525,1000.00,945,234
508626,1000.00,950,218
508728,1000.00,949,221
508829,1000.00,947,227
508931,1000.00,948,224
509032,1000.00,949,221
509133,1000.00,948,224
509235,1000.00,949,221
509336,1000.00,948,224
509437,1000.00,948,224
509539,1000.00,946,231
509640,1000.00,948,224
509742,1000.00,947,227
509843,1000.00,948,224
509944,1000.00,947,227
510045,1000.00,946,231
510146,1000.00,948,224
510247,1000.00,948,224
510349,1000.00,944,237
510450,1000.00,948,224
510552,1000.00,948,224
510653,1000.00,946,231
510754,1000.00,948,224
510856,1000.00,948,224
510957,1000.00,948,224
511058,1000.00,947,227
511160,1000.00,947,227
511261,1000.00,946,231
511363,1000.00,947,227
511464,1000.00,947,227
511565,1000.00,949,221
511667,1000.00,948,224
511768,1000.00,946,231
511869,1000.00,948,224
511971,1000.00,947,227
512072,1000.00,947,227
512174,1000.00,947,227
512275,1000.00,948,224
512376,1000.00,948,224
512478,1000.00,946,231
512579,1000.00,947,227
512680,1000.00,948,224
512782,1000.00,947,227
512883,1000.00,947,227
512985,1000.00,950,218
513086,1000.00,947,227
513187,1000.00,948,224
513289,1000.00,949,221
513390,1000.00,948,224
513491,1000.00,947,227
513593,1000.00,948,224
513694,1000.00,947,227
513796,1000.00,947,227
513897,1000.00,947,227
513998,1000.00,948,224
514100,1000.00,947,227
514201,1000.00,948,224
514302,1000.00,950,218
514404,1000.00,947,227
514505,1000.00,948,224
514607,1000.00,947,227
514708,1000.00,948,224
514809,1000.00,948,224
514911,1000.00,946,231
515012,1000.00,947,227
515113,1000.00,948,224
515215,1000.00,949,221
515316,1000.00,948,224
515418,1000.00,950,218
515519,1000.00,948,224
515620,1000.00,947,227
515722,1000.00,947,227
515823,1000.00,947,227
515924,1000.00,949,221
516026,1000.00,947,227
516127,1000.00,948,224
516229,1000.00,947,227
516330,1000.00,950,218
516431,1000.00,948,224
516533,1000.00,949,221
516634,1000.00,949,221
516736,1000.00,946,231
516837,1000.00,948,224
516938,1000.00,947,227
517040,1000.00,948,224
517141,1000.00,948,224
517242,1000.00,947,227
517344,1000.00,947,227
517445,1000.00,947,227
517547,1000.00,948,224
517648,1000.00,946,231
517748,1000.00,947,227
517850,1000.00,950,218
517951,1000.00,947,227
518052,1000.00,947,227
518154,1000.00,945,234
518255,1000.00,949,221
518356,1000.00,945,234
518458,1000.00,948,224
518559,1000.00,946,231
518661,1000.00,948,224
518762,1000.00,949,221
518863,1000.00,947,227
518965,1000.00,949,221
519066,1000.00,946,231
519168,1000.00,948,224
519269,1000.00,947,227
519370,1000.00,948,224
519472,1000.00,946,231
519573,1000.00,948,224
519674,1000.00,949,221
519776,1000.00,943,240
519877,1000.00,948,224
519979,1000.00,946,231
520080,1000.00,947,227
520181,1000.00,949,221
520283,1000.00,947,227
520384,1000.00,947,227
520485,1000.00,947,227
520587,1000.00,947,227
520688,1000.00,947,227
520790,1000.00,948,224
520891,1000.00,949,221
520992,1000.00,949,221
521094,1000.00,946,231
521195,1000.00,946,231
521296,1000.00,949,221
521398,1000.00,948,224
521499,1000.00,946,231
521601,1000.00,949,221
521702,1000.00,948,224
521803,1000.00,948,224
521905,1000.00,947,227
522006,1000.00,950,218
522107,1000.00,947,227
522209,1000.00,946,231
522310,1000.00,949,221
522412,1000.00,947,227
522513,1000.00,947,227
522614,1000.00,948,224
522716,1000.00,946,231
522817,1000.00,944,237
522918,1000.00,947,227
523020,1000.00,948,224
523121,1000.00,948,224
523223,1000.00,947,227
523324,1000.00,948,224
523425,1000.00,946,231
523527,1000.00,947,227
523628,1000.00,949,221
523729,1000.00,948,224
523831,1000.00,947,227
523932,1000.00,950,218
524034,1000.00,946,231
524135,1000.00,948,224
524236,1000.00,947,227
524338,1000.00,950,218
524439,1000.00,948,224
524540,1000.00,948,224
524642,1000.00,949,221
524743,1000.00,946,231
524845,1000.00,947,227
524946,1000.00,947,227
525047,1000.00,947,227
525149,1000.00,947,227
525250,1000.00,947,227
525351,1000.00,947,227
525452,1000.00,949,221
525553,1000.00,947,227
525655,1000.00,948,224
525756,1000.00,947,227
525857,1000.00,949,221
525959,1000.00,946,231
526060,1000.00,949,221
526161,1000.00,946,231
526263,1000.00,947,227
526364,1000.00,947,227
526466,1000.00,947,227
526567,1000.00,949,221
526668,1000.00,947,227
526770,1000.00,949,221
526871,1000.00,948,224
526972,1000.00,948,224
527074,1000.00,948,224
527175,1000.00,949,221
527277,1000.00,947,227
527378,1000.00,948,224
527479,1000.00,949,221
527581,1000.00,950,218
527682,1000.00,948,224
527783,1000.00,947,227
527885,1000.00,947,227
527986,1000.00,947,227
528088,1000.00,948,224
528189,1000.00,948,224
528290,1000.00,947,227
528392,1000.00,950,218
528493,1000.00,947,227
528594,1000.00,948,224
528696,1000.00,948,224
528797,1000.00,946,231
528899,1000.00,947,227
529000,1000.00,947,227
529101,1000.00,948,224
529203,1000.00,946,231
529304,1000.00,948,224
529405,1000.00,948,224
529507,1000.00,948,224
529608,1000.00,949,221
529710,1000.00,949,221
529811,1000.00,949,221
529912,1000.00,946,231
530014,1000.00,947,227
530115,1000.00,948,224
530216,1000.00,947,227
530318,1000.00,948,224
530419,1000.00,947,227
530521,1000.00,948,224
530622,1000.00,947,227
530723,1000.00,947,227
530825,1000.00,948,224
530926,1000.00,947,227
531027,1000.00,948,224
531129,1000.00,948,224
531230,1000.00,947,227
531332,1000.00,948,224
531433,1000.00,946,231
531534,1000.00,947,227
531636,1000.00,948,224
531737,1000.00,949,221
531838,1000.00,950,218
531940,1000.00,947,227
532041,1000.00,947,227
532143,1000.00,947,227
532244,1000.00,949,221
532345,1000.00,948,224
532447,1000.00,949,221
532548,1000.00,947,227
532649,1000.00,944,237
532751,1000.00,949,221
532852,1000.00,947,227
532954,1000.00,950,218
533054,1000.00,948,224
533155,1000.00,948,224
533257,1000.00,948,224
533358,1000.00,946,231
533459,1000.00,948,224
533561,1000.00,948,224
533662,1000.00,948,224
533764,1000.00,946,231
533865,1000.00,948,224
533966,1000.00,947,227
534068,1000.00,948,224
534169,1000.00,948,224
534270,1000.00,947,227
534372,1000.00,948,224
534473,1000.00,946,231
534575,1000.00,948,224
534676,1000.00,946,231
534777,1000.00,947,227
534879,1000.00,947,227
534980,1000.00,947,227
535081,1000.00,949,221
535183,1000.00,948,224
535284,1000.00,947,227
535386,1000.00,948,224
535487,1000.00,948,224
535588,1000.00,947,227
535690,1000.00,944,237
535791,1000.00,947,227
535892,1000.00,948,224
535994,1000.00,947,227
536095,1000.00,947,227
536197,1000.00,949,221
536298,1000.00,948,224
536399,1000.00,948,224
536501,1000.00,949,221
536602,1000.00,946,231
536704,1000.00,948,224
536805,1000.00,947,227
536906,1000.00,948,224
537008,1000.00,948,224
537109,1000.00,948,224
537210,1000.00,948,224
537312,1000.00,946,231
537413,1000.00,947,227
537515,1000.00,950,218
537616,1000.00,948,224
537717,1000.00,948,224
537819,1000.00,947,227
537920,1000.00,948,224
538021,1000.00,948,224
538123,1000.00,949,221
538224,1000.00,947,227
538326,1000.00,946,231
538427,1000.00,948,224
538528,1000.00,948,224
538630,1000.00,948,224
538731,1000.00,949,221
538832,1000.00,949,221
538934,1000.00,948,224
539035,1000.00,946,231
539137,1000.00,947,227
539238,1000.00,949,221
539339,1000.00,946,231
539441,1000.00,948,224
539542,1000.00,947,227
539643,1000.00,948,224
539745,1000.00,946,231
539846,1000.00,947,227
539948,1000.00,947,227
540049,1000.00,948,224
540150,1000.00,950,218
540252,1000.00,948,224
540353,1000.00,948,224
540454,1000.00,948,224
540556,1000.00,948,224
540657,1000.00,946,231
540758,1000.00,948,224
540859,1000.00,947,227
540960,1000.00,949,221
541062,1000.00,949,221
541163,1000.00,948,224
541264,1000.00,947,227
541366,1000.00,949,221
541467,1000.00,947,227
541569,1000.00,947,227
541670,1000.00,948,224
541771,1000.00,946,231
541873,1000.00,949,221
541974,1000.00,948,224
542075,1000.00,947,227
542177,1000.00,949,221
542278,1000.00,948,224
542380,1000.00,948,224
542481,1000.00,949,221
542582,1000.00,948,224
542684,1000.00,945,234
542785,1000.00,949,221
542886,1000.00,949,221
542988,1000.00,949,221
543089,1000.00,948,224
543191,1000.00,949,221
543292,1000.00,949,221
543393,1000.00,948,224
543495,1000.00,947,227
543596,1000.00,947,227
543697,1000.00,945,234
543799,1000.00,948,224
543900,1000.00,948,224
544002,1000.00,949,221
544103,1000.00,947,227
544204,1000.00,946,231
544306,1000.00,948,224
544407,1000.00,946,231
544508,1000.00,947,227
544610,1000.00,949,221
544711,1000.00,948,224
544813,1000.00,949,221
544914,1000.00,947,227
545015,1000.00,948,224
545117,1000.00,949,221
545218,1000.00,948,224
545319,1000.00,947,227
545421,1000.00,945,234
545522,1000.00,948,224
545624,1000.00,947,227
545725,1000.00,947,227
545826,1000.00,947,227
545928,1000.00,946,231
546029,1000.00,946,231
546130,1000.00,949,221
546232,1000.00,947,227
546333,1000.00,949,221
546435,1000.00,949,221
546536,1000.00,947,227
546637,1000.00,947,227
546739,1000.00,945,234
546840,1000.00,947,227
546941,1000.00,946,231
547043,1000.00,947,227
547144,1000.00,948,224
547246,1000.00,947,227
547347,1000.00,948,224
547448,1000.00,946,231
547550,1000.00,947,227
547651,1000.00,947,227
547752,1000.00,946,231
547854,1000.00,949,221
547955,1000.00,948,224
548057,1000.00,947,227
548158,1000.00,946,231
548259,1000.00,946,231
548361,1000.00,948,224
548461,1000.00,949,221
548562,1000.00,949,221
548664,1000.00,947,227
548765,1000.00,949,221
548867,1000.00,949,221
548968,1000.00,946,231
549069,1000.00,948,224
549171,1000.00,948,224
549272,1000.00,948,224
549373,1000.00,949,221
549475,1000.00,946,231
549576,1000.00,949,221
549678,1000.00,949,221
549779,1000.00,946,231
549880,1000.00,948,224
549982,1000.00,950,218
550083,1000.00,948,224
550184,1000.00,949,221
550286,1000.00,949,221
550387,1000.00,947,227
550489,1000.00,947,227
550590,1000.00,948,224
550691,1000.00,948,224
550793,1000.00,949,221
550894,1000.00,949,221
550995,1000.00,949,221
551097,1000.00,947,227
551198,1000.00,947,227
551300,1000.00,948,224
551401,1000.00,950,218
551502,1000.00,947,227
551604,1000.00,947,227
551705,1000.00,947,227
551806,1000.00,949,221
551908,1000.00,946,231
552009,1000.00,948,224
552111,1000.00,949,221
552212,1000.00,947,227
552313,1000.00,948,224
552415,1000.00,947,227
552516,1000.00,948,224
552617,1000.00,947,227
552719,1000.00,947,227
552820,1000.00,947,227
552922,1000.00,948,224
553023,1000.00,947,227
553124,1000.00,947,227
553226,1000.00,948,224
553327,1000.00,946,231
553428,1000.00,947,227
553530,1000.00,949,221
553631,1000.00,948,224
553733,1000.00,947,227
553834,1000.00,948,224
553935,1000.00,949,221
554037,1000.00,948,224
554138,1000.00,947,227
554240,1000.00,948,224
554341,1000.00,949,221
554442,1000.00,949,221
554544,1000.00,948,224
554645,1000.00,948,224
554746,1000.00,948,224
554848,1000.00,948,224
554949,1000.00,947,227
555051,1000.00,946,231
555152,1000.00,948,224
555253,1000.00,949,221
555355,1000.00,947,227
555456,1000.00,948,224
555557,1000.00,948,224
555659,1000.00,947,227
555760,1000.00,948,224
555862,1000.00,947,227
555963,1000.00,947,227
556064,1000.00,946,231
556166,1000.00,948,224
556266,1000.00,947,227
556367,1000.00,949,221
556469,1000.00,946,231
556570,1000.00,947,227
556672,1000.00,949,221
556773,1000.00,949,221
556874,1000.00,947,227
556976,1000.00,946,231
557077,1000.00,948,224
557178,1000.00,948,224
557280,1000.00,948,224
557381,1000.00,946,231
557483,1000.00,947,227
557584,1000.00,947,227
557685,1000.00,948,224
557787,1000.00,946,231
557888,1000.00,949,221
557989,1000.00,947,227
558091,1000.00,944,237
558192,1000.00,947,227
558294,1000.00,947,227
558395,1000.00,947,227
558496,1000.00,949,221
558598,1000.00,950,218
558699,1000.00,948,224
558800,1000.00,946,231
558902,1000.00,946,231
559003,1000.00,947,227
559105,1000.00,948,224
559206,1000.00,949,221
559307,1000.00,948,224
559409,1000.00,948,224
559510,1000.00,948,224
559611,1000.00,949,221
559713,1000.00,948,224
559814,1000.00,948,224
559916,1000.00,948,224
560017,1000.00,948,224
560118,1000.00,948,224
560220,1000.00,948,224
560321,1000.00,948,224
560422,1000.00,947,227
560524,1000.00,947,227
560625,1000.00,947,227
560727,1000.00,947,227
560828,1000.00,949,221
560929,1000.00,948,224
561031,1000.00,947,227
561132,1000.00,948,224
561233,1000.00,949,221
561335,1000.00,949,221
561436,1000.00,948,224
561538,1000.00,948,224
561639,1000.00,949,221
561740,1000.00,946,231
561842,1000.00,950,218
561943,1000.00,946,231
562044,1000.00,946,231
562146,1000.00,947,227
562247,1000.00,948,224
562349,1000.00,948,224
562450,1000.00,947,227
562551,1000.00,948,224
562653,1000.00,950,218
562754,1000.00,946,231
562855,1000.00,948,224
562957,1000.00,947,227
563058,1000.00,945,234
563160,1000.00,947,227
563261,1000.00,948,224
563362,1000.00,947,227
563464,1000.00,947,227
563565,1000.00,947,227
563666,1000.00,946,231
563768,1000.00,949,221
563869,1000.00,947,227
563971,1000.00,948,224
564072,1000.00,947,227
564173,1000.00,947,227
564274,1000.00,948,224
564375,1000.00,947,227
564476,1000.00,949,221
564578,1000.00,947,227
564679,1000.00,947,227
564781,1000.00,947,227
564882,1000.00,947,227
564983,1000.00,949,221
565085,1000.00,947,227
565186,1000.00,948,224
565287,1000.00,947,227
565389,1000.00,946,231
565490,1000.00,947,227
565592,1000.00,948,224
565693,1000.00,947,227
565794,1000.00,947,227
565896,1000.00,948,224
565997,1000.00,948,224
566098,1000.00,947,227
566200,1000.00,947,227
566301,1000.00,949,221
566403,1000.00,948,224
566504,1000.00,950,218
566605,1000.00,948,224
566707,1000.00,947,227
566808,1000.00,946,231
566909,1000.00,947,227
567011,1000.00,943,240
567112,1000.00,947,227
567214,1000.00,947,227
567315,1000.00,948,224
567416,1000.00,948,224
567518,1000.00,947,227
567619,1000.00,947,227
567720,1000.00,949,221
567822,1000.00,949,221
567923,1000.00,948,224
568025,1000.00,946,231
568126,1000.00,948,224
568227,1000.00,949,221
568329,1000.00,946,231
568430,1000.00,947,227
568531,1000.00,947,227
568633,1000.00,946,231
568734,1000.00,946,231
568836,1000.00,949,221
568937,1000.00,946,231
569038,1000.00,947,227
569140,1000.00,947,227
569241,1000.00,947,227
569342,1000.00,948,224
569444,1000.00,948,224
569545,1000.00,948,224
569647,1000.00,945,234
569748,1000.00,948,224
569849,1000.00,947,227
569951,1000.00,947,227
570052,1000.00,948,224
570153,1000.00,946,231
570255,1000.00,949,221
570356,1000.00,948,224
570458,1000.00,949,221
570559,1000.00,949,221
570660,1000.00,948,224
570762,1000.00,950,218
570863,1000.00,948,224
570964,1000.00,948,224
571066,1000.00,948,224
571167,1000.00,947,227
571269,1000.00,950,218
571370,1000.00,947,227
571471,1000.00,948,224
571573,1000.00,947,227
571674,1000.00,947,227
571776,1000.00,948,224
571877,1000.00,949,221
571978,1000.00,950,218
572079,1000.00,947,227
572180,1000.00,949,221
572281,1000.00,948,224
572383,1000.00,946,231
572484,1000.00,949,221
572585,1000.00,949,221
572687,1000.00,947,227
572788,1000.00,949,221
572890,1000.00,948,224
572991,1000.00,947,227
573092,1000.00,947,227
573194,1000.00,950,218
573295,1000.00,948,224
573396,1000.00,949,221
573498,1000.00,949,221
573599,1000.00,947,227
573701,1000.00,947,227
573802,1000.00,946,231
573903,1000.00,944,237
574005,1000.00,947,227
574106,1000.00,948,224
574208,1000.00,950,218
574309,1000.00,948,224
574410,1000.00,949,221
574512,1000.00,947,227
574613,1000.00,946,231
574714,1000.00,947,227
574816,1000.00,948,224
574917,1000.00,947,227
575019,1000.00,949,221
575120,1000.00,948,224
575221,1000.00,948,224
575323,1000.00,948,224
575424,1000.00,949,221
575525,1000.00,947,227
575627,1000.00,948,224
575728,1000.00,948,224
575830,1000.00,949,221
575931,1000.00,948,224
576032,1000.00,950,218
576134,1000.00,947,227
576235,1000.00,948,224
576336,1000.00,947,227
576438,1000.00,947,227
576539,1000.00,949,221
576641,1000.00,948,224
576742,1000.00,949,221
576843,1000.00,945,234
576945,1000.00,946,231
577046,1000.00,948,224
577147,1000.00,947,227
577249,1000.00,947,227
577350,1000.00,947,227
577452,1000.00,949,221
577553,1000.00,948,224
577654,1000.00,947,227
577756,1000.00,948,224
577857,1000.00,948,224
577958,1000.00,947,227
578060,1000.00,949,221
578161,1000.00,949,221
578263,1000.00,948,224
578364,1000.00,947,227
578465,1000.00,946,231
578567,1000.00,949,221
578668,1000.00,948,224
578769,1000.00,947,227
578871,1000.00,946,231
578972,1000.00,949,221
579074,1000.00,948,224
579175,1000.00,944,237
579276,1000.00,948,224
579378,1000.00,948,224
579479,1000.00,948,224
579580,1000.00,948,224
579682,1000.00,949,221
579782,1000.00,949,221
579884,1000.00,949,221
579985,1000.00,949,221
580086,1000.00,946,231
580188,1000.00,947,227
580289,1000.00,949,221
580390,1000.00,948,224
580492,1000.00,948,224
580593,1000.00,948,224
580695,1000.00,950,218
580796,1000.00,949,221
580897,1000.00,949,221
580999,1000.00,948,224
581100,1000.00,948,224
581201,1000.00,947,227
581303,1000.00,950,218
581404,1000.00,950,218
581506,1000.00,947,227
581607,1000.00,948,224
581708,1000.00,949,221
581810,1000.00,948,224
581911,1000.00,948,224
582012,1000.00,946,231
582114,1000.00,947,227
582215,1000.00,949,221
582317,1000.00,947,227
582418,1000.00,947,227
582519,1000.00,948,224
582621,1000.00,947,227
582722,1000.00,947,227
582823,1000.00,947,227
582925,1000.00,948,224
583026,1000.00,947,227
583128,1000.00,946,231
583229,1000.00,948,224
583330,1000.00,948,224
583432,1000.00,948,224
583533,1000.00,946,231
583634,1000.00,949,221
583736,1000.00,948,224
583837,1000.00,949,221
583939,1000.00,949,221
584040,1000.00,949,221
584141,1000.00,950,218
584243,1000.00,950,218
584344,1000.00,949,221
584445,1000.00,946,231
584547,1000.00,949,221
584648,1000.00,948,224
584750,1000.00,949,221
584851,1000.00,947,227
584952,1000.00,947,227
585054,1000.00,947,227
585155,1000.00,946,231
585256,1000.00,949,221
585358,1000.00,950,218
585459,1000.00,947,227
585561,1000.00,946,231
585662,1000.00,947,227
585763,1000.00,949,221
585865,1000.00,949,221
585966,1000.00,950,218
586067,1000.00,949,221
586169,1000.00,949,221
586270,1000.00,946,231
586372,1000.00,949,221
586473,1000.00,949,221
586574,1000.00,949,221
586676,1000.00,947,227
586777,1000.00,949,221
586878,1000.00,948,224
586980,1000.00,946,231
587081,1000.00,950,218
587183,1000.00,948,224
587284,1000.00,946,231
587385,1000.00,948,224
587487,1000.00,947,227
587587,1000.00,948,224
587688,1000.00,948,224
587790,1000.00,949,221
587891,1000.00,948,224
587993,1000.00,947,227
588094,1000.00,947,227
588195,1000.00,948,224
588297,1000.00,948,224
588398,1000.00,947,227
588499,1000.00,946,231
588601,1000.00,949,221
588702,1000.00,948,224
588804,1000.00,946,231
588905,1000.00,948,224
589006,1000.00,948,224
589108,1000.00,950,218
589209,1000.00,947,227
589310,1000.00,947,227
589412,1000.00,950,218
589513,1000.00,949,221
589615,1000.00,949,221
589716,1000.00,950,218
589817,1000.00,948,224
589919,1000.00,949,221
590020,1000.00,948,224
590121,1000.00,947,227
590223,1000.00,948,224
590324,1000.00,948,224
590426,1000.00,947,227
590527,1000.00,949,221
590628,1000.00,949,221
590730,1000.00,947,227
590831,1000.00,948,224
590932,1000.00,948,224
591034,1000.00,949,221
591135,1000.00,949,221
591237,1000.00,952,211
591338,1000.00,949,221
591439,1000.00,947,227
591541,1000.00,949,221
591642,1000.00,947,227
591744,1000.00,948,224
591845,1000.00,947,227
591946,1000.00,948,224
592048,1000.00,946,231
592149,1000.00,950,218
592250,1000.00,950,218
592352,1000.00,946,231
592453,1000.00,946,231
592555,1000.00,948,224
592656,1000.00,948,224
592757,1000.00,947,227
592859,1000.00,950,218
592960,1000.00,949,221
593061,1000.00,948,224
593163,1000.00,947,227
593264,1000.00,948,224
593366,1000.00,946,231
593467,1000.00,948,224
593568,1000.00,947,227
593670,1000.00,945,234
593771,1000.00,948,224
593872,1000.00,947,227
593974,1000.00,947,227
594075,1000.00,949,221
594177,1000.00,949,221
594278,1000.00,948,224
594379,1000.00,948,224
594481,1000.00,948,224
594582,1000.00,950,218
594683,1000.00,948,224
594785,1000.00,948,224
594886,1000.00,948,224
594988,1000.00,948,224
595089,1000.00,948,224
595190,1000.00,948,224
595292,1000.00,946,231
595393,1000.00,949,221
595493,1000.00,947,227
595595,1000.00,947,227
595696,1000.00,949,221
595798,1000.00,945,234
595899,1000.00,947,227
596000,1000.00,950,218
596102,1000.00,948,224
596203,1000.00,949,221
596304,1000.00,947,227
596406,1000.00,948,224
596507,1000.00,949,221
596609,1000.00,948,224
596710,1000.00,947,227
596811,1000.00,949,221
596913,1000.00,949,221
597014,1000.00,946,231
597115,1000.00,950,218
597217,1000.00,947,227
597318,1000.00,948,224
597420,1000.00,949,221
597521,1000.00,948,224
597622,1000.00,947,227
597724,1000.00,948,224
597825,1000.00,947,227
597926,1000.00,950,218
598028,1000.00,946,231
598129,1000.00,947,227
598231,1000.00,948,224
598332,1000.00,946,231
598433,1000.00,948,224
598535,1000.00,947,227
598636,1000.00,948,224
598737,1000.00,947,227
598839,1000.00,950,218
598940,1000.00,948,224
599042,1000.00,947,227
599143,1000.00,950,218
599244,1000.00,948,224
599346,1000.00,947,227
599447,1000.00,948,224
599548,1000.00,946,231
599650,1000.00,947,227
599751,1000.00,949,221
599853,1000.00,948,224
599954,1000.00,947,227
600055,1000.00,948,224
600157,1000.00,947,227
600258,1000.00,948,224
600359,1000.00,947,227
600461,1000.00,948,224
600562,1000.00,949,221
600664,1000.00,947,227
600765,1000.00,950,218
600866,1000.00,949,221
600968,1000.00,948,224
601069,1000.00,947,227
601170,1000.00,949,221
601272,1000.00,948,224
601373,1000.00,948,224
601475,1000.00,949,221
601576,1000.00,950,218
601677,1000.00,949,221
601779,1000.00,948,224
601880,1000.00,950,218
601981,1000.00,947,227
602083,1000.00,948,224
602184,1000.00,946,231
602286,1000.00,947,227
602387,1000.00,946,231
602488,1000.00,947,227
602590,1000.00,948,224
602691,1000.00,946,231
602792,1000.00,946,231
602894,1000.00,949,221
602995,1000.00,946,231
603097,1000.00,946,231
603198,1000.00,948,224
603299,1000.00,946,231
603401,1000.00,948,224
603501,1000.00,948,224
603602,1000.00,949,221
603704,1000.00,950,218
603805,1000.00,947,227
603907,1000.00,947,227
604008,1000.00,948,224
604109,1000.00,948,224
604211,1000.00,947,227
604312,1000.00,948,224
604413,1000.00,946,231
604515,1000.00,947,227
604616,1000.00,947,227
604718,1000.00,949,221
604819,1000.00,947,227
604920,1000.00,947,227
605022,1000.00,949,221
605123,1000.00,945,234
605224,1000.00,948,224
605326,1000.00,949,221
605427,1000.00,946,231
605529,1000.00,948,224
605630,1000.00,948,224
605731,1000.00,946,231
605833,1000.00,948,224
605934,1000.00,947,227
606035,1000.00,947,227
606137,1000.00,949,221
606238,1000.00,948,224
606340,1000.00,949,221
606441,1000.00,949,221
606542,1000.00,948,224
606644,1000.00,948,224
606745,1000.00,948,224
606846,1000.00,949,221
606948,1000.00,950,218
607049,1000.00,948,224
607151,1000.00,949,221
607252,1000.00,948,224
607353,1000.00,946,231
607455,1000.00,946,231
607556,1000.00,949,221
607657,1000.00,948,224
607759,1000.00,946,231
607860,1000.00,950,218
607962,1000.00,949,221
608063,1000.00,946,231
608164,1000.00,947,227
608266,1000.00,946,231
608367,1000.00,946,231
608468,1000.00,948,224
608570,1000.00,948,224
608671,1000.00,949,221
608773,1000.00,949,221
608874,1000.00,947,227
608975,1000.00,948,224
609077,1000.00,947,227
609178,1000.00,948,224
609280,1000.00,949,221
609381,1000.00,947,227
609482,1000.00,950,218
609584,1000.00,947,227
609685,1000.00,946,231
609786,1000.00,948,224
609888,1000.00,948,224
609989,1000.00,948,224
610091,1000.00,948,224
610192,1000.00,947,227
610293,1000.00,948,224
610395,1000.00,947,227
610496,1000.00,949,221
610597,1000.00,946,231
610699,1000.00,947,227
610800,1000.00,948,224
610902,1000.00,950,218
611003,1000.00,948,224
611104,1000.00,949,221
611206,1000.00,947,227
611307,1000.00,949,221
611408,1000.00,949,221
611510,1000.00,946,231
611611,1000.00,949,221
611713,1000.00,948,224
611813,1000.00,946,231
611914,1000.00,948,224
612016,1000.00,947,227
612117,1000.00,950,218
612218,1000.00,947,227
612320,1000.00,947,227
612421,1000.00,946,231
612523,1000.00,949,221
612624,1000.00,948,224
612725,1000.00,947,227
612827,1000.00,947,227
612928,1000.00,946,231
613029,1000.00,949,221
613131,1000.00,949,221
613232,1000.00,946,231
613334,1000.00,947,227
613435,1000.00,948,224
613536,1000.00,948,224
613638,1000.00,947,227
613739,1000.00,950,218
613840,1000.00,948,224
613942,1000.00,947,227
614043,1000.00,948,224
614145,1000.00,947,227
614246,1000.00,948,224
614347,1000.00,949,221
614449,1000.00,949,221
614550,1000.00,947,227
614651,1000.00,948,224
614753,1000.00,947,227
614854,1000.00,946,231
614956,1000.00,947,227
615057,1000.00,949,221
615158,1000.00,946,231
615260,1000.00,948,224
615361,1000.00,950,218
615462,1000.00,947,227
615564,1000.00,949,221
615665,1000.00,947,227
615767,1000.00,947,227
615868,1000.00,949,221
615969,1000.00,947,227
616071,1000.00,948,224
616172,1000.00,947,227
616273,1000.00,950,218
616375,1000.00,948,224
616476,1000.00,948,224
616578,1000.00,948,224
616679,1000.00,946,231
616780,1000.00,946,231
616882,1000.00,946,231
616983,1000.00,947,227
617084,1000.00,947,227
617186,1000.00,947,227
617287,1000.00,949,221
617389,1000.00,947,227
617490,1000.00,946,231
617591,1000.00,948,224
617693,1000.00,949,221
617794,1000.00,948,224
617895,1000.00,949,221
617997,1000.00,947,227
618098,1000.00,947,227
618200,1000.00,946,231
618301,1000.00,950,218
618402,1000.00,947,227
618504,1000.00,944,237
618605,1000.00,948,224
618706,1000.00,948,224
618808,1000.00,950,218
618909,1000.00,950,218
619011,1000.00,948,224
619112,1000.00,946,231
619213,1000.00,949,221
619315,1000.00,949,221
619416,1000.00,947,227
619517,1000.00,949,221
619619,1000.00,949,221
619720,1000.00,944,237
619821,1000.00,948,224
619922,1000.00,948,224
620023,1000.00,949,221
620125,1000.00,947,227
620226,1000.00,947,227
620327,1000.00,947,227
620429,1000.00,949,221
620530,1000.00,948,224
620632,1000.00,948,224
620733,1000.00,949,221
620834,1000.00,948,224
620936,1000.00,948,224
621037,1000.00,947,227
621138,1000.00,946,231
621240,1000.00,949,221
621341,1000.00,947,227
621443,1000.00,949,221
621544,1000.00,949,221
621645,1000.00,948,224
621747,1000.00,948,224
621848,1000.00,947,227
621949,1000.00,949,221
622051,1000.00,950,218
622152,1000.00,944,237
622254,1000.00,950,218
622355,1000.00,949,221
622456,1000.00,945,234
622558,1000.00,947,227
622659,1000.00,948,224
622760,1000.00,947,227
622862,1000.00,948,224
622963,1000.00,948,224
623065,1000.00,949,221
623166,1000.00,950,218
623267,1000.00,947,227
623369,1000.00,946,231
623470,1000.00,948,224
623571,1000.00,947,227
623673,1000.00,947,227
623774,1000.00,947,227
623876,1000.00,950,218
623977,1000.00,950,218
624078,1000.00,946,231
624180,1000.00,948,224
624281,1000.00,947,227
624382,1000.00,945,234
624484,1000.00,948,224
624585,1000.00,948,224
624687,1000.00,946,231
624788,1000.00,950,218
624889,1000.00,948,224
624991,1000.00,948,224
625092,1000.00,948,224
625193,1000.00,949,221
625295,1000.00,948,224
625396,1000.00,949,221
625498,1000.00,950,218
625599,1000.00,948,224
625700,1000.00,949,221
625802,1000.00,946,231
625903,1000.00,946,231
626004,1000.00,949,221
626106,1000.00,947,227
626207,1000.00,949,221
626309,1000.00,947,227
626410,1000.00,950,218
626511,1000.00,950,218
626613,1000.00,946,231
626714,1000.00,949,221
626816,1000.00,947,227
626917,1000.00,944,237
627018,1000.00,947,227
627120,1000.00,943,240
627221,1000.00,946,231
627322,1000.00,948,224
627424,1000.00,948,224
627525,1000.00,946,231
627627,1000.00,948,224
627728,1000.00,948,224
627829,1000.00,947,227
627931,1000.00,950,218
628032,1000.00,948,224
628133,1000.00,948,224
628234,1000.00,947,227
628335,1000.00,949,221
628436,1000.00,948,224
628538,1000.00,946,231
628639,1000.00,949,221
628741,1000.00,948,224
628842,1000.00,949,221
628943,1000.00,947,227
629045,1000.00,947,227
629146,1000.00,950,218
629248,1000.00,950,218
629349,1000.00,948,224
629450,1000.00,948,224
629552,1000.00,948,224
629653,1000.00,947,227
629754,1000.00,950,218
629856,1000.00,947,227
629957,1000.00,949,221
630059,1000.00,949,221
630160,1000.00,949,221
630261,1000.00,947,227
630363,1000.00,949,221
630464,1000.00,947,227
630565,1000.00,946,231
630667,1000.00,948,224
630768,1000.00,948,224
630870,1000.00,947,227
630971,1000.00,947,227
631072,1000.00,948,224
631174,1000.00,949,221
631275,1000.00,949,221
631376,1000.00,948,224
631478,1000.00,945,234
631579,1000.00,948,224
631681,1000.00,947,227
631782,1000.00,945,234
631883,1000.00,949,221
631985,1000.00,949,221
632086,1000.00,949,221
632187,1000.00,949,221
632289,1000.00,947,227
632390,1000.00,947,227
632492,1000.00,948,224
632593,1000.00,949,221
632694,1000.00,948,224
632796,1000.00,949,221
632897,1000.00,949,221
632998,1000.00,949,221
633100,1000.00,946,231
633201,1000.00,949,221
633303,1000.00,949,221
633404,1000.00,948,224
633505,1000.00,948,224
633607,1000.00,948,224
633708,1000.00,948,224
633809,1000.00,947,227
633911,1000.00,946,231
634012,1000.00,945,234
634114,1000.00,946,231
634215,1000.00,948,224
634316,1000.00,950,218
634418,1000.00,947,227
634519,1000.00,950,218
634620,1000.00,948,224
634722,1000.00,949,221
634823,1000.00,949,221
634925,1000.00,949,221
635026,1000.00,948,224
635127,1000.00,947,227
635229,1000.00,947,227
635330,1000.00,946,231
635431,1000.00,948,224
635533,1000.00,946,231
635634,1000.00,948,224
635736,1000.00,947,227
635837,1000.00,948,224
635938,1000.00,946,231
636040,1000.00,950,218
636141,1000.00,950,218
636242,1000.00,949,221
636344,1000.00,949,221
636445,1000.00,947,227
636547,1000.00,949,221
636648,1000.00,948,224
636748,1000.00,945,234
636850,1000.00,949,221
636951,1000.00,949,221
637052,1000.00,947,227
637154,1000.00,950,218
637255,1000.00,948,224
637357,1000.00,949,221
637458,1000.00,947,227
637559,1000.00,946,231
637661,1000.00,946,231
637762,1000.00,949,221
637863,1000.00,948,224
637965,1000.00,948,224
638066,1000.00,948,224
638168,1000.00,948,224
638269,1000.00,947,227
638370,1000.00,947,227
638472,1000.00,947,227
638573,1000.00,948,224
638674,1000.00,947,227
638776,1000.00,945,234
638877,1000.00,948,224
638979,1000.00,948,224
639080,1000.00,949,221
639181,1000.00,948,224
639283,1000.00,949,221
639384,1000.00,950,218
639485,1000.00,946,231
639587,1000.00,947,227
639688,1000.00,949,221
639790,1000.00,947,227
639891,1000.00,947,227
639992,1000.00,948,224
640094,1000.00,949,221
640195,1000.00,948,224
640296,1000.00,948,224
640398,1000.00,945,234
640499,1000.00,947,227
640601,1000.00,948,224
640702,1000.00,948,224
640803,1000.00,947,227
640905,1000.00,949,221
641006,1000.00,947,227
641107,1000.00,948,224
641209,1000.00,947,227
641310,1000.00,948,224
641412,1000.00,950,218
641513,1000.00,948,224
641614,1000.00,948,224
641716,1000.00,947,227
641817,1000.00,947,227
641918,1000.00,948,224
642020,1000.00,947,227
642121,1000.00,949,221
642223,1000.00,947,227
642324,1000.00,949,221
642425,1000.00,948,224
642527,1000.00,947,227
642628,1000.00,947,227
642729,1000.00,948,224
642831,1000.00,948,224
642932,1000.00,948,224
643034,1000.00,949,221
643135,1000.00,948,224
643236,1000.00,949,221
643338,1000.00,946,231
643439,1000.00,946,231
643540,1000.00,946,231
643642,1000.00,948,224
643743,1000.00,949,221
643845,1000.00,948,224
643946,1000.00,946,231
644047,1000.00,948,224
644149,1000.00,948,224
644250,1000.00,947,227
644352,1000.00,947,227
644453,1000.00,948,224
644554,1000.00,944,237
644656,1000.00,949,221
644757,1000.00,948,224
644857,1000.00,948,224
644959,1000.00,949,221
645060,1000.00,947,227
645161,1000.00,947,227
645263,1000.00,949,221
645364,1000.00,947,227
645466,1000.00,948,224
645567,1000.00,949,221
645668,1000.00,947,227
645770,1000.00,948,224
645871,1000.00,950,218
645972,1000.00,947,227
646074,1000.00,950,218
646175,1000.00,947,227
646277,1000.00,947,227
646378,1000.00,945,234
646479,1000.00,949,221
646581,1000.00,945,234
646682,1000.00,947,227
646784,1000.00,948,224
646885,1000.00,946,231
646986,1000.00,947,227
647088,1000.00,949,221
647189,1000.00,947,227
647290,1000.00,949,221
647392,1000.00,946,231
647493,1000.00,948,224
647595,1000.00,950,218
647696,1000.00,947,227
647797,1000.00,946,231
647899,1000.00,946,231
648000,1000.00,946,231
648101,1000.00,949,221
648203,1000.00,948,224
648304,1000.00,947,227
648406,1000.00,948,224
648507,1000.00,948,224
648608,1000.00,948,224
648710,1000.00,947,227
648811,1000.00,949,221
648912,1000.00,947,227
649014,1000.00,948,224
649115,1000.00,948,224
649217,1000.00,948,224
649318,1000.00,949,221
649419,1000.00,948,224
649521,1000.00,949,221
649622,1000.00,949,221
649723,1000.00,948,224
649825,1000.00,949,221
649926,1000.00,948,224
650028,1000.00,948,224
650129,1000.00,947,227
650230,1000.00,949,221
650332,1000.00,949,221
650433,1000.00,949,221
650534,1000.00,949,221
650636,1000.00,948,224
650737,1000.00,948,224
650839,1000.00,946,231
650940,1000.00,949,221
651041,1000.00,948,224
651143,1000.00,948,224
651244,1000.00,948,224
651345,1000.00,948,224
651447,1000.00,945,234
651548,1000.00,950,218
651650,1000.00,948,224
651751,1000.00,947,227
651852,1000.00,946,231
651954,1000.00,948,224
652055,1000.00,945,234
652156,1000.00,949,221
652258,1000.00,947,227
652359,1000.00,947,227
652461,1000.00,950,218
652561,1000.00,948,224
652662,1000.00,949,221
652764,1000.00,947,227
652865,1000.00,946,231
652966,1000.00,948,224
653068,1000.00,948,224
653169,1000.00,949,221
653271,1000.00,947,227
653372,1000.00,947,227
653473,1000.00,947,227
653575,1000.00,947,227
653676,1000.00,949,221
653777,1000.00,949,221
653879,1000.00,947,227
653980,1000.00,948,224
654082,1000.00,944,237
654183,1000.00,949,221
654284,1000.00,950,218
654386,1000.00,947,227
654487,1000.00,949,221
654588,1000.00,947,227
654690,1000.00,945,234
654791,1000.00,949,221
654893,1000.00,950,218
654994,1000.00,947,227
655095,1000.00,947,227
655197,1000.00,947,227
655298,1000.00,949,221
655399,1000.00,949,221
655501,1000.00,946,231
655602,1000.00,949,221
655704,1000.00,947,227
655805,1000.00,947,227
655906,1000.00,947,227
656008,1000.00,948,224
656109,1000.00,947,227
656210,1000.00,949,221
656312,1000.00,946,231
656413,1000.00,950,218
656515,1000.00,948,224
656616,1000.00,947,227
656717,1000.00,947,227
656819,1000.00,948,224
656920,1000.00,946,231
657021,1000.00,949,221
657123,1000.00,949,221
657224,1000.00,947,227
657326,1000.00,950,218
657427,1000.00,949,221
657528,1000.00,947,227
657630,1000.00,946,231
657731,1000.00,948,224
657832,1000.00,950,218
657934,1000.00,948,224
658035,1000.00,947,227
658137,1000.00,947,227
658238,1000.00,949,221
658339,1000.00,949,221
658441,1000.00,949,221
658542,1000.00,947,227
658643,1000.00,948,224
658745,1000.00,948,224
658846,1000.00,948,224
658948,1000.00,948,224
659049,1000.00,949,221
659150,1000.00,949,221
659252,1000.00,947,227
659353,1000.00,950,218
659454,1000.00,946,231
659556,1000.00,947,227
659657,1000.00,947,227
659759,1000.00,946,231
659860,1000.00,948,224
659961,1000.00,948,224
660063,1000.00,947,227
660164,1000.00,949,221
660265,1000.00,949,221
660366,1000.00,948,224
660467,1000.00,948,224
660569,1000.00,949,221
660670,1000.00,949,221
660771,1000.00,948,224
660873,1000.00,948,224
660974,1000.00,946,231
661075,1000.00,948,224
661177,1000.00,946,231
661278,1000.00,949,221
661380,1000.00,950,218
661481,1000.00,947,227
661582,1000.00,947,227
661684,1000.00,948,224
661785,1000.00,949,221
661886,1000.00,949,221
661988,1000.00,946,231
662089,1000.00,950,218
662191,1000.00,948,224
662292,1000.00,948,224
662393,1000.00,950,218
662495,1000.00,949,221
662596,1000.00,949,221
662697,1000.00,948,224
662799,1000.00,947,227
662900,1000.00,948,224
663002,1000.00,947,227
663103,1000.00,947,227
663204,1000.00,948,224
663306,1000.00,948,224
663407,1000.00,949,221
663508,1000.00,947,227
663610,1000.00,950,218
663711,1000.00,948,224
663813,1000.00,949,221
663914,1000.00,947,227
664015,1000.00,948,224
664117,1000.00,948,224
664218,1000.00,947,227
664320,1000.00,947,227
664421,1000.00,950,218
664522,1000.00,950,218
664624,1000.00,948,224
664725,1000.00,947,227
664826,1000.00,946,231
664928,1000.00,949,221
665029,1000.00,948,224
665131,1000.00,948,224
665232,1000.00,948,224
665333,1000.00,949,221
665435,1000.00,947,227
665536,1000.00,949,221
665637,1000.00,949,221
665739,1000.00,948,224
665840,1000.00,946,231
665942,1000.00,948,224
666043,1000.00,946,231
666144,1000.00,946,231
666246,1000.00,947,227
666347,1000.00,947,227
666448,1000.00,946,231
666550,1000.00,947,227
666651,1000.00,948,224
666753,1000.00,948,224
666854,1000.00,947,227
666955,1000.00,947,227
667057,1000.00,949,221
667158,1000.00,946,231
667259,1000.00,947,227
667361,1000.00,947,227
667462,1000.00,948,224
667564,1000.00,950,218
667665,1000.00,948,224
667766,1000.00,948,224
667868,1000.00,948,224
667969,1000.00,948,224
668069,1000.00,948,224
668171,1000.00,949,221
668272,1000.00,945,234
668374,1000.00,946,231
668475,1000.00,950,218
668576,1000.00,947,227
668678,1000.00,947,227
668779,1000.00,948,224
668880,1000.00,948,224
668982,1000.00,949,221
669083,1000.00,948,224
669185,1000.00,947,227
669286,1000.00,947,227
669387,1000.00,950,218
669489,1000.00,948,224
669590,1000.00,946,231
669691,1000.00,947,227
669793,1000.00,949,221
669894,1000.00,950,218
669996,1000.00,947,227
670097,1000.00,949,221
670198,1000.00,950,218
670300,1000.00,947,227
670401,1000.00,948,224
670502,1000.00,949,221
670604,1000.00,948,224
670705,1000.00,944,237
670807,1000.00,948,224
670908,1000.00,948,224
671009,1000.00,949,221
671111,1000.00,949,221
671212,1000.00,948,224
671313,1000.00,947,227
671415,1000.00,949,221
671516,1000.00,949,221
671618,1000.00,947,227
671719,1000.00,950,218
671820,1000.00,947,227
671922,1000.00,949,221
672023,1000.00,947,227
672124,1000.00,949,221
672226,1000.00,947,227
672327,1000.00,948,224
672429,1000.00,949,221
672530,1000.00,949,221
672631,1000.00,949,221
672733,1000.00,949,221
672834,1000.00,946,231
672935,1000.00,950,218
673037,1000.00,948,224
673138,1000.00,948,224
673240,1000.00,949,221
673341,1000.00,949,221
673442,1000.00,948,224
673544,1000.00,949,221
673645,1000.00,946,231
673746,1000.00,947,227
673848,1000.00,948,224
673949,1000.00,948,224
674051,1000.00,948,224
674152,1000.00,950,218
674253,1000.00,949,221
674355,1000.00,946,231
674456,1000.00,948,224
674557,1000.00,946,231
674659,1000.00,944,237
674760,1000.00,947,227
674862,1000.00,949,221
674963,1000.00,947,227
675064,1000.00,947,227
675166,1000.00,949,221
675267,1000.00,948,224
675368,1000.00,947,227
675470,1000.00,949,221
675571,1000.00,948,224
675673,1000.00,948,224
675774,1000.00,948,224
675874,1000.00,948,224
675976,1000.00,948,224
676077,1000.00,950,218
676178,1000.00,949,221
676280,1000.00,950,218
676381,1000.00,949,221
676483,1000.00,949,221
676584,1000.00,946,231
676685,1000.00,948,224
676787,1000.00,946,231
676888,1000.00,948,224
676989,1000.00,946,231
677091,1000.00,947,227
677192,1000.00,947,227
677294,1000.00,947,227
677395,1000.00,949,221
677496,1000.00,949,221
677598,1000.00,947,227
677699,1000.00,949,221
677800,1000.00,948,224
677902,1000.00,948,224
678003,1000.00,948,224
678105,1000.00,948,224
678206,1000.00,950,218
678307,1000.00,948,224
678409,1000.00,948,224
678510,1000.00,950,218
678611,1000.00,947,227
678713,1000.00,949,221
678814,1000.00,949,221
678916,1000.00,947,227
679017,1000.00,949,221
679118,1000.00,948,224
679220,1000.00,949,221
679321,1000.00,945,234
679422,1000.00,948,224
679524,1000.00,948,224
679625,1000.00,947,227
679727,1000.00,947,227
679828,1000.00,947,227
679929,1000.00,948,224
680031,1000.00,949,221
680132,1000.00,947,227
680233,1000.00,948,224
680335,1000.00,948,224
680436,1000.00,949,221
680538,1000.00,947,227
680639,1000.00,946,231
680740,1000.00,947,227
680842,1000.00,949,221
680943,1000.00,948,224
681044,1000.00,947,227
681146,1000.00,950,218
681247,1000.00,949,221
681349,1000.00,946,231
681450,1000.00,947,227
681551,1000.00,949,221
681653,1000.00,948,224
681754,1000.00,949,221
681856,1000.00,949,221
681957,1000.00,947,227
682058,1000.00,947,227
682160,1000.00,948,224
682261,1000.00,947,227
682362,1000.00,947,227
682464,1000.00,947,227
682565,1000.00,949,221
682667,1000.00,949,221
682768,1000.00,948,224
682869,1000.00,948,224
682971,1000.00,950,218
683072,1000.00,948,224
683173,1000.00,948,224
683275,1000.00,948,224
683376,1000.00,949,221
683478,1000.00,947,227
683578,1000.00,947,227
683679,1000.00,949,221
683781,1000.00,949,221
683882,1000.00,946,231
683983,1000.00,947,227
684085,1000.00,945,234
684186,1000.00,949,221
684288,1000.00,950,218
684389,1000.00,947,227
684490,1000.00,947,227
684592,1000.00,950,218
684693,1000.00,950,218
684794,1000.00,947,227
684896,1000.00,947,227
684997,1000.00,944,237
685099,1000.00,948,224
685200,1000.00,948,224
685301,1000.00,948,224
685403,1000.00,948,224
685504,1000.00,950,218
685605,1000.00,947,227
685707,1000.00,946,231
685808,1000.00,947,227
685910,1000.00,950,218
686011,1000.00,946,231
686112,1000.00,948,224
686214,1000.00,948,224
686315,1000.00,949,221
686416,1000.00,948,224
686518,1000.00,948,224
686619,1000.00,947,227
686721,1000.00,949,221
686822,1000.00,950,218
686923,1000.00,947,227
687025,1000.00,949,221
687126,1000.00,948,224
687227,1000.00,945,234
687329,1000.00,946,231
687430,1000.00,948,224
687532,1000.00,948,224
687633,1000.00,947,227
687734,1000.00,949,221
687836,1000.00,946,231
687937,1000.00,947,227
688038,1000.00,947,227
688140,1000.00,947,227
688241,1000.00,948,224
688343,1000.00,947,227
688444,1000.00,949,221
688545,1000.00,947,227
688647,1000.00,947,227
688748,1000.00,946,231
688849,1000.00,947,227
688951,1000.00,947,227
689052,1000.00,947,227
689154,1000.00,946,231
689255,1000.00,947,227
689356,1000.00,949,221
689458,1000.00,949,221
689559,1000.00,949,221
689660,1000.00,950,218
689762,1000.00,947,227
689863,1000.00,948,224
689965,1000.00,950,218
690066,1000.00,946,231
690167,1000.00,949,221
690269,1000.00,949,221
690370,1000.00,950,218
690471,1000.00,949,221
690573,1000.00,950,218
690674,1000.00,949,221
690776,1000.00,948,224
690877,1000.00,947,227
690978,1000.00,950,218
691080,1000.00,948,224
691181,1000.00,949,221
691282,1000.00,947,227
691383,1000.00,948,224
691484,1000.00,947,227
691586,1000.00,948,224
691687,1000.00,947,227
691788,1000.00,948,224
691890,1000.00,947,227
691991,1000.00,948,224
692092,1000.00,947,227
692194,1000.00,947,227
692295,1000.00,944,237
692397,1000.00,948,224
692498,1000.00,950,218
692599,1000.00,949,221
692701,1000.00,950,218
692802,1000.00,949,221
692903,1000.00,950,218
693005,1000.00,947,227
693106,1000.00,948,224
693208,1000.00,947,227
693309,1000.00,949,221
693410,1000.00,949,221
693512,1000.00,947,227
693613,1000.00,948,224
693714,1000.00,949,221
693816,1000.00,949,221
693917,1000.00,949,221
694019,1000.00,948,224
694120,1000.00,947,227
694221,1000.00,946,231
694323,1000.00,950,218
694424,1000.00,947,227
694525,1000.00,945,234
694627,1000.00,949,221
694728,1000.00,947,227
694830,1000.00,949,221
694931,1000.00,946,231
695032,1000.00,950,218
695134,1000.00,949,221
695235,1000.00,947,227
695336,1000.00,950,218
695438,1000.00,947,227
695539,1000.00,948,224
695641,1000.00,949,221
695742,1000.00,948,224
695843,1000.00,947,227
695945,1000.00,947,227
696046,1000.00,949,221
696147,1000.00,950,218
696249,1000.00,947,227
696350,1000.00,950,218
696452,1000.00,947,227
696553,1000.00,950,218
696654,1000.00,947,227
696756,1000.00,949,221
696857,1000.00,948,224
696958,1000.00,948,224
697060,1000.00,947,227
697161,1000.00,945,234
697263,1000.00,950,218
697364,1000.00,947,227
697465,1000.00,944,237
697567,1000.00,946,231
697668,1000.00,948,224
697769,1000.00,946,231
697871,1000.00,949,221
697972,1000.00,948,224
698074,1000.00,948,224
698175,1000.00,949,221
698276,1000.00,950,218
698378,1000.00,949,221
698479,1000.00,946,231
698580,1000.00,949,221
698682,1000.00,948,224
698783,1000.00,950,218
698885,1000.00,949,221
698986,1000.00,947,227
699087,1000.00,948,224
699188,1000.00,948,224
699289,1000.00,948,224
699390,1000.00,948,224
699492,1000.00,948,224
699593,1000.00,948,224
699695,1000.00,950,218
699796,1000.00,947,227
699897,1000.00,948,224
699999,1000.00,949,221
700100,1000.00,948,224
700201,1000.00,943,240
700303,1000.00,948,224
700404,1000.00,950,218
700506,1000.00,948,224
700607,1000.00,950,218
700708,1000.00,947,227
700810,1000.00,948,224
700911,1000.00,947,227
701012,1000.00,948,224
701114,1000.00,948,224
701215,1000.00,949,221
701317,1000.00,948,224
701418,1000.00,947,227
701519,1000.00,949,221
701621,1000.00,947,227
701722,1000.00,949,221
701824,1000.00,948,224
701925,1000.00,947,227
702026,1000.00,949,221
702128,1000.00,947,227
702229,1000.00,948,224
702330,1000.00,947,227
702432,1000.00,945,234
702533,1000.00,950,218
702635,1000.00,947,227
702736,1000.00,945,234
702837,1000.00,947,227
702939,1000.00,948,224
703040,1000.00,948,224
703141,1000.00,945,234
703243,1000.00,948,224
703344,1000.00,948,224
703446,1000.00,948,224
703547,1000.00,950,218
703648,1000.00,947,227
703750,1000.00,950,218
703851,1000.00,947,227
703952,1000.00,947,227
704054,1000.00,950,218
704155,1000.00,947,227
704257,1000.00,947,227
704358,1000.00,948,224
704459,1000.00,946,231
704561,1000.00,947,227
704662,1000.00,949,221
704763,1000.00,950,218
704865,1000.00,947,227
704966,1000.00,944,237
705068,1000.00,948,224
705169,1000.00,947,227
705270,1000.00,949,221
705372,1000.00,949,221
705473,1000.00,950,218
705574,1000.00,947,227
705676,1000.00,947,227
705777,1000.00,948,224
705879,1000.00,949,221
705980,1000.00,947,227
706081,1000.00,950,218
706183,1000.00,948,224
706284,1000.00,948,224
706385,1000.00,949,221
706487,1000.00,950,218
706588,1000.00,948,224
706690,1000.00,947,227
706791,1000.00,948,224
706892,1000.00,946,231
706994,1000.00,949,221
707095,1000.00,949,221
707196,1000.00,948,224
707297,1000.00,946,231
707398,1000.00,947,227
707500,1000.00,947,227
707601,1000.00,947,227
707702,1000.00,948,224
707804,1000.00,948,224
707905,1000.00,949,221
708006,1000.00,948,224
708108,1000.00,948,224
708209,1000.00,946,231
708311,1000.00,949,221
708412,1000.00,948,224
708513,1000.00,947,227
708615,1000.00,946,231
708716,1000.00,949,221
708817,1000.00,949,221
708919,1000.00,945,234
709020,1000.00,948,224
709122,1000.00,947,227
709223,1000.00,948,224
709324,1000.00,947,227
709426,1000.00,949,221
709527,1000.00,948,224
709628,1000.00,949,221
709730,1000.00,946,231
709831,1000.00,949,221
709933,1000.00,949,221
710034,1000.00,950,218
710135,1000.00,946,231
710237,1000.00,948,224
710338,1000.00,947,227
710439,1000.00,947,227
710541,1000.00,946,231
710642,1000.00,947,227
710744,1000.00,950,218
710845,1000.00,947,227
710946,1000.00,949,221
711048,1000.00,948,224
711149,1000.00,947,227
711250,1000.00,948,224
711352,1000.00,949,221
711453,1000.00,948,224
711555,1000.00,946,231
711656,1000.00,949,221
711757,1000.00,948,224
711859,1000.00,949,221
711960,1000.00,948,224
712061,1000.00,949,221
712163,1000.00,947,227
712264,1000.00,950,218
712366,1000.00,949,221
712467,1000.00,949,221
712568,1000.00,950,218
712670,1000.00,947,227
712771,1000.00,948,224
712872,1000.00,949,221
712974,1000.00,946,231
713075,1000.00,948,224
713177,1000.00,948,224
713278,1000.00,947,227
713379,1000.00,948,224
713481,1000.00,948,224
713582,1000.00,949,221
713683,1000.00,949,221
713785,1000.00,948,224
713886,1000.00,947,227
713988,1000.00,948,224
714089,1000.00,947,227
714190,1000.00,948,224
714292,1000.00,948,224
714393,1000.00,946,231
714494,1000.00,950,218
714596,1000.00,947,227
714697,1000.00,949,221
714799,1000.00,949,221
714900,1000.00,949,221
715001,1000.00,947,227
715103,1000.00,948,224
715203,1000.00,947,227
715304,1000.00,950,218
715406,1000.00,948,224
715507,1000.00,946,231
715609,1000.00,948,224
715710,1000.00,949,221
715811,1000.00,947,227
715913,1000.00,947,227
716014,1000.00,949,221
716115,1000.00,945,234
716217,1000.00,949,221
716318,1000.00,947,227
716420,1000.00,948,224
716521,1000.00,949,221
716622,1000.00,947,227
716724,1000.00,947,227
716825,1000.00,947,227
716926,1000.00,947,227
717028,1000.00,948,224
717129,1000.00,948,224
717231,1000.00,947,227
717332,1000.00,950,218
717433,1000.00,946,231
717535,1000.00,946,231
717636,1000.00,948,224
717737,1000.00,949,221
717839,1000.00,948,224
717940,1000.00,949,221
718042,1000.00,944,237
718143,1000.00,946,231
718244,1000.00,947,227
718346,1000.00,947,227
718447,1000.00,946,231
718548,1000.00,947,227
718650,1000.00,948,224
718751,1000.00,948,224
718853,1000.00,948,224
718954,1000.00,947,227
719055,1000.00,948,224
719157,1000.00,947,227
719258,1000.00,949,221
719360,1000.00,948,224
719461,1000.00,949,221
719562,1000.00,948,224
719664,1000.00,949,221
719765,1000.00,947,227
719866,1000.00,948,224
719968,1000.00,949,221
720069,1000.00,948,224
720171,1000.00,949,221
720272,1000.00,947,227
720373,1000.00,949,221
720475,1000.00,949,221
720576,1000.00,949,221
720677,1000.00,947,227
720779,1000.00,950,218
720880,1000.00,946,231
720982,1000.00,949,221
721083,1000.00,949,221
721184,1000.00,949,221
721286,1000.00,948,224
721387,1000.00,948,224
721488,1000.00,950,218
721590,1000.00,948,224
721691,1000.00,947,227
721793,1000.00,947,227
721894,1000.00,947,227
721995,1000.00,947,227
722097,1000.00,948,224
722198,1000.00,949,221
722299,1000.00,949,221
722401,1000.00,948,224
722502,1000.00,949,221
722604,1000.00,948,224
722705,1000.00,948,224
722805,1000.00,947,227
722907,1000.00,949,221
723008,1000.00,948,224
723109,1000.00,946,231
723211,1000.00,948,224
723312,1000.00,948,224
723414,1000.00,947,227
723515,1000.00,948,224
723616,1000.00,948,224
723718,1000.00,947,227
723819,1000.00,949,221
723920,1000.00,948,224
724022,1000.00,947,227
724123,1000.00,949,221
724225,1000.00,948,224
724326,1000.00,949,221
724427,1000.00,950,218
724529,1000.00,949,221
724630,1000.00,949,221
724731,1000.00,949,221
724833,1000.00,947,227
724934,1000.00,948,224
725036,1000.00,949,221
725137,1000.00,949,221
725238,1000.00,949,221
725340,1000.00,949,221
725441,1000.00,950,218
725542,1000.00,948,224
725644,1000.00,947,227
725745,1000.00,947,227
725847,1000.00,948,224
725948,1000.00,950,218
726049,1000.00,947,227
726151,1000.00,948,224
726252,1000.00,950,218
726353,1000.00,949,221
726455,1000.00,948,224
726556,1000.00,949,221
726658,1000.00,948,224
726759,1000.00,948,224
726860,1000.00,949,221
726962,1000.00,950,218
727063,1000.00,948,224
727164,1000.00,947,227
727266,1000.00,949,221
727367,1000.00,948,224
727469,1000.00,947,227
727570,1000.00,949,221
727671,1000.00,947,227
727773,1000.00,947,227
727874,1000.00,948,224
727975,1000.00,949,221
728077,1000.00,947,227
728178,1000.00,948,224
728280,1000.00,948,224
728381,1000.00,948,224
728482,1000.00,947,227
728584,1000.00,946,231
728685,1000.00,948,224
728786,1000.00,949,221
728888,1000.00,949,221
728989,1000.00,948,224
729091,1000.00,949,221
729192,1000.00,947,227
729293,1000.00,948,224
729395,1000.00,947,227
729496,1000.00,949,221
729597,1000.00,949,221
729699,1000.00,946,231
729800,1000.00,947,227
729902,1000.00,949,221
730003,1000.00,947,227
730104,1000.00,948,224
730206,1000.00,950,218
730307,1000.00,948,224
730408,1000.00,948,224
730510,1000.00,948,224
730610,1000.00,948,224
730712,1000.00,948,224
730813,1000.00,948,224
730914,1000.00,945,234
731016,1000.00,948,224
731117,1000.00,947,227
731218,1000.00,950,218
731320,1000.00,950,218
731421,1000.00,949,221
731523,1000.00,948,224
731624,1000.00,949,221
731725,1000.00,948,224
731827,1000.00,949,221
731928,1000.00,948,224
732029,1000.00,948,224
732131,1000.00,948,224
732232,1000.00,950,218
732334,1000.00,947,227
732435,1000.00,949,221
732536,1000.00,946,231
732638,1000.00,948,224
732739,1000.00,948,224
732840,1000.00,948,224
732942,1000.00,948,224
733043,1000.00,948,224
733145,1000.00,947,227
733246,1000.00,950,218
733347,1000.00,947,227
733449,1000.00,947,227
733550,1000.00,948,224
733651,1000.00,948,224
733753,1000.00,948,224
733854,1000.00,947,227
733956,1000.00,948,224
734057,1000.00,948,224
734158,1000.00,948,224
734260,1000.00,948,224
734361,1000.00,949,221
734462,1000.00,947,227
734564,1000.00,948,224
734665,1000.00,949,221
734767,1000.00,947,227
734868,1000.00,948,224
734969,1000.00,949,221
735071,1000.00,947,227
735172,1000.00,947,227
735273,1000.00,950,218
735375,1000.00,948,224
735476,1000.00,948,224
735578,1000.00,949,221
735679,1000.00,947,227
735780,1000.00,948,224
735882,1000.00,949,221
735983,1000.00,950,218
736084,1000.00,948,224
736186,1000.00,948,224
736287,1000.00,947,227
736389,1000.00,950,218
736490,1000.00,950,218
736591,1000.00,947,227
736693,1000.00,949,221
736794,1000.00,949,221
736896,1000.00,949,221
736997,1000.00,950,218
737098,1000.00,949,221
737200,1000.00,949,221
737301,1000.00,947,227
737402,1000.00,948,224
737504,1000.00,949,221
737605,1000.00,947,227
737707,1000.00,946,231
737808,1000.00,947,227
737909,1000.00,949,221
738011,1000.00,947,227
738112,1000.00,949,221
738213,1000.00,947,227
738315,1000.00,949,221
738416,1000.00,948,224
738518,1000.00,949,221
738619,1000.00,950,218
738719,1000.00,949,221
738821,1000.00,948,224
738922,1000.00,946,231
739023,1000.00,948,224
739125,1000.00,949,221
739226,1000.00,947,227
739328,1000.00,947,227
739429,1000.00,949,221
739530,1000.00,949,221
739632,1000.00,947,227
739733,1000.00,949,221
739834,1000.00,948,224
739936,1000.00,948,224
740037,1000.00,946,231
740139,1000.00,947,227
740240,1000.00,948,224
740341,1000.00,947,227
740443,1000.00,947,227
740544,1000.00,949,221
740645,1000.00,948,224
740747,1000.00,949,221
740848,1000.00,947,227
740950,1000.00,950,218
741051,1000.00,948,224
741152,1000.00,949,221
741254,1000.00,949,221
741355,1000.00,947,227
741456,1000.00,949,221
741558,1000.00,948,224
741659,1000.00,947,227
741761,1000.00,946,231
741862,1000.00,948,224
741963,1000.00,949,221
742065,1000.00,948,224
742166,1000.00,948,224
# load_kg=0.00
742268,0.00,948,224
742369,0.00,948,224
742470,0.00,947,227
742572,0.00,946,231
742673,0.00,948,224
742774,0.00,949,221
742876,0.00,948,224
742976,0.00,949,221
743077,0.00,947,227
743179,0.00,947,227
743280,0.00,949,221
743382,0.00,945,234
743483,0.00,947,227
743583,0.00,949,221
743685,0.00,948,224
743786,0.00,947,227
743887,0.00,949,221
743989,0.00,947,227
744090,0.00,943,240
744190,0.00,949,221
744292,0.00,948,224
744393,0.00,316,6338
744495,0.00,303,6732
744596,0.00,325,6084
744697,0.00,320,6224
744798,0.00,317,6309
744899,0.00,314,6397
745000,0.00,311,6486
745102,0.00,299,6860
745203,0.00,280,7518
745305,0.00,280,7518
745406,0.00,281,7481
745507,0.00,284,7372
745608,0.00,281,7481
745709,0.00,283,7408
745810,0.00,283,7408
745912,0.00,283,7408
746013,0.00,282,7444
746115,0.00,272,7822
746216,0.00,273,7783
746317,0.00,276,7668
746419,0.00,275,7706
746519,0.00,276,7668
746620,0.00,276,7668
746722,0.00,275,7706
746823,0.00,278,7592
746925,0.00,277,7630
747026,0.00,276,7668
747127,0.00,278,7592
747229,0.00,275,7706
747329,0.00,275,7706
747430,0.00,274,7744
747532,0.00,273,7783
747633,0.00,247,8900
747735,0.00,248,8853
747836,0.00,247,8900
747937,0.00,246,8948
748038,0.00,247,8900
748139,0.00,248,8853
748240,0.00,249,8806
748342,0.00,246,8948
748443,0.00,248,8853
748545,0.00,248,8853
748646,0.00,247,8900
748747,0.00,250,8760
748848,0.00,249,8806
748949,0.00,248,8853
749050,0.00,251,8713
749152,0.00,250,8760
749253,0.00,250,8760
749355,0.00,252,8668
749456,0.00,252,8668
749557,0.00,253,8622
749658,0.00,252,8668
749759,0.00,253,8622
749860,0.00,254,8577
749962,0.00,253,8622
750063,0.00,256,8488
750164,0.00,253,8622
750266,0.00,254,8577
750366,0.00,256,8488
750468,0.00,253,8622
750569,0.00,254,8577
750670,0.00,257,8444
750772,0.00,254,8577
750873,0.00,256,8488
750974,0.00,256,8488
751076,0.00,256,8488
751176,0.00,257,8444
751278,0.00,255,8532
751379,0.00,256,8488
751480,0.00,256,8488
751582,0.00,257,8444
751683,0.00,257,8444
751784,0.00,256,8488
751886,0.00,257,8444
751986,0.00,258,8400
752088,0.00,257,8444
752189,0.00,256,8488
752290,0.00,256,8488
752392,0.00,254,8577
752493,0.00,256,8488
752594,0.00,257,8444
752696,0.00,258,8400
752796,0.00,256,8488
752898,0.00,257,8444
752999,0.00,256,8488
753100,0.00,258,8400
753202,0.00,257,8444
753303,0.00,258,8400
753404,0.00,257,8444
753506,0.00,258,8400
753606,0.00,258,8400
753708,0.00,257,8444
753809,0.00,257,8444
753910,0.00,260,8314
754012,0.00,258,8400
754113,0.00,260,8314
754214,0.00,259,8357
754316,0.00,258,8400
754416,0.00,257,8444
754518,0.00,258,8400
754619,0.00,257,8444
754720,0.00,257,8444
754822,0.00,255,8532
754923,0.00,236,9447
755024,0.00,236,9447
755126,0.00,234,9552
755226,0.00,234,9552
755328,0.00,235,9500
755429,0.00,234,9552
# load_kg=-1.00
755531,-1.00,235,9500
755633,-1.00,235,9500
755733,-1.00,234,9552
755834,-1.00,234,9552
755936,-1.00,234,9552
756037,-1.00,235,9500
756139,-1.00,235,9500
756240,-1.00,234,9552
756341,-1.00,233,9605
756443,-1.00,234,9552
756544,-1.00,236,9447
756644,-1.00,234,9552
756746,-1.00,235,9500
756847,-1.00,235,9500
756948,-1.00,232,9659
757050,-1.00,232,9659
757151,-1.00,231,9713
757253,-1.00,230,9768
757354,-1.00,232,9659
757455,-1.00,231,9713
757556,-1.00,239,9293
757657,-1.00,231,9713
757758,-1.00,230,9768
757860,-1.00,229,9823
757961,-1.00,228,9878
758063,-1.00,229,9823
758164,-1.00,227,9934
758265,-1.00,226,9991
758367,-1.00,227,9934
758468,-1.00,226,9991
758568,-1.00,225,10048
758670,-1.00,223,10163
758771,-1.00,220,10340
758873,-1.00,216,10584
758974,-1.00,218,10461
759075,-1.00,217,10523
759177,-1.00,216,10584
759278,-1.00,211,10902
759379,-1.00,212,10838
759481,-1.00,210,10968
759582,-1.00,210,10968
759684,-1.00,211,10902
759785,-1.00,209,11034
759886,-1.00,208,11100
759988,-1.00,208,11100
760088,-1.00,217,10523
760189,-1.00,208,11100
760291,-1.00,208,11100
760392,-1.00,207,11168
760494,-1.00,207,11168
760595,-1.00,208,11100
760696,-1.00,207,11168
760798,-1.00,207,11168
760899,-1.00,207,11168
761000,-1.00,207,11168
761102,-1.00,206,11236
761203,-1.00,207,11168
761305,-1.00,206,11236
761406,-1.00,205,11304
761507,-1.00,206,11236
761609,-1.00,204,11374
761710,-1.00,205,11304
761810,-1.00,200,11658
761912,-1.00,200,11658
762013,-1.00,200,11658
762115,-1.00,201,11586
762216,-1.00,199,11731
762317,-1.00,200,11658
762419,-1.00,199,11731
762520,-1.00,200,11658
762621,-1.00,200,11658
762723,-1.00,201,11586
762824,-1.00,199,11731
762926,-1.00,199,11731
763027,-1.00,200,11658
763128,-1.00,199,11731
763230,-1.00,199,11731
763331,-1.00,200,11658
763431,-1.00,199,11731
763533,-1.00,198,11804
763634,-1.00,203,11444
763736,-1.00,205,11304
763837,-1.00,207,11168
763938,-1.00,207,11168
764040,-1.00,206,11236
764141,-1.00,209,11034
764242,-1.00,208,11100
764344,-1.00,208,11100
764445,-1.00,208,11100
764547,-1.00,207,11168
764648,-1.00,208,11100
764749,-1.00,206,11236
764851,-1.00,206,11236
764952,-1.00,206,11236
765053,-1.00,207,11168
765154,-1.00,206,11236
765255,-1.00,207,11168
765357,-1.00,204,11374
765458,-1.00,205,11304
765559,-1.00,207,11168
765661,-1.00,207,11168
765762,-1.00,206,11236
765863,-1.00,208,11100
765965,-1.00,207,11168
766066,-1.00,207,11168
766168,-1.00,205,11304
766269,-1.00,203,11444
766370,-1.00,193,12183
766472,-1.00,202,11514
766573,-1.00,201,11586
766674,-1.00,201,11586
766775,-1.00,202,11514
766876,-1.00,201,11586
766978,-1.00,200,11658
767079,-1.00,201,11586
767180,-1.00,200,11658
767282,-1.00,202,11514
767383,-1.00,200,11658
767484,-1.00,196,11954
767586,-1.00,197,11878
767687,-1.00,198,11804
767789,-1.00,198,11804
767890,-1.00,200,11658
767991,-1.00,198,11804
768093,-1.00,199,11731
768194,-1.00,198,11804
768295,-1.00,199,11731
768397,-1.00,200,11658
768498,-1.00,201,11586
768599,-1.00,200,11658
768700,-1.00,186,12748
768801,-1.00,186,12748
768903,-1.00,186,12748
769004,-1.00,188,12583
769105,-1.00,186,12748
769207,-1.00,185,12833
769308,-1.00,185,12833
769410,-1.00,186,12748
769511,-1.00,185,12833
769612,-1.00,185,12833
769714,-1.00,185,12833
769815,-1.00,185,12833
769916,-1.00,183,13004
770018,-1.00,182,13091
770119,-1.00,181,13179
770220,-1.00,182,13091
770321,-1.00,182,13091
770422,-1.00,182,13091
770524,-1.00,180,13268
770625,-1.00,180,13268
770726,-1.00,179,13358
770828,-1.00,177,13541
770929,-1.00,176,13634
771031,-1.00,175,13728
771132,-1.00,175,13728
771233,-1.00,173,13919
771335,-1.00,175,13728
771436,-1.00,175,13728
771537,-1.00,177,13541
771639,-1.00,174,13823
771740,-1.00,174,13823
771842,-1.00,172,14017
771942,-1.00,165,14732
772043,-1.00,166,14626
772145,-1.00,167,14521
772246,-1.00,166,14626
772347,-1.00,169,14316
772449,-1.00,161,15168
772550,-1.00,161,15168
772652,-1.00,162,15057
772753,-1.00,161,15168
772854,-1.00,159,15394
772956,-1.00,159,15394
773057,-1.00,157,15627
773158,-1.00,153,16109
773260,-1.00,144,17293
773361,-1.00,141,17721
773463,-1.00,109,23756
773563,-1.00,111,23277
773664,-1.00,107,24253
773766,-1.00,108,24002
773867,-1.00,109,23756
773968,-1.00,108,24002
774070,-1.00,108,24002
774171,-1.00,108,24002
774273,-1.00,108,24002
774374,-1.00,107,24253
774475,-1.00,106,24508
774577,-1.00,108,24002
774678,-1.00,108,24002
774779,-1.00,108,24002
774881,-1.00,109,23756
774982,-1.00,107,24253
775084,-1.00,110,23514
775185,-1.00,108,24002
775285,-1.00,107,24253
775387,-1.00,107,24253
775488,-1.00,109,23756
775589,-1.00,109,23756
775691,-1.00,108,24002
775792,-1.00,112,23043
775894,-1.00,113,22814
775995,-1.00,112,23043
776096,-1.00,112,23043
776198,-1.00,111,23277
776299,-1.00,109,23756
776400,-1.00,110,23514
776502,-1.00,110,23514
776603,-1.00,109,23756
776705,-1.00,110,23514
776806,-1.00,108,24002
776907,-1.00,110,23514
777008,-1.00,107,24253
777109,-1.00,107,24253
777210,-1.00,106,24508
777312,-1.00,106,24508
777413,-1.00,105,24769
777515,-1.00,105,24769
777616,-1.00,102,25580
777717,-1.00,103,25304
777819,-1.00,102,25580
777920,-1.00,102,25580
778021,-1.00,100,26149
778123,-1.00,100,26149
778224,-1.00,99,26441
778326,-1.00,99,26441
778427,-1.00,97,27045
778527,-1.00,92,28669
778629,-1.00,98,26740
778730,-1.00,99,26441
778831,-1.00,98,26740
778933,-1.00,101,25862
779034,-1.00,99,26441
779136,-1.00,98,26740
779237,-1.00,97,27045
779338,-1.00,94,27998
779440,-1.00,92,28669
779540,-1.00,91,29015
779641,-1.00,90,29369
779743,-1.00,89,29731
779844,-1.00,86,30867
779945,-1.00,92,28669
780047,-1.00,50,55130
780148,-1.00,50,55130
780250,-1.00,53,51849
780351,-1.00,52,52901
780451,-1.00,52,52901
780553,-1.00,56,48920
780654,-1.00,54,50837
780755,-1.00,52,52901
780857,-1.00,52,52901
780958,-1.00,53,51849
781060,-1.00,54,50837
781161,-1.00,53,51849
781262,-1.00,53,51849
781363,-1.00,53,51849
781464,-1.00,53,51849
781565,-1.00,52,52901
781667,-1.00,52,52901
781768,-1.00,52,52901
781870,-1.00,50,55130
781971,-1.00,50,55130
782072,-1.00,50,55130
782174,-1.00,52,52901
782274,-1.00,53,51849
782375,-1.00,53,51849
782477,-1.00,52,52901
782578,-1.00,53,51849
782680,-1.00,52,52901
782781,-1.00,0,-1
782881,-1.00,1,-1
782983,-1.00,0,-1
783084,-1.00,0,-1
783184,-1.00,0,-1
783286,-1.00,0,-1
783387,-1.00,2,-1
783488,-1.00,0,-1
783589,-1.00,0,-1
783689,-1.00,0,-1
783791,-1.00,0,-1
783892,-1.00,0,-1
783992,-1.00,0,-1
784094,-1.00,0,-1
784194,-1.00,0,-1
784295,-1.00,0,-1
784397,-1.00,0,-1
784497,-1.00,0,-1
784599,-1.00,0,-1
784700,-1.00,0,-1
784800,-1.00,0,-1
784902,-1.00,0,-1
785002,-1.00,0,-1
785103,-1.00,0,-1
785205,-1.00,1,-1
785305,-1.00,0,-1
785406,-1.00,0,-1
785507,-1.00,1,-1
785608,-1.00,0,-1
785710,-1.00,0,-1
785810,-1.00,0,-1
785911,-1.00,0,-1
786013,-1.00,0,-1
786113,-1.00,0,-1
786214,-1.00,0,-1
786315,-1.00,0,-1
786416,-1.00,0,-1
786518,-1.00,0,-1
786618,-1.00,0,-1
786719,-1.00,0,-1
786820,-1.00,0,-1
786921,-1.00,0,-1
787022,-1.00,0,-1
787123,-1.00,0,-1
787224,-1.00,0,-1
787325,-1.00,0,-1
787426,-1.00,0,-1
787527,-1.00,0,-1
787628,-1.00,0,-1
787729,-1.00,0,-1
787830,-1.00,0,-1
787931,-1.00,0,-1
788032,-1.00,0,-1
788132,-1.00,0,-1
788234,-1.00,0,-1
788335,-1.00,0,-1
788435,-1.00,0,-1
788537,-1.00,0,-1
788638,-1.00,0,-1
788739,-1.00,0,-1
788840,-1.00,0,-1
788940,-1.00,0,-1
789042,-1.00,1,-1
789143,-1.00,0,-1
789243,-1.00,0,-1
789345,-1.00,0,-1
789445,-1.00,0,-1
789547,-1.00,0,-1
789648,-1.00,0,-1
789748,-1.00,0,-1
789850,-1.00,0,-1
789951,-1.00,0,-1
790051,-1.00,0,-1
790153,-1.00,0,-1
790253,-1.00,0,-1
790354,-1.00,0,-1
790456,-1.00,0,-1
790556,-1.00,0,-1
790658,-1.00,0,-1
790758,-1.00,0,-1
790859,-1.00,0,-1
790961,-1.00,0,-1
791061,-1.00,0,-1
791162,-1.00,0,-1
791264,-1.00,0,-1
791364,-1.00,1,-1
791465,-1.00,0,-1
791566,-1.00,0,-1
791667,-1.00,0,-1
791769,-1.00,0,-1
791869,-1.00,0,-1
791970,-1.00,0,-1
792071,-1.00,0,-1
792172,-1.00,0,-1
792273,-1.00,0,-1
792374,-1.00,0,-1
792475,-1.00,0,-1
792577,-1.00,0,-1
792677,-1.00,0,-1
792778,-1.00,0,-1
792879,-1.00,0,-1
792980,-1.00,0,-1
793081,-1.00,0,-1
793182,-1.00,0,-1
793283,-1.00,0,-1
793384,-1.00,0,-1
793485,-1.00,0,-1
793586,-1.00,0,-1
793687,-1.00,0,-1
793788,-1.00,0,-1
793889,-1.00,0,-1
793990,-1.00,0,-1
794091,-1.00,1,-1
794191,-1.00,0,-1
794293,-1.00,0,-1
794394,-1.00,0,-1
794494,-1.00,1,-1
794596,-1.00,0,-1
794697,-1.00,0,-1
794798,-1.00,0,-1
794899,-1.00,0,-1
794999,-1.00,0,-1
795101,-1.00,0,-1
795202,-1.00,0,-1
795302,-1.00,5,-1
795404,-1.00,0,-1
795504,-1.00,0,-1
795606,-1.00,0,-1
795707,-1.00,0,-1
795807,-1.00,0,-1
795909,-1.00,0,-1
796010,-1.00,0,-1
796110,-1.00,1,-1
796212,-1.00,0,-1
796312,-1.00,0,-1
796413,-1.00,0,-1
796515,-1.00,0,-1
796615,-1.00,0,-1
796717,-1.00,0,-1
796817,-1.00,0,-1
796918,-1.00,0,-1
797020,-1.00,0,-1
797120,-1.00,0,-1
797221,-1.00,0,-1
797323,-1.00,0,-1
797423,-1.00,0,-1
797524,-1.00,0,-1
797625,-1.00,0,-1
797726,-1.00,0,-1
797828,-1.00,0,-1
797928,-1.00,0,-1
798029,-1.00,0,-1
798130,-1.00,0,-1
798231,-1.00,0,-1
798332,-1.00,0,-1
798433,-1.00,0,-1
798534,-1.00,0,-1
798636,-1.00,0,-1
798736,-1.00,0,-1
798837,-1.00,0,-1
798938,-1.00,0,-1
799039,-1.00,0,-1
799140,-1.00,0,-1
799241,-1.00,0,-1
799342,-1.00,0,-1
799442,-1.00,0,-1
799544,-1.00,0,-1
799645,-1.00,0,-1
799746,-1.00,1,-1
799847,-1.00,0,-1
799948,-1.00,0,-1
800049,-1.00,0,-1
800150,-1.00,0,-1
800250,-1.00,0,-1
800352,-1.00,0,-1
800453,-1.00,0,-1
800553,-1.00,0,-1
800655,-1.00,0,-1
800755,-1.00,0,-1
800857,-1.00,1,-1
800958,-1.00,0,-1
801058,-1.00,0,-1
801160,-1.00,0,-1
801261,-1.00,0,-1
801361,-1.00,0,-1
801463,-1.00,0,-1
801563,-1.00,0,-1
801665,-1.00,0,-1
801766,-1.00,0,-1
801866,-1.00,0,-1
801968,-1.00,0,-1
802068,-1.00,3,-1
802169,-1.00,0,-1
802271,-1.00,0,-1
802371,-1.00,0,-1
802472,-1.00,0,-1
802573,-1.00,0,-1
802674,-1.00,0,-1
802776,-1.00,0,-1
802876,-1.00,0,-1
802977,-1.00,0,-1
803079,-1.00,0,-1
803179,-1.00,0,-1
803280,-1.00,0,-1
803381,-1.00,0,-1
803482,-1.00,0,-1
803584,-1.00,0,-1
803684,-1.00,0,-1
803785,-1.00,0,-1
803886,-1.00,0,-1
803987,-1.00,0,-1
804088,-1.00,0,-1
804189,-1.00,0,-1
804290,-1.00,0,-1
804391,-1.00,0,-1
804492,-1.00,0,-1
804593,-1.00,0,-1
804694,-1.00,0,-1
804795,-1.00,0,-1
804896,-1.00,0,-1
804997,-1.00,0,-1
805098,-1.00,0,-1
805198,-1.00,0,-1
805300,-1.00,0,-1
805401,-1.00,0,-1
805501,-1.00,0,-1
805603,-1.00,0,-1
805704,-1.00,0,-1
805805,-1.00,5,-1
805906,-1.00,0,-1
806006,-1.00,0,-1
806108,-1.00,0,-1
806209,-1.00,0,-1
806309,-1.00,0,-1
806411,-1.00,0,-1
806511,-1.00,0,-1
806612,-1.00,0,-1
806714,-1.00,0,-1
806814,-1.00,0,-1
806916,-1.00,0,-1
807017,-1.00,0,-1
807117,-1.00,0,-1
807219,-1.00,0,-1
807319,-1.00,0,-1
807420,-1.00,0,-1
807522,-1.00,0,-1
807622,-1.00,0,-1
807724,-1.00,0,-1
807824,-1.00,0,-1
807925,-1.00,0,-1
808027,-1.00,1,-1
808127,-1.00,0,-1
808228,-1.00,0,-1
808330,-1.00,0,-1
808430,-1.00,0,-1
808531,-1.00,0,-1
808632,-1.00,0,-1
808733,-1.00,0,-1
808835,-1.00,1,-1
808935,-1.00,0,-1
809036,-1.00,0,-1
809137,-1.00,0,-1
809238,-1.00,0,-1
809339,-1.00,1,-1
809440,-1.00,0,-1
809541,-1.00,0,-1
809643,-1.00,0,-1
809743,-1.00,0,-1
809844,-1.00,0,-1
809945,-1.00,0,-1
810046,-1.00,0,-1
810147,-1.00,1,-1
810248,-1.00,0,-1
810349,-1.00,0,-1
810449,-1.00,0,-1
810551,-1.00,0,-1
810652,-1.00,2,-1
810753,-1.00,0,-1
810854,-1.00,0,-1
810955,-1.00,0,-1
811056,-1.00,0,-1
811157,-1.00,0,-1
811257,-1.00,0,-1
811359,-1.00,0,-1
811460,-1.00,0,-1
811560,-1.00,0,-1
811662,-1.00,0,-1
811762,-1.00,0,-1
811864,-1.00,0,-1
811965,-1.00,0,-1
812065,-1.00,0,-1
812167,-1.00,0,-1
812268,-1.00,0,-1
812368,-1.00,0,-1
812470,-1.00,0,-1
812570,-1.00,0,-1
812672,-1.00,0,-1
812773,-1.00,0,-1
812873,-1.00,0,-1
812975,-1.00,0,-1
813076,-1.00,1,-1
813176,-1.00,0,-1
813278,-1.00,0,-1
813378,-1.00,0,-1
813479,-1.00,0,-1
813581,-1.00,0,-1
813681,-1.00,1,-1
813783,-1.00,0,-1
813883,-1.00,0,-1
813984,-1.00,0,-1
814086,-1.00,0,-1
814186,-1.00,0,-1
814287,-1.00,0,-1
814389,-1.00,0,-1
814489,-1.00,0,-1
814590,-1.00,0,-1
814691,-1.00,0,-1
814792,-1.00,0,-1
814894,-1.00,0,-1
814994,-1.00,0,-1
815095,-1.00,0,-1
815196,-1.00,0,-1
815297,-1.00,0,-1
815398,-1.00,0,-1
815499,-1.00,11,260636
815600,-1.00,0,-1
815702,-1.00,0,-1
815802,-1.00,0,-1
815903,-1.00,0,-1
816005,-1.00,0,-1
816105,-1.00,0,-1
816206,-1.00,0,-1
816308,-1.00,0,-1
816408,-1.00,0,-1
816509,-1.00,0,-1
816610,-1.00,0,-1
816711,-1.00,0,-1
816813,-1.00,0,-1
816913,-1.00,0,-1
817014,-1.00,0,-1
817115,-1.00,0,-1
817216,-1.00,0,-1
817317,-1.00,0,-1
817418,-1.00,0,-1
817519,-1.00,0,-1
817620,-1.00,0,-1
817721,-1.00,0,-1
817822,-1.00,0,-1
817923,-1.00,0,-1
818024,-1.00,0,-1
818125,-1.00,0,-1
818226,-1.00,0,-1
818327,-1.00,0,-1
818427,-1.00,0,-1
818529,-1.00,0,-1
818630,-1.00,0,-1
818731,-1.00,0,-1
818832,-1.00,0,-1
818933,-1.00,0,-1
819034,-1.00,0,-1
819135,-1.00,0,-1
819235,-1.00,0,-1
819337,-1.00,0,-1
819438,-1.00,0,-1
819538,-1.00,0,-1
819640,-1.00,0,-1
819740,-1.00,0,-1
819842,-1.00,0,-1
819943,-1.00,0,-1
820043,-1.00,0,-1
820145,-1.00,0,-1
820246,-1.00,0,-1
820346,-1.00,1,-1
820448,-1.00,0,-1
820548,-1.00,0,-1
820649,-1.00,0,-1
820751,-1.00,0,-1
820851,-1.00,0,-1
820953,-1.00,1,-1
821053,-1.00,0,-1
821154,-1.00,0,-1
821256,-1.00,0,-1
821356,-1.00,0,-1
821457,-1.00,0,-1
821558,-1.00,0,-1
821659,-1.00,0,-1
821761,-1.00,0,-1
821861,-1.00,1,-1
821962,-1.00,0,-1
822064,-1.00,0,-1
822164,-1.00,0,-1
822265,-1.00,0,-1
822366,-1.00,0,-1
822467,-1.00,0,-1
822568,-1.00,0,-1
822669,-1.00,0,-1
822770,-1.00,0,-1
822871,-1.00,0,-1
822972,-1.00,0,-1
823073,-1.00,0,-1
823174,-1.00,0,-1
823275,-1.00,1,-1
823375,-1.00,0,-1
823477,-1.00,0,-1
823578,-1.00,0,-1
823678,-1.00,0,-1
823780,-1.00,0,-1
823880,-1.00,0,-1
823982,-1.00,0,-1
824083,-1.00,0,-1
824183,-1.00,0,-1
824285,-1.00,0,-1
824386,-1.00,0,-1
824486,-1.00,0,-1
824588,-1.00,0,-1
824688,-1.00,0,-1
824790,-1.00,0,-1
824891,-1.00,0,-1
824991,-1.00,0,-1
825093,-1.00,0,-1
825193,-1.00,0,-1
825294,-1.00,0,-1
825396,-1.00,0,-1
825496,-1.00,0,-1
825597,-1.00,0,-1
825698,-1.00,0,-1
825799,-1.00,0,-1
825901,-1.00,0,-1
826001,-1.00,0,-1
826102,-1.00,0,-1
826204,-1.00,0,-1
826304,-1.00,0,-1
826405,-1.00,0,-1
826506,-1.00,0,-1
826607,-1.00,0,-1
826708,-1.00,0,-1
826809,-1.00,0,-1
826910,-1.00,0,-1
827011,-1.00,0,-1
827112,-1.00,0,-1
827213,-1.00,0,-1
827314,-1.00,0,-1
827415,-1.00,0,-1
827515,-1.00,0,-1
827617,-1.00,0,-1
827718,-1.00,2,-1
827819,-1.00,0,-1
827920,-1.00,0,-1
828021,-1.00,0,-1
828122,-1.00,0,-1
828223,-1.00,0,-1
828323,-1.00,0,-1
828425,-1.00,0,-1
828526,-1.00,0,-1
828626,-1.00,0,-1
828728,-1.00,0,-1
828828,-1.00,2,-1
828930,-1.00,0,-1
829031,-1.00,0,-1
829131,-1.00,0,-1
829233,-1.00,0,-1
829334,-1.00,0,-1
829434,-1.00,0,-1
829536,-1.00,0,-1
829636,-1.00,0,-1
829737,-1.00,0,-1
829839,-1.00,0,-1
829939,-1.00,0,-1
830041,-1.00,0,-1
830141,-1.00,0,-1
830242,-1.00,0,-1
830344,-1.00,0,-1
830444,-1.00,0,-1
830545,-1.00,0,-1
830647,-1.00,1,-1
830747,-1.00,0,-1
830849,-1.00,0,-1
830949,-1.00,0,-1
831050,-1.00,0,-1
831152,-1.00,0,-1
831252,-1.00,0,-1
831353,-1.00,0,-1
831454,-1.00,0,-1
831555,-1.00,0,-1
831656,-1.00,0,-1
831757,-1.00,0,-1
831858,-1.00,0,-1
831959,-1.00,0,-1
832060,-1.00,0,-1
832161,-1.00,0,-1
832262,-1.00,0,-1
832363,-1.00,0,-1
832464,-1.00,0,-1
832565,-1.00,0,-1
832666,-1.00,0,-1
832766,-1.00,0,-1
832868,-1.00,0,-1
832969,-1.00,0,-1
833070,-1.00,0,-1
833171,-1.00,0,-1
833271,-1.00,0,-1
833373,-1.00,0,-1
833474,-1.00,0,-1
833574,-1.00,0,-1
833676,-1.00,0,-1
833776,-1.00,0,-1
833878,-1.00,0,-1
833979,-1.00,0,-1
834079,-1.00,0,-1
834181,-1.00,0,-1
834282,-1.00,0,-1
834382,-1.00,0,-1
834484,-1.00,0,-1
834584,-1.00,0,-1
834685,-1.00,0,-1
834787,-1.00,1,-1
834887,-1.00,0,-1
834989,-1.00,2,-1
835089,-1.00,0,-1
835190,-1.00,0,-1
835292,-1.00,0,-1
835392,-1.00,1,-1
835493,-1.00,1,-1
835594,-1.00,0,-1
835695,-1.00,3,-1
835796,-1.00,0,-1
835897,-1.00,1,-1
835998,-1.00,0,-1
836100,-1.00,0,-1
836200,-1.00,0,-1
836301,-1.00,1,-1
836402,-1.00,0,-1
836503,-1.00,0,-1
836604,-1.00,0,-1
836705,-1.00,0,-1
836806,-1.00,1,-1
836907,-1.00,0,-1
837008,-1.00,0,-1
837109,-1.00,0,-1
837210,-1.00,0,-1
837311,-1.00,0,-1
837412,-1.00,0,-1
837513,-1.00,0,-1
837614,-1.00,0,-1
837714,-1.00,0,-1
837816,-1.00,0,-1
837917,-1.00,0,-1
838018,-1.00,0,-1
838119,-1.00,0,-1
838219,-1.00,0,-1
838321,-1.00,0,-1
838422,-1.00,0,-1
838522,-1.00,0,-1
838624,-1.00,0,-1
838725,-1.00,0,-1
838825,-1.00,0,-1
838927,-1.00,0,-1
839027,-1.00,0,-1
839129,-1.00,0,-1
839230,-1.00,0,-1
839330,-1.00,0,-1
839432,-1.00,0,-1
839532,-1.00,0,-1
839633,-1.00,0,-1
839735,-1.00,0,-1
839835,-1.00,0,-1
839937,-1.00,0,-1
840038,-1.00,0,-1
840138,-1.00,0,-1
840240,-1.00,0,-1
840340,-1.00,1,-1
840441,-1.00,0,-1
840543,-1.00,0,-1
840643,-1.00,0,-1
840744,-1.00,0,-1
840845,-1.00,0,-1
840946,-1.00,0,-1
841048,-1.00,0,-1
841148,-1.00,0,-1
841249,-1.00,0,-1
841350,-1.00,0,-1
841451,-1.00,0,-1
841552,-1.00,0,-1
841653,-1.00,0,-1
841754,-1.00,0,-1
841856,-1.00,2,-1
841956,-1.00,0,-1
842057,-1.00,0,-1
842158,-1.00,0,-1
842259,-1.00,0,-1
842360,-1.00,0,-1
842461,-1.00,0,-1
842562,-1.00,0,-1
842662,-1.00,0,-1
842764,-1.00,0,-1
842865,-1.00,0,-1
842966,-1.00,0,-1
843067,-1.00,0,-1
843167,-1.00,0,-1
843269,-1.00,0,-1
843370,-1.00,0,-1
843470,-1.00,0,-1
843572,-1.00,2,-1
843673,-1.00,0,-1
843773,-1.00,0,-1
843875,-1.00,0,-1
843975,-1.00,0,-1
844077,-1.00,0,-1
844178,-1.00,0,-1
844278,-1.00,0,-1
844380,-1.00,0,-1
844480,-1.00,0,-1
844581,-1.00,0,-1
844683,-1.00,0,-1
844783,-1.00,0,-1
844884,-1.00,0,-1
844986,-1.00,0,-1
845086,-1.00,0,-1
845188,-1.00,0,-1
845288,-1.00,0,-1
845389,-1.00,0,-1
845491,-1.00,0,-1
845591,-1.00,0,-1
845692,-1.00,0,-1
845793,-1.00,0,-1
845894,-1.00,0,-1
845996,-1.00,0,-1
846096,-1.00,2,-1
846197,-1.00,0,-1
846298,-1.00,0,-1
846399,-1.00,0,-1
846500,-1.00,0,-1
846601,-1.00,0,-1
846702,-1.00,0,-1
846803,-1.00,0,-1
846904,-1.00,0,-1
847005,-1.00,0,-1
847106,-1.00,0,-1
847207,-1.00,1,-1
847308,-1.00,0,-1
847409,-1.00,0,-1
847510,-1.00,0,-1
847610,-1.00,0,-1
847712,-1.00,0,-1
847813,-1.00,0,-1
847913,-1.00,0,-1
848015,-1.00,0,-1
848116,-1.00,0,-1
848217,-1.00,0,-1
848318,-1.00,0,-1
848418,-1.00,0,-1
848520,-1.00,0,-1
848621,-1.00,0,-1
848721,-1.00,1,-1
848823,-1.00,0,-1
848923,-1.00,0,-1
849025,-1.00,2,-1
849126,-1.00,0,-1
849226,-1.00,0,-1
849328,-1.00,0,-1
849428,-1.00,0,-1
849529,-1.00,0,-1
849631,-1.00,7,-1
849731,-1.00,0,-1
849832,-1.00,0,-1
849934,-1.00,0,-1
850034,-1.00,0,-1
850136,-1.00,0,-1
850236,-1.00,0,-1
850337,-1.00,0,-1
850439,-1.00,0,-1
850539,-1.00,0,-1
850640,-1.00,0,-1
850741,-1.00,0,-1
850842,-1.00,0,-1
850944,-1.00,1,-1
851044,-1.00,0,-1
851145,-1.00,0,-1
851247,-1.00,0,-1
851347,-1.00,0,-1
851448,-1.00,0,-1
851549,-1.00,0,-1
851650,-1.00,0,-1
851751,-1.00,0,-1
851852,-1.00,0,-1
851953,-1.00,0,-1
852054,-1.00,0,-1
852155,-1.00,2,-1
852256,-1.00,0,-1
852357,-1.00,0,-1
852458,-1.00,0,-1
852558,-1.00,0,-1
852660,-1.00,0,-1
852761,-1.00,0,-1
852861,-1.00,0,-1
852963,-1.00,0,-1
853064,-1.00,1,-1
853165,-1.00,0,-1
853266,-1.00,0,-1
853366,-1.00,0,-1
853468,-1.00,0,-1
853569,-1.00,0,-1
853669,-1.00,0,-1
853771,-1.00,0,-1
853871,-1.00,0,-1
853972,-1.00,0,-1
854074,-1.00,0,-1
854174,-1.00,0,-1
854276,-1.00,0,-1
854377,-1.00,0,-1
854477,-1.00,0,-1
854579,-1.00,0,-1
854679,-1.00,0,-1
854780,-1.00,0,-1
854882,-1.00,0,-1
854982,-1.00,0,-1
855084,-1.00,0,-1
855184,-1.00,0,-1
855285,-1.00,0,-1
855387,-1.00,0,-1
855487,-1.00,0,-1
855588,-1.00,0,-1
855690,-1.00,0,-1
855790,-1.00,0,-1
855891,-1.00,0,-1
855992,-1.00,0,-1
856093,-1.00,0,-1
856195,-1.00,0,-1
856295,-1.00,0,-1
856396,-1.00,0,-1
856497,-1.00,0,-1
856598,-1.00,0,-1
856699,-1.00,0,-1
856800,-1.00,0,-1
856901,-1.00,0,-1
857003,-1.00,0,-1
857103,-1.00,0,-1
857204,-1.00,0,-1
857305,-1.00,0,-1
857406,-1.00,0,-1
857507,-1.00,0,-1
857608,-1.00,0,-1
857709,-1.00,0,-1
857809,-1.00,0,-1
857911,-1.00,0,-1
858012,-1.00,0,-1
858113,-1.00,0,-1
858214,-1.00,0,-1
858315,-1.00,0,-1
858416,-1.00,0,-1
858517,-1.00,0,-1
858617,-1.00,0,-1
858719,-1.00,1,-1
858820,-1.00,0,-1
858920,-1.00,0,-1
859022,-1.00,0,-1
859122,-1.00,0,-1
859224,-1.00,0,-1
859325,-1.00,0,-1
859425,-1.00,0,-1
859527,-1.00,0,-1
859628,-1.00,0,-1
859728,-1.00,0,-1
859830,-1.00,0,-1
859930,-1.00,0,-1
860032,-1.00,0,-1
860133,-1.00,0,-1
860233,-1.00,0,-1
860335,-1.00,0,-1
860435,-1.00,0,-1
860536,-1.00,0,-1
860638,-1.00,0,-1
860738,-1.00,0,-1
860839,-1.00,0,-1
860940,-1.00,0,-1
861041,-1.00,0,-1
861143,-1.00,0,-1
861243,-1.00,1,-1
861344,-1.00,0,-1
861446,-1.00,0,-1
861546,-1.00,0,-1
861647,-1.00,0,-1
861748,-1.00,0,-1
861849,-1.00,0,-1
861950,-1.00,0,-1
862051,-1.00,0,-1
862152,-1.00,0,-1
862253,-1.00,0,-1
862354,-1.00,0,-1
862455,-1.00,0,-1
862556,-1.00,0,-1
862657,-1.00,0,-1
862758,-1.00,0,-1
862859,-1.00,0,-1
862960,-1.00,0,-1
863060,-1.00,0,-1
863162,-1.00,1,-1
863263,-1.00,0,-1
863364,-1.00,0,-1
863465,-1.00,0,-1
863565,-1.00,0,-1
863667,-1.00,0,-1
863768,-1.00,0,-1
863868,-1.00,0,-1
863970,-1.00,0,-1
864071,-1.00,0,-1
864172,-1.00,0,-1
864273,-1.00,0,-1
864373,-1.00,0,-1
864475,-1.00,0,-1
864576,-1.00,0,-1
864676,-1.00,0,-1
864778,-1.00,0,-1
864878,-1.00,0,-1
864979,-1.00,0,-1
865081,-1.00,0,-1
865181,-1.00,0,-1
865283,-1.00,0,-1
865384,-1.00,0,-1
865484,-1.00,0,-1
865586,-1.00,0,-1
865686,-1.00,0,-1
865787,-1.00,0,-1
865889,-1.00,0,-1
865989,-1.00,0,-1
866091,-1.00,0,-1
866191,-1.00,0,-1
866292,-1.00,0,-1
866394,-1.00,0,-1
866494,-1.00,0,-1
866595,-1.00,0,-1
866696,-1.00,0,-1
866797,-1.00,0,-1
866898,-1.00,0,-1
866999,-1.00,0,-1
867100,-1.00,0,-1
867202,-1.00,0,-1
867302,-1.00,0,-1
867403,-1.00,1,-1
867504,-1.00,0,-1
867605,-1.00,0,-1
867706,-1.00,1,-1
867807,-1.00,0,-1
867908,-1.00,0,-1
868009,-1.00,1,-1
868110,-1.00,0,-1
868211,-1.00,0,-1
868312,-1.00,0,-1
868413,-1.00,0,-1
868514,-1.00,0,-1
868615,-1.00,0,-1
868716,-1.00,2,-1
868816,-1.00,0,-1
868918,-1.00,0,-1
869019,-1.00,0,-1
869120,-1.00,0,-1
869221,-1.00,0,-1
869321,-1.00,0,-1
869423,-1.00,0,-1
869524,-1.00,0,-1
869624,-1.00,0,-1
869726,-1.00,0,-1
869827,-1.00,0,-1
869927,-1.00,0,-1
870029,-1.00,0,-1
870129,-1.00,0,-1
870231,-1.00,0,-1
870332,-1.00,0,-1
870432,-1.00,0,-1
870534,-1.00,0,-1
870634,-1.00,0,-1
870735,-1.00,0,-1
870837,-1.00,0,-1
870937,-1.00,0,-1
871038,-1.00,0,-1
871140,-1.00,1,-1
871240,-1.00,0,-1
871342,-1.00,0,-1
871442,-1.00,0,-1
871543,-1.00,0,-1
871645,-1.00,0,-1
871745,-1.00,0,-1
871846,-1.00,0,-1
871947,-1.00,0,-1
872048,-1.00,0,-1
872150,-1.00,0,-1
872250,-1.00,0,-1
872351,-1.00,0,-1
872453,-1.00,0,-1
872553,-1.00,0,-1
872654,-1.00,0,-1
872755,-1.00,0,-1
872856,-1.00,0,-1
872957,-1.00,0,-1
873058,-1.00,0,-1
873159,-1.00,0,-1
873260,-1.00,0,-1
873361,-1.00,0,-1
873462,-1.00,10,-1
873563,-1.00,0,-1
873664,-1.00,0,-1
873765,-1.00,0,-1
873866,-1.00,0,-1
873967,-1.00,0,-1
874067,-1.00,0,-1
874169,-1.00,0,-1
874270,-1.00,0,-1
874371,-1.00,0,-1
874472,-1.00,0,-1
874573,-1.00,0,-1
874674,-1.00,0,-1
874775,-1.00,1,-1
874875,-1.00,1,-1
874977,-1.00,0,-1
875078,-1.00,0,-1
875179,-1.00,0,-1
875280,-1.00,0,-1
875380,-1.00,0,-1
875482,-1.00,0,-1
875583,-1.00,0,-1
875683,-1.00,0,-1
875785,-1.00,0,-1
875886,-1.00,0,-1
875986,-1.00,0,-1
876088,-1.00,0,-1
876188,-1.00,0,-1
876290,-1.00,0,-1
876391,-1.00,0,-1
876491,-1.00,0,-1
876593,-1.00,0,-1
876693,-1.00,0,-1
876794,-1.00,0,-1
876896,-1.00,0,-1
876996,-1.00,0,-1
877097,-1.00,0,-1
877199,-1.00,0,-1
877299,-1.00,0,-1
877401,-1.00,0,-1
877501,-1.00,0,-1
877602,-1.00,0,-1
877704,-1.00,0,-1
877804,-1.00,0,-1
877905,-1.00,0,-1
878006,-1.00,0,-1
878107,-1.00,0,-1
878209,-1.00,0,-1
878309,-1.00,0,-1
878410,-1.00,0,-1
878512,-1.00,0,-1
878612,-1.00,0,-1
878713,-1.00,0,-1
878814,-1.00,0,-1
878915,-1.00,0,-1
879016,-1.00,0,-1
879117,-1.00,0,-1
879218,-1.00,0,-1
879319,-1.00,0,-1
879420,-1.00,0,-1
879521,-1.00,1,-1
879622,-1.00,0,-1
879723,-1.00,0,-1
879824,-1.00,1,-1
879925,-1.00,0,-1
880026,-1.00,0,-1
880126,-1.00,0,-1
880228,-1.00,0,-1
880329,-1.00,0,-1
880430,-1.00,1,-1
880531,-1.00,0,-1
880631,-1.00,0,-1
880733,-1.00,0,-1
880834,-1.00,0,-1
880934,-1.00,0,-1
881036,-1.00,0,-1
881137,-1.00,0,-1
881238,-1.00,0,-1
881339,-1.00,0,-1
881439,-1.00,0,-1
881541,-1.00,0,-1
881642,-1.00,0,-1
881742,-1.00,0,-1
881844,-1.00,1,-1
881944,-1.00,0,-1
882045,-1.00,1,-1
882147,-1.00,0,-1
882247,-1.00,0,-1
882349,-1.00,0,-1
882450,-1.00,0,-1
882550,-1.00,0,-1
882652,-1.00,0,-1
882752,-1.00,0,-1
882853,-1.00,0,-1
882955,-1.00,0,-1
883055,-1.00,0,-1
883156,-1.00,0,-1
883257,-1.00,0,-1
883358,-1.00,0,-1
883460,-1.00,0,-1
883560,-1.00,0,-1
883661,-1.00,0,-1
883763,-1.00,0,-1
883863,-1.00,0,-1
883964,-1.00,0,-1
884065,-1.00,0,-1
884166,-1.00,0,-1
884268,-1.00,0,-1
884368,-1.00,0,-1
884469,-1.00,0,-1
884570,-1.00,0,-1
884671,-1.00,0,-1
884772,-1.00,0,-1
884873,-1.00,0,-1
884974,-1.00,0,-1
885074,-1.00,0,-1
885176,-1.00,0,-1
885277,-1.00,0,-1
885378,-1.00,0,-1
885479,-1.00,0,-1
885580,-1.00,0,-1
885681,-1.00,0,-1
885782,-1.00,0,-1
885882,-1.00,0,-1
885984,-1.00,0,-1
886085,-1.00,0,-1
886185,-1.00,0,-1
886287,-1.00,0,-1
886387,-1.00,0,-1
886489,-1.00,0,-1
886590,-1.00,1,-1
886690,-1.00,0,-1
886792,-1.00,0,-1
886893,-1.00,0,-1
886993,-1.00,0,-1
887095,-1.00,0,-1
887195,-1.00,0,-1
887297,-1.00,0,-1
887398,-1.00,0,-1
887498,-1.00,0,-1
887600,-1.00,0,-1
887700,-1.00,0,-1
887801,-1.00,0,-1
887903,-1.00,0,-1
888003,-1.00,0,-1
888104,-1.00,0,-1
888206,-1.00,0,-1
888306,-1.00,0,-1
888408,-1.00,0,-1
888508,-1.00,0,-1
888609,-1.00,0,-1
888711,-1.00,0,-1
888811,-1.00,0,-1
888912,-1.00,0,-1
889013,-1.00,0,-1
889114,-1.00,0,-1
889216,-1.00,0,-1
889316,-1.00,0,-1
889417,-1.00,0,-1
889519,-1.00,0,-1
889619,-1.00,0,-1
889720,-1.00,0,-1
889821,-1.00,0,-1
889922,-1.00,0,-1
890023,-1.00,0,-1
890124,-1.00,0,-1
890225,-1.00,0,-1
890326,-1.00,0,-1
890427,-1.00,0,-1
890528,-1.00,0,-1
890629,-1.00,0,-1
890730,-1.00,0,-1
890831,-1.00,1,-1
890932,-1.00,0,-1
891033,-1.00,0,-1
891133,-1.00,0,-1
891235,-1.00,0,-1
891336,-1.00,0,-1
891437,-1.00,0,-1
891538,-1.00,0,-1
891638,-1.00,0,-1
891740,-1.00,0,-1
891841,-1.00,0,-1
891941,-1.00,0,-1
892043,-1.00,0,-1
892144,-1.00,0,-1
892244,-1.00,0,-1
892346,-1.00,0,-1
892446,-1.00,0,-1
892548,-1.00,0,-1
892649,-1.00,0,-1
892749,-1.00,0,-1
892851,-1.00,0,-1
892951,-1.00,0,-1
893052,-1.00,0,-1
893154,-1.00,0,-1
893254,-1.00,0,-1
893356,-1.00,0,-1
893457,-1.00,0,-1
893557,-1.00,0,-1
893659,-1.00,0,-1
893759,-1.00,0,-1
893860,-1.00,0,-1
893962,-1.00,0,-1
894062,-1.00,0,-1
894163,-1.00,0,-1
894265,-1.00,0,-1
894365,-1.00,0,-1
894467,-1.00,0,-1
894567,-1.00,0,-1
894668,-1.00,0,-1
894770,-1.00,0,-1
894870,-1.00,0,-1
894971,-1.00,0,-1
895072,-1.00,0,-1
895173,-1.00,0,-1
895275,-1.00,0,-1
895375,-1.00,0,-1
895476,-1.00,0,-1
895578,-1.00,0,-1
895678,-1.00,1,-1
895779,-1.00,0,-1
895880,-1.00,0,-1
895981,-1.00,0,-1
896082,-1.00,1,-1
896183,-1.00,0,-1
896284,-1.00,0,-1
896385,-1.00,0,-1
896486,-1.00,0,-1
896587,-1.00,0,-1
896688,-1.00,0,-1
896789,-1.00,0,-1
896889,-1.00,0,-1
896991,-1.00,0,-1
897092,-1.00,0,-1
897192,-1.00,0,-1
897294,-1.00,0,-1
897395,-1.00,0,-1
897496,-1.00,0,-1
897597,-1.00,0,-1
897697,-1.00,0,-1
897799,-1.00,0,-1
897900,-1.00,0,-1
898000,-1.00,0,-1
898102,-1.00,0,-1
898202,-1.00,0,-1
898304,-1.00,0,-1
898405,-1.00,0,-1
898505,-1.00,0,-1
898607,-1.00,0,-1
898708,-1.00,0,-1
898808,-1.00,0,-1
898910,-1.00,0,-1
899010,-1.00,0,-1
899111,-1.00,0,-1
899213,-1.00,0,-1
899313,-1.00,0,-1
899415,-1.00,0,-1
899515,-1.00,0,-1
899616,-1.00,0,-1
899718,-1.00,0,-1
899818,-1.00,0,-1
899919,-1.00,0,-1
900021,-1.00,0,-1
900121,-1.00,0,-1
900222,-1.00,0,-1
900323,-1.00,0,-1
900424,-1.00,0,-1
900526,-1.00,0,-1
900626,-1.00,0,-1
900727,-1.00,0,-1
900828,-1.00,0,-1
900929,-1.00,0,-1
901030,-1.00,0,-1
901131,-1.00,0,-1
901232,-1.00,0,-1
901334,-1.00,0,-1
901434,-1.00,0,-1
901535,-1.00,0,-1
901636,-1.00,0,-1
901737,-1.00,0,-1
901838,-1.00,0,-1
901939,-1.00,0,-1
902040,-1.00,0,-1
902140,-1.00,0,-1
902242,-1.00,0,-1
902343,-1.00,0,-1
902444,-1.00,0,-1
902545,-1.00,0,-1
902646,-1.00,0,-1
902747,-1.00,0,-1
902848,-1.00,0,-1
902948,-1.00,0,-1
903050,-1.00,0,-1
903151,-1.00,0,-1
903251,-1.00,0,-1
903353,-1.00,0,-1
903453,-1.00,0,-1
903555,-1.00,0,-1
903656,-1.00,0,-1
903756,-1.00,0,-1
903858,-1.00,0,-1
903959,-1.00,0,-1
904059,-1.00,0,-1
904161,-1.00,0,-1
904261,-1.00,0,-1
904363,-1.00,0,-1
904464,-1.00,0,-1
904564,-1.00,0,-1
904666,-1.00,0,-1
904766,-1.00,0,-1
904867,-1.00,0,-1
904969,-1.00,0,-1
905069,-1.00,0,-1
905170,-1.00,0,-1
905271,-1.00,0,-1
905372,-1.00,0,-1
905474,-1.00,0,-1
905574,-1.00,0,-1
905675,-1.00,2,-1
905777,-1.00,0,-1
905877,-1.00,0,-1
905978,-1.00,0,-1
906079,-1.00,0,-1
906180,-1.00,0,-1
906281,-1.00,0,-1
906382,-1.00,0,-1
906483,-1.00,0,-1
906584,-1.00,0,-1
906685,-1.00,0,-1
906786,-1.00,0,-1
906887,-1.00,0,-1
906988,-1.00,0,-1
907089,-1.00,0,-1
907190,-1.00,0,-1
907291,-1.00,0,-1
907392,-1.00,0,-1
907493,-1.00,0,-1
907594,-1.00,0,-1
907695,-1.00,0,-1
907796,-1.00,0,-1
907896,-1.00,0,-1
907998,-1.00,2,-1
908099,-1.00,0,-1
908199,-1.00,0,-1
908301,-1.00,1,-1
908402,-1.00,0,-1
908503,-1.00,0,-1
908604,-1.00,0,-1
908704,-1.00,0,-1
908806,-1.00,0,-1
908907,-1.00,0,-1
909007,-1.00,0,-1
909109,-1.00,0,-1
909209,-1.00,0,-1
909310,-1.00,0,-1
909412,-1.00,0,-1
909512,-1.00,0,-1
909614,-1.00,0,-1
909715,-1.00,0,-1
909815,-1.00,0,-1
909917,-1.00,0,-1
910017,-1.00,0,-1
910118,-1.00,1,-1
910220,-1.00,0,-1
910320,-1.00,2,-1
910422,-1.00,0,-1
910522,-1.00,0,-1
910623,-1.00,0,-1
910725,-1.00,0,-1
910825,-1.00,0,-1
910926,-1.00,0,-1
911028,-1.00,0,-1
911128,-1.00,0,-1
911229,-1.00,0,-1
911330,-1.00,0,-1
911431,-1.00,0,-1
911533,-1.00,0,-1
911633,-1.00,0,-1
911734,-1.00,0,-1
911835,-1.00,0,-1
911936,-1.00,0,-1
912037,-1.00,0,-1
912138,-1.00,0,-1
912239,-1.00,0,-1
912340,-1.00,0,-1
912441,-1.00,0,-1
912542,-1.00,0,-1
912643,-1.00,0,-1
912744,-1.00,0,-1
912845,-1.00,0,-1
912946,-1.00,0,-1
913047,-1.00,0,-1
913147,-1.00,0,-1
913249,-1.00,0,-1
913350,-1.00,0,-1
913451,-1.00,1,-1
913552,-1.00,0,-1
913653,-1.00,1,-1
913754,-1.00,0,-1
913855,-1.00,0,-1
913955,-1.00,0,-1
914057,-1.00,7,-1
914158,-1.00,0,-1
914258,-1.00,0,-1
914360,-1.00,0,-1
914460,-1.00,0,-1
914562,-1.00,0,-1
914663,-1.00,0,-1
914763,-1.00,1,-1
914865,-1.00,0,-1
914966,-1.00,1,-1
915066,-1.00,1,-1
915168,-1.00,0,-1
915268,-1.00,0,-1
915369,-1.00,0,-1
915471,-1.00,0,-1
915571,-1.00,1,-1
915673,-1.00,0,-1
915774,-1.00,0,-1
915874,-1.00,0,-1
915976,-1.00,0,-1
916076,-1.00,0,-1
916177,-1.00,0,-1
916279,-1.00,0,-1
916379,-1.00,0,-1
916481,-1.00,0,-1
916581,-1.00,0,-1
916682,-1.00,0,-1
916784,-1.00,0,-1
916884,-1.00,0,-1
916985,-1.00,0,-1
917087,-1.00,0,-1
917187,-1.00,2,-1
917288,-1.00,0,-1
917389,-1.00,0,-1
917490,-1.00,0,-1
917592,-1.00,0,-1
917692,-1.00,0,-1
917793,-1.00,0,-1
917894,-1.00,0,-1
917995,-1.00,0,-1
918096,-1.00,0,-1
918197,-1.00,0,-1
918298,-1.00,0,-1
918400,-1.00,0,-1
918500,-1.00,0,-1
918601,-1.00,0,-1
918702,-1.00,0,-1
918803,-1.00,0,-1
918904,-1.00,0,-1
919005,-1.00,0,-1
919106,-1.00,0,-1
919206,-1.00,0,-1
919308,-1.00,0,-1
919409,-1.00,0,-1
919510,-1.00,0,-1
919611,-1.00,0,-1
919712,-1.00,0,-1
919813,-1.00,0,-1
919914,-1.00,0,-1
920014,-1.00,0,-1
920116,-1.00,0,-1
920217,-1.00,0,-1
920317,-1.00,0,-1
920419,-1.00,0,-1
920519,-1.00,0,-1
920621,-1.00,0,-1
920722,-1.00,0,-1
920822,-1.00,0,-1
920924,-1.00,0,-1
921025,-1.00,0,-1
921125,-1.00,0,-1
921227,-1.00,0,-1
921327,-1.00,0,-1
921428,-1.00,0,-1
921530,-1.00,0,-1
921630,-1.00,0,-1
921732,-1.00,0,-1
921832,-1.00,0,-1
921933,-1.00,0,-1
922035,-1.00,0,-1
922135,-1.00,0,-1
922236,-1.00,0,-1
922337,-1.00,0,-1
922438,-1.00,0,-1
922540,-1.00,0,-1
922640,-1.00,0,-1
922741,-1.00,0,-1
922843,-1.00,0,-1
922943,-1.00,0,-1
923044,-1.00,0,-1
923145,-1.00,0,-1
923246,-1.00,0,-1
923347,-1.00,0,-1
923448,-1.00,0,-1
923549,-1.00,2,-1
923650,-1.00,0,-1
923751,-1.00,0,-1
923852,-1.00,0,-1
923953,-1.00,0,-1
924054,-1.00,0,-1
924155,-1.00,1,-1
924256,-1.00,0,-1
924357,-1.00,0,-1
924457,-1.00,0,-1
924559,-1.00,0,-1
924660,-1.00,0,-1
924761,-1.00,4,-1
924862,-1.00,0,-1
924962,-1.00,0,-1
925064,-1.00,0,-1
925165,-1.00,0,-1
925265,-1.00,1,-1
925367,-1.00,0,-1
925468,-1.00,0,-1
925569,-1.00,0,-1
925670,-1.00,0,-1
925770,-1.00,0,-1
925872,-1.00,0,-1
925973,-1.00,0,-1
926073,-1.00,0,-1
926175,-1.00,0,-1
926275,-1.00,0,-1
926376,-1.00,0,-1
926478,-1.00,0,-1
926578,-1.00,0,-1
926680,-1.00,0,-1
926781,-1.00,1,-1
926881,-1.00,0,-1
926983,-1.00,0,-1
927083,-1.00,0,-1
927184,-1.00,1,-1
927286,-1.00,0,-1
927386,-1.00,0,-1
927488,-1.00,0,-1
927589,-1.00,1,-1
927689,-1.00,0,-1
927791,-1.00,0,-1
927891,-1.00,0,-1
927992,-1.00,0,-1
928094,-1.00,0,-1
928194,-1.00,0,-1
928295,-1.00,0,-1
928396,-1.00,0,-1
928497,-1.00,0,-1
928599,-1.00,0,-1
928699,-1.00,0,-1
928800,-1.00,2,-1
928902,-1.00,9,-1
929002,-1.00,0,-1
929103,-1.00,0,-1
929204,-1.00,0,-1
929305,-1.00,0,-1
929406,-1.00,0,-1
929507,-1.00,0,-1
929608,-1.00,0,-1
929709,-1.00,0,-1
929810,-1.00,0,-1
929911,-1.00,0,-1
930012,-1.00,0,-1
930113,-1.00,1,-1
930213,-1.00,0,-1
930315,-1.00,0,-1
930416,-1.00,0,-1
930516,-1.00,0,-1
930618,-1.00,0,-1
930719,-1.00,0,-1
930820,-1.00,0,-1
930921,-1.00,1,-1
931021,-1.00,0,-1
931123,-1.00,0,-1
931224,-1.00,0,-1
931324,-1.00,0,-1
931426,-1.00,0,-1
931526,-1.00,0,-1
931628,-1.00,0,-1
931729,-1.00,0,-1
931829,-1.00,0,-1
931931,-1.00,9,-1
932032,-1.00,0,-1
932132,-1.00,0,-1
932234,-1.00,0,-1
932334,-1.00,0,-1
932435,-1.00,0,-1
932537,-1.00,0,-1
932637,-1.00,0,-1
932739,-1.00,0,-1
932840,-1.00,0,-1
932940,-1.00,0,-1
933042,-1.00,0,-1
933142,-1.00,0,-1
933243,-1.00,0,-1
933345,-1.00,0,-1
933445,-1.00,0,-1
933547,-1.00,0,-1
933647,-1.00,0,-1
933748,-1.00,0,-1
933850,-1.00,0,-1
933950,-1.00,0,-1
934051,-1.00,0,-1
934153,-1.00,0,-1
934253,-1.00,0,-1
934354,-1.00,0,-1
934455,-1.00,0,-1
934556,-1.00,0,-1
934658,-1.00,0,-1
934758,-1.00,0,-1
934859,-1.00,0,-1
934960,-1.00,0,-1
935061,-1.00,0,-1
935162,-1.00,0,-1
935263,-1.00,0,-1
935364,-1.00,1,-1
935465,-1.00,0,-1
935566,-1.00,0,-1
935667,-1.00,0,-1
935768,-1.00,0,-1
935869,-1.00,0,-1
935970,-1.00,0,-1
936071,-1.00,0,-1
936172,-1.00,0,-1
936272,-1.00,0,-1
936374,-1.00,0,-1
936475,-1.00,0,-1
936576,-1.00,0,-1
936677,-1.00,0,-1
936778,-1.00,0,-1
936879,-1.00,0,-1
936980,-1.00,0,-1
937080,-1.00,0,-1
937182,-1.00,0,-1
937283,-1.00,0,-1
937383,-1.00,0,-1
