847638,-1.00,0,-1
847739,-1.00,0,-1
847840,-1.00,# FSR402 characterization. 'l' = CSV mode; type the scale
# reading in kg to stamp load. Default view: raw  V_node  R(ohm).
0	0.000	open/no-force
0	0.000	open/no-force
0	0.000	open/no-force
0	0.000	open/no-force
0	0.000	open/no-force
# CSV mode ON. Header follows; type a number (kg) to set load.
t_ms,load_kg,raw,ohms
1011,0.00,0,-1
1113,0.00,0,-1
1214,0.00,0,-1
1314,0.00,1,-1
1416,0.00,0,-1
1516,0.00,0,-1
1617,0.00,3,-1
1718,0.00,0,-1
1819,0.00,0,-1
1920,0.00,0,-1
2021,0.00,0,-1
2121,0.00,1,-1
2223,0.00,0,-1
2323,0.00,0,-1
2424,0.00,0,-1
2525,0.00,0,-1
2626,0.00,0,-1
2726,0.00,0,-1
2828,0.00,0,-1
2928,0.00,0,-1
3030,0.00,0,-1
3130,0.00,0,-1
3231,0.00,0,-1
3332,0.00,0,-1
3433,0.00,0,-1
3533,0.00,0,-1
3635,0.00,0,-1
3735,0.00,0,-1
3836,0.00,0,-1
3937,0.00,0,-1
4038,0.00,0,-1
4139,0.00,0,-1
4240,0.00,0,-1
4340,0.00,0,-1
4442,0.00,0,-1
4542,0.00,0,-1
4643,0.00,1,-1
4744,0.00,0,-1
4845,0.00,0,-1
4945,0.00,0,-1
5047,0.00,0,-1
5147,0.00,0,-1
5249,0.00,0,-1
5349,0.00,0,-1
5450,0.00,0,-1
5551,0.00,0,-1
5652,0.00,0,-1
5752,0.00,0,-1
5854,0.00,0,-1
5954,0.00,0,-1
6055,0.00,0,-1
6156,0.00,0,-1
6257,0.00,0,-1
6358,0.00,0,-1
6459,0.00,0,-1
6559,0.00,0,-1
6661,0.00,0,-1
6761,0.00,0,-1
6862,0.00,0,-1
6963,0.00,0,-1
7064,0.00,1,-1
7164,0.00,0,-1
7266,0.00,0,-1
7366,0.00,0,-1
7468,0.00,0,-1
7568,0.00,0,-1
7669,0.00,0,-1
7770,0.00,0,-1
7871,0.00,0,-1
7971,0.00,0,-1
8073,0.00,0,-1
8173,0.00,0,-1
8274,0.00,0,-1
8375,0.00,0,-1
8476,0.00,0,-1
8577,0.00,0,-1
8678,0.00,0,-1
8778,0.00,0,-1
8880,0.00,0,-1
8980,0.00,0,-1
9081,0.00,0,-1
9182,0.00,0,-1
9283,0.00,0,-1
9383,0.00,0,-1
9485,0.00,0,-1
9585,0.00,0,-1
9687,0.00,0,-1
9787,0.00,0,-1
9888,0.00,0,-1
9989,0.00,0,-1
10090,0.00,0,-1
10190,0.00,0,-1
10292,0.00,0,-1
10392,0.00,0,-1
10493,0.00,0,-1
10594,0.00,0,-1
10695,0.00,0,-1
10796,0.00,1,-1
10897,0.00,0,-1
10997,0.00,0,-1
11099,0.00,0,-1
11199,0.00,2,-1
11300,0.00,0,-1
11402,0.00,0,-1
11502,0.00,0,-1
11603,0.00,0,-1
11704,0.00,0,-1
11805,0.00,0,-1
11906,0.00,0,-1
12007,0.00,2,-1
12107,0.00,0,-1
12209,0.00,0,-1
12309,0.00,0,-1
12410,0.00,0,-1
12512,0.00,0,-1
12612,0.00,0,-1
12713,0.00,0,-1
12814,0.00,0,-1
12915,0.00,0,-1
13016,0.00,0,-1
13117,0.00,0,-1
13217,0.00,0,-1
13319,0.00,0,-1
13419,0.00,0,-1
13520,0.00,0,-1
13622,0.00,0,-1
13722,0.00,0,-1
13824,0.00,0,-1
13924,0.00,0,-1
14025,0.00,0,-1
14126,0.00,0,-1
14227,0.00,0,-1
14327,0.00,0,-1
14429,0.00,0,-1
14529,0.00,0,-1
14630,0.00,0,-1
14731,0.00,0,-1
14832,0.00,0,-1
14934,0.00,0,-1
15034,0.00,0,-1
15135,0.00,0,-1
15236,0.00,0,-1
15337,0.00,0,-1
15437,0.00,0,-1
15539,0.00,0,-1
15639,0.00,0,-1
15740,0.00,0,-1
15841,0.00,0,-1
15942,0.00,0,-1
16044,0.00,0,-1
16144,0.00,0,-1
16245,0.00,0,-1
16346,0.00,0,-1
16447,0.00,0,-1
16547,0.00,0,-1
16649,0.00,0,-1
16749,0.00,1,-1
16850,0.00,0,-1
16951,0.00,0,-1
17052,0.00,0,-1
17153,0.00,0,-1
17254,0.00,0,-1
17355,0.00,0,-1
17456,0.00,0,-1
17557,0.00,0,-1
17657,0.00,0,-1
17759,0.00,0,-1
17859,0.00,0,-1
17960,0.00,0,-1
18061,0.00,0,-1
18162,0.00,0,-1
18263,0.00,0,-1
18364,0.00,0,-1
18465,0.00,0,-1
18566,0.00,0,-1
18667,0.00,0,-1
18767,0.00,0,-1
18869,0.00,0,-1
18969,0.00,0,-1
19070,0.00,0,-1
19171,0.00,0,-1
19272,0.00,0,-1
19373,0.00,0,-1
19474,0.00,0,-1
19575,0.00,0,-1
19676,0.00,0,-1
19777,0.00,0,-1
19877,0.00,0,-1
19979,0.00,0,-1
20079,0.00,0,-1
20180,0.00,0,-1
20281,0.00,0,-1
20382,0.00,0,-1
20483,0.00,0,-1
20584,0.00,0,-1
20685,0.00,0,-1
20786,0.00,0,-1
20887,0.00,0,-1
20987,0.00,0,-1
21089,0.00,0,-1
21189,0.00,0,-1
21291,0.00,0,-1
21391,0.00,0,-1
21492,0.00,0,-1
21593,0.00,1,-1
21694,0.00,0,-1
21794,0.00,0,-1
21896,0.00,0,-1
21997,0.00,0,-1
22097,0.00,0,-1
22199,0.00,1,-1
22299,0.00,0,-1
22401,0.00,0,-1
22501,0.00,1,-1
22602,0.00,1,-1
22703,0.00,0,-1
22804,0.00,0,-1
22904,0.00,0,-1
23006,0.00,0,-1
23107,0.00,0,-1
23207,0.00,0,-1
23309,0.00,0,-1
23409,0.00,0,-1
23511,0.00,0,-1
23611,0.00,0,-1
23712,0.00,0,-1
23813,0.00,0,-1
23914,0.00,0,-1
24014,0.00,0,-1
24116,0.00,1,-1
24217,0.00,0,-1
24317,0.00,0,-1
24419,0.00,0,-1
24519,0.00,0,-1
24621,0.00,0,-1
24721,0.00,0,-1
24822,0.00,0,-1
24923,0.00,0,-1
25024,0.00,0,-1
25124,0.00,0,-1
25226,0.00,0,-1
25327,0.00,0,-1
25427,0.00,0,-1
25529,0.00,0,-1
25629,0.00,0,-1
25731,0.00,58,47135
25832,0.00,0,-1
25932,0.00,0,-1
26034,0.00,0,-1
26134,0.00,0,-1
26235,0.00,200,11658
26337,0.00,279,7555
26437,0.00,328,6003
26539,0.00,337,5767
26640,0.00,338,5741
26741,0.00,337,5767
26843,0.00,336,5792
26944,0.00,335,5818
27044,0.00,338,5741
27146,0.00,339,5716
27247,0.00,337,5767
27348,0.00,336,5792
27450,0.00,337,5767
27551,0.00,338,5741
27652,0.00,338,5741
27753,0.00,338,5741
27854,0.00,339,5716
27956,0.00,337,5767
28057,0.00,337,5767
28158,0.00,339,5716
28259,0.00,338,5741
28360,0.00,339,5716
28462,0.00,339,5716
28563,0.00,338,5741
28664,0.00,338,5741
28765,0.00,338,5741
28866,0.00,338,5741
28967,0.00,339,5716
29069,0.00,338,5741
29170,0.00,339,5716
29272,0.00,338,5741
29372,0.00,339,5716
29473,0.00,340,5691
29575,0.00,340,5691
29676,0.00,338,5741
29777,0.00,338,5741
29879,0.00,339,5716
29979,0.00,340,5691
30081,0.00,339,5716
30182,0.00,339,5716
30283,0.00,339,5716
30385,0.00,339,5716
30486,0.00,340,5691
30586,0.00,339,5716
30688,0.00,340,5691
30789,0.00,339,5716
30891,0.00,340,5691
30992,0.00,340,5691
31093,0.00,339,5716
31194,0.00,340,5691
31295,0.00,340,5691
31396,0.00,339,5716
31498,0.00,341,5666
31599,0.00,340,5691
31700,0.00,340,5691
31801,0.00,340,5691
31902,0.00,341,5666
32004,0.00,339,5716
32105,0.00,341,5666
32206,0.00,340,5691
32307,0.00,340,5691
32408,0.00,340,5691
32509,0.00,341,5666
32611,0.00,340,5691
32712,0.00,341,5666
32814,0.00,341,5666
32914,0.00,338,5741
33015,0.00,341,5666
33117,0.00,340,5691
33218,0.00,341,5666
33319,0.00,347,5519
33421,0.00,347,5519
33521,0.00,346,5543
33623,0.00,346,5543
33724,0.00,346,5543
33825,0.00,346,5543
33927,0.00,346,5543
34028,0.00,346,5543
34128,0.00,345,5567
34230,0.00,346,5543
34331,0.00,346,5543
34433,0.00,346,5543
34534,0.00,345,5567
# load_kg=50.00
34635,50.00,346,5543
34737,50.00,347,5519
34838,50.00,347,5519
34939,50.00,346,5543
35041,50.00,344,5592
35142,50.00,346,5543
35244,50.00,346,5543
35344,50.00,346,5543
35445,50.00,346,5543
35547,50.00,345,5567
35648,50.00,346,5543
35749,50.00,347,5519
35851,50.00,344,5592
35952,50.00,347,5519
36054,50.00,345,5567
36155,50.00,345,5567
36255,50.00,346,5543
36357,50.00,347,5519
36458,50.00,347,5519
36559,50.00,346,5543
36661,50.00,347,5519
36762,50.00,347,5519
36864,50.00,349,5471
36965,50.00,346,5543
37066,50.00,347,5519
37167,50.00,347,5519
37268,50.00,347,5519
37369,50.00,348,5495
37471,50.00,348,5495
37572,50.00,348,5495
37673,50.00,349,5471
37775,50.00,348,5495
37876,50.00,348,5495
37978,50.00,350,5447
38078,50.00,351,5424
38179,50.00,349,5471
38281,50.00,349,5471
38382,50.00,350,5447
38483,50.00,350,5447
38585,50.00,350,5447
38686,50.00,351,5424
38788,50.00,352,5400
38889,50.00,351,5424
38990,50.00,352,5400
39091,50.00,349,5471
39192,50.00,351,5424
39293,50.00,351,5424
39395,50.00,351,5424
39496,50.00,350,5447
39598,50.00,352,5400
39699,50.00,355,5331
39800,50.00,352,5400
39902,50.00,358,5262
40002,50.00,360,5217
40103,50.00,361,5195
40205,50.00,360,5217
40306,50.00,362,5173
40408,50.00,361,5195
40509,50.00,363,5151
40610,50.00,361,5195
40712,50.00,361,5195
40813,50.00,363,5151
40913,50.00,362,5173
41015,50.00,363,5151
41116,50.00,363,5151
41218,50.00,363,5151
41319,50.00,363,5151
41420,50.00,364,5129
41522,50.00,364,5129
41623,50.00,364,5129
41724,50.00,364,5129
41825,50.00,365,5107
41926,50.00,366,5085
42028,50.00,365,5107
42129,50.00,366,5085
42230,50.00,366,5085
42332,50.00,368,5042
42433,50.00,368,5042
42534,50.00,368,5042
42636,50.00,368,5042
42737,50.00,367,5064
42838,50.00,368,5042
42939,50.00,367,5064
43040,50.00,370,5000
43142,50.00,367,5064
43243,50.00,370,5000
43344,50.00,369,5021
43446,50.00,370,5000
43547,50.00,369,5021
43649,50.00,369,5021
43749,50.00,371,4979
43850,50.00,370,5000
43952,50.00,370,5000
44053,50.00,368,5042
44154,50.00,370,5000
44256,50.00,369,5021
44357,50.00,370,5000
44459,50.00,371,4979
44560,50.00,370,5000
44660,50.00,371,4979
44762,50.00,370,5000
44863,50.00,371,4979
44964,50.00,370,5000
45066,50.00,369,5021
45167,50.00,371,4979
45268,50.00,371,4979
45370,50.00,372,4958
45471,50.00,373,4937
45572,50.00,373,4937
45673,50.00,373,4937
45774,50.00,374,4916
45876,50.00,373,4937
45977,50.00,371,4979
46078,50.00,374,4916
46180,50.00,374,4916
46281,50.00,374,4916
46383,50.00,375,4895
46484,50.00,375,4895
46584,50.00,375,4895
46686,50.00,374,4916
46787,50.00,374,4916
46888,50.00,375,4895
46990,50.00,377,4854
47091,50.00,377,4854
47193,50.00,376,4875
47294,50.00,376,4875
47395,50.00,376,4875
47496,50.00,376,4875
47597,50.00,375,4895
47698,50.00,376,4875
47800,50.00,375,4895
47901,50.00,375,4895
48003,50.00,375,4895
48104,50.00,376,4875
48205,50.00,376,4875
48307,50.00,375,4895
48407,50.00,376,4875
48508,50.00,376,4875
48610,50.00,376,4875
48711,50.00,376,4875
48813,50.00,375,4895
48914,50.00,377,4854
49015,50.00,376,4875
49117,50.00,376,4875
49218,50.00,381,4774
49318,50.00,380,4794
49420,50.00,381,4774
49521,50.00,381,4774
49623,50.00,381,4774
49724,50.00,381,4774
49825,50.00,382,4754
49927,50.00,380,4794
50028,50.00,380,4794
50129,50.00,381,4774
50231,50.00,381,4774
50331,50.00,381,4774
50433,50.00,381,4774
50534,50.00,381,4774
50635,50.00,380,4794
50737,50.00,381,4774
50838,50.00,381,4774
50939,50.00,382,4754
51041,50.00,382,4754
51142,50.00,381,4774
51243,50.00,382,4754
51344,50.00,381,4774
51445,50.00,382,4754
51547,50.00,382,4754
51648,50.00,382,4754
51749,50.00,382,4754
51851,50.00,382,4754
51952,50.00,381,4774
52054,50.00,382,4754
52154,50.00,380,4794
52255,50.00,382,4754
52357,50.00,382,4754
52458,50.00,381,4774
52559,50.00,382,4754
52661,50.00,381,4774
52762,50.00,383,4734
52864,50.00,383,4734
52965,50.00,381,4774
53065,50.00,382,4754
53167,50.00,382,4754
53268,50.00,382,4754
53369,50.00,383,4734
53471,50.00,382,4754
53572,50.00,381,4774
53673,50.00,383,4734
53775,50.00,383,4734
53876,50.00,383,4734
53978,50.00,382,4754
54078,50.00,383,4734
54179,50.00,383,4734
54281,50.00,382,4754
54382,50.00,382,4754
54483,50.00,383,4734
54585,50.00,383,4734
54686,50.00,383,4734
54788,50.00,383,4734
54889,50.00,382,4754
54989,50.00,382,4754
55091,50.00,382,4754
55192,50.00,383,4734
55293,50.00,384,4714
55395,50.00,382,4754
55496,50.00,382,4754
55598,50.00,382,4754
55699,50.00,383,4734
55800,50.00,382,4754
55901,50.00,382,4754
56002,50.00,382,4754
56103,50.00,383,4734
56205,50.00,382,4754
56306,50.00,383,4734
56408,50.00,382,4754
56509,50.00,382,4754
56610,50.00,381,4774
56712,50.00,383,4734
56812,50.00,383,4734
56913,50.00,384,4714
57015,50.00,383,4734
# load_kg=0.00
57117,0.00,383,4734
57219,0.00,382,4754
57319,0.00,383,4734
57420,0.00,383,4734
57522,0.00,384,4714
57623,0.00,383,4734
57724,0.00,383,4734
57826,0.00,382,4754
57926,0.00,384,4714
58028,0.00,382,4754
58129,0.00,383,4734
58230,0.00,384,4714
58332,0.00,382,4754
58432,0.00,382,4754
58533,0.00,383,4734
58635,0.00,384,4714
58736,0.00,385,4695
58838,0.00,384,4714
58939,0.00,386,4675
59039,0.00,386,4675
59141,0.00,386,4675
59242,0.00,387,4656
59343,0.00,387,4656
59445,0.00,387,4656
59546,0.00,386,4675
59646,0.00,387,4656
59748,0.00,387,4656
59849,0.00,386,4675
59951,0.00,386,4675
60052,0.00,388,4636
60153,0.00,386,4675
60254,0.00,387,4656
60355,0.00,386,4675
60456,0.00,388,4636
60558,0.00,387,4656
60659,0.00,388,4636
60761,0.00,388,4636
60861,0.00,387,4656
60962,0.00,388,4636
61064,0.00,387,4656
61165,0.00,388,4636
61266,0.00,388,4636
61368,0.00,388,4636
61468,0.00,385,4695
61570,0.00,390,4598
61671,0.00,388,4636
61772,0.00,388,4636
61874,0.00,388,4636
61974,0.00,388,4636
62075,0.00,388,4636
62177,0.00,388,4636
62278,0.00,388,4636
62380,0.00,387,4656
62481,0.00,387,4656
62581,0.00,387,4656
62683,0.00,361,5195
62784,0.00,390,4598
62885,0.00,390,4598
62987,0.00,389,4617
63088,0.00,390,4598
63188,0.00,390,4598
63290,0.00,392,4560
63391,0.00,380,4794
63493,0.00,372,4958
63594,0.00,381,4774
63695,0.00,390,4598
63796,0.00,390,4598
63897,0.00,351,5424
63998,0.00,443,3709
64100,0.00,440,3754
64201,0.00,452,3579
64303,0.00,436,3814
64403,0.00,464,3413
64504,0.00,495,3022
64606,0.00,491,3070
64707,0.00,481,3192
64808,0.00,486,3130
64910,0.00,488,3106
65010,0.00,491,3070
65112,0.00,491,3070
65213,0.00,491,3070
65314,0.00,490,3082
65416,0.00,491,3070
65516,0.00,490,3082
65617,0.00,493,3046
65719,0.00,491,3070
65820,0.00,493,3046
65922,0.00,491,3070
66023,0.00,492,3058
66123,0.00,493,3046
66225,0.00,495,3022
66326,0.00,493,3046
66427,0.00,494,3034
66529,0.00,494,3034
66630,0.00,494,3034
66731,0.00,494,3034
66832,0.00,497,2998
66933,0.00,496,3010
67035,0.00,495,3022
67136,0.00,495,3022
67237,0.00,497,2998
67338,0.00,497,2998
67439,0.00,497,2998
67540,0.00,497,2998
67642,0.00,496,3010
67743,0.00,496,3010
67845,0.00,496,3010
67945,0.00,498,2987
68046,0.00,498,2987
68148,0.00,499,2975
68249,0.00,499,2975
68350,0.00,501,2952
68452,0.00,501,2952
68552,0.00,500,2963
68654,0.00,501,2952
68755,0.00,502,2940
68856,0.00,501,2952
68958,0.00,502,2940
69058,0.00,502,2940
69159,0.00,502,2940
# load_kg=100.00
69262,100.00,502,2940
69363,100.00,502,2940
69465,100.00,503,2929
69566,100.00,503,2929
69667,100.00,503,2929
69769,100.00,503,2929
69870,100.00,502,2940
69970,100.00,503,2929
70072,100.00,506,2895
70173,100.00,507,2883
70275,100.00,509,2861
70376,100.00,509,2861
70477,100.00,508,2872
70579,100.00,506,2895
70680,100.00,508,2872
70781,100.00,514,2805
70883,100.00,510,2850
70984,100.00,508,2872
71086,100.00,508,2872
71187,100.00,509,2861
71288,100.00,508,2872
71390,100.00,509,2861
71491,100.00,508,2872
71591,100.00,509,2861
71693,100.00,510,2850
71794,100.00,510,2850
71896,100.00,509,2861
71997,100.00,508,2872
72098,100.00,511,2839
72200,100.00,510,2850
72301,100.00,511,2839
72402,100.00,509,2861
72504,100.00,510,2850
72605,100.00,510,2850
72707,100.00,511,2839
72808,100.00,511,2839
72909,100.00,511,2839
73011,100.00,511,2839
73112,100.00,512,2827
73212,100.00,512,2827
73314,100.00,510,2850
73415,100.00,511,2839
73517,100.00,511,2839
73618,100.00,510,2850
73719,100.00,511,2839
73821,100.00,512,2827
73922,100.00,512,2827
74023,100.00,511,2839
74125,100.00,513,2816
74226,100.00,510,2850
74328,100.00,512,2827
74429,100.00,512,2827
74530,100.00,513,2816
74632,100.00,513,2816
74733,100.00,513,2816
74834,100.00,514,2805
74935,100.00,515,2794
75036,100.00,515,2794
75138,100.00,515,2794
75239,100.00,514,2805
75340,100.00,514,2805
75442,100.00,515,2794
75543,100.00,515,2794
75644,100.00,515,2794
75746,100.00,515,2794
75847,100.00,515,2794
75949,100.00,516,2784
76050,100.00,514,2805
76151,100.00,516,2784
76253,100.00,516,2784
76354,100.00,515,2794
76455,100.00,515,2794
76556,100.00,515,2794
76657,100.00,515,2794
76759,100.00,515,2794
76860,100.00,516,2784
76961,100.00,515,2794
77063,100.00,514,2805
77164,100.00,515,2794
77265,100.00,516,2784
77367,100.00,517,2773
77468,100.00,517,2773
77570,100.00,516,2784
77671,100.00,517,2773
77772,100.00,516,2784
77874,100.00,517,2773
77975,100.00,517,2773
78076,100.00,517,2773
78177,100.00,515,2794
78278,100.00,516,2784
78380,100.00,515,2794
78481,100.00,516,2784
78582,100.00,516,2784
78684,100.00,516,2784
78785,100.00,515,2794
78886,100.00,516,2784
78988,100.00,516,2784
79089,100.00,516,2784
79191,100.00,516,2784
79292,100.00,517,2773
79393,100.00,517,2773
79495,100.00,516,2784
79596,100.00,517,2773
79697,100.00,516,2784
79799,100.00,517,2773
79899,100.00,517,2773
80001,100.00,518,2762
80102,100.00,515,2794
80203,100.00,517,2773
80305,100.00,517,2773
80406,100.00,516,2784
80507,100.00,516,2784
80609,100.00,517,2773
80710,100.00,517,2773
80812,100.00,518,2762
80913,100.00,516,2784
81014,100.00,516,2784
81116,100.00,518,2762
81217,100.00,517,2773
81318,100.00,516,2784
81420,100.00,517,2773
81520,100.00,518,2762
81622,100.00,517,2773
81723,100.00,518,2762
81824,100.00,518,2762
81926,100.00,517,2773
82027,100.00,517,2773
82128,100.00,518,2762
82230,100.00,518,2762
82331,100.00,518,2762
82433,100.00,518,2762
82534,100.00,518,2762
82635,100.00,519,2751
82737,100.00,518,2762
82838,100.00,519,2751
82939,100.00,519,2751
83041,100.00,519,2751
83141,100.00,517,2773
83243,100.00,518,2762
83344,100.00,519,2751
83445,100.00,518,2762
83547,100.00,519,2751
83648,100.00,520,2740
83749,100.00,518,2762
83851,100.00,519,2751
83952,100.00,519,2751
84054,100.00,520,2740
84155,100.00,520,2740
84256,100.00,520,2740
84358,100.00,521,2730
84459,100.00,520,2740
84560,100.00,520,2740
84662,100.00,519,2751
84763,100.00,520,2740
84864,100.00,520,2740
84965,100.00,520,2740
85066,100.00,521,2730
85168,100.00,520,2740
85269,100.00,519,2751
85370,100.00,520,2740
85472,100.00,519,2751
85573,100.00,520,2740
85675,100.00,520,2740
85776,100.00,520,2740
85877,100.00,519,2751
85979,100.00,519,2751
86080,100.00,520,2740
86181,100.00,520,2740
86283,100.00,520,2740
86384,100.00,522,2719
86484,100.00,521,2730
86586,100.00,521,2730
86687,100.00,522,2719
86789,100.00,521,2730
86890,100.00,522,2719
86991,100.00,521,2730
87093,100.00,519,2751
87194,100.00,525,2687
87296,100.00,522,2719
87397,100.00,522,2719
87498,100.00,522,2719
87600,100.00,522,2719
87701,100.00,521,2730
87802,100.00,522,2719
87904,100.00,521,2730
88005,100.00,522,2719
88105,100.00,522,2719
88207,100.00,523,2708
88308,100.00,522,2719
88410,100.00,522,2719
88511,100.00,521,2730
88612,100.00,522,2719
88714,100.00,521,2730
88815,100.00,523,2708
88916,100.00,521,2730
89018,100.00,523,2708
89119,100.00,520,2740
89221,100.00,522,2719
89322,100.00,524,2698
89423,100.00,523,2708
89525,100.00,521,2730
89626,100.00,522,2719
89728,100.00,521,2730
89828,100.00,521,2730
89929,100.00,522,2719
90031,100.00,522,2719
90132,100.00,522,2719
90233,100.00,520,2740
90335,100.00,521,2730
90436,100.00,522,2719
90537,100.00,521,2730
90639,100.00,521,2730
90740,100.00,522,2719
90842,100.00,521,2730
90943,100.00,522,2719
91044,100.00,521,2730
91146,100.00,521,2730
91247,100.00,521,2730
91348,100.00,521,2730
91449,100.00,522,2719
91550,100.00,521,2730
91652,100.00,522,2719
91753,100.00,521,2730
91854,100.00,521,2730
91956,100.00,522,2719
92057,100.00,521,2730
92158,100.00,523,2708
92260,100.00,521,2730
92361,100.00,522,2719
92463,100.00,521,2730
92564,100.00,522,2719
92665,100.00,521,2730
92767,100.00,520,2740
92868,100.00,521,2730
92969,100.00,523,2708
93070,100.00,522,2719
93171,100.00,521,2730
93273,100.00,520,2740
93374,100.00,521,2730
93475,100.00,521,2730
93577,100.00,520,2740
93678,100.00,521,2730
93779,100.00,521,2730
93881,100.00,521,2730
93982,100.00,520,2740
94084,100.00,520,2740
94185,100.00,521,2730
94286,100.00,521,2730
94388,100.00,521,2730
94489,100.00,522,2719
94590,100.00,521,2730
94691,100.00,521,2730
94792,100.00,522,2719
94894,100.00,522,2719
94995,100.00,521,2730
95096,100.00,522,2719
95198,100.00,522,2719
95299,100.00,521,2730
95400,100.00,521,2730
95502,100.00,519,2751
95603,100.00,522,2719
95705,100.00,521,2730
95806,100.00,522,2719
95907,100.00,521,2730
96009,100.00,522,2719
96110,100.00,522,2719
96211,100.00,522,2719
96313,100.00,522,2719
96413,100.00,521,2730
96515,100.00,522,2719
96616,100.00,523,2708
96717,100.00,521,2730
96819,100.00,522,2719
96920,100.00,522,2719
97021,100.00,524,2698
97123,100.00,522,2719
97224,100.00,524,2698
97326,100.00,523,2708
97427,100.00,522,2719
97528,100.00,523,2708
97630,100.00,523,2708
97731,100.00,523,2708
97832,100.00,522,2719
97934,100.00,523,2708
98034,100.00,523,2708
98136,100.00,523,2708
98237,100.00,523,2708
98338,100.00,522,2719
98440,100.00,523,2708
98541,100.00,523,2708
98642,100.00,522,2719
98744,100.00,523,2708
98845,100.00,524,2698
98947,100.00,523,2708
99048,100.00,524,2698
99149,100.00,524,2698
99251,100.00,524,2698
99352,100.00,523,2708
99453,100.00,522,2719
99555,100.00,529,2646
99656,100.00,523,2708
99757,100.00,524,2698
99858,100.00,524,2698
99959,100.00,524,2698
100061,100.00,524,2698
100162,100.00,524,2698
100263,100.00,523,2708
100365,100.00,523,2708
100466,100.00,524,2698
100568,100.00,521,2730
100669,100.00,523,2708
100770,100.00,523,2708
100872,100.00,523,2708
100973,100.00,522,2719
101074,100.00,524,2698
101176,100.00,522,2719
101277,100.00,524,2698
101379,100.00,524,2698
101480,100.00,524,2698
101581,100.00,524,2698
101683,100.00,524,2698
101784,100.00,523,2708
101885,100.00,523,2708
101987,100.00,523,2708
102088,100.00,525,2687
102190,100.00,523,2708
102291,100.00,523,2708
102392,100.00,524,2698
102494,100.00,523,2708
102595,100.00,525,2687
102696,100.00,524,2698
102798,100.00,522,2719
102899,100.00,523,2708
103001,100.00,524,2698
103102,100.00,525,2687
103203,100.00,524,2698
103305,100.00,524,2698
# load_kg=0.00
103406,0.00,525,2687
103507,0.00,525,2687
103609,0.00,524,2698
103710,0.00,524,2698
103812,0.00,524,2698
103913,0.00,524,2698
104014,0.00,524,2698
104115,0.00,524,2698
104216,0.00,524,2698
104317,0.00,525,2687
104419,0.00,525,2687
104520,0.00,524,2698
104622,0.00,526,2677
104723,0.00,524,2698
104823,0.00,524,2698
104925,0.00,525,2687
105026,0.00,525,2687
105127,0.00,524,2698
105229,0.00,524,2698
105330,0.00,525,2687
105432,0.00,524,2698
105533,0.00,525,2687
105633,0.00,525,2687
105735,0.00,524,2698
105836,0.00,524,2698
105937,0.00,523,2708
106039,0.00,524,2698
106140,0.00,523,2708
106242,0.00,524,2698
106343,0.00,524,2698
106443,0.00,524,2698
106545,0.00,524,2698
106646,0.00,524,2698
106747,0.00,524,2698
106849,0.00,523,2708
106950,0.00,525,2687
107052,0.00,523,2708
107153,0.00,519,2751
107253,0.00,518,2762
107355,0.00,519,2751
107456,0.00,521,2730
107557,0.00,521,2730
107659,0.00,520,2740
107760,0.00,521,2730
107862,0.00,522,2719
107963,0.00,522,2719
108063,0.00,522,2719
108165,0.00,523,2708
108266,0.00,522,2719
108367,0.00,523,2708
108469,0.00,523,2708
108570,0.00,524,2698
108672,0.00,522,2719
108773,0.00,523,2708
108873,0.00,523,2708
108975,0.00,523,2708
109076,0.00,523,2708
109177,0.00,522,2719
109279,0.00,524,2698
109380,0.00,522,2719
109481,0.00,522,2719
109582,0.00,523,2708
109683,0.00,523,2708
109785,0.00,524,2698
109886,0.00,524,2698
109987,0.00,523,2708
110089,0.00,523,2708
110190,0.00,523,2708
110291,0.00,525,2687
110392,0.00,523,2708
110493,0.00,524,2698
110595,0.00,524,2698
110696,0.00,524,2698
110797,0.00,523,2708
110899,0.00,524,2698
111000,0.00,524,2698
111101,0.00,523,2708
111202,0.00,523,2708
111303,0.00,523,2708
111405,0.00,524,2698
111506,0.00,524,2698
111607,0.00,523,2708
111709,0.00,530,2635
111810,0.00,524,2698
111911,0.00,525,2687
112012,0.00,524,2698
112113,0.00,524,2698
112215,0.00,524,2698
112316,0.00,524,2698
112417,0.00,524,2698
112519,0.00,525,2687
112620,0.00,527,2666
112721,0.00,525,2687
112822,0.00,525,2687
112923,0.00,526,2677
113025,0.00,523,2708
113126,0.00,525,2687
113227,0.00,526,2677
113329,0.00,524,2698
113430,0.00,525,2687
113531,0.00,525,2687
113632,0.00,525,2687
113733,0.00,525,2687
113835,0.00,526,2677
113936,0.00,525,2687
114037,0.00,525,2687
114139,0.00,524,2698
114240,0.00,525,2687
114341,0.00,526,2677
114442,0.00,526,2677
114543,0.00,526,2677
114644,0.00,526,2677
114746,0.00,525,2687
114847,0.00,525,2687
114949,0.00,526,2677
115050,0.00,526,2677
115151,0.00,526,2677
115252,0.00,525,2687
115353,0.00,529,2646
115454,0.00,517,2773
115556,0.00,596,2030
115657,0.00,644,1667
115759,0.00,695,1337
115860,0.00,758,990
115961,0.00,760,980
116062,0.00,764,960
116163,0.00,766,950
116264,0.00,744,1062
116366,0.00,722,1181
116467,0.00,729,1143
116569,0.00,727,1153
116669,0.00,729,1143
116770,0.00,727,1153
116872,0.00,733,1121
116973,0.00,767,946
117074,0.00,750,1031
117176,0.00,766,950
117277,0.00,770,931
117378,0.00,767,946
117479,0.00,769,936
117580,0.00,770,931
117682,0.00,772,921
117783,0.00,769,936
117884,0.00,770,931
117985,0.00,771,926
118086,0.00,772,921
118188,0.00,771,926
118289,0.00,772,921
118390,0.00,770,931
118492,0.00,773,916
118592,0.00,773,916
118693,0.00,772,921
118795,0.00,771,926
118896,0.00,774,911
118998,0.00,770,931
119099,0.00,773,916
119199,0.00,771,926
119301,0.00,773,916
119402,0.00,774,911
119503,0.00,773,916
119605,0.00,773,916
119706,0.00,774,911
119806,0.00,774,911
119908,0.00,773,916
120009,0.00,773,916
120111,0.00,774,911
120212,0.00,775,907
120313,0.00,775,907
120414,0.00,776,902
120515,0.00,776,902
120616,0.00,776,902
120718,0.00,777,897
120819,0.00,779,887
120920,0.00,775,907
121021,0.00,776,902
# load_kg=200.00
121123,200.00,776,902
121225,200.00,776,902
121326,200.00,776,902
121427,200.00,776,902
121529,200.00,776,902
121630,200.00,778,892
121731,200.00,776,902
121832,200.00,776,902
121933,200.00,778,892
122035,200.00,777,897
122136,200.00,777,897
122237,200.00,778,892
122339,200.00,775,907
122440,200.00,777,897
122542,200.00,776,902
122643,200.00,778,892
122744,200.00,778,892
122846,200.00,777,897
122947,200.00,778,892
123048,200.00,777,897
123150,200.00,778,892
123251,200.00,779,887
123353,200.00,777,897
123453,200.00,777,897
123554,200.00,778,892
123656,200.00,778,892
123757,200.00,778,892
123858,200.00,779,887
123960,200.00,778,892
124061,200.00,778,892
124163,200.00,778,892
124264,200.00,777,897
124365,200.00,779,887
124467,200.00,778,892
124568,200.00,778,892
124669,200.00,777,897
124771,200.00,776,902
124872,200.00,778,892
124974,200.00,780,883
125074,200.00,779,887
125175,200.00,779,887
125277,200.00,780,883
125378,200.00,778,892
125479,200.00,778,892
125581,200.00,778,892
125682,200.00,778,892
125784,200.00,778,892
125885,200.00,778,892
125986,200.00,780,883
126088,200.00,776,902
126189,200.00,778,892
126290,200.00,778,892
126392,200.00,780,883
126493,200.00,779,887
126595,200.00,780,883
126695,200.00,779,887
126796,200.00,780,883
126898,200.00,780,883
126999,200.00,778,892
127100,200.00,779,887
127202,200.00,780,883
127303,200.00,780,883
127405,200.00,777,897
127506,200.00,779,887
127607,200.00,776,902
127709,200.00,779,887
127810,200.00,779,887
127911,200.00,780,883
128013,200.00,780,883
128114,200.00,778,892
128216,200.00,779,887
128317,200.00,780,883
128417,200.00,779,887
128519,200.00,780,883
128620,200.00,779,887
128721,200.00,779,887
128823,200.00,779,887
128924,200.00,778,892
129026,200.00,780,883
129127,200.00,780,883
129228,200.00,781,878
129330,200.00,780,883
129431,200.00,780,883
129532,200.00,780,883
129634,200.00,781,878
129735,200.00,780,883
129837,200.00,781,878
129938,200.00,779,887
130038,200.00,779,887
130140,200.00,781,878
130241,200.00,777,897
130342,200.00,779,887
130444,200.00,780,883
130545,200.00,780,883
130647,200.00,779,887
130748,200.00,780,883
130849,200.00,779,887
130951,200.00,779,887
131052,200.00,779,887
131153,200.00,779,887
131255,200.00,780,883
131356,200.00,780,883
131458,200.00,781,878
131559,200.00,780,883
131659,200.00,780,883
131761,200.00,780,883
131862,200.00,779,887
131963,200.00,781,878
132065,200.00,781,878
132166,200.00,780,883
132268,200.00,780,883
132369,200.00,780,883
132470,200.00,781,878
132572,200.00,780,883
132673,200.00,781,878
132774,200.00,781,878
132876,200.00,782,873
132977,200.00,780,883
133079,200.00,781,878
133180,200.00,778,892
133281,200.00,780,883
133382,200.00,781,878
133483,200.00,780,883
133584,200.00,781,878
133686,200.00,780,883
133787,200.00,783,868
133889,200.00,780,883
133990,200.00,781,878
134091,200.00,781,878
134193,200.00,781,878
134294,200.00,781,878
134395,200.00,781,878
134497,200.00,781,878
134598,200.00,781,878
134700,200.00,781,878
134801,200.00,781,878
134902,200.00,781,878
135003,200.00,780,883
135104,200.00,781,878
135205,200.00,780,883
135307,200.00,783,868
135408,200.00,783,868
135510,200.00,782,873
135611,200.00,782,873
135712,200.00,780,883
135814,200.00,781,878
135915,200.00,782,873
136016,200.00,782,873
136118,200.00,780,883
136219,200.00,782,873
136321,200.00,781,878
136422,200.00,782,873
136523,200.00,782,873
136624,200.00,780,883
136725,200.00,783,868
136826,200.00,781,878
136928,200.00,781,878
137029,200.00,781,878
137131,200.00,781,878
137232,200.00,782,873
137333,200.00,783,868
137435,200.00,782,873
137536,200.00,781,878
137637,200.00,782,873
137739,200.00,779,887
137840,200.00,783,868
137942,200.00,782,873
138043,200.00,782,873
138144,200.00,783,868
138246,200.00,781,878
138346,200.00,782,873
138447,200.00,782,873
138549,200.00,781,878
138650,200.00,783,868
138752,200.00,784,864
138853,200.00,782,873
138954,200.00,783,868
139056,200.00,782,873
139157,200.00,783,868
139258,200.00,781,878
139360,200.00,781,878
139461,200.00,784,864
139563,200.00,782,873
139664,200.00,782,873
139765,200.00,783,868
139867,200.00,783,868
139967,200.00,781,878
140068,200.00,783,868
140170,200.00,784,864
140271,200.00,782,873
140372,200.00,781,878
140474,200.00,784,864
140575,200.00,783,868
140677,200.00,782,873
140778,200.00,782,873
140879,200.00,783,868
140981,200.00,784,864
141082,200.00,782,873
141184,200.00,783,868
141285,200.00,783,868
141386,200.00,783,868
141488,200.00,784,864
141588,200.00,783,868
141689,200.00,783,868
141791,200.00,783,868
141892,200.00,783,868
141993,200.00,784,864
142095,200.00,782,873
142196,200.00,781,878
142298,200.00,783,868
142399,200.00,782,873
142500,200.00,782,873
142602,200.00,784,864
142703,200.00,781,878
142804,200.00,783,868
142906,200.00,783,868
143007,200.00,783,868
143109,200.00,782,873
143210,200.00,783,868
143310,200.00,783,868
143412,200.00,783,868
143513,200.00,783,868
143614,200.00,783,868
143716,200.00,781,878
143817,200.00,782,873
143919,200.00,782,873
144020,200.00,783,868
144121,200.00,781,878
144223,200.00,785,859
144324,200.00,782,873
144425,200.00,782,873
144527,200.00,782,873
144628,200.00,782,873
144730,200.00,782,873
144831,200.00,784,864
144931,200.00,783,868
145033,200.00,783,868
145134,200.00,783,868
145235,200.00,783,868
145337,200.00,782,873
145438,200.00,783,868
145540,200.00,782,873
145641,200.00,782,873
145742,200.00,783,868
145844,200.00,782,873
145945,200.00,784,864
146046,200.00,782,873
146148,200.00,782,873
146249,200.00,783,868
146351,200.00,782,873
146452,200.00,783,868
146552,200.00,784,864
146654,200.00,782,873
146755,200.00,783,868
146856,200.00,784,864
146958,200.00,784,864
147059,200.00,782,873
147161,200.00,782,873
147262,200.00,783,868
147363,200.00,784,864
147465,200.00,782,873
147566,200.00,784,864
147667,200.00,784,864
147769,200.00,783,868
147870,200.00,783,868
147972,200.00,783,868
148073,200.00,782,873
148174,200.00,782,873
148275,200.00,784,864
148376,200.00,784,864
148477,200.00,784,864
148579,200.00,788,845
148680,200.00,781,878
148782,200.00,784,864
148883,200.00,783,868
148984,200.00,784,864
149086,200.00,783,868
149187,200.00,784,864
149288,200.00,783,868
149390,200.00,782,873
149491,200.00,783,868
149593,200.00,784,864
149694,200.00,784,864
149795,200.00,782,873
149896,200.00,783,868
149997,200.00,784,864
150098,200.00,783,868
150200,200.00,783,868
150301,200.00,784,864
150403,200.00,783,868
150504,200.00,784,864
150605,200.00,783,868
150707,200.00,783,868
150808,200.00,782,873
# load_kg=0.00
150909,0.00,784,864
151011,0.00,784,864
151112,0.00,782,873
151214,0.00,783,868
151315,0.00,783,868
151416,0.00,784,864
151517,0.00,784,864
151618,0.00,782,873
151719,0.00,783,868
151821,0.00,783,868
151922,0.00,784,864
152024,0.00,784,864
152124,0.00,784,864
152225,0.00,784,864
152327,0.00,783,868
152428,0.00,783,868
152529,0.00,784,864
152631,0.00,782,873
152731,0.00,784,864
152833,0.00,785,859
152934,0.00,784,864
153035,0.00,785,859
153137,0.00,783,868
153237,0.00,784,864
153338,0.00,784,864
153440,0.00,783,868
153541,0.00,783,868
153643,0.00,785,859
153744,0.00,782,873
153844,0.00,784,864
153946,0.00,784,864
154047,0.00,783,868
154148,0.00,783,868
154250,0.00,781,878
154351,0.00,784,864
154451,0.00,783,868
154553,0.00,783,868
154654,0.00,784,864
154756,0.00,783,868
154857,0.00,783,868
154958,0.00,783,868
155059,0.00,782,873
155160,0.00,783,868
155261,0.00,784,864
155363,0.00,780,883
155464,0.00,783,868
155566,0.00,782,873
155666,0.00,783,868
155767,0.00,782,873
155869,0.00,783,868
155970,0.00,782,873
156071,0.00,782,873
156173,0.00,782,873
156273,0.00,782,873
156375,0.00,782,873
156476,0.00,782,873
156577,0.00,779,887
156679,0.00,782,873
156779,0.00,779,887
156880,0.00,781,878
156982,0.00,783,868
157083,0.00,782,873
157185,0.00,781,878
157286,0.00,783,868
157386,0.00,783,868
157488,0.00,783,868
157589,0.00,781,878
157690,0.00,781,878
157792,0.00,783,868
157893,0.00,783,868
157993,0.00,784,864
158095,0.00,782,873
158196,0.00,783,868
158298,0.00,783,868
158399,0.00,782,873
158500,0.00,783,868
158601,0.00,783,868
158702,0.00,780,883
158803,0.00,787,850
158905,0.00,784,864
159006,0.00,784,864
159108,0.00,783,868
159208,0.00,783,868
159309,0.00,783,868
159411,0.00,782,873
159512,0.00,781,878
159613,0.00,781,878
159715,0.00,782,873
159815,0.00,783,868
159917,0.00,782,873
160018,0.00,782,873
160119,0.00,782,873
160221,0.00,783,868
160321,0.00,782,873
160422,0.00,784,864
160524,0.00,783,868
160625,0.00,782,873
160727,0.00,784,864
160828,0.00,782,873
160928,0.00,785,859
161030,0.00,784,864
161131,0.00,782,873
161232,0.00,785,859
161334,0.00,783,868
161435,0.00,781,878
161536,0.00,783,868
161637,0.00,781,878
161738,0.00,783,868
161840,0.00,778,892
161941,0.00,782,873
162042,0.00,783,868
162143,0.00,784,864
162244,0.00,783,868
162345,0.00,784,864
162447,0.00,783,868
162548,0.00,782,873
162650,0.00,783,868
162750,0.00,784,864
162851,0.00,782,873
162953,0.00,783,868
163054,0.00,781,878
163155,0.00,782,873
163257,0.00,784,864
163357,0.00,782,873
163459,0.00,784,864
163560,0.00,783,868
163661,0.00,784,864
163763,0.00,784,864
163863,0.00,784,864
163964,0.00,783,868
164066,0.00,784,864
164167,0.00,782,873
164269,0.00,782,873
164370,0.00,782,873
164470,0.00,782,873
164572,0.00,783,868
164673,0.00,784,864
164774,0.00,783,868
164876,0.00,783,868
164977,0.00,782,873
165078,0.00,783,868
165179,0.00,782,873
165280,0.00,784,864
165382,0.00,782,873
165483,0.00,782,873
165584,0.00,783,868
165685,0.00,783,868
165786,0.00,784,864
165888,0.00,783,868
165989,0.00,783,868
166090,0.00,783,868
166192,0.00,782,873
166292,0.00,784,864
166393,0.00,784,864
166495,0.00,783,868
166596,0.00,784,864
166697,0.00,783,868
166799,0.00,785,859
166899,0.00,782,873
167001,0.00,783,868
167102,0.00,784,864
167203,0.00,783,868
167305,0.00,784,864
167405,0.00,784,864
167506,0.00,783,868
167608,0.00,783,868
167709,0.00,784,864
167811,0.00,783,868
167912,0.00,784,864
168012,0.00,785,859
168114,0.00,786,854
168215,0.00,785,859
168316,0.00,783,868
168418,0.00,785,859
168519,0.00,786,854
168620,0.00,808,754
168721,0.00,827,671
168822,0.00,796,808
168924,0.00,794,817
169025,0.00,845,597
169126,0.00,814,727
169227,0.00,860,537
169328,0.00,872,491
169430,0.00,874,483
169531,0.00,872,491
169632,0.00,868,506
169734,0.00,858,545
169834,0.00,870,498
169935,0.00,868,506
170037,0.00,867,510
170138,0.00,871,494
170240,0.00,867,510
170341,0.00,870,498
170441,0.00,871,494
170543,0.00,869,502
170644,0.00,872,491
170745,0.00,870,498
170847,0.00,869,502
170947,0.00,872,491
171048,0.00,873,487
171150,0.00,872,491
171251,0.00,873,487
171353,0.00,873,487
171454,0.00,870,498
171554,0.00,873,487
171656,0.00,874,483
171757,0.00,874,483
171858,0.00,873,487
171960,0.00,873,487
172061,0.00,873,487
172162,0.00,874,483
172263,0.00,873,487
172364,0.00,874,483
172466,0.00,873,487
172567,0.00,873,487
172668,0.00,873,487
172769,0.00,872,491
172870,0.00,872,491
172972,0.00,873,487
173073,0.00,873,487
173174,0.00,874,483
173276,0.00,875,479
173376,0.00,875,479
173477,0.00,873,487
173579,0.00,874,483
173680,0.00,873,487
173782,0.00,873,487
173883,0.00,875,479
173983,0.00,875,479
174085,0.00,874,483
174186,0.00,873,487
174287,0.00,874,483
# load_kg=400.00
174389,400.00,875,479
174490,400.00,875,479
174592,400.00,876,475
174693,400.00,875,479
174794,400.00,875,479
174896,400.00,876,475
174997,400.00,875,479
175098,400.00,874,483
175200,400.00,874,483
175301,400.00,875,479
175403,400.00,873,487
175504,400.00,874,483
175605,400.00,875,479
175707,400.00,876,475
175808,400.00,876,475
175908,400.00,874,483
176010,400.00,876,475
176111,400.00,876,475
176212,400.00,875,479
176314,400.00,874,483
176415,400.00,876,475
176517,400.00,875,479
176618,400.00,875,479
176719,400.00,875,479
176821,400.00,877,472
176922,400.00,875,479
177024,400.00,874,483
177125,400.00,876,475
177226,400.00,877,472
177328,400.00,878,468
177429,400.00,875,479
177529,400.00,875,479
177631,400.00,876,475
177732,400.00,876,475
177833,400.00,876,475
177935,400.00,872,491
178036,400.00,875,479
178138,400.00,877,472
178239,400.00,875,479
178340,400.00,876,475
178442,400.00,876,475
178543,400.00,875,479
178644,400.00,878,468
178746,400.00,876,475
178847,400.00,878,468
178949,400.00,876,475
179050,400.00,875,479
179151,400.00,878,468
179252,400.00,875,479
179353,400.00,877,472
179454,400.00,875,479
179556,400.00,876,475
179657,400.00,877,472
179759,400.00,878,468
179860,400.00,877,472
179961,400.00,877,472
180063,400.00,878,468
180164,400.00,877,472
180265,400.00,877,472
180367,400.00,879,464
180468,400.00,876,475
180570,400.00,875,479
180671,400.00,877,472
180772,400.00,876,475
180873,400.00,877,472
180974,400.00,876,475
181075,400.00,877,472
181177,400.00,876,475
181278,400.00,876,475
181380,400.00,875,479
181481,400.00,878,468
181582,400.00,877,472
181684,400.00,878,468
181785,400.00,877,472
181886,400.00,878,468
181988,400.00,878,468
182089,400.00,876,475
182191,400.00,878,468
182292,400.00,875,479
182393,400.00,877,472
182494,400.00,877,472
182595,400.00,878,468
182696,400.00,878,468
182798,400.00,879,464
182899,400.00,877,472
183001,400.00,878,468
183102,400.00,877,472
183203,400.00,877,472
183305,400.00,878,468
183406,400.00,878,468
183507,400.00,878,468
183609,400.00,876,475
183710,400.00,879,464
183812,400.00,877,472
183913,400.00,879,464
184014,400.00,879,464
184116,400.00,878,468
184216,400.00,878,468
184317,400.00,879,464
184419,400.00,878,468
184520,400.00,879,464
184622,400.00,876,475
184723,400.00,880,460
184824,400.00,878,468
184926,400.00,877,472
185027,400.00,879,464
185128,400.00,879,464
185230,400.00,877,472
185331,400.00,878,468
185433,400.00,877,472
185534,400.00,879,464
185635,400.00,880,460
185737,400.00,879,464
185837,400.00,879,464
185938,400.00,879,464
186040,400.00,877,472
186141,400.00,879,464
186243,400.00,879,464
186344,400.00,877,472
186445,400.00,880,460
186547,400.00,878,468
186648,400.00,879,464
186749,400.00,880,460
186851,400.00,879,464
186952,400.00,879,464
187054,400.00,879,464
187155,400.00,880,460
187256,400.00,879,464
187358,400.00,878,468
187459,400.00,878,468
187559,400.00,879,464
187661,400.00,875,479
187762,400.00,879,464
187864,400.00,880,460
187965,400.00,880,460
188066,400.00,882,453
188168,400.00,880,460
188269,400.00,881,457
188370,400.00,879,464
188472,400.00,880,460
188573,400.00,881,457
188675,400.00,879,464
188776,400.00,879,464
188877,400.00,881,457
188979,400.00,878,468
189080,400.00,879,464
189180,400.00,878,468
189282,400.00,879,464
189383,400.00,880,460
189485,400.00,880,460
189586,400.00,879,464
189687,400.00,881,457
189789,400.00,881,457
189890,400.00,881,457
189991,400.00,880,460
190093,400.00,879,464
190194,400.00,882,453
190296,400.00,879,464
190397,400.00,882,453
190498,400.00,881,457
190600,400.00,879,464
190701,400.00,882,453
190801,400.00,880,460
190903,400.00,880,460
191004,400.00,880,460
191106,400.00,881,457
191207,400.00,879,464
191308,400.00,880,460
191410,400.00,880,460
191511,400.00,881,457
191612,400.00,881,457
191714,400.00,879,464
191815,400.00,880,460
191917,400.00,880,460
192018,400.00,882,453
192119,400.00,882,453
192221,400.00,881,457
192322,400.00,880,460
192423,400.00,880,460
192524,400.00,880,460
192625,400.00,882,453
192727,400.00,880,460
192828,400.00,880,460
192929,400.00,881,457
193031,400.00,880,460
193132,400.00,878,468
193233,400.00,881,457
193335,400.00,880,460
193436,400.00,881,457
193538,400.00,880,460
193639,400.00,881,457
193740,400.00,879,464
193842,400.00,880,460
193943,400.00,879,464
194044,400.00,882,453
194145,400.00,882,453
194246,400.00,882,453
194348,400.00,881,457
194449,400.00,879,464
194550,400.00,881,457
194652,400.00,880,460
194753,400.00,879,464
194854,400.00,880,460
194956,400.00,882,453
195057,400.00,880,460
195159,400.00,881,457
195260,400.00,880,460
195361,400.00,880,460
195463,400.00,884,445
195564,400.00,881,457
195665,400.00,882,453
195766,400.00,883,449
195867,400.00,881,457
195969,400.00,880,460
196070,400.00,881,457
196171,400.00,880,460
196273,400.00,881,457
196374,400.00,881,457
196475,400.00,882,453
196577,400.00,881,457
196678,400.00,881,457
196780,400.00,880,460
196881,400.00,883,449
196982,400.00,882,453
197084,400.00,882,453
197185,400.00,881,457
197286,400.00,881,457
197388,400.00,878,468
197488,400.00,881,457
197590,400.00,882,453
197691,400.00,882,453
197792,400.00,882,453
197894,400.00,880,460
197995,400.00,883,449
198096,400.00,882,453
198198,400.00,883,449
198299,400.00,881,457
198401,400.00,882,453
198502,400.00,880,460
198603,400.00,882,453
198705,400.00,880,460
198806,400.00,882,453
198907,400.00,881,457
199009,400.00,881,457
199109,400.00,881,457
199211,400.00,882,453
199312,400.00,883,449
199413,400.00,882,453
199515,400.00,881,457
199616,400.00,881,457
199717,400.00,880,460
199819,400.00,881,457
199920,400.00,882,453
200022,400.00,881,457
200123,400.00,882,453
200224,400.00,880,460
200326,400.00,883,449
200427,400.00,882,453
200528,400.00,881,457
200630,400.00,881,457
200731,400.00,881,457
200832,400.00,882,453
200933,400.00,882,453
201034,400.00,883,449
201136,400.00,881,457
201237,400.00,881,457
201338,400.00,881,457
201440,400.00,882,453
201541,400.00,882,453
201643,400.00,882,453
201744,400.00,881,457
201845,400.00,882,453
201947,400.00,884,445
202048,400.00,880,460
202149,400.00,879,464
202251,400.00,882,453
202352,400.00,880,460
202452,400.00,882,453
202554,400.00,881,457
202655,400.00,880,460
202757,400.00,882,453
202858,400.00,882,453
202959,400.00,881,457
203061,400.00,882,453
203162,400.00,879,464
203264,400.00,875,479
203365,400.00,886,438
203466,400.00,885,442
203568,400.00,885,442
203669,400.00,884,445
203770,400.00,879,464
203872,400.00,881,457
203973,400.00,881,457
204073,400.00,882,453
204175,400.00,883,449
204276,400.00,885,442
204378,400.00,882,453
204479,400.00,881,457
204580,400.00,882,453
204682,400.00,882,453
204783,400.00,882,453
204884,400.00,880,460
204986,400.00,884,445
205087,400.00,882,453
205189,400.00,882,453
205290,400.00,880,460
205391,400.00,880,460
205493,400.00,879,464
205594,400.00,881,457
205696,400.00,879,464
205796,400.00,879,464
205897,400.00,882,453
205999,400.00,882,453
206100,400.00,879,464
206201,400.00,879,464
206303,400.00,878,468
206404,400.00,877,472
206505,400.00,881,457
206607,400.00,880,460
206708,400.00,881,457
206810,400.00,883,449
206911,400.00,882,453
207012,400.00,878,468
207114,400.00,875,479
207215,400.00,881,457
207316,400.00,882,453
207417,400.00,879,464
207518,400.00,877,472
207620,400.00,880,460
207721,400.00,879,464
207822,400.00,880,460
207924,400.00,879,464
208025,400.00,881,457
208126,400.00,882,453
208228,400.00,881,457
208329,400.00,883,449
208431,400.00,879,464
208532,400.00,882,453
208633,400.00,882,453
208735,400.00,880,460
208836,400.00,880,460
208937,400.00,880,460
209039,400.00,882,453
209139,400.00,883,449
209241,400.00,881,457
209342,400.00,881,457
209443,400.00,880,460
209545,400.00,880,460
209646,400.00,878,468
209747,400.00,881,457
209849,400.00,880,460
209950,400.00,883,449
210052,400.00,882,453
210153,400.00,881,457
210254,400.00,879,464
210356,400.00,881,457
210457,400.00,882,453
210558,400.00,881,457
210660,400.00,882,453
210760,400.00,883,449
210862,400.00,882,453
210963,400.00,881,457
211064,400.00,880,460
211166,400.00,882,453
211267,400.00,882,453
211368,400.00,883,449
211470,400.00,884,445
211571,400.00,882,453
211673,400.00,883,449
211774,400.00,882,453
211875,400.00,882,453
211977,400.00,882,453
212078,400.00,882,453
212179,400.00,883,449
212281,400.00,883,449
212381,400.00,884,445
212483,400.00,884,445
212584,400.00,882,453
212685,400.00,881,457
212787,400.00,882,453
212888,400.00,882,453
212989,400.00,882,453
213091,400.00,884,445
213192,400.00,881,457
213294,400.00,880,460
213395,400.00,881,457
213496,400.00,880,460
213598,400.00,880,460
213699,400.00,881,457
213800,400.00,881,457
213902,400.00,880,460
214003,400.00,884,445
214104,400.00,880,460
214205,400.00,882,453
214306,400.00,882,453
214408,400.00,883,449
214509,400.00,881,457
214610,400.00,882,453
214712,400.00,882,453
214813,400.00,883,449
214915,400.00,882,453
215016,400.00,882,453
215117,400.00,882,453
215219,400.00,879,464
215320,400.00,881,457
215421,400.00,882,453
215523,400.00,881,457
215624,400.00,884,445
215725,400.00,883,449
215826,400.00,884,445
215927,400.00,882,453
216029,400.00,882,453
216130,400.00,881,457
216231,400.00,881,457
216333,400.00,882,453
216434,400.00,883,449
216536,400.00,881,457
216637,400.00,879,464
216738,400.00,883,449
216840,400.00,881,457
216941,400.00,880,460
217042,400.00,880,460
217144,400.00,879,464
217245,400.00,879,464
217346,400.00,881,457
217447,400.00,881,457
217548,400.00,882,453
217650,400.00,881,457
217751,400.00,881,457
217852,400.00,885,442
217954,400.00,882,453
218055,400.00,881,457
218157,400.00,884,445
218258,400.00,880,460
218359,400.00,878,468
218461,400.00,879,464
218562,400.00,881,457
218663,400.00,882,453
218765,400.00,881,457
218866,400.00,882,453
218968,400.00,882,453
219068,400.00,881,457
219169,400.00,881,457
219271,400.00,882,453
219372,400.00,882,453
219473,400.00,884,445
219575,400.00,882,453
219676,400.00,881,457
219778,400.00,883,449
219879,400.00,882,453
219980,400.00,882,453
220082,400.00,884,445
220183,400.00,883,449
220284,400.00,883,449
220386,400.00,879,464
220487,400.00,877,472
220589,400.00,873,487
220689,400.00,880,460
220790,400.00,879,464
220892,400.00,882,453
220993,400.00,878,468
221094,400.00,880,460
221196,400.00,880,460
221297,400.00,881,457
221399,400.00,879,464
221500,400.00,879,464
221601,400.00,878,468
221703,400.00,882,453
221804,400.00,885,442
221905,400.00,879,464
222007,400.00,878,468
222108,400.00,884,445
222210,400.00,882,453
222311,400.00,884,445
222411,400.00,878,468
222513,400.00,881,457
222614,400.00,880,460
222715,400.00,880,460
222817,400.00,882,453
222918,400.00,884,445
223020,400.00,884,445
223121,400.00,887,434
223222,400.00,886,438
223324,400.00,885,442
223425,400.00,882,453
223526,400.00,882,453
223628,400.00,884,445
223729,400.00,882,453
223831,400.00,877,472
223932,400.00,877,472
224032,400.00,880,460
224134,400.00,877,472
224235,400.00,874,483
224336,400.00,882,453
224438,400.00,885,442
224539,400.00,883,449
224641,400.00,881,457
224742,400.00,879,464
224843,400.00,875,479
224945,400.00,879,464
225046,400.00,881,457
225147,400.00,880,460
225249,400.00,885,442
225350,400.00,885,442
225452,400.00,884,445
225553,400.00,885,442
225653,400.00,878,468
225755,400.00,871,494
225856,400.00,880,460
225957,400.00,884,445
226059,400.00,879,464
226160,400.00,878,468
226262,400.00,873,487
226363,400.00,874,483
226464,400.00,882,453
226566,400.00,887,434
226667,400.00,887,434
226768,400.00,882,453
226870,400.00,884,445
226971,400.00,885,442
227073,400.00,884,445
227174,400.00,883,449
227275,400.00,885,442
227376,400.00,882,453
227477,400.00,883,449
227578,400.00,885,442
227680,400.00,885,442
227781,400.00,885,442
227883,400.00,885,442
227984,400.00,885,442
228085,400.00,885,442
228187,400.00,886,438
228288,400.00,882,453
228389,400.00,877,472
228491,400.00,878,468
228592,400.00,881,457
228694,400.00,881,457
228795,400.00,882,453
228896,400.00,884,445
228997,400.00,884,445
229098,400.00,882,453
229199,400.00,882,453
229301,400.00,882,453
229402,400.00,878,468
229504,400.00,882,453
229605,400.00,885,442
229706,400.00,883,449
229808,400.00,882,453
229909,400.00,880,460
230010,400.00,882,453
230112,400.00,882,453
230213,400.00,883,449
230315,400.00,882,453
230416,400.00,882,453
230517,400.00,882,453
230619,400.00,879,464
230719,400.00,883,449
230820,400.00,886,438
230922,400.00,887,434
231023,400.00,883,449
231124,400.00,884,445
231226,400.00,882,453
231327,400.00,882,453
231429,400.00,879,464
231530,400.00,883,449
231631,400.00,882,453
231733,400.00,883,449
231834,400.00,883,449
231936,400.00,880,460
232037,400.00,881,457
232138,400.00,884,445
232240,400.00,884,445
232340,400.00,881,457
232441,400.00,880,460
232543,400.00,880,460
232644,400.00,881,457
232745,400.00,881,457
232847,400.00,883,449
232948,400.00,883,449
233050,400.00,881,457
233151,400.00,884,445
233252,400.00,884,445
233354,400.00,882,453
233455,400.00,883,449
233556,400.00,884,445
233658,400.00,883,449
233759,400.00,884,445
233861,400.00,883,449
233961,400.00,884,445
234062,400.00,882,453
234164,400.00,885,442
234265,400.00,883,449
234366,400.00,883,449
234468,400.00,884,445
234569,400.00,883,449
234671,400.00,883,449
234772,400.00,883,449
234873,400.00,882,453
234975,400.00,884,445
235076,400.00,884,445
235177,400.00,884,445
235279,400.00,883,449
235380,400.00,884,445
235482,400.00,884,445
235583,400.00,883,449
235683,400.00,882,453
235785,400.00,883,449
235886,400.00,884,445
235987,400.00,882,453
236089,400.00,883,449
236190,400.00,885,442
236292,400.00,884,445
236393,400.00,884,445
236494,400.00,883,449
236596,400.00,885,442
236697,400.00,883,449
236798,400.00,883,449
236900,400.00,884,445
237001,400.00,883,449
# load_kg=0.00
237103,0.00,884,445
237204,0.00,884,445
237305,0.00,884,445
237407,0.00,884,445
237507,0.00,882,453
237608,0.00,884,445
237710,0.00,885,442
237811,0.00,885,442
237913,0.00,884,445
238014,0.00,883,449
238114,0.00,883,449
238216,0.00,882,453
238317,0.00,883,449
238418,0.00,885,442
238520,0.00,884,445
238621,0.00,884,445
238722,0.00,885,442
238823,0.00,883,449
238924,0.00,881,457
239026,0.00,885,442
239127,0.00,883,449
239228,0.00,884,445
239329,0.00,883,449
239430,0.00,883,449
239532,0.00,884,445
239633,0.00,883,449
239734,0.00,884,445
239836,0.00,884,445
239936,0.00,883,449
240037,0.00,884,445
240139,0.00,882,453
240240,0.00,883,449
240342,0.00,883,449
240442,0.00,884,445
240543,0.00,883,449
240645,0.00,884,445
240746,0.00,884,445
240847,0.00,883,449
240949,0.00,884,445
241049,0.00,883,449
241150,0.00,883,449
241252,0.00,883,449
241353,0.00,884,445
241455,0.00,882,453
241556,0.00,883,449
241656,0.00,881,457
241758,0.00,883,449
241859,0.00,884,445
241960,0.00,885,442
242062,0.00,885,442
242163,0.00,886,438
242264,0.00,884,445
242365,0.00,880,460
242466,0.00,885,442
242568,0.00,884,445
242669,0.00,882,453
242770,0.00,883,449
242871,0.00,886,438
242972,0.00,883,449
243074,0.00,883,449
243175,0.00,885,442
243276,0.00,884,445
243378,0.00,882,453
243478,0.00,882,453
243579,0.00,884,445
243681,0.00,883,449
243782,0.00,880,460
243884,0.00,883,449
243984,0.00,883,449
244085,0.00,884,445
244187,0.00,885,442
244288,0.00,883,449
244389,0.00,882,453
244491,0.00,882,453
244591,0.00,884,445
244692,0.00,885,442
244794,0.00,883,449
244895,0.00,883,449
244997,0.00,883,449
245098,0.00,885,442
245198,0.00,882,453
245300,0.00,884,445
245401,0.00,884,445
245502,0.00,883,449
245604,0.00,883,449
245705,0.00,882,453
245806,0.00,886,438
245907,0.00,884,445
246008,0.00,885,442
246110,0.00,882,453
246211,0.00,885,442
246312,0.00,884,445
246413,0.00,883,449
246514,0.00,884,445
246616,0.00,883,449
246717,0.00,880,460
246818,0.00,883,449
246920,0.00,884,445
247020,0.00,883,449
247121,0.00,882,453
247223,0.00,885,442
247324,0.00,884,445
247426,0.00,886,438
247526,0.00,885,442
247627,0.00,884,445
247729,0.00,885,442
247830,0.00,885,442
247931,0.00,884,445
248033,0.00,885,442
248133,0.00,885,442
248235,0.00,885,442
248336,0.00,883,449
248437,0.00,885,442
248539,0.00,884,445
248640,0.00,884,445
248740,0.00,884,445
248842,0.00,884,445
248943,0.00,884,445
249044,0.00,883,449
249146,0.00,883,449
249247,0.00,885,442
249348,0.00,885,442
249449,0.00,883,449
249550,0.00,882,453
249652,0.00,886,438
249753,0.00,884,445
249854,0.00,882,453
249955,0.00,878,468
250056,0.00,883,449
250158,0.00,884,445
250259,0.00,884,445
250360,0.00,884,445
250462,0.00,886,438
250562,0.00,885,442
250663,0.00,885,442
250765,0.00,882,453
250866,0.00,885,442
250968,0.00,886,438
251068,0.00,883,449
251169,0.00,882,453
251271,0.00,886,438
251372,0.00,881,457
251473,0.00,883,449
251575,0.00,883,449
251675,0.00,884,445
251777,0.00,885,442
251878,0.00,886,438
251979,0.00,883,449
252081,0.00,884,445
252182,0.00,883,449
252282,0.00,883,449
252384,0.00,884,445
252485,0.00,885,442
252587,0.00,883,449
252688,0.00,884,445
252789,0.00,885,442
252890,0.00,884,445
252991,0.00,884,445
253092,0.00,883,449
253194,0.00,885,442
253295,0.00,883,449
253396,0.00,885,442
253497,0.00,885,442
253598,0.00,885,442
253700,0.00,883,449
253801,0.00,885,442
253902,0.00,887,434
254004,0.00,891,420
254104,0.00,887,434
254205,0.00,893,412
254307,0.00,890,423
254408,0.00,885,442
254510,0.00,885,442
254610,0.00,884,445
254711,0.00,888,431
254813,0.00,888,431
254914,0.00,881,457
255015,0.00,895,405
255117,0.00,894,409
255217,0.00,902,380
255319,0.00,912,345
255420,0.00,914,338
255521,0.00,909,355
255623,0.00,904,373
255724,0.00,910,352
255824,0.00,910,352
255926,0.00,899,391
256027,0.00,876,475
256129,0.00,904,373
256230,0.00,909,355
256331,0.00,892,416
256432,0.00,891,420
256533,0.00,909,355
256634,0.00,909,355
256736,0.00,900,387
256837,0.00,910,352
256939,0.00,912,345
257039,0.00,913,341
257140,0.00,916,331
257242,0.00,917,327
257343,0.00,913,341
257444,0.00,893,412
257546,0.00,916,331
257646,0.00,913,341
257747,0.00,895,405
257849,0.00,901,384
257950,0.00,913,341
258052,0.00,909,355
258152,0.00,901,384
258253,0.00,917,327
258355,0.00,906,366
258456,0.00,914,338
258557,0.00,911,348
258659,0.00,914,338
258759,0.00,910,352
258861,0.00,915,334
258962,0.00,912,345
259063,0.00,914,338
259165,0.00,914,338
259266,0.00,915,334
259366,0.00,913,341
259468,0.00,914,338
259569,0.00,916,331
259671,0.00,912,345
259772,0.00,914,338
259873,0.00,912,345
259974,0.00,915,334
260075,0.00,915,334
260176,0.00,912,345
260278,0.00,914,338
260379,0.00,914,338
260481,0.00,912,345
260581,0.00,914,338
260682,0.00,912,345
260784,0.00,914,338
260885,0.00,915,334
260986,0.00,916,331
261088,0.00,914,338
261188,0.00,916,331
261289,0.00,915,334
261391,0.00,914,338
261492,0.00,913,341
261594,0.00,916,331
261694,0.00,916,331
261795,0.00,914,338
261897,0.00,916,331
261998,0.00,914,338
262099,0.00,912,345
262201,0.00,914,338
262301,0.00,914,338
262403,0.00,914,338
262504,0.00,921,314
262605,0.00,917,327
262707,0.00,916,331
262808,0.00,911,348
262908,0.00,920,317
263010,0.00,917,327
263111,0.00,918,324
263213,0.00,924,304
263314,0.00,929,287
263415,0.00,913,341
263516,0.00,920,317
263617,0.00,922,310
263718,0.00,922,310
263820,0.00,913,341
263921,0.00,914,338
264023,0.00,917,327
264123,0.00,917,327
264224,0.00,916,331
264326,0.00,905,369
264427,0.00,898,394
264528,0.00,912,345
264630,0.00,913,341
264730,0.00,910,352
264832,0.00,907,362
264933,0.00,907,362
265034,0.00,911,348
265136,0.00,908,359
265236,0.00,907,362
265337,0.00,909,355
265439,0.00,908,359
265540,0.00,908,359
265641,0.00,911,348
265743,0.00,910,352
265843,0.00,909,355
265945,0.00,909,355
266046,0.00,911,348
266147,0.00,909,355
266249,0.00,909,355
266350,0.00,909,355
266450,0.00,909,355
266552,0.00,910,352
266653,0.00,909,355
266755,0.00,909,355
266856,0.00,909,355
266957,0.00,911,348
267058,0.00,908,359
267159,0.00,910,352
267260,0.00,910,352
267362,0.00,910,352
267463,0.00,911,348
267565,0.00,909,355
267665,0.00,911,348
267766,0.00,911,348
267868,0.00,909,355
267969,0.00,911,348
268070,0.00,910,352
268172,0.00,911,348
268272,0.00,908,359
268374,0.00,909,355
268475,0.00,910,352
268576,0.00,910,352
268678,0.00,908,359
268778,0.00,909,355
268879,0.00,909,355
268981,0.00,909,355
269082,0.00,911,348
269184,0.00,910,352
269285,0.00,909,355
269385,0.00,909,355
269487,0.00,911,348
269588,0.00,910,352
269689,0.00,909,355
# load_kg=746.00
269791,746.00,909,355
269892,746.00,909,355
269993,746.00,909,355
270095,746.00,912,345
270196,746.00,910,352
270298,746.00,911,348
270399,746.00,909,355
270500,746.00,911,348
270602,746.00,911,348
270703,746.00,910,352
270804,746.00,909,355
270906,746.00,910,352
271007,746.00,908,359
271109,746.00,910,352
271210,746.00,909,355
271311,746.00,909,355
271412,746.00,909,355
271513,746.00,910,352
271614,746.00,912,345
271716,746.00,910,352
271817,746.00,910,352
271919,746.00,912,345
272020,746.00,909,355
272121,746.00,910,352
272223,746.00,910,352
272324,746.00,909,355
272425,746.00,911,348
272527,746.00,907,362
272628,746.00,911,348
272730,746.00,909,355
272831,746.00,912,345
272932,746.00,910,352
273034,746.00,911,348
273134,746.00,912,345
273235,746.00,909,355
273337,746.00,911,348
273438,746.00,909,355
273540,746.00,910,352
273641,746.00,909,355
273742,746.00,910,352
273844,746.00,912,345
273945,746.00,910,352
274046,746.00,910,352
274148,746.00,907,362
274249,746.00,911,348
274351,746.00,908,359
274452,746.00,911,348
274553,746.00,911,348
274655,746.00,911,348
274755,746.00,911,348
274856,746.00,911,348
274958,746.00,909,355
275059,746.00,909,355
275161,746.00,912,345
275262,746.00,910,352
275363,746.00,910,352
275465,746.00,908,359
275566,746.00,909,355
275667,746.00,910,352
275769,746.00,909,355
275870,746.00,910,352
275972,746.00,911,348
276073,746.00,911,348
276174,746.00,912,345
276276,746.00,909,355
276377,746.00,911,348
276477,746.00,910,352
276579,746.00,911,348
276680,746.00,910,352
276782,746.00,910,352
276883,746.00,912,345
276984,746.00,909,355
277086,746.00,910,352
277187,746.00,910,352
277288,746.00,910,352
277390,746.00,910,352
277491,746.00,910,352
277593,746.00,909,355
277694,746.00,910,352
277795,746.00,910,352
277897,746.00,911,348
277998,746.00,911,348
278098,746.00,910,352
278200,746.00,909,355
278301,746.00,908,359
278403,746.00,910,352
278504,746.00,908,359
278605,746.00,907,362
278707,746.00,910,352
278808,746.00,910,352
278909,746.00,911,348
279011,746.00,911,348
279112,746.00,909,355
279214,746.00,909,355
279315,746.00,912,345
279416,746.00,911,348
279518,746.00,909,355
279619,746.00,909,355
279719,746.00,911,348
279821,746.00,910,352
279922,746.00,907,362
280024,746.00,910,352
280125,746.00,909,355
280226,746.00,910,352
280328,746.00,910,352
280429,746.00,910,352
280530,746.00,909,355
280632,746.00,912,345
280733,746.00,909,355
280835,746.00,910,352
280936,746.00,910,352
281037,746.00,909,355
281139,746.00,911,348
281240,746.00,910,352
281341,746.00,909,355
281442,746.00,908,359
281543,746.00,910,352
281645,746.00,910,352
281746,746.00,909,355
281847,746.00,912,345
281949,746.00,910,352
282050,746.00,910,352
282151,746.00,911,348
282253,746.00,910,352
282354,746.00,911,348
282456,746.00,910,352
282557,746.00,911,348
282658,746.00,910,352
282760,746.00,910,352
282861,746.00,909,355
282962,746.00,910,352
283063,746.00,911,348
283164,746.00,910,352
283266,746.00,909,355
283367,746.00,910,352
283468,746.00,911,348
283570,746.00,910,352
283671,746.00,910,352
283772,746.00,912,345
283874,746.00,912,345
283975,746.00,911,348
284077,746.00,911,348
284178,746.00,910,352
284279,746.00,910,352
284381,746.00,912,345
284482,746.00,911,348
284583,746.00,910,352
284685,746.00,911,348
284785,746.00,910,352
284887,746.00,910,352
284988,746.00,910,352
285089,746.00,909,355
285191,746.00,912,345
285292,746.00,911,348
285393,746.00,910,352
285495,746.00,910,352
285596,746.00,910,352
285698,746.00,907,362
285799,746.00,911,348
285900,746.00,912,345
286002,746.00,909,355
286103,746.00,911,348
286204,746.00,910,352
286306,746.00,909,355
286406,746.00,910,352
286508,746.00,912,345
286609,746.00,910,352
286710,746.00,911,348
286812,746.00,908,359
286913,746.00,911,348
287014,746.00,910,352
287116,746.00,909,355
287217,746.00,912,345
287319,746.00,909,355
287420,746.00,910,352
287521,746.00,910,352
287623,746.00,909,355
287724,746.00,912,345
287825,746.00,909,355
287927,746.00,910,352
288028,746.00,909,355
288129,746.00,911,348
288230,746.00,911,348
288331,746.00,909,355
288433,746.00,912,345
288534,746.00,911,348
288635,746.00,910,352
288737,746.00,910,352
288838,746.00,910,352
288940,746.00,909,355
289041,746.00,911,348
289142,746.00,911,348
289244,746.00,909,355
289345,746.00,911,348
289446,746.00,910,352
289548,746.00,910,352
289649,746.00,909,355
289750,746.00,910,352
289851,746.00,907,362
289952,746.00,910,352
290054,746.00,911,348
290155,746.00,911,348
290256,746.00,911,348
290358,746.00,910,352
290459,746.00,909,355
290561,746.00,910,352
290662,746.00,911,348
290763,746.00,911,348
290865,746.00,912,345
290966,746.00,909,355
291067,746.00,910,352
291169,746.00,909,355
291270,746.00,911,348
291371,746.00,910,352
291472,746.00,911,348
291573,746.00,910,352
291675,746.00,909,355
291776,746.00,910,352
291877,746.00,910,352
291979,746.00,911,348
292080,746.00,912,345
292182,746.00,911,348
292283,746.00,910,352
292384,746.00,911,348
292486,746.00,910,352
292587,746.00,910,352
292688,746.00,909,355
292790,746.00,910,352
292891,746.00,910,352
292993,746.00,911,348
293093,746.00,910,352
293194,746.00,910,352
293296,746.00,911,348
293397,746.00,910,352
293498,746.00,910,352
293600,746.00,912,345
293701,746.00,910,352
293803,746.00,909,355
293904,746.00,911,348
294005,746.00,908,359
294107,746.00,913,341
294208,746.00,909,355
294309,746.00,909,355
294411,746.00,910,352
294512,746.00,910,352
294614,746.00,911,348
294714,746.00,912,345
294815,746.00,910,352
294917,746.00,910,352
295018,746.00,910,352
295119,746.00,910,352
295221,746.00,910,352
295322,746.00,910,352
295424,746.00,910,352
295525,746.00,911,348
295626,746.00,907,362
295728,746.00,911,348
295829,746.00,911,348
295930,746.00,911,348
296032,746.00,910,352
296133,746.00,909,355
296235,746.00,911,348
296336,746.00,910,352
296436,746.00,913,341
296538,746.00,910,352
296639,746.00,912,345
296740,746.00,909,355
296842,746.00,907,362
296943,746.00,910,352
297044,746.00,910,352
297146,746.00,911,348
297247,746.00,910,352
297349,746.00,911,348
297450,746.00,913,341
297551,746.00,910,352
297653,746.00,909,355
297754,746.00,909,355
297856,746.00,910,352
297957,746.00,909,355
298057,746.00,912,345
298159,746.00,911,348
298260,746.00,910,352
298361,746.00,912,345
298463,746.00,909,355
298564,746.00,911,348
298665,746.00,910,352
298767,746.00,911,348
298868,746.00,910,352
298970,746.00,912,345
299071,746.00,911,348
299172,746.00,912,345
299274,746.00,909,355
299375,746.00,912,345
299476,746.00,910,352
299578,746.00,910,352
299679,746.00,911,348
299780,746.00,909,355
299881,746.00,911,348
299982,746.00,909,355
300084,746.00,912,345
300185,746.00,909,355
300286,746.00,910,352
300388,746.00,910,352
300489,746.00,909,355
300591,746.00,912,345
300692,746.00,909,355
300793,746.00,911,348
300895,746.00,910,352
300996,746.00,910,352
301097,746.00,909,355
301199,746.00,910,352
301300,746.00,910,352
301401,746.00,909,355
301502,746.00,910,352
301603,746.00,910,352
301705,746.00,911,348
301806,746.00,909,355
301907,746.00,909,355
302009,746.00,909,355
302110,746.00,912,345
302212,746.00,910,352
302313,746.00,910,352
302414,746.00,909,355
302516,746.00,912,345
302617,746.00,911,348
302718,746.00,911,348
302820,746.00,911,348
302921,746.00,910,352
303023,746.00,911,348
303123,746.00,911,348
303224,746.00,909,355
303326,746.00,911,348
303427,746.00,911,348
303528,746.00,911,348
303630,746.00,910,352
303731,746.00,910,352
303833,746.00,911,348
303934,746.00,908,359
304035,746.00,910,352
304137,746.00,910,352
304238,746.00,912,345
304339,746.00,911,348
304441,746.00,910,352
304542,746.00,911,348
304644,746.00,912,345
304744,746.00,911,348
304845,746.00,911,348
304947,746.00,910,352
305048,746.00,911,348
305149,746.00,909,355
305251,746.00,907,362
305352,746.00,910,352
305454,746.00,910,352
305555,746.00,910,352
305656,746.00,911,348
305758,746.00,911,348
305859,746.00,911,348
305960,746.00,912,345
306062,746.00,910,352
306163,746.00,911,348
306265,746.00,912,345
306365,746.00,911,348
306466,746.00,911,348
306568,746.00,907,362
306669,746.00,911,348
306770,746.00,910,352
306872,746.00,910,352
306973,746.00,911,348
307075,746.00,911,348
307176,746.00,911,348
307277,746.00,910,352
307379,746.00,911,348
307480,746.00,910,352
307581,746.00,911,348
307683,746.00,910,352
307784,746.00,912,345
307886,746.00,911,348
307987,746.00,912,345
308087,746.00,912,345
308189,746.00,911,348
308290,746.00,910,352
308391,746.00,910,352
308493,746.00,912,345
308594,746.00,910,352
308696,746.00,911,348
308797,746.00,910,352
308898,746.00,909,355
309000,746.00,909,355
309101,746.00,912,345
309202,746.00,912,345
309304,746.00,913,341
309405,746.00,911,348
309507,746.00,913,341
309608,746.00,911,348
309708,746.00,911,348
309810,746.00,911,348
309911,746.00,910,352
# load_kg=0.00
310013,0.00,910,352
310115,0.00,909,355
310216,0.00,911,348
310317,0.00,909,355
310418,0.00,913,341
310519,0.00,912,345
310621,0.00,909,355
310722,0.00,911,348
310823,0.00,910,352
310924,0.00,911,348
311025,0.00,910,352
311127,0.00,912,345
311228,0.00,913,341
311329,0.00,910,352
311430,0.00,913,341
311531,0.00,911,348
311632,0.00,911,348
311734,0.00,913,341
311835,0.00,914,338
311937,0.00,909,355
312037,0.00,911,348
312138,0.00,910,352
312240,0.00,910,352
312341,0.00,913,341
312442,0.00,910,352
312544,0.00,909,355
312644,0.00,910,352
312745,0.00,910,352
312847,0.00,911,348
312948,0.00,910,352
313050,0.00,910,352
313151,0.00,911,348
313251,0.00,910,352
313353,0.00,911,348
313454,0.00,912,345
313555,0.00,909,355
313657,0.00,912,345
313758,0.00,911,348
313859,0.00,911,348
313960,0.00,910,352
314061,0.00,909,355
314163,0.00,911,348
314264,0.00,912,345
314365,0.00,913,341
314466,0.00,910,352
314567,0.00,913,341
314669,0.00,912,345
314770,0.00,912,345
314871,0.00,912,345
314972,0.00,913,341
315073,0.00,910,352
315174,0.00,911,348
315276,0.00,910,352
315377,0.00,909,355
315479,0.00,913,341
315579,0.00,913,341
315680,0.00,911,348
315782,0.00,912,345
315883,0.00,912,345
315984,0.00,912,345
316086,0.00,912,345
316186,0.00,910,352
316288,0.00,911,348
316389,0.00,912,345
316490,0.00,914,338
316592,0.00,908,359
316693,0.00,905,369
316793,0.00,902,380
316895,0.00,895,405
316996,0.00,890,423
317097,0.00,864,521
317199,0.00,845,597
317300,0.00,846,593
317401,0.00,867,510
317502,0.00,833,646
317603,0.00,799,794
317705,0.00,811,741
317806,0.00,813,732
317907,0.00,803,776
318008,0.00,767,946
318109,0.00,613,1895
318211,0.00,496,3010
318312,0.00,264,8145
318413,0.00,259,8357
318515,0.00,449,3622
318616,0.00,549,2446
318716,0.00,580,2164
318818,0.00,370,5000
318919,0.00,204,11374
319021,0.00,61,44678
319122,0.00,94,27998
319223,0.00,106,24508
319325,0.00,124,20539
319426,0.00,131,19290
319527,0.00,128,19809
319629,0.00,133,18958
319729,0.00,130,19461
319831,0.00,102,25580
319932,0.00,111,23277
320033,0.00,93,28330
320135,0.00,100,26149
320236,0.00,97,27045
320337,0.00,91,29015
320439,0.00,91,29015
320540,0.00,91,29015
320642,0.00,100,26149
320742,0.00,97,27045
320843,0.00,103,25304
320945,0.00,103,25304
321046,0.00,104,25034
321147,0.00,102,25580
321249,0.00,101,25862
321350,0.00,101,25862
321452,0.00,99,26441
321553,0.00,100,26149
321654,0.00,99,26441
321756,0.00,96,27356
321856,0.00,96,27356
321957,0.00,95,27674
322059,0.00,95,27674
322160,0.00,95,27674
322262,0.00,94,27998
322363,0.00,90,29369
322464,0.00,89,29731
322566,0.00,93,28330
322666,0.00,94,27998
322767,0.00,90,29369
322869,0.00,89,29731
322970,0.00,93,28330
323072,0.00,92,28669
323173,0.00,89,29731
323274,0.00,92,28669
323376,0.00,90,29369
323476,0.00,90,29369
323577,0.00,83,32085
323679,0.00,82,32510
323780,0.00,81,32947
323881,0.00,89,29731
323983,0.00,83,32085
324084,0.00,83,32085
324185,0.00,81,32947
324286,0.00,83,32085
324387,0.00,80,33394
324489,0.00,76,35301
324590,0.00,76,35301
324691,0.00,74,36331
324793,0.00,104,25034
324894,0.00,106,24508
324996,0.00,106,24508
325096,0.00,104,25034
325197,0.00,104,25034
325299,0.00,103,25304
325400,0.00,106,24508
325501,0.00,109,23756
325603,0.00,106,24508
325704,0.00,105,24769
325806,0.00,101,25862
325907,0.00,101,25862
326008,0.00,102,25580
326110,0.00,102,25580
326211,0.00,101,25862
326312,0.00,98,26740
326413,0.00,99,26441
326514,0.00,100,26149
326616,0.00,98,26740
326717,0.00,90,29369
326818,0.00,87,30479
326920,0.00,67,40423
327021,0.00,67,40423
327122,0.00,67,40423
327223,0.00,66,41079
327324,0.00,75,35809
327426,0.00,76,35301
327527,0.00,76,35301
327628,0.00,80,33394
327730,0.00,78,34323
327831,0.00,76,35301
327932,0.00,75,35809
328033,0.00,77,34805
328134,0.00,75,35809
328236,0.00,76,35301
328337,0.00,74,36331
328438,0.00,74,36331
328540,0.00,73,36868
328641,0.00,72,37419
328741,0.00,74,36331
328843,0.00,73,36868
328944,0.00,69,39169
329046,0.00,69,39169
329147,0.00,67,40423
329248,0.00,68,39787
329350,0.00,68,39787
329451,0.00,67,40423
329551,0.00,68,39787
329653,0.00,65,41754
329754,0.00,64,42451
329856,0.00,66,41079
329957,0.00,66,41079
330058,0.00,65,41754
330160,0.00,66,41079
330260,0.00,68,39787
330361,0.00,67,40423
330463,0.00,67,40423
330564,0.00,66,41079
330665,0.00,68,39787
330767,0.00,67,40423
330868,0.00,68,39787
330970,0.00,68,39787
331070,0.00,67,40423
331171,0.00,66,41079
331273,0.00,68,39787
331374,0.00,68,39787
331475,0.00,68,39787
331577,0.00,68,39787
331678,0.00,65,41754
331779,0.00,68,39787
331880,0.00,68,39787
331981,0.00,64,42451
332083,0.00,65,41754
332184,0.00,67,40423
332285,0.00,65,41754
332387,0.00,68,39787
332488,0.00,66,41079
332589,0.00,66,41079
332690,0.00,66,41079
332791,0.00,66,41079
332893,0.00,65,41754
332994,0.00,64,42451
333095,0.00,66,41079
333197,0.00,63,43170
333298,0.00,65,41754
333399,0.00,64,42451
333500,0.00,65,41754
333601,0.00,63,43170
333703,0.00,64,42451
333804,0.00,64,42451
333905,0.00,64,42451
334007,0.00,63,43170
334107,0.00,64,42451
334209,0.00,62,43911
334310,0.00,62,43911
334411,0.00,62,43911
334513,0.00,61,44678
334614,0.00,60,45470
334715,0.00,62,43911
334817,0.00,61,44678
334917,0.00,59,46288
335019,0.00,61,44678
335120,0.00,58,47135
335221,0.00,58,47135
335323,0.00,60,45470
335424,0.00,61,44678
335525,0.00,59,46288
335626,0.00,58,47135
335727,0.00,58,47135
335828,0.00,57,48012
335930,0.00,56,48920
336031,0.00,50,55130
336133,0.00,46,60170
336234,0.00,47,58830
336335,0.00,44,63034
336436,0.00,43,64566
336537,0.00,48,57545
336638,0.00,49,56313
336740,0.00,50,55130
336841,0.00,54,50837
336943,0.00,57,48012
337044,0.00,56,48920
337145,0.00,53,51849
337246,0.00,57,48012
337347,0.00,53,51849
337448,0.00,54,50837
337550,0.00,62,43911
337651,0.00,44,63034
337753,0.00,48,57545
337854,0.00,52,52901
337954,0.00,53,51849
338056,0.00,51,53994
338157,0.00,53,51849
338258,0.00,52,52901
338360,0.00,49,56313
338461,0.00,51,53994
338563,0.00,52,52901
338664,0.00,51,53994
338764,0.00,47,58830
338866,0.00,42,66171
338967,0.00,39,71479
339068,0.00,46,60170
339170,0.00,50,55130
339271,0.00,41,67854
339373,0.00,39,71479
339474,0.00,33,84990
339574,0.00,33,84990
339676,0.00,37,75496
339777,0.00,0,-1
339878,0.00,0,-1
339979,0.00,0,-1
340080,0.00,0,-1
340180,0.00,0,-1
340282,0.00,0,-1
340383,0.00,0,-1
340484,0.00,0,-1
340585,0.00,0,-1
340685,0.00,0,-1
340787,0.00,0,-1
340888,0.00,0,-1
340988,0.00,0,-1
341090,0.00,0,-1
341190,0.00,0,-1
341292,0.00,0,-1
341392,0.00,0,-1
341493,0.00,0,-1
341595,0.00,0,-1
341695,0.00,0,-1
341796,0.00,0,-1
341897,0.00,0,-1
341998,0.00,0,-1
342099,0.00,0,-1
342200,0.00,0,-1
342301,0.00,0,-1
342402,0.00,0,-1
342503,0.00,0,-1
342603,0.00,0,-1
342705,0.00,0,-1
342806,0.00,0,-1
342906,0.00,0,-1
343008,0.00,0,-1
343108,0.00,0,-1
343209,0.00,0,-1
343311,0.00,0,-1
343411,0.00,0,-1
343513,0.00,1,-1
343613,0.00,0,-1
343714,0.00,0,-1
343816,0.00,0,-1
343916,0.00,0,-1
344017,0.00,2,-1
344118,0.00,0,-1
344219,0.00,0,-1
344320,0.00,0,-1
344421,0.00,0,-1
344522,0.00,434,3845
344624,0.00,727,1153
344724,0.00,813,732
344825,0.00,896,402
344927,0.00,882,453
345028,0.00,908,359
345129,0.00,901,384
345231,0.00,918,324
345331,0.00,906,366
345433,0.00,916,331
345534,0.00,913,341
345635,0.00,918,324
345737,0.00,918,324
345838,0.00,914,338
345938,0.00,919,321
346040,0.00,918,324
346141,0.00,918,324
346243,0.00,916,331
346344,0.00,918,324
346445,0.00,921,314
346546,0.00,920,317
346647,0.00,919,321
346748,0.00,920,317
346850,0.00,919,321
346951,0.00,922,310
347052,0.00,919,321
347153,0.00,921,314
347254,0.00,919,321
347356,0.00,920,317
347457,0.00,920,317
347558,0.00,920,317
347659,0.00,922,310
347760,0.00,918,324
347862,0.00,920,317
347963,0.00,921,314
348064,0.00,920,317
348166,0.00,921,314
348266,0.00,921,314
348367,0.00,922,310
348469,0.00,921,314
348570,0.00,921,314
348672,0.00,920,317
348773,0.00,921,314
348873,0.00,922,310
348975,0.00,921,314
349076,0.00,920,317
349177,0.00,920,317
349279,0.00,921,314
349380,0.00,921,314
349480,0.00,922,310
349582,0.00,920,317
349683,0.00,921,314
349785,0.00,922,310
349886,0.00,921,314
349987,0.00,922,310
350088,0.00,920,317
350189,0.00,922,310
350290,0.00,922,310
350392,0.00,923,307
350493,0.00,923,307
350594,0.00,924,304
350695,0.00,921,314
350796,0.00,922,310
350898,0.00,921,314
350999,0.00,923,307
351100,0.00,922,310
351201,0.00,922,310
351302,0.00,921,314
351404,0.00,922,310
351505,0.00,923,307
351606,0.00,923,307
351708,0.00,922,310
351808,0.00,922,310
351909,0.00,921,314
352011,0.00,924,304
352112,0.00,922,310
352214,0.00,925,300
352315,0.00,923,307
352415,0.00,924,304
352517,0.00,924,304
352618,0.00,924,304
352719,0.00,924,304
352821,0.00,923,307
352922,0.00,923,307
353022,0.00,924,304
353124,0.00,923,307
353225,0.00,924,304
353327,0.00,924,304
353428,0.00,924,304
353529,0.00,922,310
353630,0.00,922,310
353731,0.00,923,307
353832,0.00,923,307
353934,0.00,922,310
354035,0.00,924,304
354136,0.00,925,300
354237,0.00,925,300
354338,0.00,922,310
354440,0.00,925,300
354541,0.00,924,304
354642,0.00,923,307
354743,0.00,924,304
354844,0.00,924,304
354946,0.00,925,300
355047,0.00,923,307
355148,0.00,924,304
355250,0.00,924,304
355350,0.00,923,307
# load_kg=1000.00
355452,1000.00,925,300
355554,1000.00,926,297
355655,1000.00,924,304
355757,1000.00,925,300
355858,1000.00,924,304
355959,1000.00,923,307
356061,1000.00,924,304
356162,1000.00,924,304
356263,1000.00,925,300
356365,1000.00,924,304
356466,1000.00,924,304
356568,1000.00,923,307
356669,1000.00,922,310
356770,1000.00,924,304
356872,1000.00,923,307
356973,1000.00,923,307
357074,1000.00,923,307
357176,1000.00,923,307
357277,1000.00,923,307
357379,1000.00,924,304
357480,1000.00,924,304
357581,1000.00,923,307
357683,1000.00,926,297
357784,1000.00,925,300
357885,1000.00,924,304
357987,1000.00,923,307
358088,1000.00,923,307
358190,1000.00,923,307
358291,1000.00,923,307
358392,1000.00,926,297
358494,1000.00,924,304
358595,1000.00,924,304
358696,1000.00,923,307
358798,1000.00,926,297
358899,1000.00,925,300
359001,1000.00,925,300
359102,1000.00,922,310
359203,1000.00,925,300
359305,1000.00,923,307
359406,1000.00,927,293
359507,1000.00,924,304
359609,1000.00,924,304
359710,1000.00,922,310
359812,1000.00,924,304
359913,1000.00,926,297
360014,1000.00,923,307
360116,1000.00,926,297
360217,1000.00,925,300
360318,1000.00,923,307
360420,1000.00,925,300
360521,1000.00,925,300
360623,1000.00,922,310
360724,1000.00,924,304
360825,1000.00,926,297
360927,1000.00,923,307
361028,1000.00,926,297
361129,1000.00,925,300
361231,1000.00,924,304
361332,1000.00,924,304
361434,1000.00,924,304
361535,1000.00,923,307
361636,1000.00,924,304
361738,1000.00,923,307
361839,1000.00,924,304
361940,1000.00,926,297
362042,1000.00,925,300
362143,1000.00,923,307
362245,1000.00,927,293
362345,1000.00,923,307
362446,1000.00,925,300
362548,1000.00,925,300
362649,1000.00,926,297
362750,1000.00,925,300
362852,1000.00,927,293
362953,1000.00,925,300
363055,1000.00,923,307
363156,1000.00,927,293
363257,1000.00,924,304
363359,1000.00,925,300
363460,1000.00,927,293
363561,1000.00,923,307
363663,1000.00,924,304
363764,1000.00,926,297
363866,1000.00,926,297
363967,1000.00,925,300
364068,1000.00,923,307
364170,1000.00,925,300
364271,1000.00,923,307
364372,1000.00,925,300
364474,1000.00,927,293
364575,1000.00,926,297
364677,1000.00,925,300
364778,1000.00,925,300
364879,1000.00,924,304
364981,1000.00,924,304
365082,1000.00,925,300
365184,1000.00,924,304
365285,1000.00,921,314
365386,1000.00,925,300
365488,1000.00,927,293
365589,1000.00,926,297
365690,1000.00,925,300
365792,1000.00,926,297
365893,1000.00,923,307
365995,1000.00,925,300
366096,1000.00,924,304
366197,1000.00,926,297
366299,1000.00,926,297
366400,1000.00,924,304
366501,1000.00,925,300
366603,1000.00,925,300
366704,1000.00,924,304
366806,1000.00,924,304
366907,1000.00,926,297
367008,1000.00,925,300
367110,1000.00,927,293
367211,1000.00,925,300
367312,1000.00,926,297
367414,1000.00,926,297
367515,1000.00,924,304
367617,1000.00,926,297
367718,1000.00,927,293
367819,1000.00,926,297
367921,1000.00,925,300
368022,1000.00,926,297
368123,1000.00,927,293
368225,1000.00,928,290
368326,1000.00,924,304
368428,1000.00,923,307
368529,1000.00,924,304
368630,1000.00,925,300
368732,1000.00,925,300
368833,1000.00,924,304
368934,1000.00,926,297
369036,1000.00,928,290
369137,1000.00,925,300
369239,1000.00,926,297
369340,1000.00,925,300
369441,1000.00,925,300
369543,1000.00,925,300
369644,1000.00,925,300
369745,1000.00,925,300
369847,1000.00,925,300
369948,1000.00,925,300
370050,1000.00,926,297
370151,1000.00,925,300
370252,1000.00,925,300
370354,1000.00,924,304
370455,1000.00,926,297
370556,1000.00,925,300
370658,1000.00,927,293
370759,1000.00,925,300
370861,1000.00,927,293
370962,1000.00,925,300
371063,1000.00,925,300
371165,1000.00,927,293
371266,1000.00,926,297
371367,1000.00,927,293
371469,1000.00,928,290
371570,1000.00,927,293
371672,1000.00,926,297
371773,1000.00,925,300
371874,1000.00,925,300
371976,1000.00,925,300
372077,1000.00,927,293
372178,1000.00,925,300
372280,1000.00,928,290
372381,1000.00,926,297
372483,1000.00,925,300
372584,1000.00,927,293
372685,1000.00,926,297
372787,1000.00,926,297
372888,1000.00,926,297
372989,1000.00,926,297
373091,1000.00,926,297
373192,1000.00,927,293
373294,1000.00,925,300
373395,1000.00,925,300
373496,1000.00,928,290
373598,1000.00,926,297
373699,1000.00,926,297
373800,1000.00,925,300
373901,1000.00,924,304
374002,1000.00,925,300
374104,1000.00,926,297
374205,1000.00,927,293
374306,1000.00,925,300
374408,1000.00,926,297
374509,1000.00,925,300
374610,1000.00,926,297
374712,1000.00,926,297
374813,1000.00,922,310
374915,1000.00,926,297
375016,1000.00,926,297
375117,1000.00,925,300
375219,1000.00,927,293
375320,1000.00,926,297
375421,1000.00,927,293
375523,1000.00,926,297
375624,1000.00,927,293
375726,1000.00,927,293
375827,1000.00,927,293
375928,1000.00,926,297
376030,1000.00,924,304
376131,1000.00,926,297
376232,1000.00,925,300
376334,1000.00,926,297
376435,1000.00,926,297
376537,1000.00,926,297
376638,1000.00,925,300
376739,1000.00,927,293
376841,1000.00,927,293
376942,1000.00,926,297
377043,1000.00,925,300
377145,1000.00,928,290
377246,1000.00,926,297
377348,1000.00,927,293
377449,1000.00,927,293
377550,1000.00,925,300
377652,1000.00,925,300
377753,1000.00,925,300
377854,1000.00,925,300
377956,1000.00,927,293
378057,1000.00,928,290
378159,1000.00,925,300
378260,1000.00,924,304
378361,1000.00,927,293
378463,1000.00,928,290
378564,1000.00,926,297
378665,1000.00,927,293
378767,1000.00,926,297
378868,1000.00,928,290
378970,1000.00,927,293
379071,1000.00,927,293
379172,1000.00,926,297
379274,1000.00,926,297
379375,1000.00,926,297
379476,1000.00,925,300
379578,1000.00,926,297
379679,1000.00,926,297
379781,1000.00,926,297
379882,1000.00,926,297
379983,1000.00,925,300
380085,1000.00,926,297
380186,1000.00,926,297
380288,1000.00,927,293
380389,1000.00,928,290
380490,1000.00,925,300
380592,1000.00,928,290
380693,1000.00,926,297
380794,1000.00,927,293
380896,1000.00,926,297
380997,1000.00,927,293
381099,1000.00,926,297
381200,1000.00,926,297
381301,1000.00,925,300
381403,1000.00,926,297
381504,1000.00,926,297
381605,1000.00,926,297
381707,1000.00,926,297
381808,1000.00,927,293
381910,1000.00,925,300
382011,1000.00,928,290
382112,1000.00,925,300
382214,1000.00,925,300
382315,1000.00,926,297
382416,1000.00,928,290
382518,1000.00,929,287
382619,1000.00,927,293
382721,1000.00,926,297
382822,1000.00,927,293
382923,1000.00,926,297
383025,1000.00,926,297
383126,1000.00,927,293
383227,1000.00,928,290
383329,1000.00,926,297
383430,1000.00,927,293
383532,1000.00,928,290
383633,1000.00,926,297
383734,1000.00,926,297
383836,1000.00,928,290
383937,1000.00,929,287
384038,1000.00,928,290
384140,1000.00,928,290
384241,1000.00,928,290
384343,1000.00,927,293
384444,1000.00,926,297
384545,1000.00,926,297
384647,1000.00,926,297
384748,1000.00,926,297
384849,1000.00,927,293
384951,1000.00,928,290
385052,1000.00,926,297
385154,1000.00,927,293
385255,1000.00,928,290
385356,1000.00,925,300
385458,1000.00,928,290
385559,1000.00,926,297
385660,1000.00,928,290
385762,1000.00,927,293
385863,1000.00,928,290
385965,1000.00,926,297
386065,1000.00,927,293
386166,1000.00,928,290
386268,1000.00,923,307
386369,1000.00,928,290
386470,1000.00,926,297
386572,1000.00,926,297
386673,1000.00,926,297
386775,1000.00,925,300
386876,1000.00,927,293
386977,1000.00,923,307
387079,1000.00,926,297
387180,1000.00,926,297
387281,1000.00,925,300
387383,1000.00,927,293
387484,1000.00,926,297
387586,1000.00,928,290
387687,1000.00,928,290
387788,1000.00,926,297
387890,1000.00,928,290
387991,1000.00,928,290
388092,1000.00,928,290
388194,1000.00,926,297
388295,1000.00,927,293
388397,1000.00,927,293
388498,1000.00,926,297
388599,1000.00,928,290
388701,1000.00,927,293
388802,1000.00,927,293
388903,1000.00,927,293
389005,1000.00,926,297
389106,1000.00,925,300
389208,1000.00,928,290
389309,1000.00,926,297
389410,1000.00,929,287
389512,1000.00,927,293
389613,1000.00,925,300
389714,1000.00,929,287
389816,1000.00,928,290
389917,1000.00,927,293
390019,1000.00,927,293
390120,1000.00,927,293
390221,1000.00,926,297
390323,1000.00,927,293
390424,1000.00,926,297
390525,1000.00,926,297
390627,1000.00,928,290
390728,1000.00,925,300
390830,1000.00,926,297
390931,1000.00,929,287
391032,1000.00,929,287
391134,1000.00,928,290
391235,1000.00,928,290
391336,1000.00,925,300
391438,1000.00,927,293
391539,1000.00,925,300
391641,1000.00,925,300
391742,1000.00,926,297
391843,1000.00,927,293
391945,1000.00,927,293
392046,1000.00,928,290
392147,1000.00,927,293
392249,1000.00,928,290
392350,1000.00,929,287
392452,1000.00,927,293
392553,1000.00,927,293
392654,1000.00,928,290
392756,1000.00,928,290
392857,1000.00,927,293
392958,1000.00,926,297
393060,1000.00,928,290
393161,1000.00,926,297
393263,1000.00,927,293
393364,1000.00,930,283
393465,1000.00,928,290
393567,1000.00,927,293
393668,1000.00,927,293
393769,1000.00,928,290
393871,1000.00,925,300
393972,1000.00,928,290
394074,1000.00,929,287
394175,1000.00,928,290
394276,1000.00,927,293
394378,1000.00,928,290
394479,1000.00,928,290
394580,1000.00,927,293
394682,1000.00,926,297
394783,1000.00,928,290
394885,1000.00,929,287
394986,1000.00,928,290
395087,1000.00,927,293
395189,1000.00,926,297
395290,1000.00,924,304
395392,1000.00,927,293
395493,1000.00,926,297
395594,1000.00,927,293
395696,1000.00,925,300
395797,1000.00,926,297
395898,1000.00,927,293
396000,1000.00,925,300
396101,1000.00,927,293
396203,1000.00,927,293
396304,1000.00,927,293
396405,1000.00,928,290
396507,1000.00,926,297
396608,1000.00,927,293
396709,1000.00,929,287
396811,1000.00,923,307
396912,1000.00,927,293
397014,1000.00,926,297
397115,1000.00,926,297
397216,1000.00,927,293
397318,1000.00,930,283
397419,1000.00,926,297
397520,1000.00,927,293
397622,1000.00,927,293
397723,1000.00,926,297
397825,1000.00,927,293
397926,1000.00,927,293
398027,1000.00,925,300
398129,1000.00,927,293
398230,1000.00,927,293
398330,1000.00,929,287
398432,1000.00,929,287
398533,1000.00,926,297
398635,1000.00,928,290
398736,1000.00,929,287
398837,1000.00,927,293
398939,1000.00,929,287
399040,1000.00,928,290
399141,1000.00,927,293
399243,1000.00,929,287
399344,1000.00,927,293
399446,1000.00,927,293
399547,1000.00,929,287
399648,1000.00,927,293
399750,1000.00,927,293
399851,1000.00,926,297
399952,1000.00,929,287
400054,1000.00,930,283
400155,1000.00,927,293
400257,1000.00,928,290
400358,1000.00,927,293
400459,1000.00,926,297
400561,1000.00,927,293
400662,1000.00,928,290
400763,1000.00,927,293
400865,1000.00,926,297
400966,1000.00,926,297
401068,1000.00,928,290
401169,1000.00,927,293
401270,1000.00,928,290
401372,1000.00,928,290
401473,1000.00,927,293
401574,1000.00,927,293
401676,1000.00,927,293
401777,1000.00,927,293
401879,1000.00,928,290
401980,1000.00,929,287
402081,1000.00,927,293
402183,1000.00,927,293
402284,1000.00,928,290
402385,1000.00,929,287
402487,1000.00,927,293
402588,1000.00,929,287
402690,1000.00,930,283
402791,1000.00,927,293
402892,1000.00,928,290
402994,1000.00,927,293
403095,1000.00,927,293
403196,1000.00,928,290
403298,1000.00,928,290
403399,1000.00,928,290
403501,1000.00,928,290
403602,1000.00,926,297
403703,1000.00,927,293
403805,1000.00,926,297
403906,1000.00,930,283
404007,1000.00,928,290
404109,1000.00,929,287
404210,1000.00,929,287
404312,1000.00,926,297
404413,1000.00,930,283
404514,1000.00,930,283
404616,1000.00,926,297
404717,1000.00,929,287
404818,1000.00,928,290
404920,1000.00,930,283
405021,1000.00,928,290
405123,1000.00,927,293
405224,1000.00,927,293
405325,1000.00,930,283
405427,1000.00,928,290
405528,1000.00,928,290
405629,1000.00,926,297
405731,1000.00,926,297
405832,1000.00,928,290
405934,1000.00,929,287
406035,1000.00,928,290
406136,1000.00,927,293
406238,1000.00,927,293
406339,1000.00,929,287
406440,1000.00,928,290
406542,1000.00,923,307
406643,1000.00,929,287
406745,1000.00,927,293
406846,1000.00,928,290
406947,1000.00,928,290
407049,1000.00,926,297
407150,1000.00,927,293
407251,1000.00,928,290
407353,1000.00,929,287
407454,1000.00,926,297
407556,1000.00,929,287
407657,1000.00,927,293
407758,1000.00,927,293
407860,1000.00,928,290
407961,1000.00,930,283
408062,1000.00,927,293
408164,1000.00,928,290
408265,1000.00,927,293
408367,1000.00,928,290
408468,1000.00,927,293
408569,1000.00,930,283
408671,1000.00,927,293
408772,1000.00,928,290
408873,1000.00,923,307
408975,1000.00,927,293
409076,1000.00,926,297
409178,1000.00,927,293
409279,1000.00,926,297
409380,1000.00,927,293
409482,1000.00,926,297
409583,1000.00,927,293
409684,1000.00,927,293
409786,1000.00,927,293
409887,1000.00,928,290
409989,1000.00,928,290
410090,1000.00,929,287
410191,1000.00,927,293
410293,1000.00,928,290
410394,1000.00,928,290
410494,1000.00,929,287
410596,1000.00,927,293
410697,1000.00,929,287
410799,1000.00,926,297
410900,1000.00,926,297
411001,1000.00,928,290
411103,1000.00,927,293
411204,1000.00,928,290
411305,1000.00,930,283
411407,1000.00,929,287
411508,1000.00,929,287
411610,1000.00,928,290
411711,1000.00,929,287
411812,1000.00,926,297
411914,1000.00,928,290
412015,1000.00,927,293
412116,1000.00,927,293
412218,1000.00,927,293
412319,1000.00,929,287
412421,1000.00,926,297
412522,1000.00,928,290
412623,1000.00,926,297
412725,1000.00,929,287
412826,1000.00,927,293
412928,1000.00,926,297
413029,1000.00,927,293
413130,1000.00,929,287
413232,1000.00,927,293
413333,1000.00,927,293
413434,1000.00,928,290
413536,1000.00,927,293
413637,1000.00,927,293
413739,1000.00,928,290
413840,1000.00,927,293
413941,1000.00,927,293
414043,1000.00,927,293
414144,1000.00,926,297
414245,1000.00,927,293
414347,1000.00,926,297
414448,1000.00,926,297
414550,1000.00,928,290
414651,1000.00,927,293
414752,1000.00,927,293
414854,1000.00,927,293
414955,1000.00,928,290
415056,1000.00,927,293
415158,1000.00,928,290
415259,1000.00,928,290
415361,1000.00,928,290
415462,1000.00,926,297
415563,1000.00,927,293
415665,1000.00,927,293
415766,1000.00,926,297
415867,1000.00,929,287
415969,1000.00,929,287
416070,1000.00,928,290
416172,1000.00,929,287
416273,1000.00,927,293
416374,1000.00,927,293
416476,1000.00,927,293
416577,1000.00,926,297
416678,1000.00,929,287
416780,1000.00,928,290
416881,1000.00,927,293
416983,1000.00,927,293
417084,1000.00,926,297
417185,1000.00,928,290
417287,1000.00,928,290
417388,1000.00,929,287
417489,1000.00,927,293
417591,1000.00,927,293
417692,1000.00,927,293
417794,1000.00,928,290
417895,1000.00,926,297
417996,1000.00,928,290
418098,1000.00,926,297
418199,1000.00,927,293
418300,1000.00,928,290
418402,1000.00,929,287
418503,1000.00,927,293
418605,1000.00,928,290
418706,1000.00,928,290
418807,1000.00,927,293
418909,1000.00,927,293
419010,1000.00,925,300
419111,1000.00,928,290
419213,1000.00,927,293
419314,1000.00,928,290
419416,1000.00,928,290
419517,1000.00,929,287
419618,1000.00,926,297
419720,1000.00,927,293
419821,1000.00,929,287
419922,1000.00,930,283
420024,1000.00,928,290
420124,1000.00,927,293
420226,1000.00,930,283
420327,1000.00,927,293
420428,1000.00,928,290
420530,1000.00,926,297
420631,1000.00,927,293
420732,1000.00,930,283
420834,1000.00,929,287
420935,1000.00,929,287
421037,1000.00,927,293
421138,1000.00,929,287
421239,1000.00,927,293
421341,1000.00,928,290
421442,1000.00,929,287
421543,1000.00,929,287
421645,1000.00,927,293
421746,1000.00,928,290
421848,1000.00,926,297
421949,1000.00,927,293
422050,1000.00,927,293
422152,1000.00,926,297
422253,1000.00,930,283
422354,1000.00,928,290
422456,1000.00,929,287
422557,1000.00,927,293
422659,1000.00,927,293
422760,1000.00,929,287
422861,1000.00,928,290
422963,1000.00,927,293
423064,1000.00,929,287
423165,1000.00,927,293
423267,1000.00,929,287
423368,1000.00,927,293
423470,1000.00,927,293
423571,1000.00,927,293
423672,1000.00,926,297
423774,1000.00,927,293
423875,1000.00,928,290
423976,1000.00,927,293
424078,1000.00,926,297
424179,1000.00,930,283
424281,1000.00,930,283
424382,1000.00,927,293
424483,1000.00,927,293
424585,1000.00,927,293
424686,1000.00,927,293
424787,1000.00,927,293
424889,1000.00,929,287
424990,1000.00,926,297
425092,1000.00,927,293
425193,1000.00,928,290
425294,1000.00,928,290
425396,1000.00,927,293
425497,1000.00,927,293
425598,1000.00,923,307
425700,1000.00,927,293
425801,1000.00,929,287
425903,1000.00,928,290
426004,1000.00,929,287
426105,1000.00,928,290
426207,1000.00,929,287
426308,1000.00,929,287
426409,1000.00,929,287
426511,1000.00,928,290
426612,1000.00,927,293
426714,1000.00,929,287
426815,1000.00,928,290
426916,1000.00,928,290
427018,1000.00,929,287
427119,1000.00,929,287
427220,1000.00,927,293
427322,1000.00,927,293
427423,1000.00,926,297
427525,1000.00,928,290
427626,1000.00,927,293
427727,1000.00,927,293
427829,1000.00,927,293
427930,1000.00,926,297
428032,1000.00,929,287
428133,1000.00,927,293
428234,1000.00,928,290
428336,1000.00,928,290
428437,1000.00,928,290
428538,1000.00,928,290
428640,1000.00,928,290
428741,1000.00,925,300
428843,1000.00,928,290
428944,1000.00,927,293
429045,1000.00,927,293
429147,1000.00,927,293
429248,1000.00,928,290
429349,1000.00,927,293
429451,1000.00,930,283
429552,1000.00,929,287
429654,1000.00,927,293
429755,1000.00,927,293
429856,1000.00,926,297
429958,1000.00,925,300
430059,1000.00,929,287
430160,1000.00,927,293
430262,1000.00,928,290
430362,1000.00,929,287
430464,1000.00,929,287
430565,1000.00,929,287
430666,1000.00,927,293
430768,1000.00,928,290
430869,1000.00,926,297
430970,1000.00,926,297
431072,1000.00,929,287
431173,1000.00,930,283
431275,1000.00,928,290
431376,1000.00,927,293
431477,1000.00,927,293
431579,1000.00,930,283
431680,1000.00,928,290
431781,1000.00,927,293
431883,1000.00,926,297
431984,1000.00,928,290
432086,1000.00,929,287
432187,1000.00,927,293
432288,1000.00,927,293
432390,1000.00,927,293
432491,1000.00,926,297
432592,1000.00,928,290
432694,1000.00,928,290
432795,1000.00,930,283
432897,1000.00,928,290
432998,1000.00,928,290
433099,1000.00,928,290
433201,1000.00,929,287
433302,1000.00,928,290
433403,1000.00,929,287
433505,1000.00,929,287
433606,1000.00,928,290
433708,1000.00,928,290
433809,1000.00,929,287
433910,1000.00,928,290
434012,1000.00,925,300
434113,1000.00,928,290
434214,1000.00,928,290
434316,1000.00,928,290
434417,1000.00,930,283
434519,1000.00,929,287
434620,1000.00,928,290
434721,1000.00,927,293
434823,1000.00,929,287
434924,1000.00,926,297
435025,1000.00,928,290
435127,1000.00,928,290
435228,1000.00,927,293
435330,1000.00,929,287
435431,1000.00,929,287
435532,1000.00,928,290
435634,1000.00,928,290
435735,1000.00,928,290
435836,1000.00,926,297
435938,1000.00,930,283
436039,1000.00,927,293
436141,1000.00,928,290
436242,1000.00,928,290
436343,1000.00,927,293
436445,1000.00,928,290
436546,1000.00,928,290
436647,1000.00,928,290
436749,1000.00,927,293
436850,1000.00,929,287
436952,1000.00,930,283
437053,1000.00,930,283
437154,1000.00,930,283
437256,1000.00,929,287
437357,1000.00,929,287
437458,1000.00,925,300
437560,1000.00,928,290
437661,1000.00,927,293
437763,1000.00,929,287
437864,1000.00,929,287
437965,1000.00,928,290
438067,1000.00,927,293
438168,1000.00,927,293
438269,1000.00,929,287
438371,1000.00,926,297
438472,1000.00,927,293
438574,1000.00,930,283
438675,1000.00,924,304
438776,1000.00,927,293
438878,1000.00,927,293
438979,1000.00,929,287
439080,1000.00,928,290
439182,1000.00,928,290
439283,1000.00,925,300
439385,1000.00,927,293
439486,1000.00,928,290
439587,1000.00,928,290
439689,1000.00,927,293
439790,1000.00,927,293
439891,1000.00,928,290
439993,1000.00,929,287
440094,1000.00,930,283
440196,1000.00,928,290
440297,1000.00,928,290
440398,1000.00,929,287
440500,1000.00,927,293
440601,1000.00,928,290
440702,1000.00,929,287
440804,1000.00,930,283
440905,1000.00,929,287
441007,1000.00,929,287
441107,1000.00,925,300
441208,1000.00,927,293
441310,1000.00,930,283
441411,1000.00,928,290
441512,1000.00,927,293
441614,1000.00,928,290
441715,1000.00,926,297
441817,1000.00,928,290
441918,1000.00,927,293
442019,1000.00,929,287
442121,1000.00,928,290
442222,1000.00,927,293
442323,1000.00,929,287
442425,1000.00,926,297
442526,1000.00,930,283
442628,1000.00,929,287
442729,1000.00,927,293
442830,1000.00,928,290
442932,1000.00,929,287
443033,1000.00,929,287
443134,1000.00,928,290
443236,1000.00,929,287
443337,1000.00,929,287
443439,1000.00,930,283
443540,1000.00,927,293
443641,1000.00,928,290
443743,1000.00,928,290
443844,1000.00,929,287
443945,1000.00,929,287
444047,1000.00,929,287
444148,1000.00,923,307
444250,1000.00,928,290
444351,1000.00,927,293
444452,1000.00,929,287
444554,1000.00,927,293
444655,1000.00,928,290
444756,1000.00,928,290
444858,1000.00,927,293
444959,1000.00,928,290
445061,1000.00,929,287
445162,1000.00,927,293
445263,1000.00,930,283
445365,1000.00,926,297
445466,1000.00,927,293
445568,1000.00,931,280
445669,1000.00,927,293
445770,1000.00,930,283
445872,1000.00,929,287
445973,1000.00,928,290
446074,1000.00,927,293
446176,1000.00,928,290
446277,1000.00,927,293
446379,1000.00,928,290
446480,1000.00,929,287
446581,1000.00,929,287
446683,1000.00,928,290
446784,1000.00,928,290
446885,1000.00,928,290
446987,1000.00,930,283
447088,1000.00,927,293
447190,1000.00,928,290
447291,1000.00,930,283
447392,1000.00,929,287
447494,1000.00,926,297
447595,1000.00,927,293
447696,1000.00,930,283
447798,1000.00,930,283
447899,1000.00,930,283
448001,1000.00,929,287
448102,1000.00,927,293
448203,1000.00,927,293
448305,1000.00,929,287
448406,1000.00,929,287
448507,1000.00,929,287
448609,1000.00,929,287
448710,1000.00,929,287
448812,1000.00,928,290
448913,1000.00,929,287
449014,1000.00,928,290
449116,1000.00,929,287
449217,1000.00,927,293
449318,1000.00,928,290
449420,1000.00,927,293
449521,1000.00,928,290
449623,1000.00,930,283
449724,1000.00,928,290
449825,1000.00,929,287
449927,1000.00,929,287
450028,1000.00,928,290
450129,1000.00,930,283
450231,1000.00,928,290
450332,1000.00,926,297
450434,1000.00,927,293
450535,1000.00,928,290
450636,1000.00,927,293
450738,1000.00,928,290
450839,1000.00,930,283
450940,1000.00,929,287
451042,1000.00,930,283
451143,1000.00,928,290
451245,1000.00,927,293
451346,1000.00,929,287
451447,1000.00,930,283
451549,1000.00,928,290
451650,1000.00,928,290
451751,1000.00,928,290
451853,1000.00,928,290
451954,1000.00,928,290
452056,1000.00,929,287
452157,1000.00,930,283
452258,1000.00,929,287
452360,1000.00,929,287
452460,1000.00,925,300
452561,1000.00,929,287
452663,1000.00,928,290
452764,1000.00,929,287
452866,1000.00,928,290
452967,1000.00,929,287
453068,1000.00,929,287
453170,1000.00,927,293
453271,1000.00,928,290
453372,1000.00,926,297
453474,1000.00,928,290
453575,1000.00,930,283
453677,1000.00,929,287
453778,1000.00,927,293
453879,1000.00,929,287
453981,1000.00,928,290
454082,1000.00,930,283
454183,1000.00,928,290
454285,1000.00,928,290
454386,1000.00,927,293
454488,1000.00,929,287
454589,1000.00,927,293
454690,1000.00,928,290
454792,1000.00,928,290
454893,1000.00,930,283
454994,1000.00,927,293
455096,1000.00,931,280
455197,1000.00,928,290
455299,1000.00,927,293
455400,1000.00,929,287
455501,1000.00,930,283
455603,1000.00,930,283
455704,1000.00,929,287
455805,1000.00,926,297
455907,1000.00,928,290
456008,1000.00,928,290
456110,1000.00,929,287
456211,1000.00,929,287
456312,1000.00,928,290
456414,1000.00,926,297
456515,1000.00,928,290
456616,1000.00,928,290
456718,1000.00,930,283
456819,1000.00,928,290
456921,1000.00,930,283
457022,1000.00,930,283
457123,1000.00,930,283
457225,1000.00,929,287
457326,1000.00,928,290
457427,1000.00,927,293
457529,1000.00,929,287
457630,1000.00,929,287
457732,1000.00,929,287
457833,1000.00,930,283
457934,1000.00,927,293
458036,1000.00,930,283
458137,1000.00,929,287
458238,1000.00,930,283
458340,1000.00,929,287
458441,1000.00,930,283
458543,1000.00,927,293
458644,1000.00,927,293
458745,1000.00,930,283
458847,1000.00,930,283
458948,1000.00,930,283
459049,1000.00,927,293
459151,1000.00,929,287
459252,1000.00,929,287
459354,1000.00,929,287
459455,1000.00,928,290
459556,1000.00,931,280
459658,1000.00,930,283
459759,1000.00,929,287
459860,1000.00,929,287
459962,1000.00,929,287
460063,1000.00,927,293
460165,1000.00,930,283
460266,1000.00,930,283
460367,1000.00,927,293
460469,1000.00,930,283
460570,1000.00,930,283
460672,1000.00,928,290
460773,1000.00,930,283
460874,1000.00,929,287
460976,1000.00,928,290
461077,1000.00,930,283
461178,1000.00,929,287
461280,1000.00,930,283
461381,1000.00,929,287
461483,1000.00,928,290
461584,1000.00,928,290
461685,1000.00,929,287
461787,1000.00,930,283
461888,1000.00,930,283
461989,1000.00,929,287
462091,1000.00,929,287
462192,1000.00,930,283
462294,1000.00,930,283
462395,1000.00,929,287
462496,1000.00,930,283
462598,1000.00,928,290
462699,1000.00,928,290
462800,1000.00,927,293
462902,1000.00,927,293
463003,1000.00,930,283
463105,1000.00,929,287
463206,1000.00,930,283
463307,1000.00,927,293
463409,1000.00,927,293
463510,1000.00,929,287
463611,1000.00,929,287
463713,1000.00,927,293
463814,1000.00,928,290
463916,1000.00,930,283
464017,1000.00,927,293
464118,1000.00,930,283
464220,1000.00,927,293
464321,1000.00,927,293
464422,1000.00,930,283
464524,1000.00,929,287
464625,1000.00,930,283
464727,1000.00,930,283
464827,1000.00,929,287
464928,1000.00,928,290
465030,1000.00,929,287
465131,1000.00,930,283
465232,1000.00,929,287
465334,1000.00,927,293
465435,1000.00,926,297
465537,1000.00,929,287
465638,1000.00,930,283
465739,1000.00,925,300
465841,1000.00,930,283
465942,1000.00,929,287
466043,1000.00,927,293
466145,1000.00,929,287
466246,1000.00,930,283
466348,1000.00,928,290
466449,1000.00,928,290
466550,1000.00,929,287
466652,1000.00,928,290
466753,1000.00,930,283
466854,1000.00,930,283
466956,1000.00,928,290
467057,1000.00,929,287
467159,1000.00,928,290
467260,1000.00,930,283
467361,1000.00,928,290
467463,1000.00,930,283
467564,1000.00,930,283
467665,1000.00,928,290
467767,1000.00,929,287
467868,1000.00,930,283
467970,1000.00,928,290
468071,1000.00,927,293
468172,1000.00,929,287
468274,1000.00,929,287
468375,1000.00,932,277
468476,1000.00,929,287
468578,1000.00,927,293
468679,1000.00,927,293
468781,1000.00,927,293
468882,1000.00,929,287
468983,1000.00,928,290
469085,1000.00,929,287
469186,1000.00,927,293
469287,1000.00,929,287
469389,1000.00,927,293
469490,1000.00,928,290
469592,1000.00,929,287
469693,1000.00,930,283
469794,1000.00,929,287
469896,1000.00,930,283
469997,1000.00,929,287
470098,1000.00,928,290
470200,1000.00,927,293
470301,1000.00,930,283
470403,1000.00,927,293
470504,1000.00,930,283
470605,1000.00,929,287
470707,1000.00,930,283
470808,1000.00,929,287
470909,1000.00,929,287
471011,1000.00,928,290
471112,1000.00,929,287
471214,1000.00,929,287
471315,1000.00,928,290
471416,1000.00,928,290
471518,1000.00,929,287
471619,1000.00,929,287
471720,1000.00,927,293
471822,1000.00,929,287
471923,1000.00,929,287
472025,1000.00,929,287
472126,1000.00,929,287
472227,1000.00,930,283
472329,1000.00,930,283
472430,1000.00,929,287
472531,1000.00,927,293
472633,1000.00,929,287
472734,1000.00,928,290
472836,1000.00,930,283
472937,1000.00,929,287
473038,1000.00,928,290
473140,1000.00,929,287
473241,1000.00,929,287
473342,1000.00,929,287
473444,1000.00,926,297
473545,1000.00,929,287
473647,1000.00,928,290
473748,1000.00,929,287
473849,1000.00,927,293
473951,1000.00,928,290
474052,1000.00,925,300
474153,1000.00,930,283
474255,1000.00,927,293
474356,1000.00,929,287
474458,1000.00,930,283
474559,1000.00,929,287
474660,1000.00,927,293
474762,1000.00,929,287
474863,1000.00,929,287
474964,1000.00,927,293
# load_kg=0.00
475066,0.00,930,283
475167,0.00,931,280
475269,0.00,930,283
475370,0.00,928,290
475471,0.00,928,290
475572,0.00,930,283
475673,0.00,930,283
475774,0.00,928,290
475876,0.00,930,283
475977,0.00,930,283
476078,0.00,930,283
476179,0.00,930,283
476280,0.00,929,287
476382,0.00,929,287
476483,0.00,929,287
476584,0.00,929,287
476685,0.00,929,287
476786,0.00,930,283
476888,0.00,928,290
476989,0.00,929,287
477090,0.00,928,290
477192,0.00,928,290
477292,0.00,928,290
477393,0.00,930,283
477495,0.00,918,324
477596,0.00,932,277
477698,0.00,873,487
477799,0.00,191,12341
477899,0.00,206,11236
478001,0.00,203,11444
478102,0.00,155,15865
478203,0.00,154,15986
478305,0.00,173,13919
478406,0.00,175,13728
478508,0.00,173,13919
478609,0.00,162,15057
478710,0.00,163,14947
478812,0.00,168,14418
478913,0.00,167,14521
479014,0.00,166,14626
479116,0.00,170,14215
479216,0.00,166,14626
479318,0.00,167,14521
479419,0.00,166,14626
479520,0.00,168,14418
479622,0.00,168,14418
479723,0.00,169,14316
479824,0.00,173,13919
479926,0.00,174,13823
480027,0.00,170,14215
480129,0.00,171,14115
480230,0.00,173,13919
480331,0.00,166,14626
480433,0.00,167,14521
480533,0.00,168,14418
480634,0.00,167,14521
480736,0.00,170,14215
480837,0.00,168,14418
480939,0.00,167,14521
481040,0.00,165,14732
481141,0.00,157,15627
481243,0.00,156,15745
481344,0.00,157,15627
481445,0.00,157,15627
481547,0.00,159,15394
481648,0.00,159,15394
481750,0.00,157,15627
481850,0.00,159,15394
481951,0.00,158,15510
482053,0.00,159,15394
482154,0.00,158,15510
482255,0.00,160,15280
482357,0.00,158,15510
482458,0.00,159,15394
482560,0.00,157,15627
482661,0.00,155,15865
482762,0.00,159,15394
482864,0.00,158,15510
482965,0.00,160,15280
483066,0.00,161,15168
483167,0.00,160,15280
483268,0.00,162,15057
483369,0.00,151,16360
483471,0.00,153,16109
483572,0.00,152,16234
483674,0.00,151,16360
483775,0.00,153,16109
483876,0.00,159,15394
483978,0.00,157,15627
484079,0.00,155,15865
484180,0.00,157,15627
484282,0.00,156,15745
484383,0.00,154,15986
484484,0.00,153,16109
484585,0.00,156,15745
484686,0.00,158,15510
484788,0.00,158,15510
484889,0.00,159,15394
484990,0.00,156,15745
485092,0.00,162,15057
485193,0.00,162,15057
485295,0.00,160,15280
485396,0.00,160,15280
485497,0.00,161,15168
485599,0.00,161,15168
485700,0.00,160,15280
485800,0.00,158,15510
485902,0.00,157,15627
486003,0.00,160,15280
486105,0.00,163,14947
486206,0.00,153,16109
486307,0.00,155,15865
486409,0.00,153,16109
486510,0.00,152,16234
486611,0.00,150,16488
486713,0.00,151,16360
486814,0.00,151,16360
486916,0.00,151,16360
487017,0.00,150,16488
487117,0.00,153,16109
487219,0.00,150,16488
487320,0.00,150,16488
487421,0.00,149,16618
487523,0.00,152,16234
487624,0.00,154,15986
487726,0.00,154,15986
487827,0.00,154,15986
487928,0.00,153,16109
488030,0.00,154,15986
488131,0.00,153,16109
488232,0.00,154,15986
488334,0.00,156,15745
488434,0.00,155,15865
488536,0.00,155,15865
488637,0.00,155,15865
488738,0.00,158,15510
488840,0.00,154,15986
488941,0.00,154,15986
489042,0.00,153,16109
489144,0.00,153,16109
489245,0.00,153,16109
489347,0.00,154,15986
489448,0.00,154,15986
489549,0.00,155,15865
489651,0.00,154,15986
489751,0.00,153,16109
489852,0.00,156,15745
489954,0.00,153,16109
490055,0.00,152,16234
490157,0.00,152,16234
490258,0.00,152,16234
490359,0.00,153,16109
490461,0.00,153,16109
490562,0.00,151,16360
490663,0.00,154,15986
490765,0.00,153,16109
490866,0.00,156,15745
490968,0.00,154,15986
491068,0.00,155,15865
491169,0.00,156,15745
491271,0.00,156,15745
491372,0.00,153,16109
491473,0.00,154,15986
491575,0.00,152,16234
491676,0.00,151,16360
491778,0.00,152,16234
491879,0.00,154,15986
491980,0.00,155,15865
492082,0.00,155,15865
492183,0.00,154,15986
492284,0.00,155,15865
492385,0.00,153,16109
492486,0.00,153,16109
492588,0.00,153,16109
492689,0.00,155,15865
492790,0.00,156,15745
492892,0.00,154,15986
492993,0.00,154,15986
493094,0.00,152,16234
493196,0.00,154,15986
493297,0.00,153,16109
493399,0.00,154,15986
493500,0.00,153,16109
493601,0.00,152,16234
493702,0.00,152,16234
493803,0.00,151,16360
493904,0.00,153,16109
494006,0.00,153,16109
494107,0.00,151,16360
494209,0.00,151,16360
494310,0.00,152,16234
494411,0.00,149,16618
494513,0.00,150,16488
494614,0.00,153,16109
494715,0.00,149,16618
494817,0.00,154,15986
494918,0.00,154,15986
495019,0.00,155,15865
495120,0.00,154,15986
495221,0.00,153,16109
495323,0.00,150,16488
495424,0.00,152,16234
495525,0.00,152,16234
495627,0.00,150,16488
495728,0.00,151,16360
495830,0.00,151,16360
495931,0.00,149,16618
496032,0.00,151,16360
496134,0.00,149,16618
496235,0.00,148,16749
496335,0.00,147,16882
496437,0.00,142,17577
496538,0.00,149,16618
496640,0.00,155,15865
496741,0.00,160,15280
496842,0.00,159,15394
496944,0.00,161,15168
497045,0.00,156,15745
497146,0.00,158,15510
497248,0.00,160,15280
497349,0.00,157,15627
497451,0.00,158,15510
497552,0.00,159,15394
497652,0.00,156,15745
497754,0.00,156,15745
497855,0.00,156,15745
497956,0.00,157,15627
498058,0.00,156,15745
498159,0.00,156,15745
498260,0.00,156,15745
498362,0.00,152,16234
498463,0.00,152,16234
498565,0.00,151,16360
498666,0.00,151,16360
498767,0.00,151,16360
498869,0.00,155,15865
498969,0.00,153,16109
499070,0.00,149,16618
499172,0.00,150,16488
499273,0.00,147,16882
499375,0.00,158,15510
499476,0.00,152,16234
499577,0.00,147,16882
499679,0.00,146,17017
499780,0.00,144,17293
499881,0.00,156,15745
499983,0.00,139,18017
500084,0.00,109,23756
500186,0.00,173,13919
500286,0.00,354,5354
500387,0.00,483,3167
500489,0.00,801,785
500590,0.00,871,494
500691,0.00,840,617
500793,0.00,884,445
500894,0.00,905,369
500995,0.00,932,277
501096,0.00,920,317
501197,0.00,935,267
501299,0.00,937,260
501400,0.00,937,260
501501,0.00,936,263
501602,0.00,939,253
501703,0.00,944,237
501805,0.00,945,234
501906,0.00,946,231
502007,0.00,946,231
502109,0.00,944,237
502209,0.00,945,234
502310,0.00,945,234
502412,0.00,945,234
502513,0.00,944,237
502615,0.00,947,227
502715,0.00,946,231
502816,0.00,948,224
502918,0.00,946,231
503019,0.00,946,231
503120,0.00,945,234
503222,0.00,946,231
503322,0.00,945,234
503424,0.00,945,234
503525,0.00,947,227
503626,0.00,948,224
503728,0.00,946,231
503829,0.00,945,234
503929,0.00,946,231
504031,0.00,946,231
504132,0.00,948,224
504233,0.00,945,234
504335,0.00,948,224
504436,0.00,947,227
504537,0.00,947,227
504638,0.00,947,227
504739,0.00,946,231
504841,0.00,946,231
504942,0.00,947,227
505043,0.00,945,234
505144,0.00,947,227
505245,0.00,947,227
505347,0.00,945,234
505448,0.00,945,234
505549,0.00,948,224
505650,0.00,945,234
505751,0.00,947,227
505852,0.00,946,231
505954,0.00,946,231
506055,0.00,948,224
506157,0.00,948,224
506257,0.00,946,231
506358,0.00,946,231
506460,0.00,947,227
506561,0.00,950,218
506662,0.00,950,218
506764,0.00,949,221
506864,0.00,949,221
506966,0.00,947,227
507067,0.00,943,240
507168,0.00,948,224
507270,0.00,945,234
507371,0.00,948,224
507471,0.00,946,231
507573,0.00,948,224
507674,0.00,949,221
507776,0.00,946,231
507877,0.00,946,231
507978,0.00,948,224
508079,0.00,949,221
508180,0.00,947,227
508281,0.00,949,221
508383,0.00,950,218
508484,0.00,948,224
508584,0.00,946,231
508686,0.00,948,224
508787,0.00,947,227
508889,0.00,948,224
508990,0.00,949,221
509091,0.00,946,231
509192,0.00,946,231
509293,0.00,949,221
509394,0.00,945,234
509496,0.00,947,227
509597,0.00,949,221
509699,0.00,947,227
509799,0.00,947,227
509900,0.00,948,224
510002,0.00,947,227
510103,0.00,947,227
510204,0.00,947,227
510306,0.00,949,221
510406,0.00,948,224
510508,0.00,950,218
510609,0.00,949,221
510710,0.00,949,221
510812,0.00,947,227
510913,0.00,949,221
511013,0.00,947,227
511115,0.00,947,227
511216,0.00,948,224
511318,0.00,947,227
511419,0.00,947,227
511520,0.00,950,218
511621,0.00,946,231
511722,0.00,947,227
511823,0.00,949,221
511925,0.00,949,221
512026,0.00,949,221
512126,0.00,948,224
512228,0.00,948,224
512329,0.00,947,227
512431,0.00,947,227
512532,0.00,948,224
512633,0.00,949,221
512734,0.00,947,227
512835,0.00,950,218
512936,0.00,947,227
513038,0.00,947,227
513139,0.00,947,227
513241,0.00,947,227
513341,0.00,948,224
513442,0.00,946,231
513544,0.00,949,221
513645,0.00,950,218
513746,0.00,946,231
513848,0.00,949,221
513948,0.00,947,227
514050,0.00,948,224
514151,0.00,947,227
514252,0.00,950,218
514354,0.00,948,224
514454,0.00,950,218
514555,0.00,947,227
514657,0.00,948,224
514758,0.00,948,224
514860,0.00,946,231
514961,0.00,949,221
515061,0.00,949,221
515163,0.00,950,218
515264,0.00,949,221
515365,0.00,948,224
515467,0.00,949,221
515568,0.00,948,224
515668,0.00,947,227
# load_kg=1224.00
515771,1224.00,947,227
515872,1224.00,949,221
515974,1224.00,947,227
516075,1224.00,948,224
516176,1224.00,947,227
516278,1224.00,949,221
516379,1224.00,949,221
516481,1224.00,950,218
516582,1224.00,951,214
516683,1224.00,950,218
516785,1224.00,947,227
516886,1224.00,948,224
516987,1224.00,949,221
517089,1224.00,947,227
517190,1224.00,950,218
517292,1224.00,949,221
517393,1224.00,946,231
517494,1224.00,948,224
517596,1224.00,948,224
517697,1224.00,949,221
517798,1224.00,950,218
517900,1224.00,947,227
518001,1224.00,949,221
518103,1224.00,948,224
518204,1224.00,948,224
518305,1224.00,949,221
518407,1224.00,946,231
518508,1224.00,951,214
518609,1224.00,947,227
518711,1224.00,945,234
518812,1224.00,949,221
518914,1224.00,950,218
519015,1224.00,949,221
519116,1224.00,950,218
519218,1224.00,949,221
519319,1224.00,950,218
519420,1224.00,949,221
519521,1224.00,949,221
519622,1224.00,946,231
519724,1224.00,948,224
519825,1224.00,950,218
519926,1224.00,947,227
520028,1224.00,949,221
520129,1224.00,947,227
520230,1224.00,948,224
520332,1224.00,949,221
520433,1224.00,949,221
520535,1224.00,948,224
520636,1224.00,950,218
520737,1224.00,950,218
520839,1224.00,950,218
520940,1224.00,947,227
521041,1224.00,949,221
521143,1224.00,949,221
521244,1224.00,947,227
521346,1224.00,950,218
521447,1224.00,946,231
521548,1224.00,947,227
521650,1224.00,949,221
521751,1224.00,948,224
521852,1224.00,947,227
521954,1224.00,948,224
522055,1224.00,950,218
522157,1224.00,947,227
522258,1224.00,948,224
522359,1224.00,949,221
522461,1224.00,949,221
522562,1224.00,948,224
522663,1224.00,949,221
522765,1224.00,950,218
522866,1224.00,948,224
522968,1224.00,952,211
523069,1224.00,950,218
523170,1224.00,947,227
523272,1224.00,948,224
523373,1224.00,949,221
523474,1224.00,949,221
523576,1224.00,950,218
523677,1224.00,949,221
523779,1224.00,949,221
523880,1224.00,947,227
523981,1224.00,950,218
524083,1224.00,950,218
524184,1224.00,949,221
524285,1224.00,950,218
524387,1224.00,950,218
524488,1224.00,947,227
524590,1224.00,949,221
524691,1224.00,949,221
524792,1224.00,945,234
524894,1224.00,947,227
524995,1224.00,949,221
525096,1224.00,949,221
525198,1224.00,950,218
525299,1224.00,951,214
525401,1224.00,950,218
525502,1224.00,947,227
525603,1224.00,949,221
525705,1224.00,949,221
525806,1224.00,948,224
525907,1224.00,949,221
526009,1224.00,949,221
526110,1224.00,950,218
526212,1224.00,947,227
526313,1224.00,949,221
526414,1224.00,949,221
526516,1224.00,950,218
526617,1224.00,950,218
526718,1224.00,948,224
526820,1224.00,948,224
526921,1224.00,949,221
527023,1224.00,951,214
527124,1224.00,950,218
527225,1224.00,947,227
527327,1224.00,948,224
527428,1224.00,948,224
527529,1224.00,950,218
527631,1224.00,951,214
527732,1224.00,950,218
527834,1224.00,949,221
527935,1224.00,949,221
528035,1224.00,949,221
528137,1224.00,949,221
528238,1224.00,947,227
528339,1224.00,949,221
528441,1224.00,947,227
528542,1224.00,949,221
528644,1224.00,950,218
528745,1224.00,951,214
528846,1224.00,950,218
528948,1224.00,948,224
529049,1224.00,949,221
529150,1224.00,950,218
529252,1224.00,949,221
529353,1224.00,950,218
529455,1224.00,950,218
529556,1224.00,949,221
529657,1224.00,951,214
529759,1224.00,950,218
529860,1224.00,949,221
529961,1224.00,950,218
530063,1224.00,950,218
530164,1224.00,951,214
530266,1224.00,949,221
530367,1224.00,949,221
530468,1224.00,951,214
530570,1224.00,947,227
530671,1224.00,950,218
530772,1224.00,948,224
530874,1224.00,947,227
530975,1224.00,950,218
531077,1224.00,950,218
531178,1224.00,949,221
531279,1224.00,950,218
531381,1224.00,950,218
531482,1224.00,948,224
531584,1224.00,948,224
531685,1224.00,949,221
531786,1224.00,947,227
531888,1224.00,949,221
531989,1224.00,949,221
532090,1224.00,946,231
532192,1224.00,947,227
532293,1224.00,949,221
532395,1224.00,947,227
532496,1224.00,949,221
532597,1224.00,947,227
532699,1224.00,948,224
532800,1224.00,949,221
532901,1224.00,949,221
533003,1224.00,948,224
533104,1224.00,951,214
533206,1224.00,950,218
533307,1224.00,951,214
533408,1224.00,946,231
533510,1224.00,950,218
533611,1224.00,949,221
533712,1224.00,948,224
533814,1224.00,951,214
533915,1224.00,948,224
534017,1224.00,950,218
534118,1224.00,948,224
534219,1224.00,949,221
534321,1224.00,949,221
534422,1224.00,948,224
534523,1224.00,951,214
534625,1224.00,950,218
534726,1224.00,950,218
534828,1224.00,950,218
534929,1224.00,948,224
535030,1224.00,948,224
535132,1224.00,950,218
535233,1224.00,950,218
535334,1224.00,947,227
535436,1224.00,951,214
535537,1224.00,948,224
535639,1224.00,951,214
535740,1224.00,950,218
535841,1224.00,950,218
535943,1224.00,951,214
536044,1224.00,949,221
536145,1224.00,951,214
536247,1224.00,947,227
536348,1224.00,949,221
536450,1224.00,949,221
536551,1224.00,947,227
536652,1224.00,948,224
536754,1224.00,950,218
536855,1224.00,949,221
536956,1224.00,951,214
537057,1224.00,950,218
537158,1224.00,948,224
537260,1224.00,951,214
537361,1224.00,949,221
537462,1224.00,947,227
537564,1224.00,950,218
537665,1224.00,950,218
537766,1224.00,948,224
537868,1224.00,950,218
537969,1224.00,949,221
538071,1224.00,948,224
538172,1224.00,948,224
538273,1224.00,951,214
538375,1224.00,947,227
538476,1224.00,950,218
538577,1224.00,950,218
538679,1224.00,951,214
538780,1224.00,950,218
538882,1224.00,949,221
538983,1224.00,948,224
539084,1224.00,949,221
539186,1224.00,950,218
539287,1224.00,949,221
539388,1224.00,949,221
539490,1224.00,949,221
539591,1224.00,949,221
539693,1224.00,950,218
539794,1224.00,949,221
539895,1224.00,948,224
539997,1224.00,950,218
540098,1224.00,950,218
540199,1224.00,950,218
540301,1224.00,950,218
540402,1224.00,949,221
540504,1224.00,949,221
540605,1224.00,951,214
540706,1224.00,948,224
540808,1224.00,950,218
540909,1224.00,949,221
541010,1224.00,950,218
541112,1224.00,948,224
541213,1224.00,949,221
541315,1224.00,951,214
541416,1224.00,947,227
541517,1224.00,950,218
541619,1224.00,948,224
541720,1224.00,950,218
541821,1224.00,949,221
541923,1224.00,950,218
542024,1224.00,951,214
542126,1224.00,949,221
542227,1224.00,949,221
542328,1224.00,949,221
542430,1224.00,950,218
542531,1224.00,949,221
542632,1224.00,951,214
542734,1224.00,948,224
542835,1224.00,948,224
542937,1224.00,951,214
543038,1224.00,949,221
543139,1224.00,950,218
543241,1224.00,949,221
543342,1224.00,948,224
543443,1224.00,945,234
543545,1224.00,951,214
543646,1224.00,950,218
543748,1224.00,949,221
543849,1224.00,948,224
543950,1224.00,951,214
544052,1224.00,949,221
544153,1224.00,950,218
544254,1224.00,949,221
544356,1224.00,947,227
544457,1224.00,949,221
544559,1224.00,949,221
544660,1224.00,949,221
544761,1224.00,950,218
544863,1224.00,950,218
544964,1224.00,948,224
545065,1224.00,948,224
545167,1224.00,951,214
545268,1224.00,949,221
545370,1224.00,950,218
545471,1224.00,949,221
545572,1224.00,949,221
545674,1224.00,950,218
545775,1224.00,950,218
545875,1224.00,950,218
545977,1224.00,949,221
546078,1224.00,951,214
546180,1224.00,950,218
546281,1224.00,948,224
546382,1224.00,951,214
546484,1224.00,950,218
546585,1224.00,950,218
546686,1224.00,948,224
# load_kg=0.00
546789,0.00,949,221
546890,0.00,951,214
546992,0.00,948,224
547092,0.00,949,221
547193,0.00,948,224
547295,0.00,949,221
547396,0.00,949,221
547497,0.00,950,218
547599,0.00,950,218
547699,0.00,950,218
547801,0.00,949,221
547902,0.00,950,218
548003,0.00,949,221
548105,0.00,952,211
548206,0.00,949,221
548306,0.00,950,218
548408,0.00,948,224
548509,0.00,950,218
548611,0.00,949,221
548712,0.00,951,214
548813,0.00,949,221
548914,0.00,949,221
549015,0.00,949,221
549116,0.00,950,218
549218,0.00,950,218
549319,0.00,949,221
549420,0.00,948,224
549521,0.00,949,221
549622,0.00,950,218
549724,0.00,950,218
549825,0.00,947,227
549926,0.00,951,214
550027,0.00,950,218
550128,0.00,951,214
550230,0.00,950,218
550331,0.00,948,224
550432,0.00,949,221
550534,0.00,950,218
550634,0.00,948,224
550735,0.00,949,221
550837,0.00,949,221
550938,0.00,949,221
551040,0.00,950,218
551141,0.00,949,221
551241,0.00,948,224
551343,0.00,949,221
551444,0.00,949,221
551545,0.00,951,214
551647,0.00,947,227
551748,0.00,950,218
551848,0.00,949,221
551950,0.00,948,224
552051,0.00,949,221
552153,0.00,948,224
552254,0.00,951,214
552354,0.00,949,221
552456,0.00,950,218
552557,0.00,950,218
552658,0.00,949,221
552760,0.00,948,224
552861,0.00,948,224
552962,0.00,949,221
553063,0.00,951,214
553164,0.00,948,224
553266,0.00,949,221
553367,0.00,947,227
553468,0.00,950,218
553569,0.00,948,224
553670,0.00,949,221
553772,0.00,951,214
553873,0.00,949,221
553974,0.00,950,218
554076,0.00,950,218
554176,0.00,949,221
554277,0.00,950,218
554379,0.00,949,221
554480,0.00,951,214
554582,0.00,950,218
554683,0.00,948,224
554783,0.00,950,218
554885,0.00,950,218
554986,0.00,948,224
555087,0.00,951,214
555189,0.00,949,221
555290,0.00,949,221
555390,0.00,950,218
555492,0.00,950,218
555593,0.00,950,218
555695,0.00,951,214
555796,0.00,950,218
555896,0.00,949,221
555998,0.00,950,218
556099,0.00,948,224
556200,0.00,946,231
556302,0.00,949,221
556403,0.00,948,224
556504,0.00,948,224
556605,0.00,950,218
556706,0.00,947,227
556808,0.00,949,221
556909,0.00,949,221
557010,0.00,949,221
557111,0.00,948,224
557212,0.00,949,221
557314,0.00,950,218
557415,0.00,950,218
557516,0.00,948,224
557618,0.00,947,227
557718,0.00,948,224
557819,0.00,949,221
557921,0.00,948,224
558022,0.00,950,218
558124,0.00,950,218
558225,0.00,950,218
558325,0.00,950,218
558427,0.00,949,221
558528,0.00,950,218
558629,0.00,950,218
558731,0.00,950,218
558832,0.00,950,218
558932,0.00,949,221
559034,0.00,949,221
559135,0.00,952,211
559237,0.00,948,224
559338,0.00,950,218
559438,0.00,948,224
559540,0.00,947,227
559641,0.00,950,218
559742,0.00,949,221
559844,0.00,950,218
559945,0.00,948,224
560046,0.00,950,218
560147,0.00,948,224
560248,0.00,950,218
560350,0.00,949,221
560451,0.00,948,224
560552,0.00,950,218
560653,0.00,949,221
560754,0.00,947,227
560856,0.00,947,227
560957,0.00,949,221
561058,0.00,950,218
561160,0.00,948,224
561260,0.00,949,221
561361,0.00,949,221
561463,0.00,951,214
561564,0.00,951,214
561666,0.00,950,218
561767,0.00,945,234
561867,0.00,951,214
561969,0.00,948,224
562070,0.00,951,214
562171,0.00,951,214
562273,0.00,950,218
562374,0.00,949,221
562475,0.00,952,211
562576,0.00,949,221
562677,0.00,950,218
562779,0.00,949,221
562880,0.00,950,218
562980,0.00,951,214
563082,0.00,950,218
563183,0.00,951,214
563284,0.00,949,221
563386,0.00,949,221
563487,0.00,949,221
563588,0.00,949,221
563689,0.00,950,218
563790,0.00,951,214
563892,0.00,951,214
563993,0.00,948,224
564094,0.00,947,227
564195,0.00,946,231
564296,0.00,946,231
564398,0.00,948,224
564499,0.00,948,224
564600,0.00,948,224
564702,0.00,950,218
564802,0.00,950,218
564903,0.00,947,227
565005,0.00,948,224
565106,0.00,944,237
565208,0.00,935,267
565309,0.00,934,270
565409,0.00,924,304
565511,0.00,923,307
565612,0.00,934,270
565713,0.00,925,300
565815,0.00,933,273
565915,0.00,934,270
566017,0.00,926,297
566118,0.00,929,287
566219,0.00,931,280
566321,0.00,932,277
566422,0.00,934,270
566522,0.00,929,287
566624,0.00,932,277
566725,0.00,929,287
566827,0.00,929,287
566928,0.00,932,277
567029,0.00,937,260
567130,0.00,926,297
567231,0.00,926,297
567332,0.00,937,260
567434,0.00,941,247
567535,0.00,939,253
567636,0.00,946,231
567737,0.00,954,205
567838,0.00,948,224
567940,0.00,954,205
568041,0.00,954,205
568142,0.00,954,205
568244,0.00,956,199
568344,0.00,956,199
568445,0.00,956,199
568547,0.00,956,199
568648,0.00,955,202
568750,0.00,955,202
568851,0.00,957,195
568951,0.00,955,202
569053,0.00,957,195
569154,0.00,957,195
569255,0.00,958,192
569357,0.00,954,205
569457,0.00,957,195
569559,0.00,949,221
569660,0.00,946,231
569761,0.00,947,227
569863,0.00,951,214
569964,0.00,954,205
570064,0.00,954,205
570166,0.00,953,208
570267,0.00,953,208
570369,0.00,951,214
570470,0.00,955,202
570571,0.00,956,199
570672,0.00,955,202
570773,0.00,956,199
570874,0.00,950,218
570976,0.00,950,218
571077,0.00,954,205
571179,0.00,952,211
571279,0.00,953,208
571380,0.00,955,202
571482,0.00,952,211
571583,0.00,953,208
571684,0.00,953,208
571786,0.00,953,208
571886,0.00,953,208
571987,0.00,954,205
572089,0.00,952,211
572190,0.00,953,208
572292,0.00,953,208
572393,0.00,953,208
572493,0.00,951,214
572595,0.00,954,205
572696,0.00,953,208
572797,0.00,952,211
572899,0.00,952,211
572999,0.00,953,208
573101,0.00,950,218
573202,0.00,953,208
573303,0.00,955,202
573405,0.00,956,199
573506,0.00,954,205
573606,0.00,954,205
573708,0.00,951,214
573809,0.00,954,205
573911,0.00,952,211
574012,0.00,951,214
574113,0.00,954,205
574214,0.00,953,208
574315,0.00,950,218
574416,0.00,953,208
574518,0.00,953,208
574619,0.00,956,199
574721,0.00,952,211
574821,0.00,954,205
574922,0.00,952,211
575024,0.00,954,205
575125,0.00,954,205
575226,0.00,956,199
575328,0.00,952,211
575428,0.00,956,199
575529,0.00,954,205
575631,0.00,954,205
575732,0.00,954,205
575834,0.00,956,199
575935,0.00,954,205
576035,0.00,953,208
576137,0.00,954,205
576238,0.00,953,208
576339,0.00,953,208
576441,0.00,953,208
576541,0.00,954,205
576643,0.00,956,199
576744,0.00,954,205
576845,0.00,955,202
576947,0.00,954,205
577048,0.00,956,199
577148,0.00,954,205
577250,0.00,953,208
577351,0.00,953,208
577453,0.00,954,205
577554,0.00,953,208
577655,0.00,955,202
# load_kg=1623.00
577757,1623.00,952,211
577858,1623.00,953,208
577959,1623.00,953,208
578061,1623.00,951,214
578162,1623.00,955,202
578264,1623.00,954,205
578365,1623.00,954,205
578466,1623.00,954,205
578568,1623.00,956,199
578669,1623.00,955,202
578770,1623.00,952,211
578872,1623.00,956,199
578973,1623.00,956,199
579075,1623.00,952,211
579176,1623.00,956,199
579277,1623.00,954,205
579379,1623.00,955,202
579480,1623.00,956,199
579581,1623.00,955,202
579683,1623.00,954,205
579784,1623.00,953,208
579886,1623.00,956,199
579987,1623.00,953,208
580088,1623.00,954,205
580190,1623.00,954,205
580291,1623.00,953,208
580392,1623.00,954,205
580494,1623.00,954,205
580595,1623.00,954,205
580697,1623.00,953,208
580798,1623.00,954,205
580899,1623.00,954,205
581001,1623.00,956,199
581102,1623.00,954,205
581203,1623.00,956,199
581305,1623.00,955,202
581406,1623.00,954,205
581508,1623.00,954,205
581609,1623.00,954,205
581710,1623.00,955,202
581812,1623.00,956,199
581913,1623.00,954,205
582014,1623.00,953,208
582116,1623.00,954,205
582217,1623.00,954,205
582319,1623.00,954,205
582420,1623.00,953,208
582521,1623.00,954,205
582623,1623.00,954,205
582724,1623.00,953,208
582825,1623.00,956,199
582927,1623.00,953,208
583028,1623.00,954,205
583130,1623.00,955,202
583231,1623.00,954,205
583331,1623.00,950,218
583433,1623.00,954,205
583534,1623.00,954,205
583635,1623.00,954,205
583737,1623.00,954,205
583838,1623.00,953,208
583940,1623.00,953,208
584041,1623.00,955,202
584142,1623.00,954,205
584244,1623.00,954,205
584345,1623.00,956,199
584446,1623.00,954,205
584548,1623.00,955,202
584649,1623.00,954,205
584751,1623.00,953,208
584852,1623.00,956,199
584953,1623.00,953,208
585055,1623.00,954,205
585156,1623.00,952,211
585257,1623.00,954,205
585359,1623.00,954,205
585460,1623.00,954,205
585562,1623.00,953,208
585663,1623.00,954,205
585764,1623.00,954,205
585866,1623.00,954,205
585967,1623.00,953,208
586068,1623.00,953,208
586170,1623.00,955,202
586271,1623.00,954,205
586373,1623.00,954,205
586474,1623.00,954,205
586575,1623.00,952,211
586677,1623.00,956,199
586778,1623.00,954,205
586880,1623.00,956,199
586981,1623.00,956,199
587082,1623.00,955,202
587184,1623.00,951,214
587285,1623.00,956,199
587386,1623.00,955,202
587488,1623.00,953,208
587589,1623.00,956,199
587691,1623.00,954,205
587792,1623.00,956,199
587893,1623.00,955,202
587995,1623.00,956,199
588096,1623.00,954,205
588197,1623.00,955,202
588299,1623.00,956,199
588400,1623.00,954,205
588502,1623.00,954,205
588603,1623.00,956,199
588704,1623.00,954,205
588806,1623.00,953,208
588907,1623.00,952,211
589008,1623.00,954,205
589110,1623.00,952,211
589211,1623.00,954,205
589313,1623.00,955,202
589414,1623.00,952,211
589515,1623.00,954,205
589617,1623.00,952,211
589718,1623.00,954,205
589819,1623.00,955,202
589921,1623.00,955,202
590022,1623.00,956,199
590124,1623.00,954,205
590225,1623.00,956,199
590326,1623.00,955,202
590428,1623.00,953,208
590529,1623.00,954,205
590630,1623.00,955,202
590732,1623.00,954,205
590833,1623.00,954,205
590935,1623.00,956,199
591036,1623.00,950,218
591137,1623.00,956,199
591239,1623.00,955,202
591340,1623.00,953,208
591441,1623.00,954,205
591543,1623.00,954,205
591644,1623.00,954,205
591746,1623.00,954,205
591847,1623.00,954,205
591948,1623.00,954,205
592050,1623.00,953,208
592151,1623.00,954,205
592252,1623.00,953,208
592354,1623.00,956,199
592455,1623.00,956,199
592557,1623.00,955,202
592658,1623.00,956,199
592759,1623.00,955,202
592860,1623.00,955,202
592961,1623.00,954,205
593062,1623.00,953,208
593164,1623.00,954,205
593265,1623.00,954,205
593367,1623.00,956,199
593468,1623.00,954,205
593569,1623.00,955,202
593671,1623.00,955,202
593772,1623.00,953,208
593873,1623.00,953,208
593975,1623.00,956,199
594076,1623.00,954,205
594178,1623.00,954,205
594279,1623.00,956,199
594380,1623.00,953,208
594482,1623.00,957,195
594583,1623.00,953,208
594684,1623.00,955,202
594786,1623.00,954,205
594887,1623.00,957,195
594989,1623.00,954,205
595090,1623.00,954,205
595191,1623.00,956,199
595293,1623.00,955,202
595394,1623.00,952,211
595495,1623.00,956,199
595597,1623.00,955,202
595698,1623.00,953,208
595800,1623.00,954,205
595901,1623.00,955,202
596002,1623.00,953,208
596104,1623.00,953,208
596205,1623.00,954,205
596306,1623.00,955,202
596408,1623.00,955,202
596509,1623.00,953,208
596611,1623.00,954,205
596712,1623.00,954,205
596813,1623.00,954,205
596915,1623.00,956,199
597016,1623.00,954,205
597117,1623.00,954,205
597219,1623.00,953,208
597320,1623.00,955,202
597422,1623.00,954,205
597523,1623.00,956,199
597624,1623.00,953,208
597726,1623.00,956,199
597827,1623.00,953,208
597928,1623.00,956,199
598030,1623.00,954,205
598131,1623.00,954,205
598233,1623.00,954,205
598334,1623.00,954,205
598435,1623.00,957,195
598537,1623.00,955,202
598638,1623.00,955,202
598739,1623.00,956,199
598841,1623.00,955,202
598942,1623.00,956,199
599044,1623.00,954,205
599145,1623.00,955,202
599246,1623.00,953,208
599348,1623.00,956,199
599449,1623.00,955,202
# load_kg=0.00
599550,0.00,954,205
599652,0.00,955,202
599753,0.00,954,205
599855,0.00,955,202
599956,0.00,957,195
600057,0.00,958,192
600158,0.00,954,205
600259,0.00,955,202
600360,0.00,955,202
600462,0.00,956,199
600563,0.00,954,205
600664,0.00,955,202
600765,0.00,952,211
600866,0.00,956,199
600968,0.00,957,195
601069,0.00,955,202
601170,0.00,957,195
601271,0.00,955,202
601372,0.00,952,211
601474,0.00,955,202
601575,0.00,955,202
601676,0.00,953,208
601778,0.00,954,205
601878,0.00,954,205
601979,0.00,953,208
602081,0.00,957,195
602182,0.00,954,205
602284,0.00,953,208
602385,0.00,954,205
602485,0.00,953,208
602587,0.00,955,202
602688,0.00,956,199
602789,0.00,954,205
602891,0.00,954,205
602992,0.00,954,205
603092,0.00,955,202
603194,0.00,954,205
603295,0.00,955,202
603397,0.00,954,205
603498,0.00,955,202
603599,0.00,955,202
603700,0.00,956,199
603801,0.00,953,208
603902,0.00,956,199
604004,0.00,956,199
604105,0.00,953,208
604206,0.00,954,205
604307,0.00,953,208
604408,0.00,957,195
604510,0.00,955,202
604611,0.00,956,199
604712,0.00,954,205
604813,0.00,955,202
604914,0.00,952,211
605016,0.00,955,202
605117,0.00,956,199
605218,0.00,955,202
605320,0.00,955,202
605420,0.00,955,202
605521,0.00,952,211
605623,0.00,955,202
605724,0.00,955,202
605826,0.00,956,199
605927,0.00,955,202
606027,0.00,956,199
606129,0.00,955,202
606230,0.00,953,208
606331,0.00,953,208
606433,0.00,953,208
606534,0.00,956,199
606635,0.00,957,195
606736,0.00,953,208
606837,0.00,955,202
606939,0.00,953,208
607040,0.00,953,208
607141,0.00,955,202
607242,0.00,955,202
607343,0.00,954,205
607444,0.00,955,202
607546,0.00,956,199
607647,0.00,956,199
607748,0.00,955,202
607849,0.00,953,208
607950,0.00,955,202
608052,0.00,956,199
608153,0.00,955,202
608254,0.00,954,205
608355,0.00,954,205
608456,0.00,955,202
608558,0.00,956,199
608659,0.00,956,199
608760,0.00,956,199
608862,0.00,954,205
608962,0.00,953,208
609063,0.00,954,205
609165,0.00,953,208
609266,0.00,957,195
609368,0.00,955,202
609469,0.00,954,205
609569,0.00,956,199
609671,0.00,954,205
609772,0.00,954,205
609873,0.00,956,199
609975,0.00,956,199
610076,0.00,953,208
610177,0.00,955,202
610278,0.00,956,199
610379,0.00,955,202
610481,0.00,956,199
610582,0.00,957,195
610683,0.00,958,192
610784,0.00,954,205
610885,0.00,957,195
610987,0.00,958,192
611088,0.00,955,202
611189,0.00,961,183
611290,0.00,959,189
611391,0.00,956,199
611492,0.00,959,189
611594,0.00,959,189
611695,0.00,955,202
611796,0.00,963,177
611897,0.00,959,189
611998,0.00,960,186
612100,0.00,959,189
612201,0.00,958,192
612302,0.00,956,199
612404,0.00,959,189
612504,0.00,960,186
612605,0.00,960,186
612707,0.00,958,192
612808,0.00,959,189
612910,0.00,960,186
613011,0.00,959,189
613111,0.00,959,189
613213,0.00,960,186
613314,0.00,959,189
613415,0.00,958,192
613517,0.00,956,199
613618,0.00,959,189
613719,0.00,959,189
613820,0.00,959,189
613921,0.00,960,186
614023,0.00,958,192
614124,0.00,960,186
614225,0.00,962,180
614326,0.00,958,192
614427,0.00,959,189
614529,0.00,959,189
614630,0.00,959,189
614731,0.00,958,192
614832,0.00,961,183
614933,0.00,959,189
615034,0.00,960,186
615136,0.00,957,195
615237,0.00,961,183
615339,0.00,959,189
615439,0.00,960,186
615540,0.00,962,180
615642,0.00,961,183
615743,0.00,959,189
615844,0.00,960,186
615946,0.00,959,189
616046,0.00,958,192
616147,0.00,957,195
616249,0.00,960,186
616350,0.00,959,189
616452,0.00,961,183
616553,0.00,959,189
616653,0.00,959,189
616755,0.00,959,189
616856,0.00,960,186
616957,0.00,959,189
617059,0.00,960,186
617160,0.00,959,189
617261,0.00,960,186
617362,0.00,960,186
617463,0.00,959,189
617565,0.00,958,192
617666,0.00,959,189
617766,0.00,960,186
617868,0.00,960,186
617969,0.00,962,180
618071,0.00,960,186
618172,0.00,959,189
618273,0.00,959,189
618374,0.00,959,189
618475,0.00,960,186
618576,0.00,958,192
618678,0.00,960,186
618779,0.00,961,183
618881,0.00,959,189
618981,0.00,959,189
619082,0.00,957,195
619184,0.00,959,189
619285,0.00,959,189
619386,0.00,959,189
619488,0.00,961,183
619588,0.00,962,180
619689,0.00,959,189
619791,0.00,959,189
619892,0.00,962,180
619994,0.00,959,189
620095,0.00,959,189
620195,0.00,957,195
620297,0.00,958,192
620398,0.00,961,183
620499,0.00,959,189
620601,0.00,961,183
620701,0.00,959,189
620803,0.00,962,180
620904,0.00,957,195
621005,0.00,961,183
621107,0.00,962,180
621208,0.00,962,180
621308,0.00,961,183
621410,0.00,962,180
621511,0.00,957,195
621613,0.00,961,183
621714,0.00,960,186
621815,0.00,962,180
621916,0.00,957,195
622017,0.00,961,183
622118,0.00,960,186
622220,0.00,960,186
622321,0.00,959,189
622423,0.00,960,186
622523,0.00,959,189
622624,0.00,959,189
622726,0.00,963,177
622827,0.00,962,180
622928,0.00,959,189
623030,0.00,961,183
623130,0.00,959,189
623232,0.00,961,183
623333,0.00,959,189
623434,0.00,959,189
623536,0.00,962,180
623637,0.00,963,177
623737,0.00,962,180
623839,0.00,959,189
623940,0.00,962,180
624041,0.00,960,186
624143,0.00,961,183
624243,0.00,961,183
624345,0.00,961,183
624446,0.00,962,180
624547,0.00,961,183
624649,0.00,961,183
624750,0.00,960,186
624850,0.00,961,183
624952,0.00,962,180
625053,0.00,960,186
625155,0.00,959,189
625256,0.00,960,186
625357,0.00,959,189
625458,0.00,961,183
625559,0.00,959,189
625660,0.00,960,186
625762,0.00,959,189
625863,0.00,959,189
625965,0.00,961,183
626065,0.00,959,189
626166,0.00,962,180
626268,0.00,960,186
626369,0.00,959,189
626470,0.00,960,186
626572,0.00,959,189
626672,0.00,961,183
626774,0.00,962,180
626875,0.00,957,195
626976,0.00,961,183
627078,0.00,961,183
627178,0.00,960,186
627279,0.00,961,183
627381,0.00,962,180
627482,0.00,959,189
627584,0.00,961,183
627685,0.00,961,183
627785,0.00,959,189
627887,0.00,959,189
627988,0.00,961,183
628089,0.00,957,195
628191,0.00,961,183
628292,0.00,960,186
628392,0.00,964,173
628494,0.00,962,180
628595,0.00,959,189
628697,0.00,958,192
628798,0.00,961,183
628899,0.00,961,183
629000,0.00,959,189
629101,0.00,960,186
629202,0.00,959,189
629304,0.00,959,189
629405,0.00,959,189
629507,0.00,964,173
629607,0.00,960,186
629708,0.00,963,177
629810,0.00,959,189
629911,0.00,961,183
630012,0.00,959,189
630114,0.00,960,186
630214,0.00,962,180
630316,0.00,961,183
630417,0.00,960,186
630518,0.00,963,177
630620,0.00,962,180
630720,0.00,959,189
630821,0.00,962,180
630923,0.00,961,183
631024,0.00,962,180
631126,0.00,960,186
631227,0.00,961,183
631327,0.00,962,180
631429,0.00,961,183
631530,0.00,961,183
631631,0.00,961,183
631733,0.00,960,186
631834,0.00,960,186
631934,0.00,963,177
632036,0.00,962,180
632137,0.00,961,183
632239,0.00,963,177
632340,0.00,960,186
632441,0.00,961,183
632542,0.00,962,180
632643,0.00,962,180
632744,0.00,961,183
632846,0.00,962,180
632947,0.00,961,183
633049,0.00,962,180
633149,0.00,962,180
633250,0.00,962,180
633352,0.00,962,180
633453,0.00,960,186
633554,0.00,963,177
633656,0.00,961,183
633756,0.00,963,177
633858,0.00,962,180
633959,0.00,962,180
634060,0.00,962,180
634162,0.00,963,177
634262,0.00,960,186
634363,0.00,963,177
634465,0.00,961,183
634566,0.00,961,183
634668,0.00,963,177
634769,0.00,962,180
634869,0.00,959,189
634971,0.00,963,177
635072,0.00,960,186
635173,0.00,961,183
635275,0.00,962,180
635376,0.00,962,180
635476,0.00,959,189
635578,0.00,961,183
635679,0.00,961,183
635781,0.00,962,180
635882,0.00,961,183
635983,0.00,961,183
636084,0.00,958,192
636185,0.00,961,183
636286,0.00,962,180
# load_kg=2002.00
636389,2002.00,962,180
636490,2002.00,962,180
636592,2002.00,960,186
636693,2002.00,960,186
636794,2002.00,961,183
636896,2002.00,960,186
636997,2002.00,962,180
637099,2002.00,962,180
637200,2002.00,963,177
637301,2002.00,961,183
637403,2002.00,961,183
637504,2002.00,959,189
637605,2002.00,962,180
637707,2002.00,962,180
637808,2002.00,961,183
637910,2002.00,960,186
638010,2002.00,961,183
638111,2002.00,960,186
638213,2002.00,962,180
638314,2002.00,964,173
638415,2002.00,961,183
638517,2002.00,962,180
638618,2002.00,960,186
638720,2002.00,961,183
638821,2002.00,961,183
638922,2002.00,962,180
639024,2002.00,962,180
639125,2002.00,958,192
639226,2002.00,961,183
639328,2002.00,961,183
639429,2002.00,963,177
639531,2002.00,962,180
639632,2002.00,961,183
639733,2002.00,960,186
639835,2002.00,959,189
639936,2002.00,964,173
640037,2002.00,961,183
640139,2002.00,962,180
640240,2002.00,960,186
640342,2002.00,963,177
640443,2002.00,958,192
640544,2002.00,963,177
640646,2002.00,961,183
640747,2002.00,962,180
640848,2002.00,961,183
640950,2002.00,962,180
641051,2002.00,960,186
641153,2002.00,962,180
641254,2002.00,963,177
641355,2002.00,963,177
641457,2002.00,959,189
641558,2002.00,960,186
641659,2002.00,963,177
641761,2002.00,962,180
641862,2002.00,961,183
641964,2002.00,961,183
642065,2002.00,964,173
642166,2002.00,959,189
642268,2002.00,963,177
642369,2002.00,961,183
642470,2002.00,960,186
642572,2002.00,957,195
642673,2002.00,961,183
642775,2002.00,964,173
642876,2002.00,961,183
642977,2002.00,961,183
643079,2002.00,963,177
643180,2002.00,961,183
643281,2002.00,962,180
643383,2002.00,961,183
643484,2002.00,963,177
643586,2002.00,961,183
643687,2002.00,962,180
643788,2002.00,961,183
643890,2002.00,961,183
643991,2002.00,961,183
644092,2002.00,959,189
644194,2002.00,962,180
644295,2002.00,962,180
644397,2002.00,961,183
644498,2002.00,964,173
644599,2002.00,964,173
644701,2002.00,961,183
644802,2002.00,961,183
644903,2002.00,962,180
645005,2002.00,961,183
645106,2002.00,962,180
645208,2002.00,962,180
645309,2002.00,963,177
645410,2002.00,962,180
645512,2002.00,962,180
645613,2002.00,962,180
645714,2002.00,963,177
645815,2002.00,962,180
645916,2002.00,958,192
646018,2002.00,961,183
646119,2002.00,961,183
646220,2002.00,963,177
646322,2002.00,963,177
646423,2002.00,962,180
646524,2002.00,962,180
646626,2002.00,962,180
646727,2002.00,964,173
646829,2002.00,960,186
646930,2002.00,960,186
647031,2002.00,961,183
647133,2002.00,960,186
647234,2002.00,961,183
647335,2002.00,961,183
647437,2002.00,962,180
647538,2002.00,962,180
647640,2002.00,962,180
647741,2002.00,960,186
647842,2002.00,962,180
647944,2002.00,961,183
648045,2002.00,962,180
648146,2002.00,961,183
648248,2002.00,962,180
648349,2002.00,962,180
648451,2002.00,962,180
648552,2002.00,961,183
648653,2002.00,962,180
648755,2002.00,961,183
648856,2002.00,961,183
648957,2002.00,960,186
649059,2002.00,962,180
649160,2002.00,961,183
649262,2002.00,962,180
649363,2002.00,963,177
649464,2002.00,960,186
649566,2002.00,962,180
649667,2002.00,963,177
649768,2002.00,962,180
649870,2002.00,959,189
649971,2002.00,959,189
650073,2002.00,961,183
650174,2002.00,963,177
650275,2002.00,963,177
650377,2002.00,962,180
650478,2002.00,962,180
650579,2002.00,961,183
650681,2002.00,963,177
650782,2002.00,960,186
650884,2002.00,964,173
650985,2002.00,962,180
651086,2002.00,962,180
651188,2002.00,961,183
651289,2002.00,960,186
651390,2002.00,961,183
651492,2002.00,962,180
651593,2002.00,962,180
651695,2002.00,962,180
651796,2002.00,961,183
651897,2002.00,964,173
651999,2002.00,962,180
652100,2002.00,962,180
652201,2002.00,961,183
652303,2002.00,963,177
652404,2002.00,962,180
652506,2002.00,962,180
652607,2002.00,960,186
652708,2002.00,961,183
652810,2002.00,964,173
652911,2002.00,963,177
653012,2002.00,959,189
653114,2002.00,961,183
653215,2002.00,962,180
653317,2002.00,962,180
653418,2002.00,962,180
653519,2002.00,962,180
653621,2002.00,961,183
653721,2002.00,961,183
653822,2002.00,963,177
653924,2002.00,961,183
654025,2002.00,962,180
654127,2002.00,962,180
654228,2002.00,962,180
654329,2002.00,963,177
654431,2002.00,962,180
654532,2002.00,960,186
654633,2002.00,961,183
654735,2002.00,962,180
654836,2002.00,959,189
654938,2002.00,964,173
655039,2002.00,963,177
655140,2002.00,961,183
655242,2002.00,963,177
655343,2002.00,962,180
655444,2002.00,963,177
655546,2002.00,962,180
655647,2002.00,961,183
655749,2002.00,964,173
655850,2002.00,962,180
655951,2002.00,962,180
656053,2002.00,964,173
656154,2002.00,963,177
656256,2002.00,960,186
656357,2002.00,963,177
656458,2002.00,962,180
656560,2002.00,962,180
656661,2002.00,964,173
656762,2002.00,961,183
656864,2002.00,959,189
656965,2002.00,964,173
657067,2002.00,964,173
657168,2002.00,962,180
657269,2002.00,961,183
657371,2002.00,962,180
657472,2002.00,962,180
657573,2002.00,961,183
657675,2002.00,961,183
657776,2002.00,962,180
657878,2002.00,963,177
657979,2002.00,963,177
658080,2002.00,963,177
658182,2002.00,959,189
658283,2002.00,962,180
658384,2002.00,961,183
658486,2002.00,961,183
658587,2002.00,957,195
658689,2002.00,962,180
658790,2002.00,961,183
658891,2002.00,962,180
658993,2002.00,963,177
659094,2002.00,961,183
659195,2002.00,960,186
659297,2002.00,963,177
659398,2002.00,960,186
659500,2002.00,963,177
659601,2002.00,961,183
659702,2002.00,963,177
659804,2002.00,962,180
659905,2002.00,961,183
660006,2002.00,961,183
660108,2002.00,963,177
660209,2002.00,962,180
660311,2002.00,961,183
660412,2002.00,962,180
660513,2002.00,962,180
660615,2002.00,962,180
660716,2002.00,960,186
660817,2002.00,961,183
660919,2002.00,962,180
661020,2002.00,963,177
661122,2002.00,963,177
661223,2002.00,960,186
661324,2002.00,962,180
661425,2002.00,962,180
661526,2002.00,962,180
661627,2002.00,963,177
661729,2002.00,962,180
661830,2002.00,960,186
661932,2002.00,961,183
662033,2002.00,961,183
662134,2002.00,960,186
662236,2002.00,961,183
662337,2002.00,961,183
662438,2002.00,960,186
662540,2002.00,961,183
662641,2002.00,962,180
662743,2002.00,963,177
662844,2002.00,963,177
662945,2002.00,961,183
663047,2002.00,960,186
663148,2002.00,961,183
663249,2002.00,964,173
663351,2002.00,961,183
663452,2002.00,962,180
663554,2002.00,961,183
663655,2002.00,963,177
663756,2002.00,960,186
663858,2002.00,961,183
663959,2002.00,962,180
664060,2002.00,962,180
664162,2002.00,964,173
664263,2002.00,959,189
664365,2002.00,963,177
664466,2002.00,961,183
664567,2002.00,963,177
664669,2002.00,963,177
664770,2002.00,963,177
664871,2002.00,961,183
664973,2002.00,964,173
665074,2002.00,964,173
665176,2002.00,962,180
665277,2002.00,964,173
665378,2002.00,963,177
665480,2002.00,962,180
665581,2002.00,963,177
665682,2002.00,961,183
665784,2002.00,962,180
665885,2002.00,958,192
665987,2002.00,961,183
666088,2002.00,962,180
666189,2002.00,963,177
666291,2002.00,964,173
666392,2002.00,962,180
666493,2002.00,961,183
666595,2002.00,962,180
666696,2002.00,962,180
666798,2002.00,962,180
666899,2002.00,961,183
667000,2002.00,962,180
667102,2002.00,963,177
667203,2002.00,961,183
667304,2002.00,961,183
667406,2002.00,964,173
667507,2002.00,963,177
667609,2002.00,961,183
667710,2002.00,964,173
667811,2002.00,961,183
667913,2002.00,961,183
668014,2002.00,961,183
668115,2002.00,961,183
668217,2002.00,961,183
668318,2002.00,960,186
668420,2002.00,962,180
668521,2002.00,961,183
668622,2002.00,963,177
668724,2002.00,961,183
668825,2002.00,964,173
668926,2002.00,957,195
669028,2002.00,961,183
669128,2002.00,964,173
669230,2002.00,964,173
669331,2002.00,962,180
669432,2002.00,962,180
669534,2002.00,961,183
669635,2002.00,961,183
669736,2002.00,961,183
669838,2002.00,961,183
# load_kg=0.00
669940,0.00,958,192
670042,0.00,962,180
670143,0.00,961,183
670243,0.00,963,177
670345,0.00,964,173
670446,0.00,961,183
670547,0.00,962,180
670649,0.00,960,186
670750,0.00,960,186
670851,0.00,961,183
670952,0.00,962,180
671053,0.00,962,180
671155,0.00,962,180
671256,0.00,961,183
671357,0.00,962,180
671458,0.00,964,173
671559,0.00,961,183
671661,0.00,963,177
671762,0.00,964,173
671863,0.00,964,173
671965,0.00,961,183
672065,0.00,962,180
672166,0.00,960,186
672268,0.00,963,177
672369,0.00,961,183
672471,0.00,961,183
672572,0.00,962,180
672672,0.00,963,177
672774,0.00,960,186
672875,0.00,962,180
672976,0.00,961,183
673078,0.00,962,180
673178,0.00,959,189
673280,0.00,961,183
673381,0.00,962,180
673482,0.00,962,180
673584,0.00,962,180
673685,0.00,962,180
673785,0.00,960,186
673887,0.00,962,180
673988,0.00,960,186
674089,0.00,963,177
674191,0.00,959,189
674292,0.00,961,183
674393,0.00,961,183
674494,0.00,961,183
674595,0.00,962,180
674697,0.00,962,180
674798,0.00,957,195
674899,0.00,961,183
675000,0.00,961,183
675101,0.00,960,186
675203,0.00,962,180
675304,0.00,959,189
675405,0.00,958,192
675507,0.00,963,177
675607,0.00,962,180
675708,0.00,961,183
675810,0.00,961,183
675911,0.00,963,177
676013,0.00,959,189
676113,0.00,961,183
676214,0.00,959,189
676316,0.00,961,183
676417,0.00,963,177
676518,0.00,959,189
676620,0.00,959,189
676720,0.00,961,183
676822,0.00,961,183
676923,0.00,962,180
677024,0.00,960,186
677126,0.00,961,183
677227,0.00,963,177
677327,0.00,960,186
677429,0.00,961,183
677530,0.00,962,180
677632,0.00,959,189
677733,0.00,961,183
677834,0.00,963,177
677935,0.00,961,183
678036,0.00,961,183
678137,0.00,960,186
678239,0.00,959,189
678340,0.00,961,183
678441,0.00,960,186
678542,0.00,962,180
678643,0.00,960,186
678745,0.00,960,186
678846,0.00,962,180
678947,0.00,961,183
679048,0.00,963,177
679149,0.00,962,180
679250,0.00,961,183
679352,0.00,963,177
679453,0.00,961,183
679555,0.00,959,189
679655,0.00,962,180
679756,0.00,962,180
679858,0.00,959,189
679959,0.00,963,177
680060,0.00,961,183
680162,0.00,963,177
680262,0.00,964,173
680364,0.00,958,192
680465,0.00,959,189
680566,0.00,961,183
680668,0.00,961,183
680769,0.00,961,183
680869,0.00,961,183
680971,0.00,962,180
681072,0.00,958,192
681174,0.00,961,183
681275,0.00,961,183
681376,0.00,960,186
681477,0.00,962,180
681578,0.00,960,186
681679,0.00,958,192
681781,0.00,961,183
681882,0.00,959,189
681982,0.00,961,183
682084,0.00,961,183
682185,0.00,959,189
682287,0.00,962,180
682388,0.00,962,180
682489,0.00,961,183
682590,0.00,960,186
682691,0.00,959,189
682792,0.00,962,180
682894,0.00,957,195
682995,0.00,963,177
683097,0.00,961,183
683197,0.00,961,183
683298,0.00,962,180
683400,0.00,961,183
683501,0.00,959,189
683602,0.00,960,186
683704,0.00,960,186
683804,0.00,959,189
683906,0.00,960,186
684007,0.00,959,189
684108,0.00,959,189
684210,0.00,962,180
684311,0.00,961,183
684411,0.00,961,183
684513,0.00,962,180
684614,0.00,962,180
684716,0.00,962,180
684817,0.00,962,180
684918,0.00,961,183
685019,0.00,960,186
685120,0.00,956,199
685221,0.00,958,192
685323,0.00,955,202
685424,0.00,955,202
685524,0.00,954,205
685626,0.00,955,202
685727,0.00,955,202
685829,0.00,956,199
685930,0.00,955,202
686031,0.00,954,205
686132,0.00,955,202
686233,0.00,956,199
686334,0.00,955,202
686436,0.00,956,199
686537,0.00,954,205
686639,0.00,954,205
686739,0.00,955,202
686840,0.00,954,205
686942,0.00,954,205
687043,0.00,954,205
687144,0.00,956,199
687246,0.00,954,205
687346,0.00,955,202
687448,0.00,955,202
687549,0.00,955,202
687650,0.00,954,205
687752,0.00,955,202
687853,0.00,955,202
687953,0.00,954,205
688055,0.00,955,202
688156,0.00,956,199
688258,0.00,955,202
688359,0.00,957,195
688460,0.00,953,208
688561,0.00,954,205
688662,0.00,956,199
688763,0.00,954,205
688865,0.00,954,205
688966,0.00,953,208
689067,0.00,954,205
689168,0.00,957,195
689269,0.00,953,208
689371,0.00,956,199
689472,0.00,954,205
689573,0.00,953,208
689674,0.00,954,205
689775,0.00,953,208
689876,0.00,957,195
689978,0.00,954,205
690079,0.00,956,199
690181,0.00,953,208
690281,0.00,954,205
690382,0.00,958,192
690484,0.00,957,195
690585,0.00,956,199
690686,0.00,959,189
690788,0.00,955,202
690888,0.00,953,208
690990,0.00,949,221
691091,0.00,955,202
691192,0.00,956,199
691294,0.00,951,214
691395,0.00,950,218
691495,0.00,954,205
691597,0.00,958,192
691698,0.00,959,189
691800,0.00,955,202
691901,0.00,958,192
692001,0.00,955,202
692103,0.00,957,195
692204,0.00,958,192
692305,0.00,957,195
692407,0.00,957,195
692508,0.00,957,195
692609,0.00,955,202
692710,0.00,957,195
692811,0.00,956,199
692913,0.00,958,192
693014,0.00,957,195
693115,0.00,957,195
693216,0.00,959,189
693317,0.00,958,192
693419,0.00,957,195
693520,0.00,957,195
693621,0.00,957,195
693723,0.00,957,195
693823,0.00,956,199
693924,0.00,958,192
694026,0.00,958,192
694127,0.00,957,195
694228,0.00,957,195
694330,0.00,955,202
694430,0.00,957,195
694532,0.00,958,192
694633,0.00,957,195
694734,0.00,957,195
694836,0.00,958,192
694937,0.00,956,199
695037,0.00,957,195
695139,0.00,953,208
695240,0.00,957,195
695342,0.00,956,199
695443,0.00,957,195
695543,0.00,958,192
695645,0.00,959,189
695746,0.00,959,189
695847,0.00,961,183
695949,0.00,962,180
696050,0.00,960,186
696151,0.00,958,192
696252,0.00,954,205
696353,0.00,955,202
696455,0.00,959,189
696556,0.00,960,186
696657,0.00,956,199
696758,0.00,957,195
696859,0.00,960,186
696961,0.00,958,192
697062,0.00,960,186
697163,0.00,958,192
697265,0.00,958,192
697365,0.00,960,186
697466,0.00,958,192
697568,0.00,956,199
697669,0.00,958,192
697771,0.00,957,195
697872,0.00,957,195
697972,0.00,957,195
698074,0.00,958,192
698175,0.00,958,192
698276,0.00,958,192
698378,0.00,956,199
698479,0.00,959,189
698579,0.00,960,186
698681,0.00,960,186
698782,0.00,955,202
698884,0.00,956,199
698985,0.00,956,199
699085,0.00,958,192
699187,0.00,960,186
699288,0.00,960,186
699389,0.00,959,189
699491,0.00,959,189
699592,0.00,956,199
699693,0.00,961,183
699794,0.00,957,195
699895,0.00,957,195
699997,0.00,959,189
700098,0.00,958,192
700199,0.00,955,202
700300,0.00,960,186
700401,0.00,958,192
700503,0.00,959,189
700604,0.00,955,202
700705,0.00,961,183
700807,0.00,957,195
700907,0.00,959,189
701008,0.00,959,189
701110,0.00,959,189
701211,0.00,957,195
701313,0.00,957,195
701414,0.00,959,189
701514,0.00,958,192
701616,0.00,959,189
701717,0.00,959,189
701818,0.00,959,189
701920,0.00,960,186
702020,0.00,959,189
702121,0.00,959,189
702223,0.00,954,205
702324,0.00,959,189
702426,0.00,955,202
702527,0.00,960,186
702627,0.00,960,186
702729,0.00,954,205
702830,0.00,956,199
702931,0.00,957,195
703033,0.00,958,192
703134,0.00,948,224
703235,0.00,957,195
703336,0.00,961,183
703437,0.00,948,224
703539,0.00,953,208
703640,0.00,957,195
703741,0.00,953,208
703842,0.00,954,205
703943,0.00,948,224
704045,0.00,942,244
704146,0.00,951,214
704247,0.00,954,205
704349,0.00,949,221
704449,0.00,957,195
704550,0.00,955,202
704652,0.00,958,192
704753,0.00,959,189
704855,0.00,957,195
704955,0.00,958,192
705056,0.00,958,192
705158,0.00,957,195
705259,0.00,958,192
705360,0.00,958,192
705462,0.00,958,192
705562,0.00,958,192
705664,0.00,958,192
705765,0.00,959,189
705866,0.00,957,195
705968,0.00,958,192
706069,0.00,960,186
706169,0.00,959,189
706271,0.00,957,195
706372,0.00,958,192
706473,0.00,958,192
706575,0.00,957,195
706676,0.00,959,189
706777,0.00,957,195
706878,0.00,959,189
706979,0.00,957,195
707081,0.00,957,195
707182,0.00,959,189
707283,0.00,958,192
707384,0.00,959,189
707485,0.00,958,192
707587,0.00,958,192
707688,0.00,957,195
707789,0.00,960,186
707890,0.00,958,192
707991,0.00,958,192
708092,0.00,958,192
708194,0.00,958,192
708295,0.00,959,189
708397,0.00,958,192
708497,0.00,958,192
708598,0.00,959,189
708700,0.00,959,189
708801,0.00,960,186
708902,0.00,958,192
709004,0.00,957,195
709104,0.00,959,189
709206,0.00,958,192
709307,0.00,959,189
709408,0.00,958,192
709510,0.00,958,192
709611,0.00,958,192
709711,0.00,957,195
709813,0.00,958,192
709914,0.00,960,186
710016,0.00,959,189
710117,0.00,957,195
710218,0.00,959,189
710319,0.00,958,192
710420,0.00,957,195
710521,0.00,958,192
710623,0.00,958,192
710724,0.00,957,195
710825,0.00,957,195
710926,0.00,957,195
711027,0.00,958,192
711129,0.00,959,189
711230,0.00,960,186
711331,0.00,958,192
711432,0.00,957,195
711533,0.00,957,195
711634,0.00,960,186
711736,0.00,958,192
711837,0.00,958,192
711939,0.00,958,192
712039,0.00,957,195
712140,0.00,959,189
712242,0.00,958,192
712343,0.00,958,192
712444,0.00,959,189
712546,0.00,957,195
712646,0.00,957,195
712748,0.00,959,189
712849,0.00,960,186
712950,0.00,958,192
713052,0.00,958,192
713153,0.00,959,189
713253,0.00,958,192
713355,0.00,957,195
713456,0.00,958,192
713558,0.00,957,195
713659,0.00,959,189
713760,0.00,959,189
713861,0.00,957,195
713962,0.00,959,189
714063,0.00,957,195
# load_kg=1622.00
714166,1622.00,959,189
714267,1622.00,958,192
714369,1622.00,957,195
714470,1622.00,959,189
714571,1622.00,958,192
714673,1622.00,960,186
714774,1622.00,958,192
714875,1622.00,959,189
714977,1622.00,957,195
715078,1622.00,959,189
715180,1622.00,958,192
715280,1622.00,960,186
715381,1622.00,959,189
715483,1622.00,960,186
715584,1622.00,958,192
715685,1622.00,958,192
715787,1622.00,959,189
715888,1622.00,958,192
715990,1622.00,958,192
716091,1622.00,959,189
716192,1622.00,959,189
716294,1622.00,958,192
716395,1622.00,959,189
716496,1622.00,960,186
716598,1622.00,958,192
716699,1622.00,957,195
716801,1622.00,957,195
716902,1622.00,958,192
717003,1622.00,958,192
717105,1622.00,959,189
717206,1622.00,957,195
717307,1622.00,957,195
717409,1622.00,957,195
717510,1622.00,958,192
717612,1622.00,957,195
717713,1622.00,958,192
717814,1622.00,958,192
717916,1622.00,957,195
718017,1622.00,959,189
718118,1622.00,958,192
718220,1622.00,958,192
718321,1622.00,958,192
718423,1622.00,959,189
718524,1622.00,960,186
718625,1622.00,959,189
718727,1622.00,958,192
718828,1622.00,957,195
718929,1622.00,959,189
719031,1622.00,957,195
719132,1622.00,960,186
719234,1622.00,958,192
719335,1622.00,959,189
719436,1622.00,958,192
719538,1622.00,958,192
719639,1622.00,958,192
719740,1622.00,957,195
719842,1622.00,957,195
719943,1622.00,958,192
720045,1622.00,957,195
720146,1622.00,957,195
720247,1622.00,958,192
720349,1622.00,955,202
720450,1622.00,958,192
720551,1622.00,959,189
720653,1622.00,958,192
720754,1622.00,959,189
720856,1622.00,959,189
720957,1622.00,960,186
721058,1622.00,957,195
721160,1622.00,958,192
721261,1622.00,957,195
721362,1622.00,957,195
721464,1622.00,959,189
721565,1622.00,960,186
721667,1622.00,957,195
721768,1622.00,958,192
721869,1622.00,958,192
721971,1622.00,958,192
722072,1622.00,960,186
722173,1622.00,960,186
722275,1622.00,957,195
722376,1622.00,959,189
722478,1622.00,959,189
722579,1622.00,958,192
722680,1622.00,959,189
722782,1622.00,957,195
722883,1622.00,958,192
722984,1622.00,960,186
723086,1622.00,958,192
723187,1622.00,959,189
723288,1622.00,959,189
723389,1622.00,957,195
723490,1622.00,958,192
723592,1622.00,959,189
723693,1622.00,960,186
723794,1622.00,958,192
723896,1622.00,958,192
723997,1622.00,957,195
724099,1622.00,959,189
724200,1622.00,958,192
724301,1622.00,954,205
724403,1622.00,959,189
724504,1622.00,958,192
724605,1622.00,957,195
724707,1622.00,959,189
724808,1622.00,960,186
724910,1622.00,958,192
725011,1622.00,959,189
725112,1622.00,959,189
725214,1622.00,957,195
725315,1622.00,958,192
725416,1622.00,958,192
725518,1622.00,960,186
725619,1622.00,954,205
725721,1622.00,958,192
725822,1622.00,958,192
725923,1622.00,960,186
726025,1622.00,957,195
726126,1622.00,959,189
726227,1622.00,958,192
726329,1622.00,957,195
726430,1622.00,959,189
726532,1622.00,957,195
726633,1622.00,959,189
726734,1622.00,957,195
726836,1622.00,958,192
726937,1622.00,957,195
727038,1622.00,959,189
727140,1622.00,959,189
727241,1622.00,959,189
727343,1622.00,960,186
727444,1622.00,957,195
727545,1622.00,960,186
727647,1622.00,958,192
727748,1622.00,959,189
727849,1622.00,957,195
727951,1622.00,956,199
728052,1622.00,960,186
728154,1622.00,960,186
728255,1622.00,959,189
728356,1622.00,960,186
728458,1622.00,959,189
728559,1622.00,958,192
728660,1622.00,959,189
728762,1622.00,959,189
728863,1622.00,957,195
728965,1622.00,954,205
729066,1622.00,960,186
729167,1622.00,958,192
729269,1622.00,956,199
729370,1622.00,958,192
729472,1622.00,959,189
729573,1622.00,956,199
729674,1622.00,958,192
729776,1622.00,959,189
729877,1622.00,960,186
729978,1622.00,957,195
730080,1622.00,959,189
730181,1622.00,958,192
730283,1622.00,957,195
730384,1622.00,958,192
730485,1622.00,959,189
730587,1622.00,959,189
730688,1622.00,957,195
730789,1622.00,957,195
730891,1622.00,958,192
730992,1622.00,958,192
731094,1622.00,959,189
731195,1622.00,957,195
731296,1622.00,957,195
731398,1622.00,959,189
731499,1622.00,959,189
731600,1622.00,960,186
731701,1622.00,960,186
731802,1622.00,959,189
731904,1622.00,958,192
732005,1622.00,959,189
732106,1622.00,959,189
732208,1622.00,957,195
732309,1622.00,960,186
732410,1622.00,958,192
732512,1622.00,958,192
732613,1622.00,958,192
732715,1622.00,958,192
732816,1622.00,959,189
732917,1622.00,958,192
733019,1622.00,959,189
733120,1622.00,956,199
733221,1622.00,958,192
733323,1622.00,958,192
733424,1622.00,960,186
733526,1622.00,960,186
733627,1622.00,957,195
733728,1622.00,959,189
733830,1622.00,957,195
733931,1622.00,960,186
734032,1622.00,959,189
734134,1622.00,959,189
734235,1622.00,959,189
734337,1622.00,958,192
734438,1622.00,958,192
734539,1622.00,960,186
734641,1622.00,959,189
734742,1622.00,958,192
734843,1622.00,958,192
734945,1622.00,958,192
735046,1622.00,957,195
735148,1622.00,959,189
735249,1622.00,960,186
735350,1622.00,960,186
735452,1622.00,958,192
735553,1622.00,960,186
735654,1622.00,960,186
735756,1622.00,957,195
735857,1622.00,960,186
735959,1622.00,957,195
736060,1622.00,959,189
736161,1622.00,960,186
736263,1622.00,958,192
736364,1622.00,958,192
736465,1622.00,957,195
736567,1622.00,957,195
736668,1622.00,957,195
736770,1622.00,958,192
736871,1622.00,959,189
736972,1622.00,957,195
737074,1622.00,958,192
737175,1622.00,960,186
737276,1622.00,958,192
737378,1622.00,957,195
737479,1622.00,959,189
737581,1622.00,958,192
737682,1622.00,960,186
737783,1622.00,959,189
737885,1622.00,959,189
737986,1622.00,959,189
738087,1622.00,960,186
738189,1622.00,959,189
738290,1622.00,957,195
738392,1622.00,959,189
738493,1622.00,959,189
738594,1622.00,960,186
738696,1622.00,958,192
738797,1622.00,958,192
738898,1622.00,960,186
739000,1622.00,955,202
739101,1622.00,958,192
739203,1622.00,957,195
739304,1622.00,960,186
739405,1622.00,958,192
739507,1622.00,959,189
739608,1622.00,958,192
739709,1622.00,961,183
739811,1622.00,958,192
739912,1622.00,958,192
740014,1622.00,959,189
740115,1622.00,957,195
740216,1622.00,958,192
740318,1622.00,956,199
740418,1622.00,958,192
740519,1622.00,960,186
740621,1622.00,958,192
740722,1622.00,957,195
740824,1622.00,958,192
740925,1622.00,958,192
741026,1622.00,959,189
741128,1622.00,957,195
741229,1622.00,957,195
741330,1622.00,959,189
741432,1622.00,960,186
741533,1622.00,958,192
741635,1622.00,959,189
741736,1622.00,959,189
741837,1622.00,960,186
741939,1622.00,960,186
742040,1622.00,958,192
742141,1622.00,956,199
742243,1622.00,958,192
742344,1622.00,959,189
742446,1622.00,957,195
742547,1622.00,958,192
742648,1622.00,958,192
742750,1622.00,959,189
742851,1622.00,959,189
742952,1622.00,958,192
743054,1622.00,959,189
743155,1622.00,958,192
743257,1622.00,957,195
743358,1622.00,958,192
743459,1622.00,957,195
743561,1622.00,959,189
743662,1622.00,957,195
743763,1622.00,959,189
743865,1622.00,959,189
743966,1622.00,958,192
744068,1622.00,959,189
744169,1622.00,957,195
744270,1622.00,955,202
744372,1622.00,958,192
744473,1622.00,958,192
744574,1622.00,958,192
744676,1622.00,958,192
744777,1622.00,959,189
744879,1622.00,959,189
744980,1622.00,959,189
745081,1622.00,959,189
745183,1622.00,959,189
745284,1622.00,959,189
745385,1622.00,960,186
745487,1622.00,958,192
745588,1622.00,959,189
745690,1622.00,960,186
745791,1622.00,957,195
745892,1622.00,958,192
745994,1622.00,959,189
746095,1622.00,958,192
746196,1622.00,958,192
746298,1622.00,957,195
746399,1622.00,959,189
746501,1622.00,959,189
746602,1622.00,958,192
746703,1622.00,954,205
746805,1622.00,959,189
746906,1622.00,957,195
747008,1622.00,959,189
747109,1622.00,959,189
747210,1622.00,959,189
747312,1622.00,959,189
747413,1622.00,959,189
747514,1622.00,960,186
747616,1622.00,958,192
747717,1622.00,959,189
747819,1622.00,957,195
747920,1622.00,957,195
748021,1622.00,954,205
748123,1622.00,959,189
748224,1622.00,959,189
748325,1622.00,959,189
748427,1622.00,959,189
748527,1622.00,957,195
748628,1622.00,959,189
748730,1622.00,960,186
748831,1622.00,957,195
748933,1622.00,958,192
749034,1622.00,959,189
749135,1622.00,959,189
749237,1622.00,959,189
749338,1622.00,959,189
749440,1622.00,960,186
749541,1622.00,959,189
749642,1622.00,957,195
749744,1622.00,959,189
749845,1622.00,956,199
749946,1622.00,957,195
750048,1622.00,959,189
750149,1622.00,959,189
750251,1622.00,960,186
750352,1622.00,957,195
750453,1622.00,960,186
750555,1622.00,958,192
750656,1622.00,959,189
750757,1622.00,959,189
750859,1622.00,958,192
750960,1622.00,960,186
751062,1622.00,960,186
751163,1622.00,960,186
751264,1622.00,959,189
751366,1622.00,959,189
751467,1622.00,958,192
751568,1622.00,959,189
751670,1622.00,957,195
751771,1622.00,959,189
751873,1622.00,956,199
751974,1622.00,958,192
752075,1622.00,960,186
752177,1622.00,957,195
752278,1622.00,958,192
752379,1622.00,958,192
752481,1622.00,960,186
752582,1622.00,957,195
752684,1622.00,960,186
752785,1622.00,958,192
752886,1622.00,958,192
752988,1622.00,960,186
753089,1622.00,956,199
753190,1622.00,959,189
753292,1622.00,959,189
753393,1622.00,959,189
753495,1622.00,959,189
753596,1622.00,958,192
753697,1622.00,958,192
753799,1622.00,959,189
753900,1622.00,958,192
754001,1622.00,958,192
754103,1622.00,959,189
754204,1622.00,959,189
754306,1622.00,959,189
754407,1622.00,958,192
754508,1622.00,959,189
754610,1622.00,959,189
754711,1622.00,959,189
754812,1622.00,958,192
754914,1622.00,958,192
755015,1622.00,959,189
755117,1622.00,959,189
755218,1622.00,957,195
755319,1622.00,959,189
755421,1622.00,957,195
755522,1622.00,957,195
755623,1622.00,959,189
755725,1622.00,959,189
755826,1622.00,959,189
755928,1622.00,958,192
756029,1622.00,961,183
756130,1622.00,958,192
756232,1622.00,957,195
756333,1622.00,958,192
756434,1622.00,959,189
756536,1622.00,956,199
756637,1622.00,959,189
756739,1622.00,958,192
756840,1622.00,959,189
756941,1622.00,960,186
757043,1622.00,959,189
757144,1622.00,955,202
757245,1622.00,959,189
757347,1622.00,959,189
757448,1622.00,958,192
757550,1622.00,959,189
757650,1622.00,959,189
757751,1622.00,958,192
757853,1622.00,959,189
757954,1622.00,959,189
758055,1622.00,958,192
758157,1622.00,960,186
758258,1622.00,958,192
758360,1622.00,959,189
758461,1622.00,959,189
758562,1622.00,961,183
758664,1622.00,959,189
758765,1622.00,959,189
758866,1622.00,959,189
758968,1622.00,957,195
759069,1622.00,959,189
759171,1622.00,958,192
759272,1622.00,960,186
759373,1622.00,959,189
759475,1622.00,959,189
759576,1622.00,957,195
759677,1622.00,959,189
759779,1622.00,959,189
759880,1622.00,957,195
759982,1622.00,959,189
760083,1622.00,959,189
760184,1622.00,957,195
760286,1622.00,959,189
760387,1622.00,958,192
760488,1622.00,958,192
760590,1622.00,958,192
760691,1622.00,959,189
760793,1622.00,958,192
760894,1622.00,959,189
760995,1622.00,959,189
761097,1622.00,959,189
761198,1622.00,959,189
761299,1622.00,958,192
761401,1622.00,958,192
761502,1622.00,959,189
761604,1622.00,958,192
761705,1622.00,959,189
761806,1622.00,959,189
761908,1622.00,959,189
762009,1622.00,958,192
762110,1622.00,959,189
762212,1622.00,960,186
762313,1622.00,957,195
762415,1622.00,959,189
762516,1622.00,959,189
762617,1622.00,958,192
762719,1622.00,958,192
762820,1622.00,959,189
762921,1622.00,958,192
763023,1622.00,957,195
763124,1622.00,958,192
763226,1622.00,958,192
763327,1622.00,958,192
763428,1622.00,958,192
763530,1622.00,959,189
763631,1622.00,958,192
763732,1622.00,959,189
763834,1622.00,959,189
763935,1622.00,959,189
764037,1622.00,958,192
764138,1622.00,961,183
764239,1622.00,959,189
764341,1622.00,959,189
764442,1622.00,959,189
764544,1622.00,958,192
764645,1622.00,961,183
764746,1622.00,959,189
764848,1622.00,959,189
764949,1622.00,957,195
765050,1622.00,957,195
765152,1622.00,959,189
765253,1622.00,960,186
765355,1622.00,959,189
765456,1622.00,959,189
765557,1622.00,954,205
765659,1622.00,957,195
765760,1622.00,960,186
765861,1622.00,959,189
765963,1622.00,958,192
766064,1622.00,957,195
766166,1622.00,955,202
766267,1622.00,959,189
766368,1622.00,960,186
766470,1622.00,958,192
766571,1622.00,959,189
766672,1622.00,958,192
766774,1622.00,959,189
766875,1622.00,958,192
766977,1622.00,960,186
767078,1622.00,957,195
767179,1622.00,957,195
767280,1622.00,958,192
767381,1622.00,959,189
767482,1622.00,959,189
767584,1622.00,959,189
767685,1622.00,960,186
767787,1622.00,958,192
767888,1622.00,959,189
767989,1622.00,955,202
768091,1622.00,959,189
768192,1622.00,960,186
768293,1622.00,957,195
768395,1622.00,959,189
768496,1622.00,958,192
768598,1622.00,960,186
768699,1622.00,960,186
768800,1622.00,959,189
768902,1622.00,958,192
769003,1622.00,959,189
769104,1622.00,957,195
769206,1622.00,956,199
769307,1622.00,959,189
769409,1622.00,960,186
769510,1622.00,957,195
769611,1622.00,957,195
769713,1622.00,958,192
769814,1622.00,959,189
769915,1622.00,959,189
770017,1622.00,960,186
770118,1622.00,958,192
770220,1622.00,958,192
770321,1622.00,957,195
770422,1622.00,957,195
770524,1622.00,959,189
770625,1622.00,961,183
770726,1622.00,959,189
770828,1622.00,958,192
770929,1622.00,958,192
771031,1622.00,957,195
771132,1622.00,960,186
771233,1622.00,958,192
771335,1622.00,957,195
771436,1622.00,958,192
771537,1622.00,958,192
771639,1622.00,958,192
771740,1622.00,959,189
771842,1622.00,959,189
771943,1622.00,958,192
772044,1622.00,958,192
772146,1622.00,958,192
772247,1622.00,958,192
772348,1622.00,959,189
772450,1622.00,957,195
772551,1622.00,958,192
772653,1622.00,959,189
772754,1622.00,960,186
772855,1622.00,959,189
772957,1622.00,958,192
773058,1622.00,958,192
773159,1622.00,959,189
773261,1622.00,959,189
773362,1622.00,959,189
773464,1622.00,958,192
# load_kg=0.00
773565,0.00,957,195
773666,0.00,959,189
773768,0.00,958,192
773869,0.00,959,189
773970,0.00,959,189
774071,0.00,960,186
774172,0.00,958,192
774274,0.00,958,192
774375,0.00,959,189
774476,0.00,960,186
774578,0.00,957,195
774678,0.00,959,189
774779,0.00,959,189
774881,0.00,960,186
774982,0.00,958,192
775084,0.00,961,183
775185,0.00,961,183
775285,0.00,958,192
775387,0.00,958,192
775488,0.00,957,195
775589,0.00,958,192
775691,0.00,958,192
775791,0.00,958,192
775892,0.00,957,195
775994,0.00,958,192
776095,0.00,957,195
776197,0.00,958,192
776298,0.00,958,192
776398,0.00,958,192
776500,0.00,958,192
776601,0.00,959,189
776702,0.00,956,199
776804,0.00,959,189
776905,0.00,957,195
777006,0.00,958,192
777107,0.00,959,189
777208,0.00,958,192
777310,0.00,955,202
777411,0.00,959,189
777512,0.00,960,186
777613,0.00,958,192
777714,0.00,959,189
777816,0.00,959,189
777917,0.00,960,186
778018,0.00,958,192
778120,0.00,957,195
778220,0.00,957,195
778321,0.00,957,195
778423,0.00,961,183
778524,0.00,961,183
778626,0.00,957,195
778726,0.00,955,202
778827,0.00,957,195
778929,0.00,951,214
779030,0.00,953,208
779131,0.00,950,218
779233,0.00,950,218
779333,0.00,951,214
779435,0.00,952,211
779536,0.00,949,221
779637,0.00,952,211
779739,0.00,953,208
779840,0.00,956,199
779940,0.00,952,211
780042,0.00,954,205
780143,0.00,951,214
780244,0.00,953,208
780346,0.00,953,208
780447,0.00,953,208
780548,0.00,951,214
780649,0.00,954,205
780750,0.00,953,208
780852,0.00,952,211
780953,0.00,953,208
781054,0.00,952,211
781155,0.00,953,208
781256,0.00,950,218
781358,0.00,953,208
781459,0.00,954,205
781560,0.00,952,211
781662,0.00,952,211
781762,0.00,952,211
781863,0.00,950,218
781965,0.00,952,211
782066,0.00,951,214
782168,0.00,953,208
782268,0.00,954,205
782369,0.00,953,208
782471,0.00,952,211
782572,0.00,952,211
782673,0.00,951,214
782775,0.00,952,211
782875,0.00,953,208
782977,0.00,954,205
783078,0.00,952,211
783179,0.00,953,208
783281,0.00,950,218
783382,0.00,951,214
783482,0.00,953,208
783584,0.00,952,211
783685,0.00,952,211
783787,0.00,952,211
783888,0.00,952,211
783989,0.00,953,208
784090,0.00,952,211
784191,0.00,954,205
784292,0.00,953,208
784394,0.00,950,218
784495,0.00,954,205
784596,0.00,952,211
784697,0.00,950,218
784798,0.00,952,211
784900,0.00,951,214
785001,0.00,951,214
785102,0.00,951,214
785204,0.00,953,208
785304,0.00,952,211
785405,0.00,953,208
785507,0.00,953,208
785608,0.00,951,214
785710,0.00,953,208
785810,0.00,951,214
785911,0.00,951,214
786013,0.00,953,208
786114,0.00,953,208
786215,0.00,953,208
786317,0.00,954,205
786417,0.00,952,211
786519,0.00,951,214
786620,0.00,953,208
786721,0.00,954,205
786823,0.00,952,211
786924,0.00,953,208
787024,0.00,953,208
787126,0.00,950,218
787227,0.00,953,208
787329,0.00,952,211
787430,0.00,952,211
787531,0.00,951,214
787632,0.00,954,205
787733,0.00,950,218
787834,0.00,952,211
787936,0.00,953,208
788037,0.00,953,208
788139,0.00,953,208
788239,0.00,954,205
788340,0.00,949,221
788442,0.00,952,211
788543,0.00,954,205
788644,0.00,953,208
788746,0.00,952,211
788846,0.00,953,208
788947,0.00,952,211
789049,0.00,953,208
789150,0.00,950,218
789252,0.00,952,211
789352,0.00,951,214
789453,0.00,949,221
789555,0.00,953,208
789656,0.00,952,211
789757,0.00,954,205
789859,0.00,954,205
789959,0.00,951,214
790061,0.00,953,208
790162,0.00,953,208
790263,0.00,951,214
790365,0.00,953,208
790466,0.00,954,205
790566,0.00,952,211
790668,0.00,953,208
790769,0.00,953,208
# load_kg=1224.00
790872,1224.00,954,205
790973,1224.00,952,211
791074,1224.00,952,211
791176,1224.00,954,205
791277,1224.00,952,211
791378,1224.00,952,211
791480,1224.00,953,208
791581,1224.00,952,211
791683,1224.00,951,214
791784,1224.00,953,208
791885,1224.00,952,211
791987,1224.00,951,214
792088,1224.00,951,214
792189,1224.00,953,208
792291,1224.00,950,218
792392,1224.00,953,208
792494,1224.00,952,211
792595,1224.00,947,227
792696,1224.00,952,211
792798,1224.00,953,208
792899,1224.00,951,214
793000,1224.00,953,208
793101,1224.00,950,218
793202,1224.00,951,214
793304,1224.00,953,208
793405,1224.00,950,218
793506,1224.00,954,205
793608,1224.00,950,218
793709,1224.00,951,214
793810,1224.00,954,205
793912,1224.00,954,205
794013,1224.00,952,211
794115,1224.00,951,214
794216,1224.00,953,208
794317,1224.00,953,208
794419,1224.00,953,208
794520,1224.00,951,214
794621,1224.00,952,211
794723,1224.00,950,218
794824,1224.00,952,211
794926,1224.00,953,208
795027,1224.00,952,211
795128,1224.00,952,211
795230,1224.00,954,205
795331,1224.00,953,208
795432,1224.00,955,202
795534,1224.00,953,208
795635,1224.00,953,208
795737,1224.00,951,214
795838,1224.00,951,214
795939,1224.00,951,214
796041,1224.00,954,205
796142,1224.00,953,208
796243,1224.00,953,208
796345,1224.00,952,211
796446,1224.00,954,205
796548,1224.00,951,214
796649,1224.00,954,205
796750,1224.00,953,208
796852,1224.00,952,211
796953,1224.00,951,214
797054,1224.00,950,218
797156,1224.00,951,214
797257,1224.00,952,211
797359,1224.00,954,205
797460,1224.00,951,214
797561,1224.00,952,211
797663,1224.00,953,208
797764,1224.00,952,211
797865,1224.00,951,214
797967,1224.00,953,208
798068,1224.00,951,214
798170,1224.00,952,211
798271,1224.00,951,214
798372,1224.00,952,211
798474,1224.00,953,208
798575,1224.00,951,214
798676,1224.00,950,218
798778,1224.00,953,208
798879,1224.00,951,214
798981,1224.00,952,211
799082,1224.00,951,214
799183,1224.00,953,208
799285,1224.00,953,208
799386,1224.00,952,211
799488,1224.00,954,205
799589,1224.00,953,208
799690,1224.00,950,218
799792,1224.00,952,211
799893,1224.00,951,214
799994,1224.00,951,214
800096,1224.00,953,208
800197,1224.00,952,211
800299,1224.00,950,218
800400,1224.00,951,214
800501,1224.00,953,208
800603,1224.00,950,218
800704,1224.00,951,214
800805,1224.00,954,205
800907,1224.00,952,211
801008,1224.00,950,218
801110,1224.00,951,214
801211,1224.00,952,211
801312,1224.00,950,218
801414,1224.00,954,205
801515,1224.00,951,214
801616,1224.00,951,214
801718,1224.00,953,208
801819,1224.00,951,214
801921,1224.00,952,211
802022,1224.00,952,211
802123,1224.00,951,214
802225,1224.00,952,211
802326,1224.00,953,208
802427,1224.00,953,208
802529,1224.00,951,214
802630,1224.00,953,208
802732,1224.00,952,211
802833,1224.00,951,214
802934,1224.00,950,218
803036,1224.00,952,211
803137,1224.00,950,218
803238,1224.00,951,214
803340,1224.00,952,211
803441,1224.00,952,211
803543,1224.00,951,214
803644,1224.00,954,205
803745,1224.00,953,208
803847,1224.00,950,218
803948,1224.00,953,208
804049,1224.00,952,211
804151,1224.00,952,211
804252,1224.00,953,208
804354,1224.00,950,218
804455,1224.00,952,211
804556,1224.00,953,208
804657,1224.00,950,218
804758,1224.00,950,218
804859,1224.00,951,214
804961,1224.00,951,214
805062,1224.00,951,214
805164,1224.00,951,214
805265,1224.00,951,214
805366,1224.00,951,214
805468,1224.00,950,218
805569,1224.00,951,214
805670,1224.00,952,211
805772,1224.00,951,214
805873,1224.00,953,208
805975,1224.00,951,214
806076,1224.00,953,208
806177,1224.00,952,211
806279,1224.00,951,214
806380,1224.00,953,208
806481,1224.00,951,214
806583,1224.00,951,214
806684,1224.00,952,211
806786,1224.00,953,208
806887,1224.00,951,214
806988,1224.00,951,214
807090,1224.00,951,214
807191,1224.00,950,218
807292,1224.00,949,221
807394,1224.00,954,205
807495,1224.00,952,211
807597,1224.00,951,214
807698,1224.00,950,218
807799,1224.00,953,208
807901,1224.00,951,214
808002,1224.00,953,208
808103,1224.00,954,205
808205,1224.00,952,211
808306,1224.00,952,211
808408,1224.00,953,208
808509,1224.00,954,205
808610,1224.00,953,208
808712,1224.00,953,208
808813,1224.00,951,214
808914,1224.00,951,214
809016,1224.00,951,214
809117,1224.00,953,208
809219,1224.00,952,211
809320,1224.00,952,211
809421,1224.00,951,214
809523,1224.00,953,208
809624,1224.00,949,221
809725,1224.00,952,211
809827,1224.00,952,211
809928,1224.00,953,208
810030,1224.00,953,208
810131,1224.00,953,208
810232,1224.00,953,208
810334,1224.00,952,211
810435,1224.00,951,214
810536,1224.00,953,208
810638,1224.00,952,211
810739,1224.00,952,211
810841,1224.00,953,208
810942,1224.00,951,214
811043,1224.00,953,208
811145,1224.00,952,211
811246,1224.00,951,214
811347,1224.00,954,205
811449,1224.00,953,208
811550,1224.00,950,218
811652,1224.00,952,211
811753,1224.00,953,208
811854,1224.00,953,208
811956,1224.00,950,218
812057,1224.00,951,214
812158,1224.00,950,218
812260,1224.00,952,211
812361,1224.00,952,211
812463,1224.00,951,214
812564,1224.00,950,218
812665,1224.00,953,208
812767,1224.00,953,208
812868,1224.00,953,208
812969,1224.00,952,211
813071,1224.00,951,214
813172,1224.00,951,214
813274,1224.00,950,218
813375,1224.00,952,211
813476,1224.00,951,214
813578,1224.00,953,208
813679,1224.00,951,214
813780,1224.00,951,214
813882,1224.00,953,208
813983,1224.00,951,214
814085,1224.00,954,205
814186,1224.00,954,205
814287,1224.00,952,211
814389,1224.00,952,211
814490,1224.00,951,214
814592,1224.00,952,211
814693,1224.00,948,224
814794,1224.00,952,211
814896,1224.00,950,218
814997,1224.00,951,214
815098,1224.00,953,208
815200,1224.00,951,214
815301,1224.00,950,218
815403,1224.00,953,208
815503,1224.00,951,214
815604,1224.00,951,214
815706,1224.00,953,208
815807,1224.00,953,208
815908,1224.00,953,208
816010,1224.00,951,214
816111,1224.00,952,211
816212,1224.00,953,208
816314,1224.00,951,214
816415,1224.00,951,214
816517,1224.00,952,211
816618,1224.00,952,211
816719,1224.00,952,211
816821,1224.00,951,214
816922,1224.00,952,211
817024,1224.00,952,211
817125,1224.00,949,221
817226,1224.00,952,211
817328,1224.00,953,208
817429,1224.00,950,218
817530,1224.00,951,214
817632,1224.00,953,208
817733,1224.00,952,211
817835,1224.00,953,208
817936,1224.00,952,211
818037,1224.00,952,211
818139,1224.00,953,208
818240,1224.00,954,205
818341,1224.00,952,211
818443,1224.00,952,211
818544,1224.00,954,205
818646,1224.00,952,211
818747,1224.00,951,214
818848,1224.00,953,208
818950,1224.00,950,218
819051,1224.00,952,211
819152,1224.00,953,208
819254,1224.00,952,211
819355,1224.00,951,214
819457,1224.00,952,211
819558,1224.00,952,211
819659,1224.00,950,218
819761,1224.00,951,214
819862,1224.00,951,214
819963,1224.00,950,218
820065,1224.00,949,221
820166,1224.00,953,208
820268,1224.00,952,211
820369,1224.00,952,211
820470,1224.00,951,214
820572,1224.00,951,214
820673,1224.00,951,214
820774,1224.00,952,211
820876,1224.00,952,211
820977,1224.00,953,208
821079,1224.00,951,214
821180,1224.00,951,214
821281,1224.00,952,211
821383,1224.00,953,208
821484,1224.00,952,211
821585,1224.00,954,205
821687,1224.00,953,208
821788,1224.00,951,214
821890,1224.00,951,214
821991,1224.00,953,208
822092,1224.00,950,218
822194,1224.00,950,218
822295,1224.00,953,208
822396,1224.00,953,208
822498,1224.00,953,208
822599,1224.00,951,214
822701,1224.00,951,214
822802,1224.00,951,214
822903,1224.00,951,214
823005,1224.00,952,211
823106,1224.00,950,218
823207,1224.00,953,208
823309,1224.00,951,214
823410,1224.00,952,211
823512,1224.00,952,211
823613,1224.00,953,208
823714,1224.00,951,214
823816,1224.00,951,214
823917,1224.00,953,208
824018,1224.00,952,211
824120,1224.00,952,211
824221,1224.00,953,208
824323,1224.00,950,218
824424,1224.00,950,218
824525,1224.00,953,208
824627,1224.00,951,214
824728,1224.00,954,205
824829,1224.00,952,211
824930,1224.00,952,211
825031,1224.00,953,208
825133,1224.00,953,208
825234,1224.00,952,211
825335,1224.00,950,218
825437,1224.00,954,205
825538,1224.00,952,211
825639,1224.00,951,214
825741,1224.00,953,208
825842,1224.00,953,208
825944,1224.00,951,214
826045,1224.00,953,208
826146,1224.00,951,214
826248,1224.00,950,218
826349,1224.00,950,218
826450,1224.00,954,205
826552,1224.00,951,214
826653,1224.00,951,214
826755,1224.00,954,205
826856,1224.00,952,211
826957,1224.00,950,218
827059,1224.00,952,211
827160,1224.00,951,214
827261,1224.00,951,214
827363,1224.00,953,208
827464,1224.00,953,208
827566,1224.00,951,214
827667,1224.00,950,218
827768,1224.00,952,211
827870,1224.00,952,211
827971,1224.00,951,214
828072,1224.00,951,214
828174,1224.00,948,224
828275,1224.00,951,214
828377,1224.00,953,208
828478,1224.00,951,214
828579,1224.00,950,218
828681,1224.00,953,208
828782,1224.00,951,214
828883,1224.00,952,211
828985,1224.00,953,208
829086,1224.00,954,205
829188,1224.00,953,208
829289,1224.00,953,208
829390,1224.00,952,211
829492,1224.00,952,211
829593,1224.00,952,211
829694,1224.00,952,211
829796,1224.00,951,214
829897,1224.00,951,214
829999,1224.00,954,205
830100,1224.00,951,214
830201,1224.00,951,214
830303,1224.00,953,208
830404,1224.00,950,218
830505,1224.00,953,208
830607,1224.00,951,214
830708,1224.00,952,211
830810,1224.00,950,218
830911,1224.00,951,214
831012,1224.00,952,211
831114,1224.00,949,221
831215,1224.00,951,214
831316,1224.00,952,211
831418,1224.00,950,218
831519,1224.00,952,211
831621,1224.00,953,208
831722,1224.00,950,218
831823,1224.00,953,208
831925,1224.00,951,214
832026,1224.00,951,214
832128,1224.00,952,211
832229,1224.00,953,208
832330,1224.00,952,211
832432,1224.00,950,218
832533,1224.00,951,214
832634,1224.00,953,208
832736,1224.00,950,218
832837,1224.00,952,211
832939,1224.00,953,208
833040,1224.00,954,205
833141,1224.00,952,211
833243,1224.00,951,214
833344,1224.00,953,208
833445,1224.00,949,221
833547,1224.00,952,211
833648,1224.00,952,211
833750,1224.00,952,211
833851,1224.00,952,211
833952,1224.00,953,208
834054,1224.00,953,208
834155,1224.00,950,218
834255,1224.00,951,214
834357,1224.00,950,218
834458,1224.00,952,211
834560,1224.00,951,214
834661,1224.00,952,211
834762,1224.00,952,211
834864,1224.00,953,208
834965,1224.00,952,211
835066,1224.00,951,214
835168,1224.00,953,208
835269,1224.00,950,218
# load_kg=0.00
835372,0.00,952,211
835473,0.00,953,208
835574,0.00,951,214
835675,0.00,952,211
835776,0.00,953,208
835877,0.00,954,205
835979,0.00,951,214
836080,0.00,954,205
836182,0.00,954,205
836282,0.00,950,218
836383,0.00,950,218
836485,0.00,951,214
836586,0.00,950,218
836687,0.00,952,211
836789,0.00,952,211
836889,0.00,953,208
836990,0.00,951,214
837092,0.00,951,214
837193,0.00,953,208
837295,0.00,951,214
837396,0.00,950,218
837496,0.00,954,205
837598,0.00,953,208
837699,0.00,953,208
837800,0.00,951,214
837902,0.00,952,211
838003,0.00,951,214
838104,0.00,953,208
838205,0.00,952,211
838306,0.00,953,208
838408,0.00,950,218
838509,0.00,952,211
838609,0.00,952,211
838711,0.00,954,205
838812,0.00,951,214
838914,0.00,953,208
839015,0.00,952,211
839116,0.00,950,218
839217,0.00,952,211
839318,0.00,952,211
839419,0.00,952,211
839521,0.00,951,214
839622,0.00,952,211
839724,0.00,952,211
839824,0.00,951,214
839925,0.00,953,208
840027,0.00,954,205
840128,0.00,954,205
840229,0.00,952,211
840331,0.00,953,208
840431,0.00,954,205
840532,0.00,954,205
840634,0.00,953,208
840735,0.00,952,211
840837,0.00,951,214
840938,0.00,954,205
841038,0.00,951,214
841140,0.00,954,205
841241,0.00,951,214
841342,0.00,952,211
841444,0.00,952,211
841544,0.00,953,208
841646,0.00,953,208
841747,0.00,953,208
841848,0.00,953,208
841950,0.00,951,214
842051,0.00,953,208
842151,0.00,953,208
842253,0.00,951,214
842354,0.00,953,208
842456,0.00,953,208
842557,0.00,952,211
842658,0.00,953,208
842759,0.00,954,205
842860,0.00,952,211
842961,0.00,950,218
843063,0.00,952,211
843164,0.00,952,211
843266,0.00,952,211
843366,0.00,952,211
843467,0.00,951,214
843569,0.00,951,214
843670,0.00,953,208
843771,0.00,953,208
843873,0.00,953,208
843973,0.00,949,221
844075,0.00,950,218
844176,0.00,952,211
844277,0.00,951,214
844379,0.00,953,208
844479,0.00,951,214
844580,0.00,952,211
844682,0.00,950,218
844783,0.00,952,211
844884,0.00,951,214
844986,0.00,953,208
845086,0.00,951,214
845188,0.00,952,211
845289,0.00,953,208
845390,0.00,950,218
845492,0.00,952,211
845593,0.00,953,208
845693,0.00,954,205
845795,0.00,954,205
845896,0.00,953,208
845998,0.00,951,214
846099,0.00,953,208
846200,0.00,954,205
846301,0.00,953,208
846402,0.00,953,208
846503,0.00,952,211
846605,0.00,954,205
846706,0.00,949,221
846808,0.00,952,211
846908,0.00,953,208
847009,0.00,953,208
847111,0.00,952,211
847212,0.00,953,208
847313,0.00,951,214
847414,0.00,952,211
847515,0.00,950,218
847617,0.00,951,214
847718,0.00,953,208
847819,0.00,954,205
847921,0.00,952,211
848021,0.00,949,221
848122,0.00,949,221
848224,0.00,952,211
848325,0.00,952,211
848427,0.00,950,218
848528,0.00,952,211
848628,0.00,776,902
848730,0.00,329,5976
848831,0.00,363,5151
848932,0.00,358,5262
849034,0.00,355,5331
849135,0.00,344,5592
849236,0.00,344,5592
849337,0.00,347,5519
849438,0.00,324,6112
849540,0.00,325,6084
849641,0.00,322,6167
849742,0.00,324,6112
849844,0.00,328,6003
849945,0.00,325,6084
850046,0.00,323,6140
850147,0.00,319,6252
850248,0.00,319,6252
850350,0.00,316,6338
850451,0.00,318,6281
850552,0.00,320,6224
850654,0.00,315,6368
850755,0.00,310,6516
850856,0.00,294,7025
850957,0.00,293,7058
851058,0.00,294,7025
851160,0.00,289,7195
851261,0.00,285,7336
851362,0.00,279,7555
851464,0.00,281,7481
851565,0.00,283,7408
851666,0.00,283,7408
851767,0.00,280,7518
851868,0.00,277,7630
851970,0.00,275,7706
852071,0.00,274,7744
852172,0.00,274,7744
852274,0.00,275,7706
852375,0.00,279,7555
852476,0.00,278,7592
852577,0.00,280,7518
852678,0.00,277,7630
852780,0.00,275,7706
852881,0.00,272,7822
852982,0.00,272,7822
853084,0.00,271,7861
853185,0.00,265,8103
853286,0.00,262,8229
853387,0.00,259,8357
853488,0.00,251,8713
853590,0.00,251,8713
853691,0.00,252,8668
853792,0.00,253,8622
853894,0.00,253,8622
853995,0.00,253,8622
854096,0.00,251,8713
854197,0.00,248,8853
854298,0.00,249,8806
854400,0.00,246,8948
854501,0.00,236,9447
854602,0.00,234,9552
854704,0.00,232,9659
854805,0.00,233,9605
854906,0.00,230,9768
855007,0.00,229,9823
855108,0.00,230,9768
855209,0.00,229,9823
855311,0.00,228,9878
855412,0.00,229,9823
855514,0.00,228,9878
855615,0.00,229,9823
855715,0.00,231,9713
855817,0.00,230,9768
855918,0.00,228,9878
856019,0.00,226,9991
856121,0.00,224,10105
856222,0.00,222,10222
856324,0.00,219,10401
856425,0.00,221,10281
856526,0.00,222,10222
856628,0.00,221,10281
856729,0.00,216,10584
856829,0.00,217,10523
856931,0.00,216,10584
857032,0.00,214,10710
857134,0.00,216,10584
857235,0.00,215,10647
857336,0.00,215,10647
857438,0.00,215,10647
857539,0.00,214,10710
857640,0.00,215,10647
857742,0.00,213,10773
857843,0.00,213,10773
857945,0.00,210,10968
858046,0.00,209,11034
858146,0.00,209,11034
858248,0.00,209,11034
858349,0.00,210,10968
858450,0.00,211,10902
858552,0.00,209,11034
858653,0.00,209,11034
858755,0.00,195,12029
858856,0.00,197,11878
858957,0.00,197,11878
859059,0.00,195,12029
859160,0.00,197,11878
859261,0.00,198,11804
859363,0.00,195,12029
859463,0.00,195,12029
859565,0.00,195,12029
859666,0.00,192,12262
859767,0.00,192,12262
859869,0.00,193,12183
859970,0.00,355,5331
860071,0.00,498,2987
860173,0.00,724,1170
860274,0.00,815,723
860376,0.00,904,373
860476,0.00,912,345
860577,0.00,917,327
860679,0.00,916,331
860780,0.00,917,327
860881,0.00,915,334
860982,0.00,909,355
861083,0.00,914,338
861185,0.00,918,324
861286,0.00,910,352
861387,0.00,864,521
861489,0.00,750,1031
861589,0.00,322,6167
861690,0.00,209,11034
861792,0.00,212,10838
861893,0.00,225,10048
861995,0.00,225,10048
862096,0.00,219,10401
862197,0.00,216,10584
862299,0.00,210,10968
862400,0.00,193,12183
862501,0.00,193,12183
862603,0.00,200,11658
862704,0.00,592,2063
862804,0.00,317,6309
862906,0.00,822,693
863007,0.00,897,398
863109,0.00,909,355
863210,0.00,904,373
863311,0.00,907,362
863413,0.00,916,331
863513,0.00,918,324
863614,0.00,912,345
863716,0.00,920,317
863817,0.00,917,327
863919,0.00,919,321
864019,0.00,921,314
864120,0.00,921,314
864222,0.00,920,317
864323,0.00,920,317
864424,0.00,924,304
864526,0.00,922,310
864626,0.00,922,310
864728,0.00,924,304
864829,0.00,922,310
864930,0.00,922,310
865032,0.00,923,307
865133,0.00,921,314
865233,0.00,923,307
865335,0.00,924,304
865436,0.00,925,300
865538,0.00,924,304
865639,0.00,923,307
865740,0.00,924,304
865841,0.00,924,304
865942,0.00,923,307
866043,0.00,923,307
866145,0.00,924,304
866246,0.00,924,304
866348,0.00,925,300
866448,0.00,925,300
866549,0.00,924,304
866651,0.00,926,297
866752,0.00,924,304
866853,0.00,923,307
866955,0.00,923,307
867055,0.00,925,300
867156,0.00,923,307
867258,0.00,923,307
867359,0.00,926,297
867461,0.00,923,307
867561,0.00,917,327
867662,0.00,905,369
867764,0.00,875,479
867865,0.00,862,529
867966,0.00,812,736
868068,0.00,702,1295
868169,0.00,322,6167
868270,0.00,225,10048
868371,0.00,225,10048
868472,0.00,227,9934
868574,0.00,216,10584
868675,0.00,215,10647
868776,0.00,204,11374
868878,0.00,181,13179
868979,0.00,178,13449
869081,0.00,196,11954
869182,0.00,199,11731
869283,0.00,199,11731
869384,0.00,199,11731
869485,0.00,197,11878
869586,0.00,198,11804
869688,0.00,201,11586
869789,0.00,182,13091
869891,0.00,187,12665
869992,0.00,177,13541
870093,0.00,182,13091
870195,0.00,178,13449
870296,0.00,181,13179
870397,0.00,174,13823
870499,0.00,171,14115
870600,0.00,641,1688
870701,0.00,240,9243
870802,0.00,195,12029
870903,0.00,196,11954
871005,0.00,194,12106
871106,0.00,183,13004
871207,0.00,185,12833
871309,0.00,174,13823
871410,0.00,176,13634
871512,0.00,824,684
871613,0.00,904,373
871713,0.00,926,297
871815,0.00,918,324
871916,0.00,937,260
872017,0.00,934,270
872119,0.00,933,273
872220,0.00,935,267
872321,0.00,935,267
872422,0.00,935,267
872523,0.00,934,270
872625,0.00,934,270
872726,0.00,937,260
872827,0.00,937,260
872928,0.00,932,277
873029,0.00,937,260
873131,0.00,935,267
873232,0.00,935,267
873333,0.00,936,263
873435,0.00,936,263
873535,0.00,934,270
873636,0.00,934,270
873738,0.00,936,263
873839,0.00,936,263
873940,0.00,931,280
874041,0.00,937,260
874142,0.00,937,260
874244,0.00,936,263
874345,0.00,938,257
874446,0.00,935,267
874548,0.00,933,273
874648,0.00,937,260
874749,0.00,938,257
874851,0.00,937,260
874952,0.00,938,257
875054,0.00,938,257
875155,0.00,935,267
875255,0.00,937,260
875357,0.00,935,267
875458,0.00,937,260
875559,0.00,938,257
875661,0.00,938,257
875762,0.00,934,270
875863,0.00,938,257
875964,0.00,938,257
876065,0.00,938,257
876167,0.00,938,257
876268,0.00,937,260
876369,0.00,937,260
876470,0.00,938,257
876571,0.00,936,263
876673,0.00,937,260
876774,0.00,936,263
876875,0.00,937,260
876977,0.00,937,260
877077,0.00,938,257
877178,0.00,939,253
877280,0.00,936,263
877381,0.00,938,257
877483,0.00,937,260
877583,0.00,937,260
877684,0.00,938,257
877786,0.00,938,257
877887,0.00,938,257
877988,0.00,939,253
878090,0.00,937,260
878190,0.00,938,257
878291,0.00,938,257
878393,0.00,937,260
878494,0.00,937,260
878596,0.00,941,247
878697,0.00,938,257
878797,0.00,935,267
878899,0.00,936,263
879000,0.00,940,250
879101,0.00,938,257
879203,0.00,938,257
879304,0.00,937,260
879405,0.00,938,257
879506,0.00,939,253
879607,0.00,937,260
879709,0.00,937,260
879810,0.00,938,257
879911,0.00,938,257
880012,0.00,938,257
880113,0.00,936,263
880215,0.00,937,260
880316,0.00,938,257
880417,0.00,936,263
880519,0.00,937,260
# load_kg=1000.00
880620,1000.00,937,260
880721,1000.00,937,260
880823,1000.00,936,263
880924,1000.00,940,250
881026,1000.00,937,260
881127,1000.00,938,257
881228,1000.00,938,257
881330,1000.00,938,257
881431,1000.00,940,250
881532,1000.00,937,260
881634,1000.00,938,257
881735,1000.00,939,253
881837,1000.00,936,263
881938,1000.00,937,260
882039,1000.00,937,260
882141,1000.00,938,257
882242,1000.00,938,257
882343,1000.00,937,260
882445,1000.00,935,267
882546,1000.00,939,253
882648,1000.00,938,257
882749,1000.00,937,260
882850,1000.00,938,257
882952,1000.00,937,260
883053,1000.00,940,250
883154,1000.00,939,253
883256,1000.00,941,247
883357,1000.00,939,253
883459,1000.00,937,260
883560,1000.00,939,253
883661,1000.00,938,257
883763,1000.00,937,260
883864,1000.00,940,250
883965,1000.00,940,250
884067,1000.00,937,260
884168,1000.00,937,260
884270,1000.00,937,260
884371,1000.00,939,253
884472,1000.00,939,253
884574,1000.00,938,257
884675,1000.00,936,263
884776,1000.00,937,260
884878,1000.00,938,257
884979,1000.00,939,253
885081,1000.00,937,260
885182,1000.00,939,253
885283,1000.00,939,253
885385,1000.00,936,263
885486,1000.00,939,253
885587,1000.00,941,247
885689,1000.00,939,253
885790,1000.00,940,250
885892,1000.00,937,260
885993,1000.00,937,260
886094,1000.00,937,260
886196,1000.00,938,257
886296,1000.00,938,257
886397,1000.00,939,253
886499,1000.00,937,260
886600,1000.00,938,257
886702,1000.00,940,250
886803,1000.00,939,253
886904,1000.00,937,260
887006,1000.00,937,260
887107,1000.00,939,253
887208,1000.00,939,253
887310,1000.00,938,257
887411,1000.00,939,253
887513,1000.00,937,260
887614,1000.00,937,260
887715,1000.00,938,257
887817,1000.00,937,260
887918,1000.00,939,253
888019,1000.00,939,253
888121,1000.00,939,253
888222,1000.00,939,253
888324,1000.00,938,257
888425,1000.00,938,257
888526,1000.00,940,250
888628,1000.00,938,257
888729,1000.00,938,257
888830,1000.00,938,257
888932,1000.00,941,247
889033,1000.00,940,250
889135,1000.00,939,253
889236,1000.00,937,260
889337,1000.00,940,250
889439,1000.00,940,250
889540,1000.00,938,257
889641,1000.00,940,250
889743,1000.00,940,250
889844,1000.00,939,253
889946,1000.00,937,260
890047,1000.00,939,253
890148,1000.00,937,260
890250,1000.00,939,253
890351,1000.00,940,250
890452,1000.00,938,257
890554,1000.00,938,257
890655,1000.00,939,253
890757,1000.00,939,253
890858,1000.00,939,253
890959,1000.00,940,250
891061,1000.00,939,253
891162,1000.00,938,257
891264,1000.00,940,250
891365,1000.00,938,257
891466,1000.00,940,250
891568,1000.00,939,253
891669,1000.00,939,253
891770,1000.00,940,250
891872,1000.00,938,257
891973,1000.00,939,253
892075,1000.00,940,250
892176,1000.00,939,253
892277,1000.00,937,260
892379,1000.00,939,253
892480,1000.00,939,253
892581,1000.00,940,250
892683,1000.00,940,250
892784,1000.00,938,257
892886,1000.00,941,247
892987,1000.00,940,250
893088,1000.00,939,253
893190,1000.00,940,250
893291,1000.00,939,253
893392,1000.00,940,250
893494,1000.00,939,253
893595,1000.00,940,250
893697,1000.00,938,257
893798,1000.00,940,250
893899,1000.00,937,260
894001,1000.00,939,253
894102,1000.00,938,257
894203,1000.00,939,253
894305,1000.00,939,253
894406,1000.00,939,253
894508,1000.00,940,250
894609,1000.00,939,253
894710,1000.00,938,257
894812,1000.00,939,253
894913,1000.00,940,250
895014,1000.00,939,253
895116,1000.00,939,253
895217,1000.00,938,257
895319,1000.00,939,253
895420,1000.00,939,253
895521,1000.00,940,250
895623,1000.00,937,260
895724,1000.00,939,253
895825,1000.00,938,257
895927,1000.00,939,253
896028,1000.00,939,253
896130,1000.00,939,253
896231,1000.00,939,253
896331,1000.00,940,250
896433,1000.00,938,257
896534,1000.00,940,250
896635,1000.00,942,244
896737,1000.00,939,253
896838,1000.00,939,253
896940,1000.00,941,247
897041,1000.00,938,257
897142,1000.00,939,253
897244,1000.00,940,250
897345,1000.00,940,250
897446,1000.00,939,253
897548,1000.00,942,244
897649,1000.00,939,253
897751,1000.00,939,253
897852,1000.00,941,247
897953,1000.00,938,257
898055,1000.00,939,253
898156,1000.00,940,250
898257,1000.00,940,250
898359,1000.00,937,260
898460,1000.00,939,253
898562,1000.00,939,253
898663,1000.00,939,253
898764,1000.00,938,257
898866,1000.00,939,253
898967,1000.00,940,250
899068,1000.00,939,253
899170,1000.00,940,250
899271,1000.00,939,253
899373,1000.00,940,250
899474,1000.00,940,250
899575,1000.00,939,253
899677,1000.00,939,253
899778,1000.00,939,253
899879,1000.00,939,253
899981,1000.00,939,253
900082,1000.00,939,253
900184,1000.00,940,250
900285,1000.00,937,260
900386,1000.00,940,250
900488,1000.00,940,250
900589,1000.00,939,253
900690,1000.00,939,253
900792,1000.00,938,257
900893,1000.00,939,253
900995,1000.00,940,250
901096,1000.00,940,250
901197,1000.00,939,253
901299,1000.00,939,253
901400,1000.00,939,253
901501,1000.00,939,253
901603,1000.00,939,253
901704,1000.00,940,250
901806,1000.00,939,253
901907,1000.00,941,247
902008,1000.00,939,253
902110,1000.00,940,250
902211,1000.00,940,250
902312,1000.00,939,253
902414,1000.00,940,250
902515,1000.00,938,257
902617,1000.00,942,244
902718,1000.00,941,247
902819,1000.00,941,247
902921,1000.00,940,250
903022,1000.00,941,247
903123,1000.00,939,253
903225,1000.00,940,250
903326,1000.00,940,250
903428,1000.00,940,250
903529,1000.00,939,253
903630,1000.00,942,244
903732,1000.00,939,253
903833,1000.00,940,250
903934,1000.00,941,247
904036,1000.00,939,253
904137,1000.00,940,250
904239,1000.00,939,253
904340,1000.00,940,250
904441,1000.00,940,250
904542,1000.00,940,250
904643,1000.00,940,250
904744,1000.00,940,250
904846,1000.00,942,244
904947,1000.00,940,250
905049,1000.00,940,250
905150,1000.00,939,253
905251,1000.00,940,250
905353,1000.00,940,250
905454,1000.00,940,250
905555,1000.00,940,250
905657,1000.00,941,247
905758,1000.00,939,253
905860,1000.00,940,250
905961,1000.00,939,253
906062,1000.00,939,253
906164,1000.00,940,250
906265,1000.00,941,247
906366,1000.00,940,250
906468,1000.00,940,250
906569,1000.00,937,260
906671,1000.00,939,253
906772,1000.00,940,250
906873,1000.00,939,253
906975,1000.00,939,253
907076,1000.00,940,250
907177,1000.00,939,253
907279,1000.00,939,253
907380,1000.00,939,253
907482,1000.00,941,247
907583,1000.00,939,253
907684,1000.00,941,247
907786,1000.00,940,250
907887,1000.00,940,250
907988,1000.00,937,260
908090,1000.00,940,250
908191,1000.00,939,253
908293,1000.00,938,257
908394,1000.00,940,250
908495,1000.00,940,250
908597,1000.00,939,253
908698,1000.00,941,247
908800,1000.00,940,250
908901,1000.00,939,253
909002,1000.00,940,250
909104,1000.00,941,247
909205,1000.00,940,250
909306,1000.00,940,250
909408,1000.00,940,250
909509,1000.00,940,250
909611,1000.00,938,257
909712,1000.00,939,253
909813,1000.00,941,247
909915,1000.00,941,247
910016,1000.00,940,250
910117,1000.00,940,250
910219,1000.00,939,253
910320,1000.00,940,250
910422,1000.00,941,247
910523,1000.00,941,247
910624,1000.00,939,253
910726,1000.00,940,250
910827,1000.00,940,250
910928,1000.00,942,244
911030,1000.00,939,253
911131,1000.00,940,250
911233,1000.00,938,257
911334,1000.00,941,247
911435,1000.00,942,244
911537,1000.00,939,253
911638,1000.00,939,253
911739,1000.00,939,253
911841,1000.00,939,253
911942,1000.00,940,250
912044,1000.00,939,253
912145,1000.00,939,253
912246,1000.00,941,247
912348,1000.00,939,253
912449,1000.00,940,250
912550,1000.00,939,253
912652,1000.00,942,244
912753,1000.00,941,247
912855,1000.00,941,247
912956,1000.00,940,250
913057,1000.00,940,250
913158,1000.00,937,260
913259,1000.00,939,253
913360,1000.00,942,244
913462,1000.00,941,247
913563,1000.00,941,247
913665,1000.00,939,253
913766,1000.00,940,250
913867,1000.00,939,253
913969,1000.00,941,247
914070,1000.00,937,260
914171,1000.00,940,250
914273,1000.00,941,247
914374,1000.00,941,247
914476,1000.00,939,253
914577,1000.00,940,250
914678,1000.00,942,244
914780,1000.00,939,253
914881,1000.00,940,250
914982,1000.00,941,247
915084,1000.00,940,250
915185,1000.00,941,247
915287,1000.00,939,253
915388,1000.00,939,253
915489,1000.00,941,247
915591,1000.00,940,250
915692,1000.00,940,250
915793,1000.00,939,253
915895,1000.00,939,253
915996,1000.00,938,257
916098,1000.00,940,250
916199,1000.00,941,247
916300,1000.00,941,247
916402,1000.00,940,250
916503,1000.00,939,253
916604,1000.00,940,250
916706,1000.00,941,247
916807,1000.00,941,247
916909,1000.00,939,253
917010,1000.00,942,244
917111,1000.00,940,250
917213,1000.00,940,250
917314,1000.00,939,253
917415,1000.00,941,247
917517,1000.00,941,247
917618,1000.00,938,257
917720,1000.00,938,257
917821,1000.00,941,247
917922,1000.00,941,247
918024,1000.00,940,250
918125,1000.00,942,244
918226,1000.00,939,253
918328,1000.00,941,247
918429,1000.00,940,250
918531,1000.00,939,253
918632,1000.00,939,253
918733,1000.00,942,244
918835,1000.00,941,247
918936,1000.00,941,247
919037,1000.00,940,250
919139,1000.00,939,253
919240,1000.00,939,253
919342,1000.00,942,244
919443,1000.00,940,250
919544,1000.00,940,250
919646,1000.00,941,247
919747,1000.00,941,247
919848,1000.00,941,247
919950,1000.00,941,247
920051,1000.00,939,253
920153,1000.00,940,250
920254,1000.00,939,253
920355,1000.00,939,253
920457,1000.00,941,247
920558,1000.00,941,247
920659,1000.00,941,247
920761,1000.00,940,250
920862,1000.00,939,253
920964,1000.00,941,247
921065,1000.00,940,250
921166,1000.00,939,253
921268,1000.00,939,253
921369,1000.00,941,247
921470,1000.00,942,244
921572,1000.00,941,247
921673,1000.00,941,247
921775,1000.00,941,247
921876,1000.00,939,253
921977,1000.00,937,260
922079,1000.00,941,247
922180,1000.00,940,250
922281,1000.00,939,253
922383,1000.00,942,244
922484,1000.00,941,247
922586,1000.00,940,250
922687,1000.00,939,253
922788,1000.00,940,250
922890,1000.00,940,250
922991,1000.00,941,247
923092,1000.00,942,244
923193,1000.00,940,250
# load_kg=0.00
923295,0.00,940,250
923397,0.00,941,247
923498,0.00,939,253
923599,0.00,942,244
923700,0.00,938,257
923801,0.00,940,250
923902,0.00,940,250
924004,0.00,941,247
924105,0.00,939,253
924206,0.00,940,250
924307,0.00,941,247
924408,0.00,939,253
924510,0.00,938,257
924611,0.00,940,250
924712,0.00,942,244
924813,0.00,940,250
924914,0.00,937,260
925016,0.00,941,247
925117,0.00,940,250
925218,0.00,940,250
925320,0.00,941,247
925420,0.00,941,247
925521,0.00,939,253
925623,0.00,939,253
925724,0.00,940,250
925826,0.00,941,247
925927,0.00,940,250
926027,0.00,940,250
926129,0.00,940,250
926230,0.00,940,250
926331,0.00,941,247
926433,0.00,940,250
926534,0.00,941,247
926635,0.00,941,247
926736,0.00,940,250
926837,0.00,939,253
926939,0.00,939,253
927040,0.00,939,253
927141,0.00,942,244
927242,0.00,942,244
927343,0.00,941,247
927444,0.00,941,247
927546,0.00,942,244
927647,0.00,939,253
927748,0.00,942,244
927849,0.00,942,244
927950,0.00,940,250
928052,0.00,939,253
928153,0.00,942,244
928254,0.00,938,257
928355,0.00,941,247
928456,0.00,939,253
928558,0.00,940,250
928659,0.00,939,253
928760,0.00,939,253
928862,0.00,941,247
928962,0.00,940,250
929063,0.00,940,250
929165,0.00,940,250
929266,0.00,938,257
929368,0.00,941,247
929469,0.00,939,253
929569,0.00,940,250
929671,0.00,942,244
929772,0.00,941,247
929873,0.00,939,253
929975,0.00,941,247
930076,0.00,940,250
930177,0.00,942,244
930278,0.00,940,250
930379,0.00,942,244
930481,0.00,941,247
930582,0.00,940,250
930683,0.00,942,244
930784,0.00,938,257
930885,0.00,940,250
930987,0.00,941,247
931088,0.00,941,247
931189,0.00,940,250
931290,0.00,940,250
931391,0.00,940,250
931492,0.00,942,244
931594,0.00,939,253
931695,0.00,941,247
931796,0.00,940,250
931897,0.00,943,240
931998,0.00,941,247
932100,0.00,941,247
932201,0.00,940,250
932302,0.00,939,253
932404,0.00,940,250
932504,0.00,939,253
932605,0.00,942,244
932707,0.00,940,250
932808,0.00,941,247
932910,0.00,942,244
933011,0.00,938,257
933111,0.00,942,244
933213,0.00,938,257
933314,0.00,941,247
933415,0.00,940,250
933517,0.00,941,247
933618,0.00,941,247
933719,0.00,940,250
933820,0.00,941,247
933921,0.00,942,244
934023,0.00,942,244
934124,0.00,940,250
934225,0.00,941,247
934326,0.00,942,244
934427,0.00,941,247
934529,0.00,939,253
934630,0.00,941,247
934731,0.00,940,250
934832,0.00,939,253
934933,0.00,942,244
935034,0.00,942,244
935136,0.00,939,253
935237,0.00,941,247
935339,0.00,938,257
935439,0.00,941,247
935540,0.00,939,253
935642,0.00,940,250
935743,0.00,939,253
935844,0.00,939,253
935946,0.00,938,257
936046,0.00,943,240
936147,0.00,939,253
936249,0.00,941,247
936350,0.00,941,247
936452,0.00,939,253
936553,0.00,938,257
936653,0.00,941,247
936755,0.00,941,247
936856,0.00,942,244
936957,0.00,942,244
937059,0.00,942,244
937160,0.00,942,244
937261,0.00,939,253
937362,0.00,942,244
937463,0.00,942,244
937565,0.00,939,253
937666,0.00,942,244
937767,0.00,940,250
937868,0.00,940,250
937969,0.00,942,244
938071,0.00,940,250
938172,0.00,939,253
938273,0.00,938,257
938374,0.00,942,244
938475,0.00,941,247
938576,0.00,942,244
938678,0.00,940,250
938779,0.00,939,253
938881,0.00,942,244
938981,0.00,941,247
939082,0.00,939,253
939184,0.00,939,253
939285,0.00,936,263
939386,0.00,939,253
939488,0.00,940,250
939588,0.00,942,244
939689,0.00,943,240
939791,0.00,940,250
939892,0.00,939,253
939994,0.00,939,253
940095,0.00,942,244
940195,0.00,939,253
940297,0.00,940,250
940398,0.00,940,250
940499,0.00,942,244
940601,0.00,941,247
940702,0.00,939,253
940803,0.00,941,247
940904,0.00,941,247
941005,0.00,941,247
941107,0.00,941,247
941208,0.00,941,247
941309,0.00,941,247
941410,0.00,940,250
941511,0.00,942,244
941613,0.00,939,253
941714,0.00,939,253
941815,0.00,936,263
941916,0.00,939,253
942017,0.00,941,247
942118,0.00,942,244
942220,0.00,939,253
942321,0.00,941,247
942423,0.00,940,250
942523,0.00,940,250
942624,0.00,938,257
942726,0.00,942,244
942827,0.00,940,250
942928,0.00,940,250
943030,0.00,939,253
943130,0.00,941,247
943232,0.00,940,250
943333,0.00,941,247
943434,0.00,940,250
943536,0.00,941,247
943637,0.00,941,247
943737,0.00,941,247
943839,0.00,940,250
943940,0.00,942,244
944041,0.00,938,257
944143,0.00,941,247
944244,0.00,941,247
944345,0.00,939,253
944446,0.00,941,247
944547,0.00,941,247
944649,0.00,941,247
944750,0.00,939,253
944851,0.00,940,250
944952,0.00,940,250
945053,0.00,942,244
945155,0.00,941,247
945256,0.00,943,240
945357,0.00,940,250
945458,0.00,942,244
945559,0.00,941,247
945660,0.00,942,244
945762,0.00,941,247
945863,0.00,941,247
945965,0.00,940,250
946065,0.00,939,253
946166,0.00,941,247
946268,0.00,940,250
946369,0.00,940,250
946470,0.00,940,250
946572,0.00,942,244
946672,0.00,940,250
946774,0.00,941,247
946875,0.00,942,244
946976,0.00,943,240
947078,0.00,942,244
947179,0.00,939,253
947279,0.00,940,250
947381,0.00,942,244
947482,0.00,939,253
947584,0.00,941,247
947685,0.00,941,247
947786,0.00,941,247
947887,0.00,940,250
947988,0.00,941,247
948089,0.00,943,240
948191,0.00,942,244
948292,0.00,941,247
948393,0.00,939,253
948494,0.00,941,247
948595,0.00,942,244
948697,0.00,944,237
948798,0.00,939,253
948899,0.00,939,253
949000,0.00,939,253
949101,0.00,941,247
949202,0.00,943,240
949304,0.00,942,244
949405,0.00,941,247
949507,0.00,939,253
949607,0.00,942,244
949708,0.00,941,247
949810,0.00,941,247
949911,0.00,942,244
950012,0.00,939,253
950114,0.00,940,250
950214,0.00,943,240
950316,0.00,941,247
950417,0.00,941,247
950518,0.00,944,237
950620,0.00,939,253
950721,0.00,939,253
950821,0.00,941,247
950923,0.00,941,247
951024,0.00,940,250
951126,0.00,942,244
951227,0.00,940,250
951328,0.00,942,244
951429,0.00,944,237
951530,0.00,941,247
951631,0.00,943,240
951733,0.00,941,247
951834,0.00,939,253
951936,0.00,940,250
952036,0.00,940,250
952137,0.00,942,244
952239,0.00,943,240
952340,0.00,938,257
952441,0.00,939,253
952542,0.00,938,257
952643,0.00,942,244
952744,0.00,940,250
952846,0.00,942,244
952947,0.00,939,253
953049,0.00,941,247
953149,0.00,942,244
953250,0.00,942,244
953352,0.00,940,250
953453,0.00,942,244
953554,0.00,942,244
953656,0.00,942,244
953756,0.00,940,250
953858,0.00,941,247
953959,0.00,943,240
954060,0.00,940,250
954162,0.00,941,247
954263,0.00,941,247
954363,0.00,941,247
954465,0.00,939,253
954566,0.00,938,257
954668,0.00,942,244
954769,0.00,942,244
954870,0.00,939,253
954971,0.00,939,253
955072,0.00,941,247
955173,0.00,937,260
955275,0.00,444,3694
955376,0.00,237,9396
955478,0.00,246,8948
955578,0.00,248,8853
955679,0.00,226,9991
955781,0.00,222,10222
955882,0.00,215,10647
955983,0.00,193,12183
956085,0.00,193,12183
956186,0.00,198,11804
956288,0.00,200,11658
956389,0.00,200,11658
956490,0.00,200,11658
956592,0.00,200,11658
956693,0.00,207,11168
956793,0.00,205,11304
956895,0.00,204,11374
956996,0.00,208,11100
957097,0.00,208,11100
957199,0.00,205,11304
957300,0.00,204,11374
957402,0.00,206,11236
957503,0.00,205,11304
957604,0.00,196,11954
957706,0.00,197,11878
957807,0.00,196,11954
957908,0.00,194,12106
958010,0.00,191,12341
958110,0.00,190,12420
958212,0.00,190,12420
958313,0.00,196,11954
958414,0.00,190,12420
958516,0.00,185,12833
958617,0.00,184,12918
958718,0.00,182,13091
958820,0.00,189,12501
958921,0.00,190,12420
959023,0.00,188,12583
959124,0.00,179,13358
959225,0.00,177,13541
959327,0.00,173,13919
959427,0.00,173,13919
959528,0.00,170,14215
959630,0.00,173,13919
959731,0.00,171,14115
959833,0.00,174,13823
959934,0.00,177,13541
960035,0.00,180,13268
960137,0.00,181,13179
960238,0.00,181,13179
960339,0.00,182,13091
960441,0.00,188,12583
960542,0.00,185,12833
960644,0.00,185,12833
960744,0.00,191,12341
960845,0.00,188,12583
960947,0.00,185,12833
961048,0.00,191,12341
961149,0.00,191,12341
961251,0.00,194,12106
961352,0.00,197,11878
961454,0.00,196,11954
961555,0.00,189,12501
961656,0.00,184,12918
961758,0.00,183,13004
961859,0.00,188,12583
961960,0.00,189,12501
962061,0.00,187,12665
962162,0.00,180,13268
962264,0.00,182,13091
962365,0.00,185,12833
962466,0.00,184,12918
962568,0.00,186,12748
962669,0.00,187,12665
962770,0.00,186,12748
962872,0.00,184,12918
962973,0.00,189,12501
963075,0.00,186,12748
963176,0.00,188,12583
963277,0.00,192,12262
963378,0.00,193,12183
963479,0.00,193,12183
963580,0.00,189,12501
963682,0.00,191,12341
963783,0.00,189,12501
963885,0.00,188,12583
963986,0.00,185,12833
964087,0.00,188,12583
964189,0.00,185,12833
964290,0.00,185,12833
964391,0.00,185,12833
964493,0.00,182,13091
964594,0.00,186,12748
964695,0.00,187,12665
964796,0.00,185,12833
964897,0.00,186,12748
964999,0.00,188,12583
965100,0.00,188,12583
965201,0.00,187,12665
965303,0.00,184,12918
965404,0.00,187,12665
965506,0.00,185,12833
965607,0.00,186,12748
965708,0.00,186,12748
965810,0.00,187,12665
965911,0.00,183,13004
966011,0.00,183,13004
966113,0.00,182,13091
966214,0.00,179,13358
966316,0.00,179,13358
966417,0.00,172,14017
966518,0.00,178,13449
966620,0.00,177,13541
966721,0.00,176,13634
966822,0.00,173,13919
966924,0.00,177,13541
967025,0.00,175,13728
967127,0.00,176,13634
967228,0.00,175,13728
967328,0.00,177,13541
967430,0.00,178,13449
967531,0.00,176,13634
967632,0.00,177,13541
967734,0.00,178,13449
967835,0.00,178,13449
967937,0.00,177,13541
968038,0.00,178,13449
968139,0.00,178,13449
968241,0.00,179,13358
968342,0.00,181,13179
968443,0.00,178,13449
968545,0.00,183,13004
968645,0.00,184,12918
968747,0.00,185,12833
968848,0.00,186,12748
968949,0.00,184,12918
969051,0.00,181,13179
969152,0.00,184,12918
969253,0.00,185,12833
969355,0.00,251,8713
969456,0.00,584,2130
969558,0.00,917,327
969658,0.00,930,283
969759,0.00,928,290
969861,0.00,908,359
969962,0.00,889,427
970063,0.00,903,376
970165,0.00,926,297
970265,0.00,919,321
970366,0.00,800,790
970468,0.00,201,11586
970569,0.00,161,15168
970671,0.00,168,14418
970772,0.00,163,14947
970873,0.00,155,15865
970975,0.00,144,17293
971076,0.00,167,14521
971177,0.00,167,14521
971278,0.00,165,14732
971379,0.00,165,14732
971481,0.00,166,14626
971582,0.00,153,16109
971683,0.00,154,15986
971785,0.00,147,16882
971886,0.00,167,14521
971987,0.00,167,14521
972089,0.00,163,14947
972190,0.00,169,14316
972292,0.00,171,14115
972393,0.00,166,14626
972494,0.00,163,14947
972595,0.00,216,10584
972696,0.00,313,6426
972797,0.00,660,1558
972899,0.00,783,868
973000,0.00,878,468
973102,0.00,922,310
973203,0.00,936,263
973303,0.00,937,260
973405,0.00,933,273
973506,0.00,928,290
973607,0.00,921,314
973709,0.00,927,293
973810,0.00,914,338
973911,0.00,912,345
974012,0.00,927,293
974113,0.00,919,321
974215,0.00,926,297
974316,0.00,924,304
974417,0.00,925,300
974518,0.00,923,307
974619,0.00,927,293
974721,0.00,925,300
974822,0.00,923,307
974923,0.00,929,287
975025,0.00,923,307
975125,0.00,927,293
975226,0.00,927,293
975328,0.00,927,293
975429,0.00,926,297
975531,0.00,925,300
975632,0.00,928,290
975732,0.00,926,297
975834,0.00,930,283
975935,0.00,928,290
976036,0.00,929,287
976138,0.00,926,297
976239,0.00,927,293
976339,0.00,928,290
976441,0.00,928,290
976542,0.00,928,290
976644,0.00,926,297
976745,0.00,929,287
976845,0.00,929,287
976947,0.00,928,290
977048,0.00,929,287
977149,0.00,928,290
977251,0.00,927,293
977352,0.00,927,293
977453,0.00,929,287
977554,0.00,929,287
977655,0.00,929,287
977757,0.00,929,287
977858,0.00,927,293
977959,0.00,923,307
978060,0.00,929,287
978161,0.00,927,293
978263,0.00,928,290
978364,0.00,928,290
978465,0.00,930,283
978567,0.00,925,300
978667,0.00,929,287
978768,0.00,929,287
978870,0.00,928,290
978971,0.00,927,293
979073,0.00,928,290
979174,0.00,925,300
979274,0.00,928,290
979376,0.00,929,287
979477,0.00,928,290
979578,0.00,929,287
979680,0.00,929,287
979781,0.00,927,293
979881,0.00,929,287
979983,0.00,929,287
980084,0.00,927,293
980186,0.00,930,283
980287,0.00,930,283
980387,0.00,927,293
980489,0.00,930,283
980590,0.00,927,293
980691,0.00,929,287
980793,0.00,927,293
980894,0.00,929,287
980995,0.00,929,287
981096,0.00,928,290
981197,0.00,928,290
981299,0.00,929,287
981400,0.00,928,290
981501,0.00,927,293
981602,0.00,930,283
981703,0.00,929,287
981805,0.00,927,293
981906,0.00,928,290
982007,0.00,929,287
982109,0.00,927,293
982209,0.00,928,290
982310,0.00,928,290
982412,0.00,929,287
982513,0.00,929,287
982615,0.00,929,287
982716,0.00,929,287
982816,0.00,929,287
982918,0.00,930,283
983019,0.00,929,287
983120,0.00,929,287
983222,0.00,930,283
983323,0.00,930,283
983424,0.00,929,287
983525,0.00,926,297
983626,0.00,927,293
983728,0.00,928,290
983829,0.00,929,287
983929,0.00,928,290
984031,0.00,928,290
984132,0.00,927,293
984233,0.00,929,287
984335,0.00,927,293
984436,0.00,929,287
984537,0.00,930,283
984638,0.00,931,280
984739,0.00,927,293
984841,0.00,929,287
984942,0.00,928,290
985043,0.00,929,287
# load_kg=599.00
985145,599.00,929,287
985246,599.00,927,293
985348,599.00,929,287
985449,599.00,928,290
985550,599.00,927,293
985652,599.00,929,287
985753,599.00,930,283
985854,599.00,929,287
985956,599.00,927,293
986057,599.00,930,283
986159,599.00,929,287
986259,599.00,928,290
986360,599.00,929,287
986462,599.00,929,287
986563,599.00,929,287
986664,599.00,930,283
986766,599.00,929,287
986867,599.00,930,283
986969,599.00,929,287
987070,599.00,929,287
987171,599.00,930,283
987273,599.00,927,293
987374,599.00,930,283
987475,599.00,928,290
987577,599.00,927,293
987678,599.00,927,293
987780,599.00,928,290
987880,599.00,930,283
987981,599.00,928,290
988083,599.00,930,283
988184,599.00,929,287
988285,599.00,930,283
988387,599.00,928,290
988488,599.00,929,287
988590,599.00,930,283
988691,599.00,928,290
988792,599.00,929,287
988894,599.00,928,290
988995,599.00,927,293
989096,599.00,930,283
989198,599.00,929,287
989299,599.00,929,287
989401,599.00,927,293
989502,599.00,930,283
989602,599.00,929,287
989704,599.00,929,287
989805,599.00,929,287
989906,599.00,929,287
990008,599.00,929,287
990109,599.00,928,290
990211,599.00,929,287
990312,599.00,929,287
990413,599.00,928,290
990515,599.00,930,283
990616,599.00,930,283
990717,599.00,927,293
990819,599.00,929,287
990920,599.00,928,290
991022,599.00,929,287
991123,599.00,930,283
991223,599.00,931,280
991325,599.00,929,287
991426,599.00,929,287
991527,599.00,930,283
991629,599.00,929,287
991730,599.00,929,287
991832,599.00,930,283
991933,599.00,929,287
992034,599.00,928,290
992136,599.00,930,283
992237,599.00,929,287
992338,599.00,928,290
992440,599.00,929,287
992541,599.00,929,287
992643,599.00,930,283
992744,599.00,928,290
992845,599.00,930,283
992946,599.00,929,287
993047,599.00,929,287
993148,599.00,929,287
993250,599.00,932,277
993351,599.00,931,280
993453,599.00,927,293
993554,599.00,929,287
993655,599.00,929,287
993757,599.00,930,283
993858,599.00,929,287
993959,599.00,929,287
994061,599.00,929,287
994162,599.00,930,283
994264,599.00,929,287
994365,599.00,929,287
994466,599.00,930,283
994567,599.00,930,283
994668,599.00,930,283
994769,599.00,927,293
994871,599.00,929,287
994972,599.00,929,287
995074,599.00,928,290
995175,599.00,930,283
995276,599.00,928,290
995378,599.00,930,283
995479,599.00,929,287
995580,599.00,929,287
995682,599.00,930,283
995783,599.00,929,287
995885,599.00,929,287
995986,599.00,930,283
996087,599.00,932,277
996189,599.00,930,283
996289,599.00,931,280
996390,599.00,929,287
996492,599.00,929,287
996593,599.00,930,283
996695,599.00,930,283
996796,599.00,931,280
996897,599.00,930,283
996999,599.00,928,290
997100,599.00,929,287
997201,599.00,931,280
997303,599.00,930,283
997404,599.00,932,277
997506,599.00,932,277
997607,599.00,929,287
997708,599.00,930,283
997810,599.00,929,287
997910,599.00,929,287
998011,599.00,930,283
998113,599.00,930,283
998214,599.00,929,287
998316,599.00,929,287
998417,599.00,932,277
998518,599.00,929,287
998620,599.00,929,287
998721,599.00,928,290
998822,599.00,930,283
998924,599.00,930,283
999025,599.00,930,283
999127,599.00,930,283
999228,599.00,930,283
999329,599.00,928,290
999431,599.00,928,290
999532,599.00,928,290
999632,599.00,929,287
999734,599.00,929,287
999835,599.00,930,283
999937,599.00,930,283
1000038,599.00,929,287
1000139,599.00,930,283
1000241,599.00,929,287
1000342,599.00,931,280
1000443,599.00,929,287
1000545,599.00,928,290
1000646,599.00,931,280
1000748,599.00,932,277
1000849,599.00,930,283
1000950,599.00,928,290
1001052,599.00,932,277
1001153,599.00,932,277
1001254,599.00,929,287
1001356,599.00,930,283
1001457,599.00,931,280
1001559,599.00,929,287
1001660,599.00,929,287
1001761,599.00,930,283
1001863,599.00,929,287
1001964,599.00,928,290
1002065,599.00,929,287
1002167,599.00,929,287
1002268,599.00,929,287
1002370,599.00,929,287
1002471,599.00,930,283
1002572,599.00,928,290
1002674,599.00,931,280
1002775,599.00,929,287
1002876,599.00,928,290
1002978,599.00,930,283
1003079,599.00,930,283
1003181,599.00,931,280
1003282,599.00,930,283
1003383,599.00,930,283
1003485,599.00,930,283
1003586,599.00,929,287
1003687,599.00,930,283
1003789,599.00,929,287
1003890,599.00,930,283
1003992,599.00,929,287
1004093,599.00,928,290
1004194,599.00,931,280
1004296,599.00,930,283
1004397,599.00,930,283
1004498,599.00,929,287
1004600,599.00,930,283
1004701,599.00,929,287
1004802,599.00,930,283
1004903,599.00,929,287
1005004,599.00,929,287
1005106,599.00,931,280
1005207,599.00,929,287
1005308,599.00,929,287
1005410,599.00,932,277
1005511,599.00,930,283
1005613,599.00,931,280
1005714,599.00,929,287
1005815,599.00,929,287
1005917,599.00,927,293
1006018,599.00,929,287
1006119,599.00,929,287
1006221,599.00,929,287
1006322,599.00,929,287
1006424,599.00,929,287
1006525,599.00,928,290
1006626,599.00,930,283
1006728,599.00,929,287
1006829,599.00,930,283
1006930,599.00,930,283
1007032,599.00,929,287
1007133,599.00,930,283
1007235,599.00,930,283
1007336,599.00,929,287
1007437,599.00,929,287
1007539,599.00,929,287
1007640,599.00,931,280
1007741,599.00,930,283
1007843,599.00,930,283
1007944,599.00,931,280
1008046,599.00,930,283
1008147,599.00,930,283
1008248,599.00,931,280
1008350,599.00,929,287
1008451,599.00,929,287
1008552,599.00,930,283
1008654,599.00,929,287
1008755,599.00,930,283
1008857,599.00,930,283
1008958,599.00,928,290
1009059,599.00,930,283
1009161,599.00,930,283
1009262,599.00,929,287
1009363,599.00,931,280
1009465,599.00,930,283
1009566,599.00,930,283
1009668,599.00,930,283
1009769,599.00,929,287
1009870,599.00,931,280
1009972,599.00,929,287
1010073,599.00,929,287
1010174,599.00,930,283
1010276,599.00,930,283
1010377,599.00,930,283
1010479,599.00,929,287
1010580,599.00,931,280
1010681,599.00,929,287
1010783,599.00,929,287
1010884,599.00,931,280
1010985,599.00,930,283
1011087,599.00,929,287
1011188,599.00,930,283
1011290,599.00,929,287
1011391,599.00,929,287
1011492,599.00,930,283
1011594,599.00,930,283
1011695,599.00,930,283
1011796,599.00,929,287
1011898,599.00,931,280
1011998,599.00,930,283
1012100,599.00,928,290
1012201,599.00,930,283
1012302,599.00,930,283
1012404,599.00,930,283
1012505,599.00,931,280
1012606,599.00,930,283
1012708,599.00,929,287
1012809,599.00,929,287
1012911,599.00,930,283
1013012,599.00,929,287
1013113,599.00,930,283
1013215,599.00,929,287
1013316,599.00,930,283
1013417,599.00,929,287
1013519,599.00,930,283
1013620,599.00,928,290
1013722,599.00,930,283
1013823,599.00,929,287
1013924,599.00,927,293
1014026,599.00,930,283
1014127,599.00,931,280
1014228,599.00,929,287
1014330,599.00,929,287
1014431,599.00,931,280
1014533,599.00,930,283
1014634,599.00,931,280
1014735,599.00,930,283
1014837,599.00,930,283
1014938,599.00,929,287
1015040,599.00,930,283
1015141,599.00,929,287
1015242,599.00,930,283
1015344,599.00,929,287
1015445,599.00,930,283
1015546,599.00,930,283
1015648,599.00,928,290
1015749,599.00,931,280
1015851,599.00,930,283
1015952,599.00,929,287
1016053,599.00,931,280
1016155,599.00,931,280
1016256,599.00,930,283
1016357,599.00,929,287
1016459,599.00,930,283
1016560,599.00,931,280
1016662,599.00,930,283
1016763,599.00,929,287
1016864,599.00,930,283
1016966,599.00,932,277
1017067,599.00,930,283
1017168,599.00,931,280
1017270,599.00,930,283
1017371,599.00,930,283
1017473,599.00,930,283
1017574,599.00,931,280
1017675,599.00,930,283
1017777,599.00,929,287
1017878,599.00,930,283
1017979,599.00,930,283
1018081,599.00,930,283
1018182,599.00,929,287
1018284,599.00,929,287
1018385,599.00,929,287
1018486,599.00,929,287
1018588,599.00,930,283
1018689,599.00,929,287
1018790,599.00,931,280
1018892,599.00,929,287
1018993,599.00,932,277
1019095,599.00,927,293
1019196,599.00,930,283
1019297,599.00,929,287
1019399,599.00,931,280
1019499,599.00,929,287
1019600,599.00,930,283
1019702,599.00,930,283
1019803,599.00,930,283
1019905,599.00,929,287
1020006,599.00,930,283
1020107,599.00,932,277
1020209,599.00,930,283
1020310,599.00,930,283
1020411,599.00,930,283
1020513,599.00,930,283
1020614,599.00,932,277
1020716,599.00,931,280
1020817,599.00,930,283
1020918,599.00,930,283
1021020,599.00,930,283
1021121,599.00,929,287
1021222,599.00,930,283
1021324,599.00,930,283
1021425,599.00,929,287
1021527,599.00,930,283
1021628,599.00,929,287
1021729,599.00,931,280
1021831,599.00,930,283
1021932,599.00,930,283
1022033,599.00,931,280
1022135,599.00,930,283
1022236,599.00,931,280
1022338,599.00,932,277
1022439,599.00,931,280
1022540,599.00,931,280
1022642,599.00,930,283
1022743,599.00,930,283
1022844,599.00,929,287
1022946,599.00,929,287
1023047,599.00,930,283
1023149,599.00,929,287
1023250,599.00,931,280
1023351,599.00,927,293
1023453,599.00,930,283
1023554,599.00,929,287
1023655,599.00,930,283
1023757,599.00,931,280
1023858,599.00,929,287
1023960,599.00,929,287
1024061,599.00,932,277
1024162,599.00,930,283
1024264,599.00,929,287
1024365,599.00,930,283
1024466,599.00,931,280
1024568,599.00,928,290
1024669,599.00,930,283
1024771,599.00,931,280
1024872,599.00,931,280
1024973,599.00,931,280
1025075,599.00,930,283
1025176,599.00,929,287
1025277,599.00,929,287
1025379,599.00,931,280
1025480,599.00,930,283
1025582,599.00,929,287
1025683,599.00,930,283
1025784,599.00,930,283
1025886,599.00,929,287
1025987,599.00,930,283
1026088,599.00,931,280
1026190,599.00,930,283
1026291,599.00,930,283
1026393,599.00,931,280
1026494,599.00,928,290
1026595,599.00,932,277
1026697,599.00,932,277
1026798,599.00,931,280
1026898,599.00,928,290
1027000,599.00,932,277
1027101,599.00,931,280
1027203,599.00,928,290
1027304,599.00,929,287
1027405,599.00,929,287
1027507,599.00,931,280
1027608,599.00,930,283
1027709,599.00,930,283
1027811,599.00,931,280
1027912,599.00,929,287
1028014,599.00,929,287
1028115,599.00,931,280
1028216,599.00,927,293
1028318,599.00,930,283
# load_kg=0.00
1028420,0.00,929,287
1028521,0.00,931,280
1028623,0.00,930,283
1028723,0.00,929,287
1028825,0.00,930,283
1028926,0.00,931,280
1029027,0.00,930,283
1029129,0.00,929,287
1029230,0.00,932,277
1029331,0.00,927,293
1029433,0.00,930,283
1029533,0.00,932,277
1029635,0.00,929,287
1029736,0.00,931,280
1029837,0.00,932,277
1029939,0.00,928,290
1030040,0.00,932,277
1030141,0.00,931,280
1030242,0.00,929,287
1030343,0.00,929,287
1030445,0.00,932,277
1030546,0.00,930,283
1030647,0.00,930,283
1030749,0.00,929,287
1030850,0.00,929,287
1030951,0.00,931,280
1031052,0.00,929,287
1031153,0.00,929,287
1031255,0.00,930,283
1031356,0.00,929,287
1031457,0.00,931,280
1031559,0.00,930,283
1031660,0.00,929,287
1031761,0.00,929,287
1031862,0.00,930,283
1031963,0.00,932,277
1032065,0.00,930,283
1032166,0.00,931,280
1032267,0.00,931,280
1032369,0.00,930,283
1032470,0.00,930,283
1032571,0.00,930,283
1032672,0.00,929,287
1032773,0.00,930,283
1032875,0.00,929,287
1032976,0.00,928,290
1033077,0.00,928,290
1033179,0.00,929,287
1033280,0.00,929,287
1033380,0.00,930,283
1033482,0.00,931,280
1033583,0.00,931,280
1033684,0.00,929,287
1033786,0.00,931,280
1033887,0.00,929,287
1033989,0.00,928,290
1034090,0.00,928,290
1034190,0.00,931,280
1034292,0.00,929,287
1034393,0.00,931,280
1034494,0.00,932,277
1034596,0.00,930,283
1034697,0.00,930,283
1034799,0.00,930,283
1034900,0.00,930,283
1035000,0.00,925,300
1035102,0.00,917,327
1035203,0.00,910,352
1035304,0.00,905,369
1035406,0.00,900,387
1035507,0.00,904,373
1035609,0.00,905,369
1035710,0.00,907,362
1035810,0.00,904,373
1035912,0.00,906,366
1036013,0.00,906,366
1036114,0.00,907,362
1036216,0.00,906,366
1036317,0.00,908,359
1036419,0.00,908,359
1036520,0.00,906,366
1036620,0.00,905,369
1036722,0.00,906,366
1036823,0.00,907,362
1036924,0.00,907,362
1037026,0.00,907,362
1037127,0.00,908,359
1037229,0.00,907,362
1037330,0.00,906,366
1037430,0.00,905,369
1037532,0.00,908,359
1037633,0.00,905,369
1037734,0.00,908,359
1037836,0.00,905,369
1037937,0.00,905,369
1038039,0.00,904,373
1038140,0.00,908,359
1038240,0.00,906,366
1038342,0.00,908,359
1038443,0.00,906,366
1038544,0.00,905,369
1038646,0.00,908,359
1038747,0.00,905,369
1038849,0.00,906,366
1038950,0.00,907,362
1039050,0.00,906,366
1039152,0.00,906,366
1039253,0.00,907,362
1039354,0.00,908,359
1039456,0.00,904,373
1039557,0.00,908,359
1039659,0.00,906,366
1039760,0.00,905,369
1039860,0.00,908,359
1039962,0.00,907,362
1040063,0.00,907,362
1040164,0.00,904,373
1040266,0.00,907,362
1040367,0.00,905,369
1040468,0.00,906,366
1040569,0.00,908,359
1040670,0.00,908,359
1040772,0.00,908,359
1040873,0.00,904,373
1040974,0.00,907,362
1041076,0.00,908,359
1041177,0.00,906,366
1041278,0.00,905,369
1041379,0.00,905,369
1041480,0.00,906,366
1041582,0.00,905,369
# load_kg=400.00
1041684,400.00,908,359
1041785,400.00,907,362
1041887,400.00,907,362
1041988,400.00,908,359
1042089,400.00,906,366
1042191,400.00,905,369
1042292,400.00,907,362
1042394,400.00,908,359
1042495,400.00,907,362
1042596,400.00,908,359
1042698,400.00,905,369
1042799,400.00,906,366
1042900,400.00,906,366
1043002,400.00,906,366
1043103,400.00,906,366
1043205,400.00,901,384
1043306,400.00,905,369
1043407,400.00,905,369
1043509,400.00,906,366
1043610,400.00,906,366
1043712,400.00,905,369
1043813,400.00,906,366
1043913,400.00,907,362
1044015,400.00,907,362
1044116,400.00,906,366
1044217,400.00,907,362
1044319,400.00,907,362
1044420,400.00,908,359
1044521,400.00,906,366
1044623,400.00,905,369
1044724,400.00,906,366
1044826,400.00,906,366
1044927,400.00,905,369
1045028,400.00,907,362
1045130,400.00,907,362
1045231,400.00,908,359
1045332,400.00,905,369
1045434,400.00,906,366
1045535,400.00,906,366
1045637,400.00,905,369
1045738,400.00,907,362
1045839,400.00,906,366
1045941,400.00,908,359
1046042,400.00,908,359
1046144,400.00,905,369
1046245,400.00,905,369
1046346,400.00,906,366
1046448,400.00,905,369
1046549,400.00,906,366
1046650,400.00,905,369
1046752,400.00,907,362
1046853,400.00,906,366
1046955,400.00,905,369
1047056,400.00,907,362
1047157,400.00,907,362
1047259,400.00,908,359
1047360,400.00,905,369
1047461,400.00,906,366
1047563,400.00,905,369
1047664,400.00,906,366
1047766,400.00,906,366
1047867,400.00,906,366
1047968,400.00,905,369
1048070,400.00,906,366
1048171,400.00,908,359
1048272,400.00,907,362
1048374,400.00,905,369
1048475,400.00,908,359
1048577,400.00,907,362
1048678,400.00,907,362
1048779,400.00,905,369
1048881,400.00,907,362
1048982,400.00,906,366
1049083,400.00,906,366
1049185,400.00,905,369
1049286,400.00,904,373
1049388,400.00,906,366
1049489,400.00,907,362
1049590,400.00,905,369
1049692,400.00,906,366
1049793,400.00,908,359
1049894,400.00,905,369
1049996,400.00,908,359
1050097,400.00,906,366
1050199,400.00,907,362
1050300,400.00,905,369
1050401,400.00,904,373
1050503,400.00,906,366
1050604,400.00,906,366
1050704,400.00,906,366
1050806,400.00,907,362
1050907,400.00,906,366
1051009,400.00,906,366
1051110,400.00,906,366
1051211,400.00,905,369
1051313,400.00,908,359
1051414,400.00,906,366
1051515,400.00,905,369
1051617,400.00,904,373
1051718,400.00,904,373
1051820,400.00,906,366
1051921,400.00,906,366
1052022,400.00,906,366
1052124,400.00,905,369
1052225,400.00,904,373
1052326,400.00,906,366
1052428,400.00,906,366
1052529,400.00,908,359
1052631,400.00,905,369
1052732,400.00,906,366
1052833,400.00,906,366
1052935,400.00,908,359
1053036,400.00,908,359
1053137,400.00,906,366
1053239,400.00,908,359
1053340,400.00,908,359
1053442,400.00,907,362
1053543,400.00,906,366
1053644,400.00,907,362
1053746,400.00,905,369
1053847,400.00,907,362
1053948,400.00,901,384
1054050,400.00,906,366
1054151,400.00,905,369
1054253,400.00,906,366
1054354,400.00,906,366
1054455,400.00,907,362
1054557,400.00,906,366
1054658,400.00,908,359
1054759,400.00,905,369
1054861,400.00,905,369
1054962,400.00,906,366
1055064,400.00,905,369
1055165,400.00,908,359
1055266,400.00,905,369
1055368,400.00,906,366
1055469,400.00,905,369
1055570,400.00,905,369
1055672,400.00,905,369
1055773,400.00,906,366
1055875,400.00,908,359
1055976,400.00,906,366
1056077,400.00,904,373
1056179,400.00,906,366
1056280,400.00,907,362
1056381,400.00,906,366
1056483,400.00,905,369
1056584,400.00,905,369
1056686,400.00,904,373
1056787,400.00,904,373
1056888,400.00,907,362
1056990,400.00,904,373
1057091,400.00,906,366
1057192,400.00,904,373
1057294,400.00,906,366
1057395,400.00,906,366
1057497,400.00,908,359
1057598,400.00,906,366
1057699,400.00,908,359
1057801,400.00,907,362
1057901,400.00,907,362
1058002,400.00,907,362
1058104,400.00,906,366
1058205,400.00,906,366
1058307,400.00,906,366
1058408,400.00,907,362
1058509,400.00,908,359
1058611,400.00,905,369
1058712,400.00,906,366
1058813,400.00,905,369
1058915,400.00,907,362
1059016,400.00,905,369
1059118,400.00,906,366
1059219,400.00,906,366
1059320,400.00,907,362
1059422,400.00,904,373
1059523,400.00,904,373
1059624,400.00,908,359
1059726,400.00,905,369
1059827,400.00,908,359
1059929,400.00,906,366
1060030,400.00,902,380
1060131,400.00,906,366
1060233,400.00,908,359
1060334,400.00,906,366
1060435,400.00,907,362
1060537,400.00,906,366
1060638,400.00,906,366
1060740,400.00,906,366
1060841,400.00,905,369
1060942,400.00,906,366
1061044,400.00,907,362
1061145,400.00,906,366
1061246,400.00,905,369
1061348,400.00,904,373
1061449,400.00,906,366
1061551,400.00,906,366
1061652,400.00,905,369
1061753,400.00,904,373
1061855,400.00,906,366
1061956,400.00,905,369
1062057,400.00,904,373
1062159,400.00,907,362
1062260,400.00,906,366
1062362,400.00,906,366
1062463,400.00,906,366
1062564,400.00,906,366
1062666,400.00,906,366
1062767,400.00,906,366
1062868,400.00,905,369
1062970,400.00,907,362
1063071,400.00,905,369
1063173,400.00,906,366
1063274,400.00,905,369
1063375,400.00,906,366
1063477,400.00,904,373
1063578,400.00,905,369
1063680,400.00,905,369
1063781,400.00,904,373
1063882,400.00,905,369
1063984,400.00,908,359
1064085,400.00,907,362
1064186,400.00,906,366
1064288,400.00,907,362
1064389,400.00,905,369
1064491,400.00,906,366
1064591,400.00,904,373
1064692,400.00,904,373
1064794,400.00,906,366
1064895,400.00,907,362
1064996,400.00,906,366
1065098,400.00,906,366
1065199,400.00,906,366
1065300,400.00,905,369
1065402,400.00,905,369
1065503,400.00,907,362
1065605,400.00,906,366
1065706,400.00,904,373
1065807,400.00,905,369
1065909,400.00,905,369
1066010,400.00,906,366
1066112,400.00,908,359
1066213,400.00,906,366
1066314,400.00,907,362
1066416,400.00,906,366
1066517,400.00,907,362
1066618,400.00,905,369
1066720,400.00,906,366
1066821,400.00,902,380
1066923,400.00,908,359
1067024,400.00,904,373
1067125,400.00,905,369
1067227,400.00,905,369
1067328,400.00,906,366
1067429,400.00,906,366
1067531,400.00,905,369
1067632,400.00,905,369
1067734,400.00,907,362
1067835,400.00,905,369
1067936,400.00,906,366
1068038,400.00,905,369
1068139,400.00,906,366
1068240,400.00,905,369
1068342,400.00,904,373
1068443,400.00,908,359
1068545,400.00,904,373
1068646,400.00,906,366
1068747,400.00,906,366
1068849,400.00,905,369
1068950,400.00,908,359
1069051,400.00,907,362
1069153,400.00,905,369
1069254,400.00,906,366
1069356,400.00,906,366
1069457,400.00,905,369
1069558,400.00,905,369
1069660,400.00,906,366
1069761,400.00,906,366
1069862,400.00,907,362
1069964,400.00,904,373
1070065,400.00,906,366
1070167,400.00,905,369
1070268,400.00,905,369
1070369,400.00,905,369
1070471,400.00,904,373
1070572,400.00,907,362
1070673,400.00,904,373
1070775,400.00,907,362
1070876,400.00,904,373
1070978,400.00,906,366
# load_kg=0.00
1071079,0.00,904,373
1071180,0.00,906,366
1071282,0.00,906,366
1071383,0.00,906,366
1071484,0.00,906,366
1071585,0.00,905,369
1071686,0.00,904,373
1071788,0.00,906,366
1071889,0.00,904,373
1071990,0.00,905,369
1072092,0.00,907,362
1072193,0.00,906,366
1072294,0.00,905,369
1072395,0.00,905,369
1072496,0.00,904,373
1072598,0.00,906,366
1072699,0.00,904,373
1072800,0.00,905,369
1072902,0.00,907,362
1073003,0.00,907,362
1073104,0.00,906,366
1073205,0.00,906,366
1073306,0.00,907,362
1073408,0.00,907,362
1073509,0.00,905,369
1073610,0.00,905,369
1073712,0.00,905,369
1073813,0.00,904,373
1073914,0.00,906,366
1074015,0.00,907,362
1074116,0.00,906,366
1074217,0.00,906,366
1074319,0.00,907,362
1074420,0.00,905,369
1074522,0.00,906,366
1074623,0.00,903,376
1074724,0.00,903,376
1074825,0.00,903,376
1074926,0.00,906,366
1075027,0.00,906,366
1075129,0.00,906,366
1075230,0.00,906,366
1075332,0.00,895,405
1075433,0.00,894,409
1075534,0.00,886,438
1075635,0.00,883,449
1075736,0.00,877,472
1075837,0.00,863,525
1075939,0.00,864,521
1076040,0.00,833,646
1076142,0.00,841,613
1076243,0.00,833,646
1076344,0.00,835,638
1076445,0.00,834,642
1076546,0.00,835,638
1076647,0.00,835,638
1076749,0.00,835,638
1076850,0.00,836,634
1076952,0.00,836,634
1077053,0.00,835,638
1077153,0.00,837,630
1077255,0.00,837,630
1077356,0.00,839,621
1077457,0.00,838,625
1077559,0.00,836,634
1077660,0.00,837,630
1077762,0.00,838,625
1077863,0.00,835,638
1077963,0.00,834,642
1078065,0.00,834,642
1078166,0.00,837,630
1078267,0.00,835,638
1078369,0.00,836,634
1078470,0.00,837,630
1078572,0.00,835,638
1078673,0.00,833,646
1078773,0.00,837,630
1078875,0.00,835,638
1078976,0.00,837,630
1079077,0.00,837,630
1079179,0.00,836,634
1079280,0.00,835,638
1079382,0.00,836,634
1079483,0.00,834,642
1079583,0.00,835,638
1079685,0.00,837,630
1079786,0.00,836,634
1079887,0.00,836,634
1079989,0.00,838,625
1080090,0.00,837,630
1080192,0.00,836,634
1080293,0.00,835,638
1080393,0.00,835,638
1080495,0.00,835,638
1080596,0.00,838,625
1080697,0.00,837,630
1080799,0.00,837,630
1080900,0.00,836,634
1081001,0.00,835,638
1081103,0.00,837,630
1081203,0.00,836,634
1081305,0.00,836,634
1081406,0.00,836,634
1081507,0.00,835,638
1081609,0.00,835,638
1081710,0.00,836,634
1081811,0.00,836,634
# load_kg=200.00
1081913,200.00,836,634
1082014,200.00,835,638
1082116,200.00,836,634
1082217,200.00,836,634
1082318,200.00,836,634
1082420,200.00,835,638
1082521,200.00,835,638
1082622,200.00,837,630
1082724,200.00,835,638
1082825,200.00,836,634
1082927,200.00,835,638
1083028,200.00,837,630
1083129,200.00,836,634
1083231,200.00,836,634
1083332,200.00,834,642
1083433,200.00,834,642
1083535,200.00,835,638
1083636,200.00,836,634
1083738,200.00,837,630
1083839,200.00,836,634
1083940,200.00,834,642
1084042,200.00,837,630
1084143,200.00,835,638
1084244,200.00,835,638
1084346,200.00,835,638
1084447,200.00,835,638
1084549,200.00,836,634
1084650,200.00,836,634
1084751,200.00,835,638
1084853,200.00,836,634
1084954,200.00,836,634
1085056,200.00,835,638
1085157,200.00,831,655
1085257,200.00,834,642
1085359,200.00,836,634
1085460,200.00,836,634
1085561,200.00,835,638
1085663,200.00,836,634
1085764,200.00,836,634
1085865,200.00,834,642
1085967,200.00,837,630
1086068,200.00,835,638
1086170,200.00,836,634
1086271,200.00,834,642
1086372,200.00,836,634
1086474,200.00,836,634
1086575,200.00,836,634
1086676,200.00,835,638
1086778,200.00,835,638
1086879,200.00,836,634
1086981,200.00,834,642
1087082,200.00,836,634
1087183,200.00,835,638
1087285,200.00,836,634
1087386,200.00,836,634
1087488,200.00,835,638
1087589,200.00,836,634
1087690,200.00,834,642
1087792,200.00,836,634
1087893,200.00,836,634
1087994,200.00,834,642
1088096,200.00,835,638
1088197,200.00,832,650
1088299,200.00,836,634
1088400,200.00,835,638
1088501,200.00,834,642
1088603,200.00,833,646
1088704,200.00,835,638
1088805,200.00,834,642
1088907,200.00,835,638
1089008,200.00,834,642
1089110,200.00,834,642
1089211,200.00,833,646
1089312,200.00,834,642
1089414,200.00,832,650
1089515,200.00,834,642
1089616,200.00,835,638
1089718,200.00,834,642
1089819,200.00,833,646
1089921,200.00,834,642
1090021,200.00,836,634
1090122,200.00,834,642
1090224,200.00,836,634
1090325,200.00,834,642
1090426,200.00,834,642
1090528,200.00,836,634
1090629,200.00,835,638
1090731,200.00,834,642
1090832,200.00,836,634
1090933,200.00,834,642
1091035,200.00,834,642
1091136,200.00,835,638
1091237,200.00,836,634
1091339,200.00,833,646
1091440,200.00,833,646
1091542,200.00,834,642
1091643,200.00,836,634
1091744,200.00,836,634
1091846,200.00,836,634
1091947,200.00,836,634
1092048,200.00,833,646
1092150,200.00,833,646
1092251,200.00,835,638
1092353,200.00,835,638
1092454,200.00,834,642
1092555,200.00,833,646
1092657,200.00,833,646
1092758,200.00,834,642
1092859,200.00,834,642
1092961,200.00,836,634
1093062,200.00,834,642
1093164,200.00,833,646
1093265,200.00,835,638
1093366,200.00,835,638
1093468,200.00,835,638
1093569,200.00,837,630
1093670,200.00,835,638
1093772,200.00,836,634
1093873,200.00,834,642
1093975,200.00,834,642
1094076,200.00,834,642
1094177,200.00,834,642
1094279,200.00,836,634
1094380,200.00,834,642
1094481,200.00,835,638
1094583,200.00,832,650
1094684,200.00,833,646
1094785,200.00,835,638
1094886,200.00,835,638
1094987,200.00,835,638
1095089,200.00,833,646
1095190,200.00,833,646
1095291,200.00,834,642
1095393,200.00,835,638
1095494,200.00,836,634
1095596,200.00,836,634
1095697,200.00,834,642
1095798,200.00,833,646
1095900,200.00,834,642
1096001,200.00,834,642
1096102,200.00,834,642
1096204,200.00,834,642
1096305,200.00,834,642
1096407,200.00,836,634
1096508,200.00,834,642
1096609,200.00,834,642
1096711,200.00,833,646
1096812,200.00,834,642
1096913,200.00,836,634
1097015,200.00,833,646
1097116,200.00,833,646
1097218,200.00,834,642
1097319,200.00,834,642
1097420,200.00,834,642
1097522,200.00,834,642
1097623,200.00,834,642
1097724,200.00,833,646
1097826,200.00,834,642
1097927,200.00,835,638
1098029,200.00,835,638
1098130,200.00,835,638
1098231,200.00,831,655
1098333,200.00,836,634
1098434,200.00,835,638
1098535,200.00,834,642
1098637,200.00,835,638
1098738,200.00,835,638
1098840,200.00,833,646
1098941,200.00,834,642
1099042,200.00,835,638
1099144,200.00,835,638
1099245,200.00,834,642
1099346,200.00,835,638
1099448,200.00,833,646
1099548,200.00,834,642
1099650,200.00,835,638
1099751,200.00,834,642
1099852,200.00,834,642
1099954,200.00,834,642
1100055,200.00,833,646
1100156,200.00,835,638
1100258,200.00,835,638
1100359,200.00,834,642
1100461,200.00,833,646
1100562,200.00,835,638
1100663,200.00,835,638
1100765,200.00,834,642
1100866,200.00,834,642
1100967,200.00,835,638
1101069,200.00,834,642
1101170,200.00,833,646
1101272,200.00,833,646
1101373,200.00,834,642
1101474,200.00,833,646
1101576,200.00,834,642
1101677,200.00,834,642
1101778,200.00,834,642
1101880,200.00,834,642
1101981,200.00,834,642
1102083,200.00,833,646
1102184,200.00,834,642
1102285,200.00,834,642
1102387,200.00,833,646
1102488,200.00,834,642
1102589,200.00,835,638
1102691,200.00,835,638
1102792,200.00,832,650
1102894,200.00,833,646
1102995,200.00,836,634
1103096,200.00,834,642
1103198,200.00,833,646
1103299,200.00,834,642
1103400,200.00,834,642
1103502,200.00,834,642
1103603,200.00,834,642
1103705,200.00,835,638
1103806,200.00,834,642
1103907,200.00,834,642
1104009,200.00,832,650
1104110,200.00,834,642
1104211,200.00,832,650
1104313,200.00,835,638
1104413,200.00,832,650
1104515,200.00,834,642
1104616,200.00,833,646
1104717,200.00,834,642
1104819,200.00,835,638
1104920,200.00,833,646
1105021,200.00,834,642
1105123,200.00,833,646
1105224,200.00,833,646
1105326,200.00,832,650
1105427,200.00,834,642
1105528,200.00,834,642
1105630,200.00,833,646
1105731,200.00,831,655
1105832,200.00,833,646
1105934,200.00,833,646
1106035,200.00,833,646
1106137,200.00,832,650
1106238,200.00,833,646
1106339,200.00,831,655
1106441,200.00,832,650
1106542,200.00,833,646
1106643,200.00,832,650
1106745,200.00,834,642
1106846,200.00,834,642
1106948,200.00,830,659
1107049,200.00,833,646
1107150,200.00,833,646
1107252,200.00,833,646
1107353,200.00,832,650
1107454,200.00,834,642
1107556,200.00,832,650
1107657,200.00,833,646
1107759,200.00,833,646
1107860,200.00,833,646
1107961,200.00,834,642
1108063,200.00,832,650
1108164,200.00,831,655
1108265,200.00,833,646
1108367,200.00,834,642
1108468,200.00,833,646
1108570,200.00,833,646
1108671,200.00,833,646
1108772,200.00,833,646
1108874,200.00,833,646
1108975,200.00,833,646
1109076,200.00,832,650
1109177,200.00,832,650
1109278,200.00,834,642
1109380,200.00,833,646
1109481,200.00,833,646
1109582,200.00,833,646
1109684,200.00,833,646
1109785,200.00,833,646
1109886,200.00,834,642
1109988,200.00,834,642
1110089,200.00,832,650
1110191,200.00,832,650
1110292,200.00,833,646
1110393,200.00,834,642
1110495,200.00,832,650
1110596,200.00,832,650
1110697,200.00,831,655
1110799,200.00,833,646
1110900,200.00,833,646
1111002,200.00,833,646
1111103,200.00,832,650
1111204,200.00,833,646
1111306,200.00,832,650
1111407,200.00,834,642
1111508,200.00,833,646
1111610,200.00,832,650
1111711,200.00,834,642
1111813,200.00,833,646
1111914,200.00,831,655
1112015,200.00,832,650
1112117,200.00,834,642
1112218,200.00,831,655
1112320,200.00,832,650
1112421,200.00,833,646
1112522,200.00,833,646
1112624,200.00,832,650
1112725,200.00,832,650
1112826,200.00,834,642
1112928,200.00,833,646
1113029,200.00,832,650
1113131,200.00,832,650
1113232,200.00,833,646
1113333,200.00,832,650
1113435,200.00,834,642
1113536,200.00,834,642
1113637,200.00,831,655
1113739,200.00,833,646
1113840,200.00,832,650
1113942,200.00,833,646
1114042,200.00,834,642
1114143,200.00,831,655
1114245,200.00,833,646
1114346,200.00,833,646
1114447,200.00,831,655
1114549,200.00,832,650
1114650,200.00,834,642
1114752,200.00,833,646
1114853,200.00,831,655
1114954,200.00,832,650
1115056,200.00,832,650
1115157,200.00,832,650
1115258,200.00,832,650
1115360,200.00,833,646
1115461,200.00,834,642
1115563,200.00,833,646
1115664,200.00,831,655
1115765,200.00,833,646
1115867,200.00,833,646
1115968,200.00,833,646
1116069,200.00,831,655
1116171,200.00,832,650
1116272,200.00,831,655
1116374,200.00,832,650
1116475,200.00,833,646
1116576,200.00,833,646
1116678,200.00,832,650
1116779,200.00,832,650
1116880,200.00,833,646
1116982,200.00,833,646
1117083,200.00,832,650
1117185,200.00,832,650
1117286,200.00,833,646
1117387,200.00,832,650
1117489,200.00,833,646
1117590,200.00,833,646
1117691,200.00,833,646
1117793,200.00,832,650
1117894,200.00,832,650
1117996,200.00,831,655
1118097,200.00,833,646
1118198,200.00,834,642
1118300,200.00,833,646
1118401,200.00,831,655
1118502,200.00,833,646
1118604,200.00,833,646
1118705,200.00,832,650
1118807,200.00,834,642
1118907,200.00,832,650
1119008,200.00,834,642
1119110,200.00,833,646
1119211,200.00,832,650
1119312,200.00,834,642
1119414,200.00,830,659
1119515,200.00,834,642
1119617,200.00,833,646
1119718,200.00,833,646
1119819,200.00,835,638
1119921,200.00,834,642
1120022,200.00,832,650
1120123,200.00,831,655
1120225,200.00,833,646
1120326,200.00,833,646
1120428,200.00,833,646
1120529,200.00,831,655
1120630,200.00,831,655
1120732,200.00,831,655
1120833,200.00,831,655
1120934,200.00,832,650
1121036,200.00,832,650
1121137,200.00,834,642
1121239,200.00,832,650
1121340,200.00,829,663
1121441,200.00,833,646
1121543,200.00,833,646
1121644,200.00,833,646
1121745,200.00,833,646
1121847,200.00,833,646
1121948,200.00,832,650
1122050,200.00,833,646
1122151,200.00,832,650
1122252,200.00,832,650
1122354,200.00,834,642
1122455,200.00,833,646
1122556,200.00,831,655
1122658,200.00,833,646
1122759,200.00,834,642
1122861,200.00,831,655
1122962,200.00,833,646
1123063,200.00,832,650
1123165,200.00,833,646
1123266,200.00,832,650
1123367,200.00,832,650
1123469,200.00,833,646
1123570,200.00,834,642
1123671,200.00,832,650
1123772,200.00,832,650
1123873,200.00,833,646
1123975,200.00,832,650
1124076,200.00,834,642
1124177,200.00,833,646
1124279,200.00,832,650
1124380,200.00,833,646
1124482,200.00,831,655
1124583,200.00,832,650
1124684,200.00,832,650
1124786,200.00,831,655
1124887,200.00,834,642
1124988,200.00,832,650
1125090,200.00,833,646
1125191,200.00,834,642
1125293,200.00,832,650
1125394,200.00,834,642
1125495,200.00,831,655
1125597,200.00,833,646
1125698,200.00,835,638
1125799,200.00,834,642
1125901,200.00,833,646
1126002,200.00,832,650
1126104,200.00,833,646
1126205,200.00,832,650
1126306,200.00,833,646
1126408,200.00,834,642
1126509,200.00,832,650
1126610,200.00,832,650
1126712,200.00,834,642
1126813,200.00,833,646
1126915,200.00,834,642
1127016,200.00,833,646
1127117,200.00,832,650
1127219,200.00,834,642
1127320,200.00,833,646
1127421,200.00,833,646
1127523,200.00,833,646
1127624,200.00,833,646
1127726,200.00,833,646
1127827,200.00,831,655
1127928,200.00,833,646
1128030,200.00,835,638
1128131,200.00,832,650
1128232,200.00,830,659
1128334,200.00,832,650
1128434,200.00,833,646
1128536,200.00,833,646
1128637,200.00,833,646
1128738,200.00,832,650
1128840,200.00,832,650
1128941,200.00,832,650
1129042,200.00,833,646
1129144,200.00,833,646
1129245,200.00,832,650
1129347,200.00,833,646
1129448,200.00,834,642
1129549,200.00,833,646
1129651,200.00,834,642
1129752,200.00,833,646
1129853,200.00,833,646
1129955,200.00,832,650
1130056,200.00,832,650
# load_kg=0.00
1130159,0.00,832,650
1130260,0.00,832,650
1130360,0.00,834,642
1130462,0.00,833,646
1130563,0.00,833,646
1130664,0.00,833,646
1130766,0.00,833,646
1130867,0.00,832,650
1130969,0.00,834,642
1131070,0.00,833,646
1131170,0.00,833,646
1131272,0.00,834,642
1131373,0.00,833,646
1131474,0.00,835,638
1131576,0.00,832,650
1131677,0.00,832,650
1131779,0.00,830,659
1131880,0.00,834,642
1131980,0.00,833,646
1132082,0.00,832,650
1132183,0.00,834,642
1132284,0.00,834,642
1132386,0.00,832,650
1132487,0.00,832,650
1132589,0.00,833,646
1132689,0.00,835,638
1132790,0.00,833,646
1132892,0.00,833,646
1132993,0.00,834,642
1133094,0.00,832,650
1133196,0.00,834,642
1133297,0.00,834,642
1133399,0.00,834,642
1133499,0.00,834,642
1133600,0.00,832,650
1133702,0.00,833,646
1133803,0.00,830,659
1133904,0.00,832,650
1134006,0.00,826,676
1134107,0.00,761,975
1134209,0.00,555,2389
1134309,0.00,571,2243
1134410,0.00,629,1775
1134512,0.00,651,1619
1134613,0.00,658,1571
1134714,0.00,657,1578
1134816,0.00,657,1578
1134917,0.00,658,1571
1135019,0.00,658,1571
1135120,0.00,657,1578
1135221,0.00,657,1578
1135323,0.00,658,1571
1135424,0.00,656,1585
1135524,0.00,657,1578
1135626,0.00,656,1585
1135727,0.00,657,1578
1135828,0.00,655,1592
1135930,0.00,655,1592
1136031,0.00,655,1592
1136133,0.00,656,1585
1136234,0.00,654,1598
1136335,0.00,655,1592
1136437,0.00,668,1506
1136538,0.00,655,1592
1136640,0.00,652,1612
1136740,0.00,653,1605
1136841,0.00,652,1612
1136943,0.00,655,1592
1137044,0.00,653,1605
1137145,0.00,654,1598
1137247,0.00,652,1612
1137348,0.00,650,1626
1137449,0.00,651,1619
1137551,0.00,652,1612
1137652,0.00,652,1612
1137754,0.00,655,1592
1137854,0.00,655,1592
1137955,0.00,656,1585
1138057,0.00,655,1592
1138158,0.00,655,1592
1138259,0.00,653,1605
1138361,0.00,655,1592
1138462,0.00,654,1598
1138564,0.00,654,1598
1138665,0.00,656,1585
1138766,0.00,655,1592
1138868,0.00,656,1585
1138969,0.00,655,1592
1139069,0.00,654,1598
1139171,0.00,654,1598
1139272,0.00,656,1585
1139374,0.00,653,1605
1139475,0.00,652,1612
1139576,0.00,652,1612
1139678,0.00,653,1605
1139779,0.00,652,1612
1139880,0.00,651,1619
1139982,0.00,653,1605
1140083,0.00,652,1612
1140185,0.00,652,1612
1140285,0.00,650,1626
1140386,0.00,651,1619
# load_kg=100.00
1140489,100.00,650,1626
1140590,100.00,650,1626
1140691,100.00,649,1633
1140793,100.00,648,1639
1140894,100.00,648,1639
1140996,100.00,649,1633
1141097,100.00,650,1626
1141198,100.00,650,1626
1141300,100.00,651,1619
1141401,100.00,649,1633
1141502,100.00,649,1633
1141604,100.00,648,1639
1141705,100.00,649,1633
1141807,100.00,647,1646
1141908,100.00,648,1639
1142010,100.00,647,1646
1142112,100.00,648,1639
1142213,100.00,649,1633
1142315,100.00,648,1639
1142416,100.00,647,1646
1142517,100.00,647,1646
1142619,100.00,650,1626
1142720,100.00,650,1626
1142821,100.00,649,1633
1142923,100.00,648,1639
1143024,100.00,647,1646
1143126,100.00,646,1653
1143227,100.00,644,1667
1143328,100.00,646,1653
1143430,100.00,644,1667
1143531,100.00,645,1660
1143632,100.00,644,1667
1143734,100.00,645,1660
1143835,100.00,641,1688
1143937,100.00,641,1688
1144038,100.00,638,1710
1144139,100.00,639,1702
1144241,100.00,637,1717
1144342,100.00,638,1710
1144443,100.00,638,1710
1144545,100.00,638,1710
1144646,100.00,636,1724
1144748,100.00,634,1738
1144849,100.00,636,1724
1144950,100.00,634,1738
1145053,100.00,635,1731
1145154,100.00,636,1724
1145255,100.00,636,1724
1145357,100.00,634,1738
1145458,100.00,636,1724
1145560,100.00,636,1724
1145661,100.00,635,1731
1145762,100.00,636,1724
1145864,100.00,636,1724
1145965,100.00,635,1731
1146066,100.00,636,1724
1146168,100.00,636,1724
1146269,100.00,637,1717
1146371,100.00,634,1738
1146472,100.00,636,1724
1146573,100.00,635,1731
1146675,100.00,635,1731
1146776,100.00,633,1745
1146877,100.00,636,1724
1146979,100.00,633,1745
1147080,100.00,633,1745
1147182,100.00,633,1745
1147283,100.00,633,1745
1147384,100.00,632,1753
1147486,100.00,631,1760
1147587,100.00,631,1760
1147688,100.00,630,1767
1147790,100.00,629,1775
1147891,100.00,629,1775
1147993,100.00,631,1760
1148094,100.00,630,1767
1148196,100.00,631,1760
1148298,100.00,631,1760
1148399,100.00,629,1775
1148500,100.00,629,1775
1148602,100.00,630,1767
1148703,100.00,630,1767
1148805,100.00,631,1760
1148906,100.00,630,1767
1149007,100.00,629,1775
1149109,100.00,629,1775
1149210,100.00,630,1767
1149312,100.00,626,1797
1149413,100.00,627,1789
1149514,100.00,628,1782
1149616,100.00,628,1782
1149717,100.00,628,1782
1149818,100.00,628,1782
1149920,100.00,627,1789
1150021,100.00,627,1789
1150123,100.00,627,1789
1150224,100.00,627,1789
1150325,100.00,627,1789
1150427,100.00,625,1804
1150528,100.00,623,1819
1150629,100.00,623,1819
1150731,100.00,625,1804
1150832,100.00,623,1819
1150934,100.00,624,1811
1151035,100.00,622,1826
1151136,100.00,622,1826
1151239,100.00,621,1834
1151340,100.00,622,1826
1151441,100.00,620,1841
1151543,100.00,622,1826
1151644,100.00,620,1841
1151746,100.00,616,1872
1151847,100.00,618,1857
1151948,100.00,618,1857
1152050,100.00,619,1849
1152151,100.00,620,1841
1152252,100.00,621,1834
1152354,100.00,620,1841
1152455,100.00,621,1834
1152557,100.00,621,1834
1152658,100.00,622,1826
1152759,100.00,621,1834
1152861,100.00,620,1841
1152962,100.00,621,1834
1153063,100.00,622,1826
1153165,100.00,622,1826
1153266,100.00,621,1834
1153368,100.00,621,1834
1153469,100.00,621,1834
1153570,100.00,620,1841
1153672,100.00,620,1841
1153773,100.00,621,1834
1153874,100.00,620,1841
1153976,100.00,617,1864
1154077,100.00,618,1857
1154179,100.00,617,1864
1154280,100.00,619,1849
1154382,100.00,617,1864
1154484,100.00,618,1857
1154585,100.00,616,1872
1154686,100.00,618,1857
1154788,100.00,618,1857
1154889,100.00,617,1864
1154991,100.00,618,1857
1155092,100.00,617,1864
1155193,100.00,618,1857
1155295,100.00,619,1849
1155396,100.00,618,1857
1155497,100.00,618,1857
1155599,100.00,618,1857
1155700,100.00,618,1857
1155802,100.00,618,1857
1155903,100.00,617,1864
1156004,100.00,618,1857
1156106,100.00,618,1857
1156207,100.00,617,1864
1156308,100.00,619,1849
1156410,100.00,617,1864
1156511,100.00,618,1857
1156613,100.00,618,1857
1156714,100.00,618,1857
1156815,100.00,618,1857
1156917,100.00,617,1864
1157018,100.00,618,1857
1157120,100.00,618,1857
1157221,100.00,617,1864
1157322,100.00,618,1857
1157424,100.00,618,1857
1157526,100.00,618,1857
1157627,100.00,618,1857
1157729,100.00,618,1857
1157830,100.00,618,1857
1157932,100.00,616,1872
1158033,100.00,618,1857
1158134,100.00,618,1857
1158236,100.00,617,1864
1158337,100.00,618,1857
1158438,100.00,617,1864
1158540,100.00,618,1857
1158641,100.00,617,1864
1158743,100.00,617,1864
1158844,100.00,617,1864
1158945,100.00,617,1864
1159047,100.00,615,1879
1159148,100.00,617,1864
1159249,100.00,617,1864
1159351,100.00,617,1864
1159452,100.00,618,1857
1159554,100.00,618,1857
1159655,100.00,617,1864
1159756,100.00,617,1864
1159858,100.00,619,1849
1159959,100.00,616,1872
1160060,100.00,617,1864
1160162,100.00,618,1857
1160263,100.00,617,1864
1160365,100.00,618,1857
1160466,100.00,618,1857
1160568,100.00,616,1872
1160670,100.00,618,1857
1160771,100.00,617,1864
1160872,100.00,618,1857
1160974,100.00,617,1864
1161075,100.00,616,1872
1161177,100.00,617,1864
1161278,100.00,617,1864
1161379,100.00,618,1857
1161481,100.00,618,1857
1161582,100.00,617,1864
1161683,100.00,617,1864
1161785,100.00,617,1864
1161886,100.00,617,1864
1161988,100.00,617,1864
1162089,100.00,615,1879
1162190,100.00,617,1864
1162292,100.00,616,1872
1162393,100.00,617,1864
1162494,100.00,616,1872
1162596,100.00,615,1879
1162697,100.00,617,1864
1162799,100.00,617,1864
1162900,100.00,618,1857
1163001,100.00,617,1864
1163103,100.00,616,1872
1163204,100.00,617,1864
1163305,100.00,616,1872
1163407,100.00,616,1872
1163508,100.00,616,1872
1163610,100.00,616,1872
1163712,100.00,618,1857
1163813,100.00,617,1864
1163915,100.00,619,1849
1164016,100.00,618,1857
1164118,100.00,618,1857
1164219,100.00,617,1864
1164320,100.00,618,1857
1164422,100.00,617,1864
1164523,100.00,619,1849
1164624,100.00,617,1864
1164726,100.00,618,1857
1164827,100.00,618,1857
1164929,100.00,616,1872
1165030,100.00,617,1864
1165131,100.00,616,1872
1165233,100.00,618,1857
1165334,100.00,617,1864
1165435,100.00,619,1849
1165537,100.00,616,1872
1165638,100.00,616,1872
1165740,100.00,617,1864
1165841,100.00,617,1864
1165942,100.00,617,1864
1166044,100.00,617,1864
1166145,100.00,616,1872
1166246,100.00,616,1872
1166348,100.00,619,1849
1166449,100.00,617,1864
1166551,100.00,619,1849
1166652,100.00,618,1857
1166754,100.00,620,1841
1166856,100.00,616,1872
1166957,100.00,619,1849
1167058,100.00,618,1857
1167160,100.00,617,1864
1167261,100.00,618,1857
1167363,100.00,619,1849
1167464,100.00,618,1857
1167565,100.00,618,1857
1167667,100.00,618,1857
1167768,100.00,618,1857
1167869,100.00,618,1857
1167971,100.00,620,1841
1168072,100.00,620,1841
1168174,100.00,619,1849
1168275,100.00,619,1849
1168376,100.00,616,1872
1168478,100.00,619,1849
1168579,100.00,616,1872
1168680,100.00,619,1849
1168782,100.00,617,1864
1168883,100.00,617,1864
1168985,100.00,621,1834
1169086,100.00,617,1864
1169187,100.00,619,1849
1169289,100.00,618,1857
1169390,100.00,620,1841
1169491,100.00,620,1841
1169593,100.00,619,1849
1169694,100.00,618,1857
1169796,100.00,620,1841
1169898,100.00,621,1834
1169999,100.00,620,1841
1170101,100.00,618,1857
1170202,100.00,620,1841
1170304,100.00,620,1841
1170405,100.00,618,1857
1170506,100.00,618,1857
1170608,100.00,618,1857
1170709,100.00,617,1864
1170810,100.00,618,1857
1170912,100.00,618,1857
1171013,100.00,619,1849
1171115,100.00,619,1849
1171216,100.00,616,1872
1171317,100.00,618,1857
1171419,100.00,618,1857
1171520,100.00,618,1857
1171621,100.00,618,1857
1171723,100.00,619,1849
1171824,100.00,617,1864
1171926,100.00,617,1864
1172027,100.00,617,1864
1172128,100.00,617,1864
1172230,100.00,621,1834
1172331,100.00,620,1841
1172432,100.00,616,1872
1172534,100.00,618,1857
1172635,100.00,618,1857
1172737,100.00,617,1864
1172838,100.00,617,1864
1172939,100.00,618,1857
1173042,100.00,618,1857
1173143,100.00,618,1857
1173244,100.00,616,1872
1173346,100.00,616,1872
1173447,100.00,618,1857
1173549,100.00,618,1857
1173650,100.00,617,1864
1173751,100.00,617,1864
1173853,100.00,618,1857
1173954,100.00,619,1849
1174055,100.00,618,1857
1174157,100.00,618,1857
1174258,100.00,618,1857
1174360,100.00,618,1857
1174461,100.00,617,1864
1174562,100.00,618,1857
1174664,100.00,619,1849
1174765,100.00,620,1841
1174866,100.00,618,1857
1174968,100.00,619,1849
1175069,100.00,618,1857
1175171,100.00,619,1849
1175272,100.00,619,1849
1175373,100.00,619,1849
1175475,100.00,619,1849
1175576,100.00,619,1849
1175677,100.00,620,1841
1175779,100.00,620,1841
1175880,100.00,620,1841
1175982,100.00,620,1841
1176084,100.00,620,1841
1176185,100.00,621,1834
1176287,100.00,619,1849
1176388,100.00,621,1834
1176489,100.00,619,1849
1176591,100.00,621,1834
1176692,100.00,619,1849
1176794,100.00,621,1834
1176895,100.00,620,1841
1176996,100.00,621,1834
1177098,100.00,621,1834
1177199,100.00,620,1841
1177300,100.00,621,1834
1177402,100.00,620,1841
1177503,100.00,620,1841
1177605,100.00,620,1841
1177706,100.00,620,1841
1177807,100.00,620,1841
1177909,100.00,620,1841
1178010,100.00,620,1841
1178112,100.00,621,1834
1178213,100.00,621,1834
1178314,100.00,622,1826
1178416,100.00,621,1834
1178517,100.00,619,1849
1178618,100.00,620,1841
1178720,100.00,620,1841
1178821,100.00,620,1841
1178923,100.00,621,1834
1179024,100.00,620,1841
1179126,100.00,621,1834
1179228,100.00,621,1834
1179329,100.00,620,1841
1179430,100.00,623,1819
1179532,100.00,623,1819
1179633,100.00,624,1811
1179735,100.00,623,1819
1179836,100.00,622,1826
1179937,100.00,623,1819
1180039,100.00,623,1819
1180140,100.00,623,1819
1180241,100.00,622,1826
1180343,100.00,624,1811
1180444,100.00,623,1819
1180546,100.00,623,1819
1180647,100.00,625,1804
1180748,100.00,624,1811
1180850,100.00,624,1811
1180951,100.00,623,1819
1181052,100.00,623,1819
1181154,100.00,623,1819
1181255,100.00,623,1819
1181357,100.00,624,1811
1181458,100.00,623,1819
1181559,100.00,624,1811
1181661,100.00,624,1811
1181762,100.00,625,1804
1181863,100.00,624,1811
1181965,100.00,623,1819
1182066,100.00,623,1819
1182168,100.00,623,1819
1182269,100.00,623,1819
1182371,100.00,624,1811
1182473,100.00,623,1819
1182574,100.00,623,1819
1182675,100.00,624,1811
1182777,100.00,624,1811
1182878,100.00,624,1811
1182980,100.00,624,1811
1183081,100.00,624,1811
1183182,100.00,624,1811
1183284,100.00,624,1811
1183385,100.00,625,1804
1183486,100.00,624,1811
1183588,100.00,625,1804
1183689,100.00,624,1811
1183791,100.00,624,1811
1183892,100.00,624,1811
1183993,100.00,623,1819
1184095,100.00,625,1804
1184196,100.00,624,1811
1184297,100.00,623,1819
1184399,100.00,624,1811
1184500,100.00,623,1819
1184602,100.00,625,1804
1184703,100.00,624,1811
1184804,100.00,624,1811
1184906,100.00,624,1811
1185007,100.00,624,1811
1185108,100.00,625,1804
1185210,100.00,624,1811
1185311,100.00,623,1819
1185414,100.00,623,1819
1185515,100.00,625,1804
1185616,100.00,624,1811
1185718,100.00,624,1811
1185819,100.00,625,1804
1185921,100.00,623,1819
1186022,100.00,622,1826
1186123,100.00,625,1804
1186225,100.00,626,1797
1186326,100.00,623,1819
1186427,100.00,622,1826
1186529,100.00,624,1811
1186630,100.00,624,1811
1186732,100.00,623,1819
1186833,100.00,624,1811
1186934,100.00,624,1811
1187036,100.00,623,1819
1187137,100.00,622,1826
1187238,100.00,624,1811
1187340,100.00,624,1811
1187441,100.00,625,1804
1187543,100.00,624,1811
1187644,100.00,624,1811
1187745,100.00,626,1797
1187847,100.00,626,1797
1187948,100.00,625,1804
1188049,100.00,624,1811
1188151,100.00,624,1811
1188252,100.00,625,1804
1188354,100.00,624,1811
1188455,100.00,625,1804
1188557,100.00,624,1811
1188659,100.00,625,1804
1188760,100.00,624,1811
1188861,100.00,624,1811
1188963,100.00,624,1811
1189064,100.00,624,1811
1189166,100.00,624,1811
1189267,100.00,624,1811
1189368,100.00,624,1811
1189470,100.00,624,1811
1189571,100.00,624,1811
1189672,100.00,623,1819
1189774,100.00,623,1819
1189875,100.00,624,1811
1189977,100.00,623,1819
1190078,100.00,623,1819
1190179,100.00,623,1819
1190281,100.00,624,1811
1190382,100.00,622,1826
1190483,100.00,624,1811
1190585,100.00,624,1811
1190686,100.00,624,1811
1190788,100.00,624,1811
1190889,100.00,624,1811
1190990,100.00,625,1804
1191092,100.00,625,1804
1191193,100.00,623,1819
1191294,100.00,624,1811
1191396,100.00,625,1804
1191497,100.00,624,1811
1191600,100.00,624,1811
1191701,100.00,623,1819
1191802,100.00,624,1811
1191904,100.00,624,1811
1192005,100.00,625,1804
1192107,100.00,623,1819
1192208,100.00,624,1811
1192309,100.00,624,1811
1192411,100.00,624,1811
1192512,100.00,624,1811
1192613,100.00,625,1804
1192715,100.00,623,1819
1192816,100.00,624,1811
1192918,100.00,625,1804
1193019,100.00,625,1804
1193120,100.00,625,1804
1193222,100.00,623,1819
1193323,100.00,625,1804
1193424,100.00,624,1811
1193526,100.00,625,1804
1193627,100.00,625,1804
1193729,100.00,623,1819
1193830,100.00,624,1811
1193931,100.00,624,1811
1194033,100.00,624,1811
1194134,100.00,624,1811
1194235,100.00,625,1804
1194337,100.00,625,1804
1194438,100.00,624,1811
1194540,100.00,623,1819
1194641,100.00,624,1811
1194743,100.00,624,1811
1194845,100.00,626,1797
1194946,100.00,625,1804
1195047,100.00,624,1811
1195149,100.00,625,1804
1195250,100.00,624,1811
1195352,100.00,624,1811
1195453,100.00,624,1811
1195554,100.00,624,1811
1195656,100.00,624,1811
1195757,100.00,625,1804
1195858,100.00,623,1819
1195960,100.00,624,1811
1196061,100.00,624,1811
1196163,100.00,625,1804
1196264,100.00,626,1797
1196365,100.00,625,1804
1196467,100.00,625,1804
1196568,100.00,625,1804
1196669,100.00,624,1811
1196771,100.00,625,1804
1196872,100.00,625,1804
1196974,100.00,626,1797
1197075,100.00,625,1804
1197176,100.00,623,1819
1197278,100.00,624,1811
1197379,100.00,625,1804
1197480,100.00,624,1811
1197582,100.00,625,1804
1197683,100.00,623,1819
1197786,100.00,623,1819
# load_kg=0.00
1197887,0.00,624,1811
1197988,0.00,624,1811
1198090,0.00,623,1819
1198191,0.00,623,1819
1198292,0.00,624,1811
1198394,0.00,624,1811
1198495,0.00,623,1819
1198597,0.00,625,1804
1198697,0.00,625,1804
1198798,0.00,628,1782
1198900,0.00,623,1819
1199001,0.00,624,1811
1199102,0.00,625,1804
1199204,0.00,626,1797
1199305,0.00,625,1804
1199407,0.00,624,1811
1199508,0.00,625,1804
1199609,0.00,624,1811
1199711,0.00,625,1804
1199811,0.00,625,1804
1199912,0.00,625,1804
1200014,0.00,626,1797
1200115,0.00,626,1797
1200217,0.00,625,1804
1200318,0.00,625,1804
1200419,0.00,625,1804
1200521,0.00,625,1804
1200622,0.00,626,1797
1200723,0.00,625,1804
1200825,0.00,625,1804
1200926,0.00,624,1811
1201027,0.00,625,1804
1201128,0.00,625,1804
1201229,0.00,625,1804
1201331,0.00,625,1804
1201432,0.00,625,1804
1201533,0.00,624,1811
1201635,0.00,626,1797
1201736,0.00,625,1804
1201838,0.00,623,1819
1201939,0.00,681,1423
1202040,0.00,445,3680
1202142,0.00,420,4067
1202242,0.00,422,4035
1202343,0.00,421,4051
1202445,0.00,421,4051
1202546,0.00,423,4018
1202648,0.00,424,4002
1202749,0.00,423,4018
1202850,0.00,423,4018
1202952,0.00,423,4018
1203053,0.00,411,4218
1203154,0.00,422,4035
1203256,0.00,422,4035
1203357,0.00,426,3970
1203458,0.00,425,3986
1203559,0.00,424,4002
1203660,0.00,424,4002
1203762,0.00,425,3986
1203863,0.00,425,3986
1203964,0.00,423,4018
1204066,0.00,425,3986
1204167,0.00,424,4002
1204269,0.00,424,4002
1204370,0.00,424,4002
1204471,0.00,425,3986
1204573,0.00,422,4035
1204673,0.00,425,3986
1204774,0.00,425,3986
1204876,0.00,424,4002
1204977,0.00,424,4002
1205079,0.00,423,4018
1205180,0.00,423,4018
1205281,0.00,423,4018
1205383,0.00,423,4018
1205484,0.00,423,4018
1205585,0.00,421,4051
1205687,0.00,421,4051
1205787,0.00,420,4067
1205889,0.00,419,4084
1205990,0.00,419,4084
1206091,0.00,420,4067
1206193,0.00,419,4084
1206294,0.00,420,4067
1206395,0.00,419,4084
1206497,0.00,420,4067
1206598,0.00,420,4067
1206700,0.00,419,4084
# load_kg=50.00
1206801,50.00,419,4084
1206902,50.00,420,4067
1207004,50.00,419,4084
1207105,50.00,418,4100
1207206,50.00,417,4117
1207308,50.00,422,4035
1207409,50.00,418,4100
1207511,50.00,419,4084
1207612,50.00,419,4084
1207713,50.00,418,4100
1207815,50.00,420,4067
1207916,50.00,419,4084
1208017,50.00,420,4067
1208119,50.00,419,4084
1208220,50.00,418,4100
1208322,50.00,420,4067
1208423,50.00,418,4100
1208524,50.00,418,4100
1208626,50.00,419,4084
1208727,50.00,419,4084
1208828,50.00,418,4100
1208930,50.00,419,4084
1209031,50.00,419,4084
1209133,50.00,419,4084
1209234,50.00,417,4117
1209335,50.00,419,4084
1209437,50.00,417,4117
1209538,50.00,419,4084
1209639,50.00,416,4134
1209741,50.00,417,4117
1209842,50.00,416,4134
1209944,50.00,416,4134
1210045,50.00,416,4134
1210146,50.00,416,4134
1210248,50.00,417,4117
1210348,50.00,417,4117
1210449,50.00,416,4134
1210551,50.00,417,4117
1210652,50.00,416,4134
1210754,50.00,416,4134
1210855,50.00,416,4134
1210956,50.00,416,4134
1211058,50.00,417,4117
1211159,50.00,418,4100
1211260,50.00,416,4134
1211362,50.00,417,4117
1211463,50.00,415,4151
1211565,50.00,416,4134
1211666,50.00,417,4117
1211767,50.00,416,4134
1211869,50.00,415,4151
1211970,50.00,415,4151
1212071,50.00,415,4151
1212173,50.00,416,4134
1212274,50.00,414,4167
1212376,50.00,414,4167
1212477,50.00,413,4184
1212578,50.00,414,4167
1212680,50.00,416,4134
1212781,50.00,416,4134
1212882,50.00,417,4117
1212984,50.00,417,4117
1213085,50.00,414,4167
1213187,50.00,416,4134
1213288,50.00,416,4134
1213389,50.00,416,4134
1213491,50.00,417,4117
1213592,50.00,416,4134
1213693,50.00,417,4117
1213795,50.00,416,4134
1213896,50.00,416,4134
1213998,50.00,416,4134
1214099,50.00,416,4134
1214200,50.00,416,4134
1214302,50.00,415,4151
1214403,50.00,416,4134
1214504,50.00,417,4117
1214606,50.00,417,4117
1214707,50.00,415,4151
1214809,50.00,416,4134
1214910,50.00,420,4067
1215011,50.00,416,4134
1215113,50.00,416,4134
1215213,50.00,416,4134
1215314,50.00,415,4151
1215416,50.00,415,4151
1215517,50.00,416,4134
1215619,50.00,414,4167
1215720,50.00,416,4134
1215821,50.00,415,4151
1215923,50.00,415,4151
1216024,50.00,415,4151
1216125,50.00,416,4134
1216227,50.00,416,4134
1216328,50.00,417,4117
1216430,50.00,415,4151
1216531,50.00,415,4151
1216632,50.00,416,4134
1216734,50.00,416,4134
1216835,50.00,416,4134
1216936,50.00,416,4134
1217038,50.00,417,4117
1217139,50.00,417,4117
1217241,50.00,416,4134
1217342,50.00,417,4117
1217443,50.00,416,4134
1217545,50.00,416,4134
1217646,50.00,417,4117
1217747,50.00,415,4151
1217849,50.00,416,4134
1217950,50.00,416,4134
1218052,50.00,415,4151
1218153,50.00,416,4134
1218254,50.00,414,4167
1218356,50.00,416,4134
1218457,50.00,416,4134
1218558,50.00,417,4117
1218660,50.00,416,4134
1218761,50.00,417,4117
1218863,50.00,420,4067
1218964,50.00,420,4067
1219065,50.00,420,4067
1219167,50.00,420,4067
1219268,50.00,420,4067
1219369,50.00,422,4035
1219471,50.00,421,4051
1219572,50.00,422,4035
1219674,50.00,422,4035
1219775,50.00,422,4035
1219876,50.00,422,4035
1219977,50.00,420,4067
1220078,50.00,423,4018
1220179,50.00,423,4018
1220281,50.00,425,3986
1220382,50.00,423,4018
1220484,50.00,423,4018
1220585,50.00,424,4002
1220686,50.00,424,4002
1220788,50.00,423,4018
1220889,50.00,423,4018
1220990,50.00,423,4018
1221092,50.00,424,4002
1221193,50.00,424,4002
1221295,50.00,425,3986
1221396,50.00,424,4002
1221497,50.00,425,3986
1221599,50.00,424,4002
1221700,50.00,426,3970
1221801,50.00,424,4002
1221903,50.00,424,4002
1222004,50.00,426,3970
1222106,50.00,425,3986
1222207,50.00,427,3954
1222308,50.00,426,3970
1222410,50.00,426,3970
1222511,50.00,425,3986
1222612,50.00,426,3970
1222714,50.00,426,3970
1222815,50.00,427,3954
1222917,50.00,427,3954
1223018,50.00,426,3970
1223119,50.00,426,3970
1223221,50.00,426,3970
1223322,50.00,425,3986
1223424,50.00,426,3970
1223525,50.00,427,3954
1223626,50.00,427,3954
1223728,50.00,427,3954
1223829,50.00,428,3938
1223930,50.00,427,3954
1224032,50.00,427,3954
1224133,50.00,427,3954
1224235,50.00,427,3954
1224336,50.00,427,3954
1224437,50.00,427,3954
1224539,50.00,426,3970
1224640,50.00,427,3954
1224740,50.00,425,3986
1224842,50.00,427,3954
1224943,50.00,422,4035
1225044,50.00,425,3986
1225146,50.00,427,3954
1225247,50.00,426,3970
1225349,50.00,426,3970
1225450,50.00,426,3970
1225551,50.00,425,3986
1225653,50.00,419,4084
1225754,50.00,425,3986
1225856,50.00,419,4084
1225957,50.00,425,3986
1226058,50.00,422,4035
1226160,50.00,419,4084
1226261,50.00,419,4084
1226362,50.00,420,4067
1226464,50.00,418,4100
1226565,50.00,425,3986
1226667,50.00,422,4035
1226768,50.00,418,4100
1226869,50.00,420,4067
1226971,50.00,416,4134
1227072,50.00,416,4134
1227173,50.00,423,4018
1227275,50.00,416,4134
1227376,50.00,417,4117
1227478,50.00,418,4100
1227579,50.00,414,4167
1227680,50.00,416,4134
1227782,50.00,417,4117
1227883,50.00,415,4151
1227984,50.00,417,4117
1228086,50.00,417,4117
1228187,50.00,417,4117
1228289,50.00,414,4167
1228390,50.00,418,4100
1228491,50.00,416,4134
1228593,50.00,421,4051
1228694,50.00,416,4134
1228795,50.00,414,4167
1228897,50.00,415,4151
1228998,50.00,418,4100
1229100,50.00,414,4167
1229201,50.00,416,4134
1229302,50.00,418,4100
1229404,50.00,412,4201
1229505,50.00,416,4134
1229606,50.00,417,4117
1229707,50.00,415,4151
1229808,50.00,420,4067
1229910,50.00,419,4084
1230011,50.00,417,4117
1230112,50.00,417,4117
1230214,50.00,416,4134
1230315,50.00,414,4167
1230416,50.00,415,4151
1230518,50.00,414,4167
1230619,50.00,414,4167
1230721,50.00,412,4201
1230822,50.00,413,4184
1230923,50.00,417,4117
1231025,50.00,413,4184
1231126,50.00,412,4201
1231227,50.00,413,4184
1231329,50.00,417,4117
1231430,50.00,414,4167
1231532,50.00,416,4134
1231633,50.00,416,4134
1231734,50.00,413,4184
1231836,50.00,414,4167
1231937,50.00,419,4084
1232038,50.00,415,4151
1232140,50.00,414,4167
1232241,50.00,412,4201
1232343,50.00,414,4167
1232444,50.00,414,4167
1232545,50.00,411,4218
1232647,50.00,405,4323
1232748,50.00,416,4134
1232849,50.00,417,4117
1232951,50.00,419,4084
1233052,50.00,416,4134
1233154,50.00,416,4134
1233255,50.00,418,4100
1233356,50.00,419,4084
1233458,50.00,417,4117
1233559,50.00,417,4117
1233660,50.00,415,4151
1233762,50.00,415,4151
1233863,50.00,417,4117
1233965,50.00,419,4084
1234066,50.00,416,4134
1234167,50.00,415,4151
1234269,50.00,417,4117
1234370,50.00,418,4100
1234470,50.00,413,4184
1234572,50.00,415,4151
1234673,50.00,417,4117
1234775,50.00,419,4084
1234876,50.00,416,4134
1234977,50.00,416,4134
1235079,50.00,419,4084
1235180,50.00,419,4084
1235281,50.00,416,4134
1235383,50.00,416,4134
1235484,50.00,419,4084
1235586,50.00,421,4051
1235687,50.00,415,4151
1235788,50.00,410,4236
1235890,50.00,428,3938
1235991,50.00,418,4100
1236092,50.00,416,4134
1236194,50.00,417,4117
1236295,50.00,419,4084
1236397,50.00,418,4100
1236498,50.00,417,4117
1236599,50.00,418,4100
1236701,50.00,422,4035
1236802,50.00,418,4100
1236903,50.00,418,4100
1237005,50.00,421,4051
1237106,50.00,420,4067
1237208,50.00,418,4100
1237309,50.00,420,4067
1237410,50.00,422,4035
1237512,50.00,421,4051
1237613,50.00,420,4067
1237714,50.00,420,4067
1237816,50.00,421,4051
1237917,50.00,420,4067
1238019,50.00,424,4002
1238120,50.00,423,4018
1238221,50.00,423,4018
1238323,50.00,415,4151
1238424,50.00,421,4051
1238525,50.00,423,4018
1238627,50.00,423,4018
1238728,50.00,421,4051
1238830,50.00,423,4018
1238931,50.00,423,4018
1239032,50.00,422,4035
1239134,50.00,421,4051
1239234,50.00,418,4100
1239335,50.00,423,4018
1239437,50.00,422,4035
1239538,50.00,421,4051
1239640,50.00,422,4035
1239741,50.00,424,4002
1239842,50.00,421,4051
1239944,50.00,427,3954
1240045,50.00,429,3923
1240146,50.00,429,3923
1240248,50.00,427,3954
1240349,50.00,426,3970
1240451,50.00,428,3938
1240552,50.00,429,3923
1240653,50.00,429,3923
1240755,50.00,421,4051
1240856,50.00,429,3923
1240957,50.00,428,3938
1241059,50.00,426,3970
1241160,50.00,421,4051
1241262,50.00,426,3970
1241363,50.00,428,3938
1241464,50.00,427,3954
1241566,50.00,426,3970
1241667,50.00,427,3954
1241768,50.00,429,3923
1241870,50.00,427,3954
1241971,50.00,426,3970
1242073,50.00,422,4035
1242174,50.00,428,3938
1242275,50.00,428,3938
1242377,50.00,419,4084
1242478,50.00,429,3923
1242579,50.00,430,3907
1242681,50.00,421,4051
1242782,50.00,421,4051
1242884,50.00,423,4018
1242985,50.00,428,3938
1243086,50.00,430,3907
1243188,50.00,428,3938
1243289,50.00,430,3907
1243390,50.00,428,3938
1243492,50.00,421,4051
1243593,50.00,427,3954
1243695,50.00,428,3938
1243796,50.00,427,3954
1243897,50.00,426,3970
1243998,50.00,429,3923
1244099,50.00,429,3923
1244200,50.00,426,3970
1244302,50.00,425,3986
1244403,50.00,429,3923
1244505,50.00,430,3907
1244606,50.00,427,3954
1244707,50.00,422,4035
1244809,50.00,431,3891
1244910,50.00,430,3907
1245011,50.00,420,4067
1245113,50.00,427,3954
1245214,50.00,428,3938
1245316,50.00,421,4051
1245417,50.00,420,4067
1245518,50.00,420,4067
1245620,50.00,422,4035
1245721,50.00,422,4035
1245822,50.00,425,3986
1245924,50.00,422,4035
1246025,50.00,426,3970
# load_kg=0.00
1246128,0.00,420,4067
1246229,0.00,420,4067
1246329,0.00,420,4067
1246431,0.00,423,4018
1246532,0.00,423,4018
1246633,0.00,423,4018
1246735,0.00,421,4051
1246836,0.00,424,4002
1246938,0.00,423,4018
1247039,0.00,423,4018
1247140,0.00,424,4002
1247242,0.00,425,3986
1247343,0.00,424,4002
1247444,0.00,422,4035
1247545,0.00,424,4002
1247646,0.00,424,4002
1247748,0.00,422,4035
1247849,0.00,421,4051
1247950,0.00,425,3986
1248052,0.00,424,4002
1248153,0.00,423,4018
1248254,0.00,423,4018
1248356,0.00,422,4035
1248457,0.00,423,4018
1248559,0.00,423,4018
1248660,0.00,424,4002
1248760,0.00,425,3986
1248862,0.00,424,4002
1248963,0.00,423,4018
1249064,0.00,423,4018
1249166,0.00,425,3986
1249267,0.00,424,4002
1249369,0.00,402,4376
1249470,0.00,0,-1
1249570,0.00,110,23514
1249672,0.00,142,17577
1249773,0.00,143,17434
1249874,0.00,140,17868
1249976,0.00,141,17721
1250077,0.00,142,17577
1250179,0.00,142,17577
1250280,0.00,141,17721
1250381,0.00,139,18017
1250483,0.00,140,17868
1250584,0.00,142,17577
1250685,0.00,139,18017
1250787,0.00,139,18017
1250888,0.00,139,18017
1250990,0.00,141,17721
1251091,0.00,140,17868
1251192,0.00,138,18168
1251294,0.00,138,18168
1251395,0.00,137,18321
1251496,0.00,137,18321
1251598,0.00,139,18017
1251699,0.00,137,18321
1251801,0.00,138,18168
1251902,0.00,138,18168
1252003,0.00,136,18477
1252105,0.00,136,18477
1252206,0.00,131,19290
1252307,0.00,136,18477
1252409,0.00,134,18795
1252510,0.00,136,18477
1252612,0.00,137,18321
1252713,0.00,136,18477
1252814,0.00,136,18477
1252915,0.00,133,18958
1253016,0.00,131,19290
1253117,0.00,133,18958
1253219,0.00,133,18958
1253320,0.00,134,18795
1253422,0.00,133,18958
1253523,0.00,132,19123
1253624,0.00,131,19290
1253726,0.00,132,19123
1253827,0.00,131,19290
1253928,0.00,132,19123
1254030,0.00,132,19123
1254131,0.00,131,19290
1254233,0.00,132,19123
1254334,0.00,130,19461
1254435,0.00,132,19123
1254537,0.00,132,19123
1254638,0.00,131,19290
1254739,0.00,131,19290
1254841,0.00,130,19461
1254942,0.00,125,20352
1255044,0.00,128,19809
1255145,0.00,125,20352
1255246,0.00,124,20539
1255348,0.00,121,21119
1255449,0.00,124,20539
# load_kg=-1.00
1255550,-1.00,127,19987
1255652,-1.00,129,19633
1255753,-1.00,130,19461
1255855,-1.00,128,19809
1255956,-1.00,129,19633
1256057,-1.00,128,19809
1256159,-1.00,129,19633
1256260,-1.00,131,19290
1256361,-1.00,131,19290
1256463,-1.00,126,20168
1256564,-1.00,129,19633
1256666,-1.00,131,19290
1256767,-1.00,130,19461
1256868,-1.00,129,19633
1256970,-1.00,125,20352
1257071,-1.00,126,20168
1257172,-1.00,127,19987
1257274,-1.00,126,20168
1257375,-1.00,126,20168
1257477,-1.00,126,20168
1257578,-1.00,127,19987
1257679,-1.00,124,20539
1257781,-1.00,121,21119
1257882,-1.00,122,20922
1257984,-1.00,117,21938
1258085,-1.00,112,23043
1258186,-1.00,105,24769
1258288,-1.00,120,21318
1258389,-1.00,107,24253
1258490,-1.00,101,25862
1258592,-1.00,104,25034
1258693,-1.00,100,26149
1258795,-1.00,105,24769
1258896,-1.00,100,26149
1258997,-1.00,102,25580
1259099,-1.00,103,25304
1259200,-1.00,100,26149
1259301,-1.00,104,25034
1259403,-1.00,104,25034
1259504,-1.00,102,25580
1259606,-1.00,105,24769
1259707,-1.00,102,25580
1259808,-1.00,103,25304
1259910,-1.00,103,25304
1260011,-1.00,102,25580
1260112,-1.00,102,25580
1260214,-1.00,104,25034
1260315,-1.00,103,25304
1260417,-1.00,102,25580
1260518,-1.00,103,25304
1260619,-1.00,104,25034
1260721,-1.00,106,24508
1260822,-1.00,105,24769
1260922,-1.00,103,25304
1261024,-1.00,104,25034
1261125,-1.00,103,25304
1261227,-1.00,104,25034
1261328,-1.00,106,24508
1261429,-1.00,103,25304
1261531,-1.00,102,25580
1261632,-1.00,101,25862
1261733,-1.00,102,25580
1261835,-1.00,101,25862
1261936,-1.00,102,25580
1262038,-1.00,102,25580
1262139,-1.00,104,25034
1262240,-1.00,102,25580
1262342,-1.00,101,25862
1262443,-1.00,101,25862
1262544,-1.00,102,25580
1262646,-1.00,103,25304
1262747,-1.00,100,26149
1262849,-1.00,101,25862
1262950,-1.00,99,26441
1263051,-1.00,102,25580
1263153,-1.00,101,25862
1263254,-1.00,99,26441
1263355,-1.00,96,27356
1263457,-1.00,96,27356
1263558,-1.00,95,27674
1263660,-1.00,96,27356
1263761,-1.00,95,27674
1263862,-1.00,94,27998
1263964,-1.00,94,27998
1264065,-1.00,94,27998
1264166,-1.00,96,27356
1264268,-1.00,94,27998
1264369,-1.00,95,27674
1264471,-1.00,103,25304
1264572,-1.00,94,27998
1264672,-1.00,93,28330
1264774,-1.00,94,27998
1264875,-1.00,95,27674
1264976,-1.00,92,28669
1265078,-1.00,96,27356
1265179,-1.00,94,27998
1265281,-1.00,94,27998
1265382,-1.00,92,28669
1265483,-1.00,94,27998
1265585,-1.00,93,28330
1265686,-1.00,93,28330
1265787,-1.00,92,28669
1265889,-1.00,94,27998
1265990,-1.00,94,27998
1266092,-1.00,95,27674
1266193,-1.00,94,27998
1266294,-1.00,93,28330
1266396,-1.00,93,28330
1266496,-1.00,93,28330
1266597,-1.00,92,28669
1266699,-1.00,93,28330
1266800,-1.00,92,28669
1266902,-1.00,94,27998
1267003,-1.00,94,27998
1267104,-1.00,91,29015
1267206,-1.00,91,29015
1267307,-1.00,93,28330
1267408,-1.00,92,28669
1267510,-1.00,92,28669
1267611,-1.00,91,29015
1267713,-1.00,92,28669
1267814,-1.00,92,28669
1267915,-1.00,92,28669
1268017,-1.00,92,28669
1268118,-1.00,92,28669
1268219,-1.00,94,27998
1268320,-1.00,92,28669
1268421,-1.00,91,29015
1268523,-1.00,92,28669
1268624,-1.00,92,28669
1268725,-1.00,92,28669
1268827,-1.00,92,28669
1268928,-1.00,91,29015
1269029,-1.00,92,28669
1269131,-1.00,92,28669
1269232,-1.00,91,29015
1269334,-1.00,92,28669
1269435,-1.00,92,28669
1269536,-1.00,91,29015
1269638,-1.00,92,28669
1269739,-1.00,92,28669
1269840,-1.00,92,28669
1269942,-1.00,91,29015
1270043,-1.00,92,28669
1270144,-1.00,91,29015
1270245,-1.00,89,29731
1270346,-1.00,91,29015
1270448,-1.00,91,29015
1270549,-1.00,90,29369
1270650,-1.00,90,29369
1270752,-1.00,92,28669
1270853,-1.00,92,28669
1270955,-1.00,91,29015
1271056,-1.00,91,29015
1271157,-1.00,91,29015
1271259,-1.00,89,29731
1271360,-1.00,89,29731
1271461,-1.00,93,28330
1271563,-1.00,89,29731
1271664,-1.00,98,26740
1271766,-1.00,91,29015
1271867,-1.00,90,29369
1271967,-1.00,89,29731
1272069,-1.00,92,28669
1272170,-1.00,90,29369
1272271,-1.00,89,29731
1272373,-1.00,90,29369
1272474,-1.00,89,29731
1272576,-1.00,94,27998
1272677,-1.00,90,29369
1272778,-1.00,91,29015
1272880,-1.00,92,28669
1272981,-1.00,88,30101
1273082,-1.00,89,29731
1273184,-1.00,91,29015
1273285,-1.00,91,29015
1273387,-1.00,89,29731
1273488,-1.00,90,29369
1273589,-1.00,90,29369
1273691,-1.00,89,29731
1273791,-1.00,90,29369
1273892,-1.00,91,29015
1273994,-1.00,89,29731
1274095,-1.00,89,29731
1274196,-1.00,90,29369
1274298,-1.00,91,29015
1274399,-1.00,89,29731
1274501,-1.00,89,29731
1274602,-1.00,90,29369
1274703,-1.00,88,30101
1274805,-1.00,89,29731
1274906,-1.00,89,29731
1275008,-1.00,91,29015
1275109,-1.00,90,29369
1275210,-1.00,89,29731
1275312,-1.00,89,29731
1275413,-1.00,90,29369
1275514,-1.00,88,30101
1275615,-1.00,87,30479
1275716,-1.00,88,30101
1275817,-1.00,89,29731
1275919,-1.00,88,30101
1276020,-1.00,87,30479
1276122,-1.00,88,30101
1276223,-1.00,88,30101
1276324,-1.00,87,30479
1276426,-1.00,89,29731
1276527,-1.00,89,29731
1276628,-1.00,89,29731
1276730,-1.00,88,30101
1276831,-1.00,87,30479
1276933,-1.00,88,30101
1277034,-1.00,86,30867
1277135,-1.00,87,30479
1277237,-1.00,89,29731
1277338,-1.00,88,30101
1277438,-1.00,88,30101
1277540,-1.00,88,30101
1277641,-1.00,88,30101
1277743,-1.00,87,30479
1277844,-1.00,87,30479
1277945,-1.00,89,29731
1278047,-1.00,87,30479
1278148,-1.00,88,30101
1278249,-1.00,89,29731
1278351,-1.00,88,30101
1278452,-1.00,87,30479
1278554,-1.00,88,30101
1278655,-1.00,87,30479
1278756,-1.00,87,30479
1278858,-1.00,86,30867
1278959,-1.00,87,30479
1279060,-1.00,86,30867
1279162,-1.00,87,30479
1279262,-1.00,88,30101
1279364,-1.00,88,30101
1279465,-1.00,85,31263
1279566,-1.00,87,30479
1279668,-1.00,87,30479
1279769,-1.00,85,31263
1279870,-1.00,88,30101
1279972,-1.00,85,31263
1280073,-1.00,86,30867
1280175,-1.00,84,31669
1280276,-1.00,83,32085
1280377,-1.00,84,31669
1280479,-1.00,84,31669
1280580,-1.00,84,31669
1280681,-1.00,80,33394
1280783,-1.00,84,31669
1280884,-1.00,80,33394
1280985,-1.00,84,31669
1281086,-1.00,81,32947
1281187,-1.00,82,32510
1281289,-1.00,83,32085
1281390,-1.00,84,31669
1281491,-1.00,84,31669
1281593,-1.00,82,32510
1281694,-1.00,82,32510
1281796,-1.00,83,32085
1281897,-1.00,83,32085
1281998,-1.00,82,32510
1282100,-1.00,81,32947
1282201,-1.00,81,32947
1282302,-1.00,82,32510
1282404,-1.00,82,32510
1282505,-1.00,81,32947
1282606,-1.00,79,33853
1282707,-1.00,80,33394
1282808,-1.00,79,33853
1282910,-1.00,80,33394
1283011,-1.00,81,32947
1283112,-1.00,79,33853
1283214,-1.00,81,32947
1283315,-1.00,79,33853
1283417,-1.00,78,34323
1283518,-1.00,80,33394
1283619,-1.00,80,33394
1283721,-1.00,80,33394
1283822,-1.00,81,32947
1283923,-1.00,77,34805
1284025,-1.00,79,33853
1284126,-1.00,80,33394
1284227,-1.00,79,33853
1284328,-1.00,80,33394
1284429,-1.00,80,33394
1284531,-1.00,79,33853
1284632,-1.00,79,33853
1284733,-1.00,81,32947
1284835,-1.00,79,33853
1284936,-1.00,79,33853
1285038,-1.00,79,33853
1285139,-1.00,79,33853
1285240,-1.00,77,34805
1285342,-1.00,77,34805
1285443,-1.00,77,34805
1285544,-1.00,75,35809
1285646,-1.00,78,34323
1285746,-1.00,76,35301
1285848,-1.00,78,34323
1285949,-1.00,75,35809
1286050,-1.00,77,34805
1286152,-1.00,78,34323
1286253,-1.00,80,33394
1286354,-1.00,78,34323
1286456,-1.00,77,34805
1286557,-1.00,76,35301
1286659,-1.00,75,35809
1286760,-1.00,72,37419
1286861,-1.00,75,35809
1286963,-1.00,74,36331
1287064,-1.00,73,36868
1287165,-1.00,71,37986
1287267,-1.00,73,36868
1287367,-1.00,74,36331
1287469,-1.00,72,37419
1287570,-1.00,73,36868
1287671,-1.00,73,36868
1287773,-1.00,72,37419
1287874,-1.00,60,45470
1287975,-1.00,59,46288
1288077,-1.00,58,47135
1288178,-1.00,58,47135
1288280,-1.00,59,46288
1288381,-1.00,60,45470
1288482,-1.00,58,47135
1288584,-1.00,59,46288
1288685,-1.00,59,46288
1288786,-1.00,59,46288
1288888,-1.00,58,47135
1288988,-1.00,59,46288
1289090,-1.00,60,45470
1289191,-1.00,58,47135
1289292,-1.00,67,40423
1289394,-1.00,58,47135
1289495,-1.00,57,48012
1289596,-1.00,57,48012
1289698,-1.00,59,46288
1289799,-1.00,57,48012
1289901,-1.00,58,47135
1290002,-1.00,56,48920
1290103,-1.00,57,48012
1290205,-1.00,58,47135
1290306,-1.00,58,47135
1290407,-1.00,57,48012
1290509,-1.00,59,46288
1290609,-1.00,58,47135
1290711,-1.00,58,47135
1290812,-1.00,57,48012
1290913,-1.00,59,46288
1291015,-1.00,58,47135
1291116,-1.00,57,48012
1291217,-1.00,56,48920
1291319,-1.00,56,48920
1291420,-1.00,57,48012
1291522,-1.00,59,46288
1291623,-1.00,56,48920
1291724,-1.00,57,48012
1291826,-1.00,57,48012
1291927,-1.00,57,48012
1292028,-1.00,55,49861
1292129,-1.00,57,48012
1292230,-1.00,58,47135
1292332,-1.00,55,49861
1292433,-1.00,57,48012
1292534,-1.00,58,47135
1292636,-1.00,58,47135
1292737,-1.00,58,47135
1292838,-1.00,56,48920
1292940,-1.00,57,48012
1293041,-1.00,56,48920
1293143,-1.00,56,48920
1293244,-1.00,57,48012
1293345,-1.00,56,48920
1293447,-1.00,54,50837
1293548,-1.00,55,49861
1293649,-1.00,56,48920
1293750,-1.00,56,48920
1293851,-1.00,55,49861
1293953,-1.00,56,48920
1294054,-1.00,56,48920
1294155,-1.00,57,48012
1294257,-1.00,56,48920
1294358,-1.00,54,50837
1294459,-1.00,56,48920
1294561,-1.00,54,50837
1294662,-1.00,53,51849
1294764,-1.00,54,50837
1294865,-1.00,54,50837
1294966,-1.00,57,48012
1295068,-1.00,56,48920
1295169,-1.00,57,48012
1295270,-1.00,54,50837
1295371,-1.00,58,47135
1295472,-1.00,54,50837
1295574,-1.00,53,51849
1295675,-1.00,55,49861
1295776,-1.00,55,49861
1295878,-1.00,58,47135
1295979,-1.00,56,48920
1296080,-1.00,57,48012
1296182,-1.00,54,50837
1296283,-1.00,54,50837
1296385,-1.00,54,50837
1296486,-1.00,55,49861
1296587,-1.00,56,48920
1296689,-1.00,56,48920
1296790,-1.00,54,50837
1296891,-1.00,55,49861
1296992,-1.00,54,50837
1297093,-1.00,54,50837
1297195,-1.00,57,48012
1297296,-1.00,57,48012
1297397,-1.00,57,48012
1297499,-1.00,56,48920
1297600,-1.00,55,49861
1297701,-1.00,58,47135
1297803,-1.00,56,48920
1297904,-1.00,55,49861
1298006,-1.00,56,48920
1298107,-1.00,55,49861
1298208,-1.00,55,49861
1298310,-1.00,56,48920
1298411,-1.00,55,49861
1298512,-1.00,57,48012
1298613,-1.00,55,49861
1298714,-1.00,56,48920
1298816,-1.00,55,49861
1298917,-1.00,55,49861
1299018,-1.00,54,50837
1299120,-1.00,55,49861
1299221,-1.00,56,48920
1299322,-1.00,54,50837
1299424,-1.00,55,49861
1299525,-1.00,56,48920
1299627,-1.00,56,48920
1299728,-1.00,54,50837
1299829,-1.00,55,49861
1299931,-1.00,53,51849
1300032,-1.00,54,50837
1300133,-1.00,54,50837
1300234,-1.00,55,49861
1300335,-1.00,55,49861
1300436,-1.00,53,51849
1300538,-1.00,55,49861
1300639,-1.00,56,48920
1300741,-1.00,55,49861
1300842,-1.00,56,48920
1300943,-1.00,56,48920
1301045,-1.00,54,50837
1301146,-1.00,56,48920
1301248,-1.00,55,49861
1301349,-1.00,54,50837
1301450,-1.00,55,49861
1301552,-1.00,55,49861
1301653,-1.00,57,48012
1301754,-1.00,54,50837
1301855,-1.00,54,50837
1301956,-1.00,56,48920
1302057,-1.00,54,50837
1302159,-1.00,53,51849
1302260,-1.00,55,49861
1302362,-1.00,55,49861
1302463,-1.00,53,51849
1302564,-1.00,56,48920
1302666,-1.00,52,52901
1302767,-1.00,60,45470
1302868,-1.00,53,51849
1302970,-1.00,54,50837
1303071,-1.00,55,49861
1303173,-1.00,54,50837
1303274,-1.00,52,52901
1303375,-1.00,53,51849
1303476,-1.00,50,55130
1303577,-1.00,51,53994
1303678,-1.00,52,52901
1303780,-1.00,51,53994
1303881,-1.00,53,51849
1303983,-1.00,53,51849
1304084,-1.00,53,51849
1304185,-1.00,51,53994
1304287,-1.00,54,50837
1304388,-1.00,54,50837
1304489,-1.00,55,49861
1304591,-1.00,52,52901
1304692,-1.00,54,50837
1304794,-1.00,53,51849
1304895,-1.00,52,52901
1304995,-1.00,52,52901
1305097,-1.00,53,51849
1305198,-1.00,52,52901
1305299,-1.00,52,52901
1305401,-1.00,49,56313
1305502,-1.00,53,51849
1305604,-1.00,51,53994
1305705,-1.00,51,53994
1305806,-1.00,53,51849
1305908,-1.00,52,52901
1306009,-1.00,55,49861
1306110,-1.00,53,51849
1306212,-1.00,54,50837
1306313,-1.00,54,50837
1306415,-1.00,53,51849
1306516,-1.00,53,51849
1306616,-1.00,52,52901
1306718,-1.00,52,52901
1306819,-1.00,52,52901
1306920,-1.00,51,53994
1307022,-1.00,51,53994
1307123,-1.00,52,52901
1307225,-1.00,52,52901
1307326,-1.00,49,56313
1307427,-1.00,50,55130
1307529,-1.00,50,55130
1307630,-1.00,53,51849
1307731,-1.00,48,57545
1307833,-1.00,49,56313
1307934,-1.00,51,53994
1308036,-1.00,52,52901
1308137,-1.00,51,53994
1308237,-1.00,49,56313
1308339,-1.00,49,56313
1308440,-1.00,50,55130
1308541,-1.00,49,56313
1308643,-1.00,49,56313
1308744,-1.00,47,58830
1308846,-1.00,47,58830
1308947,-1.00,50,55130
1309048,-1.00,46,60170
1309150,-1.00,49,56313
1309251,-1.00,47,58830
1309352,-1.00,47,58830
1309454,-1.00,47,58830
1309555,-1.00,47,58830
1309657,-1.00,46,60170
1309758,-1.00,46,60170
1309859,-1.00,45,61571
1309960,-1.00,44,63034
1310061,-1.00,31,90656
1310162,-1.00,0,-1
1310264,-1.00,0,-1
1310365,-1.00,0,-1
1310466,-1.00,0,-1
1310567,-1.00,0,-1
1310668,-1.00,0,-1
1310769,-1.00,0,-1
1310870,-1.00,0,-1
1310971,-1.00,0,-1
1311072,-1.00,0,-1
1311173,-1.00,0,-1
1311275,-1.00,0,-1
1311375,-1.00,0,-1
1311476,-1.00,0,-1
1311578,-1.00,0,-1
1311678,-1.00,0,-1
1311779,-1.00,0,-1
1311880,-1.00,0,-1
1311981,-1.00,0,-1
1312082,-1.00,0,-1
1312183,-1.00,0,-1
1312284,-1.00,1,-1
1312386,-1.00,1,-1
1312486,-1.00,0,-1
1312587,-1.00,0,-1
1312689,-1.00,0,-1
1312789,-1.00,0,-1
1312890,-1.00,0,-1
1312992,-1.00,1,-1
1313092,-1.00,0,-1
1313193,-1.00,0,-1
1313295,-1.00,0,-1
1313395,-1.00,0,-1
1313497,-1.00,0,-1
1313598,-1.00,0,-1
1313698,-1.00,0,-1
1313800,-1.00,0,-1
1313901,-1.00,0,-1
1314001,-1.00,0,-1
1314103,-1.00,0,-1
1314204,-1.00,0,-1
1314305,-1.00,0,-1
1314406,-1.00,0,-1
1314507,-1.00,0,-1
1314608,-1.00,0,-1
1314709,-1.00,0,-1
1314809,-1.00,0,-1
1314911,-1.00,0,-1
1315012,-1.00,0,-1
1315112,-1.00,0,-1
1315214,-1.00,0,-1
1315315,-1.00,0,-1
1315416,-1.00,0,-1
1315517,-1.00,0,-1
1315618,-1.00,0,-1
1315719,-1.00,1,-1
1315820,-1.00,0,-1
1315921,-1.00,0,-1
1316022,-1.00,0,-1
1316123,-1.00,0,-1
1316225,-1.00,0,-1
1316325,-1.00,0,-1
1316426,-1.00,0,-1
1316528,-1.00,0,-1
1316628,-1.00,0,-1
1316729,-1.00,0,-1
1316831,-1.00,0,-1
1316931,-1.00,0,-1
1317032,-1.00,0,-1
1317134,-1.00,0,-1
1317234,-1.00,0,-1
1317336,-1.00,0,-1
1317437,-1.00,0,-1
1317537,-1.00,0,-1
1317639,-1.00,0,-1
1317740,-1.00,0,-1
1317840,-1.00,0,-1
1317942,-1.00,0,-1
1318042,-1.00,0,-1
1318144,-1.00,0,-1
1318245,-1.00,0,-1
1318345,-1.00,0,-1
1318447,-1.00,0,-1
1318548,-1.00,0,-1
1318648,-1.00,0,-1
1318750,-1.00,0,-1
1318851,-1.00,0,-1
1318951,-1.00,0,-1
1319053,-1.00,0,-1
1319154,-1.00,0,-1
1319255,-1.00,0,-1
1319356,-1.00,0,-1
1319457,-1.00,0,-1
1319558,-1.00,0,-1
1319659,-1.00,0,-1
1319760,-1.00,0,-1
