0	0.000	open/no-force
0	0.000	open/no-force
0	0.000	o# FSR402 characterization. 'l' = CSV mode; type the scale
# reading in kg to stamp load. Default view: raw  V_node  R(ohm).
0	0.000	open/no-force
0	0.000	open/no-force
0	0.000	open/no-force
0	0.000	open/no-force
0	0.000	open/no-force
0	0.000	open/no-force
# CSV mode ON. Header follows; type a number (kg) to set load.
t_ms,load_kg,raw,ohms
1212,0.00,0,-1
1313,0.00,0,-1
1415,0.00,1,-1
1515,0.00,0,-1
1616,0.00,0,-1
1717,0.00,0,-1
1818,0.00,1,-1
1918,0.00,0,-1
2020,0.00,0,-1
2120,0.00,0,-1
2222,0.00,0,-1
2322,0.00,0,-1
2423,0.00,0,-1
2524,0.00,0,-1
2625,0.00,0,-1
2725,0.00,0,-1
2827,0.00,0,-1
2927,0.00,1,-1
3028,0.00,0,-1
3129,0.00,0,-1
3230,0.00,1,-1
3331,0.00,0,-1
3432,0.00,0,-1
3532,0.00,0,-1
3634,0.00,0,-1
3734,0.00,0,-1
3835,0.00,0,-1
3936,0.00,0,-1
4037,0.00,1,-1
4137,0.00,0,-1
4239,0.00,0,-1
4339,0.00,0,-1
4441,0.00,0,-1
4541,0.00,0,-1
4642,0.00,0,-1
4743,0.00,0,-1
4844,0.00,0,-1
4944,0.00,0,-1
5046,0.00,0,-1
5146,0.00,0,-1
5248,0.00,0,-1
5348,0.00,0,-1
5449,0.00,0,-1
5550,0.00,0,-1
5651,0.00,0,-1
5751,0.00,0,-1
5853,0.00,0,-1
5953,0.00,0,-1
6054,0.00,0,-1
6155,0.00,0,-1
6256,0.00,0,-1
6356,0.00,0,-1
6458,0.00,0,-1
6558,0.00,0,-1
6660,0.00,0,-1
6760,0.00,0,-1
6861,0.00,0,-1
6962,0.00,0,-1
7063,0.00,0,-1
7163,0.00,0,-1
7265,0.00,0,-1
7365,0.00,0,-1
7467,0.00,0,-1
7567,0.00,0,-1
7668,0.00,0,-1
7769,0.00,0,-1
7870,0.00,0,-1
7970,0.00,0,-1
8072,0.00,0,-1
8172,0.00,0,-1
8273,0.00,0,-1
8374,0.00,0,-1
8475,0.00,1,-1
8576,0.00,0,-1
8677,0.00,0,-1
8777,0.00,0,-1
8879,0.00,0,-1
8979,0.00,0,-1
9080,0.00,0,-1
9181,0.00,0,-1
9282,0.00,0,-1
9382,0.00,0,-1
9484,0.00,0,-1
9584,0.00,0,-1
9686,0.00,0,-1
9786,0.00,1,-1
9887,0.00,0,-1
9988,0.00,0,-1
10089,0.00,0,-1
10189,0.00,0,-1
10291,0.00,0,-1
10391,0.00,0,-1
10492,0.00,0,-1
10593,0.00,0,-1
10694,0.00,0,-1
10795,0.00,0,-1
10896,0.00,0,-1
10996,0.00,0,-1
11098,0.00,0,-1
11198,0.00,1,-1
11299,0.00,0,-1
11401,0.00,0,-1
11501,0.00,0,-1
11602,0.00,0,-1
11703,0.00,0,-1
11804,0.00,0,-1
11905,0.00,10,-1
12006,0.00,0,-1
12106,0.00,0,-1
12208,0.00,0,-1
12308,0.00,0,-1
12409,0.00,0,-1
12511,0.00,0,-1
12611,0.00,0,-1
12712,0.00,0,-1
12813,0.00,0,-1
12914,0.00,0,-1
13015,0.00,0,-1
13116,0.00,0,-1
13216,0.00,1,-1
13318,0.00,1,-1
13418,0.00,0,-1
13519,0.00,2,-1
13621,0.00,4,-1
13721,0.00,0,-1
13822,0.00,0,-1
13923,0.00,16,178302
14024,0.00,0,-1
14126,0.00,0,-1
14226,0.00,0,-1
14327,0.00,0,-1
14428,0.00,0,-1
14529,0.00,0,-1
14629,0.00,0,-1
14731,0.00,1,-1
14831,0.00,0,-1
14932,0.00,0,-1
15034,0.00,0,-1
15134,0.00,0,-1
15236,0.00,0,-1
15336,0.00,0,-1
15437,0.00,0,-1
15538,0.00,0,-1
15639,0.00,0,-1
15739,0.00,0,-1
15841,0.00,0,-1
15941,0.00,0,-1
16043,0.00,0,-1
16143,0.00,0,-1
16244,0.00,1,-1
16346,0.00,1,-1
16446,0.00,0,-1
16547,0.00,0,-1
16648,0.00,0,-1
16749,0.00,0,-1
16849,0.00,0,-1
16951,0.00,0,-1
17051,0.00,2,-1
17153,0.00,0,-1
17253,0.00,0,-1
17354,0.00,0,-1
17456,0.00,0,-1
17556,0.00,0,-1
17657,0.00,0,-1
17758,0.00,0,-1
17859,0.00,0,-1
17959,0.00,0,-1
18061,0.00,0,-1
18161,0.00,0,-1
18263,0.00,0,-1
18363,0.00,0,-1
18464,0.00,0,-1
18566,0.00,0,-1
18666,0.00,0,-1
18767,0.00,0,-1
18868,0.00,0,-1
18969,0.00,0,-1
19069,0.00,0,-1
19171,0.00,0,-1
19271,0.00,0,-1
19373,0.00,0,-1
19473,0.00,0,-1
19574,0.00,0,-1
19676,0.00,0,-1
19776,0.00,0,-1
19877,0.00,0,-1
19978,0.00,0,-1
20079,0.00,1,-1
20179,0.00,0,-1
20281,0.00,0,-1
20381,0.00,0,-1
20483,0.00,0,-1
20583,0.00,0,-1
20684,0.00,0,-1
20785,0.00,0,-1
20886,0.00,0,-1
20987,0.00,1,-1
21088,0.00,0,-1
21189,0.00,0,-1
21289,0.00,0,-1
21391,0.00,53,51849
21492,0.00,134,18795
21593,0.00,380,4794
21694,0.00,728,1148
21795,0.00,792,826
21897,0.00,784,864
21998,0.00,832,650
22098,0.00,847,589
22200,0.00,877,472
22301,0.00,916,331
22403,0.00,918,324
22504,0.00,915,334
22604,0.00,914,338
22706,0.00,915,334
22807,0.00,919,321
22908,0.00,920,317
23010,0.00,921,314
23110,0.00,916,331
23212,0.00,907,362
23313,0.00,726,1159
23414,0.00,0,-1
23515,0.00,0,-1
23616,0.00,0,-1
23716,0.00,0,-1
23818,0.00,0,-1
23918,0.00,0,-1
24019,0.00,1,-1
24120,0.00,0,-1
24221,0.00,0,-1
24323,0.00,2,-1
24423,0.00,0,-1
24524,0.00,0,-1
24625,0.00,0,-1
24726,0.00,0,-1
24826,0.00,0,-1
24928,0.00,0,-1
25028,0.00,0,-1
25129,0.00,0,-1
25230,0.00,0,-1
25331,0.00,0,-1
25433,0.00,0,-1
25533,0.00,0,-1
25634,0.00,0,-1
25735,0.00,0,-1
25836,0.00,0,-1
25936,0.00,144,17293
26038,0.00,0,-1
26139,0.00,140,17868
26241,0.00,419,4084
26341,0.00,863,525
26442,0.00,932,277
26544,0.00,934,270
26645,0.00,935,267
26746,0.00,933,273
26847,0.00,931,280
26948,0.00,925,300
27049,0.00,926,297
27151,0.00,927,293
27251,0.00,928,290
27353,0.00,926,297
27454,0.00,927,293
27555,0.00,929,287
27657,0.00,929,287
27757,0.00,926,297
27858,0.00,918,324
27960,0.00,904,373
28061,0.00,893,412
28162,0.00,819,706
28263,0.00,311,6486
28364,0.00,0,-1
28466,0.00,0,-1
28566,0.00,0,-1
28667,0.00,0,-1
28768,0.00,0,-1
28869,0.00,0,-1
28969,0.00,0,-1
29071,0.00,0,-1
29171,0.00,0,-1
29273,0.00,0,-1
29373,0.00,0,-1
29474,0.00,0,-1
29576,0.00,0,-1
29676,0.00,0,-1
29777,0.00,0,-1
29878,0.00,0,-1
29979,0.00,0,-1
30080,0.00,0,-1
30181,0.00,0,-1
30281,0.00,1,-1
30383,0.00,0,-1
30483,0.00,0,-1
30584,0.00,0,-1
30686,0.00,0,-1
30786,0.00,0,-1
30887,0.00,0,-1
30988,0.00,0,-1
31089,0.00,0,-1
31190,0.00,0,-1
31291,0.00,0,-1
31391,0.00,0,-1
31493,0.00,1,-1
31593,0.00,0,-1
31694,0.00,0,-1
31796,0.00,0,-1
31896,0.00,0,-1
31997,0.00,0,-1
32098,0.00,0,-1
32199,0.00,0,-1
32300,0.00,0,-1
32401,0.00,0,-1
32501,0.00,0,-1
32603,0.00,0,-1
32703,0.00,0,-1
32804,0.00,0,-1
32905,0.00,0,-1
33006,0.00,0,-1
33107,0.00,0,-1
33208,0.00,0,-1
33309,0.00,1,-1
33410,0.00,0,-1
33511,0.00,1,-1
33611,0.00,0,-1
33713,0.00,0,-1
33813,0.00,0,-1
33914,0.00,0,-1
34015,0.00,0,-1
34116,0.00,0,-1
34217,0.00,1,-1
34318,0.00,0,-1
34419,0.00,1,-1
34520,0.00,0,-1
34621,0.00,0,-1
34721,0.00,66,41079
34823,0.00,0,-1
34924,0.00,385,4695
35025,0.00,795,812
35126,0.00,895,405
35227,0.00,899,391
35329,0.00,913,341
35430,0.00,924,304
35530,0.00,935,267
35632,0.00,935,267
35733,0.00,929,287
35834,0.00,931,280
35936,0.00,927,293
36036,0.00,930,283
36137,0.00,930,283
36239,0.00,901,384
36340,0.00,780,883
36441,0.00,743,1068
36542,0.00,98,26740
36643,0.00,1,-1
36745,0.00,0,-1
36845,0.00,0,-1
36946,0.00,0,-1
37047,0.00,0,-1
37148,0.00,0,-1
37249,0.00,0,-1
37350,0.00,0,-1
37450,0.00,0,-1
37552,0.00,0,-1
37653,0.00,74,36331
37753,0.00,77,34805
37855,0.00,0,-1
37956,0.00,89,29731
38057,0.00,487,3118
38158,0.00,767,946
38259,0.00,702,1295
38361,0.00,785,859
38462,0.00,872,491
38563,0.00,851,573
38664,0.00,852,569
38765,0.00,859,541
38866,0.00,847,589
38968,0.00,814,727
39069,0.00,291,7126
39170,0.00,0,-1
39271,0.00,0,-1
39371,0.00,0,-1
39473,0.00,0,-1
39573,0.00,0,-1
39674,0.00,1,-1
39776,0.00,2,-1
39876,0.00,0,-1
39977,0.00,0,-1
40078,0.00,0,-1
40179,0.00,0,-1
40280,0.00,0,-1
40381,0.00,61,44678
40482,0.00,119,21521
40584,0.00,350,5447
40684,0.00,393,4541
40785,0.00,433,3860
40887,0.00,429,3923
40988,0.00,420,4067
41090,0.00,429,3923
41191,0.00,426,3970
41291,0.00,430,3907
41393,0.00,444,3694
41494,0.00,440,3754
41595,0.00,450,3607
41697,0.00,440,3754
41798,0.00,440,3754
41899,0.00,446,3665
42000,0.00,437,3799
42101,0.00,450,3607
42203,0.00,443,3709
42304,0.00,451,3593
42405,0.00,444,3694
42506,0.00,441,3739
42607,0.00,475,3268
42708,0.00,450,3607
42810,0.00,462,3440
42911,0.00,449,3622
43012,0.00,449,3622
43113,0.00,461,3454
43214,0.00,485,3143
43316,0.00,463,3427
43417,0.00,460,3467
43518,0.00,474,3281
43619,0.00,486,3130
43720,0.00,467,3373
43822,0.00,481,3192
43923,0.00,464,3413
44024,0.00,483,3167
44126,0.00,478,3230
44226,0.00,488,3106
44327,0.00,479,3217
44429,0.00,490,3082
44530,0.00,470,3333
44632,0.00,490,3082
44733,0.00,496,3010
44833,0.00,495,3022
44935,0.00,486,3130
45036,0.00,454,3551
45137,0.00,498,2987
45239,0.00,487,3118
45340,0.00,477,3243
45441,0.00,478,3230
45542,0.00,487,3118
45643,0.00,492,3058
45745,0.00,472,3307
45846,0.00,458,3495
45947,0.00,506,2895
46048,0.00,512,2827
46149,0.00,521,2730
46251,0.00,497,2998
46352,0.00,486,3130
46453,0.00,457,3509
46554,0.00,492,3058
46655,0.00,676,1454
46756,0.00,693,1349
46858,0.00,579,2172
46959,0.00,478,3230
47060,0.00,535,2584
47161,0.00,338,5741
47262,0.00,151,16360
47364,0.00,111,23277
47465,0.00,0,-1
47566,0.00,0,-1
47667,0.00,0,-1
47768,0.00,0,-1
47868,0.00,0,-1
47970,0.00,0,-1
48070,0.00,0,-1
48172,0.00,0,-1
48272,0.00,0,-1
48373,0.00,0,-1
48474,0.00,0,-1
48575,0.00,0,-1
48676,0.00,0,-1
48777,0.00,1,-1
48878,0.00,0,-1
48978,0.00,0,-1
49080,0.00,0,-1
49180,0.00,0,-1
49282,0.00,0,-1
49382,0.00,334,5844
49483,0.00,773,916
49585,0.00,852,569
49686,0.00,860,537
49787,0.00,886,438
49888,0.00,901,384
49989,0.00,904,373
50091,0.00,921,314
50192,0.00,902,380
50292,0.00,923,307
50394,0.00,914,338
50495,0.00,923,307
50596,0.00,920,317
50698,0.00,921,314
50798,0.00,921,314
50899,0.00,919,321
51001,0.00,920,317
51102,0.00,925,300
51204,0.00,924,304
51304,0.00,922,310
51405,0.00,923,307
51507,0.00,923,307
51608,0.00,922,310
51708,0.00,922,310
51810,0.00,922,310
51911,0.00,925,300
52013,0.00,926,297
52114,0.00,923,307
52214,0.00,925,300
52316,0.00,926,297
52417,0.00,924,304
52518,0.00,925,300
52619,0.00,925,300
52720,0.00,924,304
52822,0.00,925,300
52923,0.00,923,307
53024,0.00,925,300
53125,0.00,925,300
53226,0.00,923,307
53327,0.00,924,304
53429,0.00,923,307
53529,0.00,925,300
53630,0.00,926,297
53732,0.00,926,297
53833,0.00,926,297
53935,0.00,921,314
54035,0.00,926,297
54136,0.00,926,297
54238,0.00,924,304
54339,0.00,922,310
54439,0.00,927,293
54541,0.00,925,300
54642,0.00,926,297
54744,0.00,926,297
54845,0.00,924,304
54945,0.00,927,293
55047,0.00,925,300
55148,0.00,926,297
55249,0.00,924,304
55350,0.00,925,300
55451,0.00,925,300
55553,0.00,927,293
55654,0.00,926,297
55755,0.00,925,300
55856,0.00,925,300
55957,0.00,926,297
56058,0.00,926,297
56160,0.00,923,307
56260,0.00,926,297
56361,0.00,927,293
56463,0.00,927,293
56564,0.00,925,300
56666,0.00,926,297
56766,0.00,926,297
56867,0.00,925,300
56969,0.00,928,290
57070,0.00,925,300
57170,0.00,926,297
57272,0.00,925,300
57373,0.00,926,297
57475,0.00,925,300
57576,0.00,926,297
57676,0.00,926,297
57778,0.00,926,297
57879,0.00,926,297
57980,0.00,926,297
58081,0.00,924,304
58182,0.00,926,297
58284,0.00,925,300
58385,0.00,928,290
58486,0.00,925,300
58587,0.00,926,297
58688,0.00,928,290
58789,0.00,926,297
58891,0.00,925,300
58992,0.00,926,297
59092,0.00,925,300
59194,0.00,926,297
59295,0.00,927,293
59397,0.00,927,293
59497,0.00,927,293
59598,0.00,928,290
59700,0.00,926,297
59801,0.00,927,293
59902,0.00,925,300
60003,0.00,927,293
60104,0.00,925,300
60206,0.00,928,290
60307,0.00,927,293
60407,0.00,926,297
60509,0.00,925,300
60610,0.00,926,297
60711,0.00,925,300
# load_kg=1000.00
60813,1000.00,926,297
60914,1000.00,927,293
61016,1000.00,928,290
61117,1000.00,927,293
61218,1000.00,928,290
61320,1000.00,928,290
61421,1000.00,926,297
61522,1000.00,923,307
61624,1000.00,928,290
61725,1000.00,927,293
61827,1000.00,928,290
61928,1000.00,928,290
62029,1000.00,926,297
62131,1000.00,927,293
62231,1000.00,928,290
62332,1000.00,930,283
62434,1000.00,928,290
62535,1000.00,927,293
62637,1000.00,928,290
62738,1000.00,926,297
62839,1000.00,926,297
62941,1000.00,927,293
63042,1000.00,926,297
63143,1000.00,926,297
63245,1000.00,928,290
63346,1000.00,926,297
63448,1000.00,927,293
63549,1000.00,927,293
63650,1000.00,927,293
63752,1000.00,927,293
63853,1000.00,926,297
63953,1000.00,927,293
64055,1000.00,929,287
64156,1000.00,927,293
64258,1000.00,927,293
64359,1000.00,927,293
64460,1000.00,927,293
64562,1000.00,928,290
64663,1000.00,927,293
64764,1000.00,928,290
64866,1000.00,927,293
64967,1000.00,928,290
65069,1000.00,927,293
65170,1000.00,929,287
65271,1000.00,928,290
65373,1000.00,928,290
65474,1000.00,927,293
65574,1000.00,928,290
65676,1000.00,927,293
65777,1000.00,927,293
65879,1000.00,927,293
65980,1000.00,927,293
66081,1000.00,929,287
66183,1000.00,930,283
66284,1000.00,928,290
66385,1000.00,927,293
66487,1000.00,930,283
66588,1000.00,926,297
66690,1000.00,926,297
66791,1000.00,927,293
66892,1000.00,928,290
66994,1000.00,928,290
67095,1000.00,929,287
67195,1000.00,927,293
67297,1000.00,927,293
67398,1000.00,926,297
67500,1000.00,929,287
67601,1000.00,926,297
67702,1000.00,928,290
67804,1000.00,927,293
67905,1000.00,928,290
68006,1000.00,928,290
68108,1000.00,928,290
68209,1000.00,930,283
68311,1000.00,927,293
68412,1000.00,928,290
68513,1000.00,927,293
68615,1000.00,927,293
68716,1000.00,929,287
68817,1000.00,925,300
68918,1000.00,927,293
69019,1000.00,928,290
69121,1000.00,927,293
69222,1000.00,928,290
69323,1000.00,929,287
69425,1000.00,927,293
69526,1000.00,927,293
69627,1000.00,928,290
69729,1000.00,927,293
69830,1000.00,927,293
69932,1000.00,928,290
70033,1000.00,927,293
70134,1000.00,925,300
70236,1000.00,928,290
70337,1000.00,928,290
70438,1000.00,927,293
70539,1000.00,926,297
70640,1000.00,929,287
70742,1000.00,929,287
70843,1000.00,929,287
70944,1000.00,928,290
71046,1000.00,928,290
71147,1000.00,927,293
71248,1000.00,930,283
71350,1000.00,927,293
71451,1000.00,928,290
71553,1000.00,928,290
71654,1000.00,927,293
71755,1000.00,926,297
71857,1000.00,929,287
71958,1000.00,927,293
72059,1000.00,927,293
72160,1000.00,927,293
72261,1000.00,927,293
72363,1000.00,927,293
72464,1000.00,930,283
72565,1000.00,929,287
72667,1000.00,929,287
72768,1000.00,928,290
72869,1000.00,927,293
72971,1000.00,927,293
73072,1000.00,926,297
73174,1000.00,929,287
73275,1000.00,927,293
73376,1000.00,929,287
73478,1000.00,928,290
73579,1000.00,930,283
73680,1000.00,929,287
73782,1000.00,926,297
73882,1000.00,929,287
73984,1000.00,928,290
74085,1000.00,930,283
74186,1000.00,927,293
74288,1000.00,926,297
74389,1000.00,928,290
74490,1000.00,929,287
74592,1000.00,927,293
74693,1000.00,929,287
74795,1000.00,930,283
74896,1000.00,929,287
74997,1000.00,929,287
75099,1000.00,927,293
75200,1000.00,929,287
75301,1000.00,929,287
75403,1000.00,929,287
75503,1000.00,930,283
75604,1000.00,930,283
75706,1000.00,928,290
75807,1000.00,929,287
75909,1000.00,927,293
76010,1000.00,925,300
76111,1000.00,930,283
76213,1000.00,927,293
76314,1000.00,927,293
76416,1000.00,930,283
76517,1000.00,929,287
76618,1000.00,929,287
76720,1000.00,928,290
76821,1000.00,929,287
76922,1000.00,929,287
77024,1000.00,928,290
77125,1000.00,927,293
77225,1000.00,929,287
77327,1000.00,928,290
77428,1000.00,928,290
77530,1000.00,928,290
77631,1000.00,928,290
77732,1000.00,929,287
77834,1000.00,927,293
77935,1000.00,927,293
78036,1000.00,928,290
78138,1000.00,929,287
78239,1000.00,930,283
78341,1000.00,928,290
78442,1000.00,930,283
78543,1000.00,929,287
78645,1000.00,928,290
78746,1000.00,928,290
78846,1000.00,929,287
78948,1000.00,928,290
79049,1000.00,929,287
79151,1000.00,927,293
79252,1000.00,928,290
79353,1000.00,927,293
79455,1000.00,929,287
79556,1000.00,930,283
79657,1000.00,929,287
79759,1000.00,929,287
79860,1000.00,929,287
79962,1000.00,928,290
80063,1000.00,929,287
80164,1000.00,929,287
80266,1000.00,929,287
80367,1000.00,928,290
80467,1000.00,928,290
80569,1000.00,928,290
80670,1000.00,928,290
80772,1000.00,929,287
80873,1000.00,927,293
80974,1000.00,928,290
81076,1000.00,930,283
81177,1000.00,928,290
81278,1000.00,928,290
81380,1000.00,929,287
81481,1000.00,927,293
81583,1000.00,928,290
81684,1000.00,928,290
81785,1000.00,927,293
81887,1000.00,927,293
81988,1000.00,929,287
82089,1000.00,929,287
82190,1000.00,929,287
82291,1000.00,930,283
82393,1000.00,929,287
82494,1000.00,930,283
82595,1000.00,928,290
82697,1000.00,929,287
82798,1000.00,927,293
82899,1000.00,930,283
83001,1000.00,927,293
83102,1000.00,930,283
83204,1000.00,930,283
83305,1000.00,930,283
83406,1000.00,930,283
83508,1000.00,930,283
83609,1000.00,930,283
83710,1000.00,929,287
83811,1000.00,929,287
83912,1000.00,928,290
84014,1000.00,929,287
84115,1000.00,927,293
84216,1000.00,928,290
84318,1000.00,931,280
84419,1000.00,930,283
84520,1000.00,928,290
84622,1000.00,930,283
84723,1000.00,930,283
84825,1000.00,927,293
84926,1000.00,930,283
85027,1000.00,931,280
85129,1000.00,930,283
85230,1000.00,928,290
85331,1000.00,928,290
85433,1000.00,928,290
85533,1000.00,929,287
85635,1000.00,930,283
85736,1000.00,928,290
85837,1000.00,930,283
85939,1000.00,928,290
86040,1000.00,930,283
86141,1000.00,930,283
86243,1000.00,928,290
86344,1000.00,930,283
86446,1000.00,928,290
86547,1000.00,930,283
86648,1000.00,929,287
86750,1000.00,928,290
86851,1000.00,930,283
86952,1000.00,930,283
87054,1000.00,928,290
87154,1000.00,930,283
87256,1000.00,931,280
87357,1000.00,928,290
87458,1000.00,929,287
87560,1000.00,932,277
87661,1000.00,930,283
87762,1000.00,930,283
87864,1000.00,930,283
87965,1000.00,929,287
88067,1000.00,929,287
88168,1000.00,928,290
88269,1000.00,929,287
88371,1000.00,929,287
88472,1000.00,929,287
88573,1000.00,929,287
88675,1000.00,928,290
88775,1000.00,928,290
88877,1000.00,930,283
88978,1000.00,929,287
89079,1000.00,930,283
89181,1000.00,931,280
89282,1000.00,929,287
89383,1000.00,929,287
89485,1000.00,930,283
89586,1000.00,927,293
89688,1000.00,928,290
89789,1000.00,930,283
89890,1000.00,929,287
89992,1000.00,927,293
90093,1000.00,929,287
90194,1000.00,930,283
90296,1000.00,931,280
90397,1000.00,928,290
90498,1000.00,929,287
90599,1000.00,929,287
90700,1000.00,928,290
90802,1000.00,929,287
90903,1000.00,929,287
91004,1000.00,927,293
91106,1000.00,929,287
91207,1000.00,928,290
91309,1000.00,927,293
91410,1000.00,929,287
91511,1000.00,928,290
91613,1000.00,929,287
91714,1000.00,930,283
91815,1000.00,932,277
91917,1000.00,929,287
92018,1000.00,930,283
92119,1000.00,927,293
92220,1000.00,930,283
92321,1000.00,928,290
92423,1000.00,928,290
92524,1000.00,930,283
92625,1000.00,929,287
92727,1000.00,929,287
92828,1000.00,928,290
92930,1000.00,928,290
93031,1000.00,931,280
93132,1000.00,930,283
93234,1000.00,928,290
93335,1000.00,928,290
93436,1000.00,931,280
93538,1000.00,932,277
93639,1000.00,929,287
93740,1000.00,929,287
93841,1000.00,927,293
93942,1000.00,928,290
94044,1000.00,928,290
94145,1000.00,931,280
94246,1000.00,928,290
94348,1000.00,929,287
94449,1000.00,930,283
94551,1000.00,932,277
94652,1000.00,927,293
94753,1000.00,930,283
94855,1000.00,930,283
94956,1000.00,930,283
95057,1000.00,931,280
95159,1000.00,930,283
95260,1000.00,928,290
95362,1000.00,927,293
95462,1000.00,928,290
95563,1000.00,931,280
95665,1000.00,930,283
95766,1000.00,930,283
95867,1000.00,932,277
95969,1000.00,930,283
96070,1000.00,930,283
96172,1000.00,928,290
96273,1000.00,929,287
96374,1000.00,929,287
96476,1000.00,930,283
96577,1000.00,928,290
96678,1000.00,928,290
96780,1000.00,929,287
96881,1000.00,929,287
96983,1000.00,928,290
97083,1000.00,931,280
97184,1000.00,929,287
97286,1000.00,930,283
97387,1000.00,929,287
97488,1000.00,930,283
97590,1000.00,930,283
97691,1000.00,928,290
97793,1000.00,930,283
97894,1000.00,929,287
97995,1000.00,928,290
98097,1000.00,928,290
98198,1000.00,929,287
98299,1000.00,929,287
98401,1000.00,930,283
98502,1000.00,928,290
98604,1000.00,929,287
98704,1000.00,932,277
98805,1000.00,930,283
98907,1000.00,929,287
99008,1000.00,930,283
99109,1000.00,929,287
99211,1000.00,930,283
99312,1000.00,926,297
99414,1000.00,929,287
99515,1000.00,930,283
99616,1000.00,929,287
99718,1000.00,929,287
99819,1000.00,928,290
99920,1000.00,930,283
100022,1000.00,931,280
100123,1000.00,930,283
100225,1000.00,930,283
100326,1000.00,929,287
100427,1000.00,930,283
100529,1000.00,930,283
100630,1000.00,928,290
100731,1000.00,929,287
100833,1000.00,930,283
100934,1000.00,929,287
101036,1000.00,929,287
101137,1000.00,928,290
101238,1000.00,929,287
101340,1000.00,929,287
101441,1000.00,930,283
101542,1000.00,930,283
101644,1000.00,929,287
101745,1000.00,929,287
101847,1000.00,929,287
101948,1000.00,930,283
102049,1000.00,928,290
102151,1000.00,928,290
102252,1000.00,928,290
102353,1000.00,930,283
102455,1000.00,929,287
102556,1000.00,927,293
102657,1000.00,930,283
102758,1000.00,932,277
102859,1000.00,930,283
102961,1000.00,930,283
103062,1000.00,929,287
103163,1000.00,930,283
103265,1000.00,929,287
103366,1000.00,929,287
103468,1000.00,927,293
103569,1000.00,928,290
103670,1000.00,930,283
103772,1000.00,929,287
103873,1000.00,931,280
103974,1000.00,931,280
104076,1000.00,930,283
104177,1000.00,931,280
104279,1000.00,929,287
104380,1000.00,927,293
104481,1000.00,930,283
104583,1000.00,930,283
104684,1000.00,929,287
104785,1000.00,932,277
104887,1000.00,929,287
104988,1000.00,930,283
105090,1000.00,930,283
105191,1000.00,929,287
105292,1000.00,929,287
105394,1000.00,930,283
105495,1000.00,928,290
105596,1000.00,930,283
105698,1000.00,930,283
105799,1000.00,931,280
105901,1000.00,929,287
106002,1000.00,929,287
106103,1000.00,930,283
106205,1000.00,929,287
106306,1000.00,928,290
106407,1000.00,930,283
106509,1000.00,932,277
106610,1000.00,926,297
106712,1000.00,930,283
106813,1000.00,930,283
106914,1000.00,929,287
107016,1000.00,930,283
107117,1000.00,929,287
107218,1000.00,931,280
107320,1000.00,930,283
107421,1000.00,931,280
107523,1000.00,929,287
107624,1000.00,930,283
107725,1000.00,930,283
107827,1000.00,930,283
107928,1000.00,929,287
108029,1000.00,930,283
108131,1000.00,929,287
108232,1000.00,929,287
108334,1000.00,932,277
108435,1000.00,929,287
108536,1000.00,929,287
108638,1000.00,929,287
108739,1000.00,926,297
108840,1000.00,929,287
108942,1000.00,930,283
109043,1000.00,930,283
109145,1000.00,930,283
109246,1000.00,929,287
109347,1000.00,929,287
109449,1000.00,929,287
109550,1000.00,930,283
109651,1000.00,930,283
109753,1000.00,929,287
109854,1000.00,929,287
109956,1000.00,930,283
110057,1000.00,929,287
110158,1000.00,930,283
110260,1000.00,928,290
110361,1000.00,930,283
110462,1000.00,929,287
110564,1000.00,929,287
110665,1000.00,929,287
110767,1000.00,930,283
110868,1000.00,930,283
110969,1000.00,932,277
111071,1000.00,930,283
111172,1000.00,930,283
111273,1000.00,929,287
111375,1000.00,928,290
111476,1000.00,929,287
111578,1000.00,929,287
111679,1000.00,930,283
111780,1000.00,929,287
111882,1000.00,929,287
111983,1000.00,931,280
112084,1000.00,929,287
112186,1000.00,932,277
112287,1000.00,930,283
112389,1000.00,929,287
112490,1000.00,932,277
112591,1000.00,930,283
112693,1000.00,931,280
112794,1000.00,929,287
112896,1000.00,928,290
112997,1000.00,927,293
113097,1000.00,929,287
113199,1000.00,932,277
113300,1000.00,929,287
113401,1000.00,929,287
113503,1000.00,930,283
113604,1000.00,929,287
113705,1000.00,929,287
113807,1000.00,930,283
113908,1000.00,929,287
114010,1000.00,929,287
114111,1000.00,931,280
114212,1000.00,931,280
114314,1000.00,931,280
114415,1000.00,930,283
114516,1000.00,931,280
114618,1000.00,931,280
114719,1000.00,929,287
114821,1000.00,929,287
114922,1000.00,932,277
115023,1000.00,928,290
115125,1000.00,929,287
115226,1000.00,929,287
115328,1000.00,929,287
115429,1000.00,931,280
115530,1000.00,930,283
115632,1000.00,930,283
115733,1000.00,930,283
115834,1000.00,931,280
115936,1000.00,931,280
116037,1000.00,930,283
116139,1000.00,930,283
116240,1000.00,930,283
116341,1000.00,930,283
116443,1000.00,930,283
116544,1000.00,929,287
116645,1000.00,931,280
116747,1000.00,930,283
116848,1000.00,928,290
116950,1000.00,930,283
117051,1000.00,932,277
117152,1000.00,930,283
117254,1000.00,930,283
117355,1000.00,931,280
117456,1000.00,929,287
117558,1000.00,928,290
117659,1000.00,930,283
117761,1000.00,930,283
117862,1000.00,931,280
117963,1000.00,930,283
118065,1000.00,929,287
118166,1000.00,928,290
118267,1000.00,931,280
118369,1000.00,930,283
118470,1000.00,930,283
118572,1000.00,931,280
118673,1000.00,930,283
118774,1000.00,931,280
118876,1000.00,931,280
118977,1000.00,931,280
119078,1000.00,932,277
119180,1000.00,931,280
119281,1000.00,929,287
119383,1000.00,926,297
119484,1000.00,929,287
119585,1000.00,931,280
119687,1000.00,930,283
119788,1000.00,929,287
119889,1000.00,929,287
119991,1000.00,931,280
120092,1000.00,931,280
120194,1000.00,929,287
120295,1000.00,930,283
120396,1000.00,930,283
120498,1000.00,930,283
120599,1000.00,931,280
120700,1000.00,929,287
120802,1000.00,931,280
120903,1000.00,929,287
121005,1000.00,930,283
121106,1000.00,930,283
121207,1000.00,929,287
121309,1000.00,930,283
121410,1000.00,931,280
121511,1000.00,930,283
121613,1000.00,931,280
121714,1000.00,930,283
121816,1000.00,931,280
121917,1000.00,930,283
122018,1000.00,929,287
122120,1000.00,930,283
122221,1000.00,930,283
122322,1000.00,929,287
122424,1000.00,931,280
122525,1000.00,931,280
122627,1000.00,931,280
122728,1000.00,930,283
122829,1000.00,930,283
122931,1000.00,930,283
123032,1000.00,929,287
123133,1000.00,930,283
123235,1000.00,931,280
123336,1000.00,929,287
123438,1000.00,927,293
123539,1000.00,930,283
123640,1000.00,929,287
123742,1000.00,930,283
123843,1000.00,930,283
123944,1000.00,932,277
124046,1000.00,931,280
124147,1000.00,929,287
124249,1000.00,929,287
124350,1000.00,932,277
124451,1000.00,929,287
124553,1000.00,930,283
124653,1000.00,930,283
124754,1000.00,930,283
124856,1000.00,930,283
124957,1000.00,931,280
125059,1000.00,931,280
125160,1000.00,930,283
125261,1000.00,931,280
125363,1000.00,931,280
125464,1000.00,930,283
125565,1000.00,929,287
125667,1000.00,931,280
125768,1000.00,930,283
125870,1000.00,929,287
125971,1000.00,929,287
126072,1000.00,931,280
126174,1000.00,931,280
126275,1000.00,930,283
126376,1000.00,929,287
126478,1000.00,930,283
126579,1000.00,928,290
126681,1000.00,929,287
126782,1000.00,930,283
126883,1000.00,930,283
126985,1000.00,932,277
127086,1000.00,930,283
127187,1000.00,925,300
127289,1000.00,932,277
127390,1000.00,931,280
127492,1000.00,930,283
127593,1000.00,931,280
127694,1000.00,930,283
127796,1000.00,928,290
127897,1000.00,932,277
127998,1000.00,931,280
128100,1000.00,930,283
128201,1000.00,930,283
128303,1000.00,929,287
128404,1000.00,931,280
128505,1000.00,931,280
128607,1000.00,932,277
128708,1000.00,931,280
128809,1000.00,929,287
128911,1000.00,931,280
129012,1000.00,929,287
129114,1000.00,927,293
129215,1000.00,930,283
129316,1000.00,930,283
129418,1000.00,930,283
129519,1000.00,933,273
129620,1000.00,929,287
129722,1000.00,927,293
129823,1000.00,930,283
129925,1000.00,933,273
130026,1000.00,929,287
130127,1000.00,932,277
130229,1000.00,930,283
130330,1000.00,929,287
130432,1000.00,930,283
130533,1000.00,931,280
130634,1000.00,930,283
130736,1000.00,931,280
130837,1000.00,931,280
130938,1000.00,930,283
131040,1000.00,930,283
131141,1000.00,933,273
131243,1000.00,931,280
131344,1000.00,932,277
131445,1000.00,929,287
131547,1000.00,932,277
131648,1000.00,930,283
131749,1000.00,929,287
131851,1000.00,932,277
131952,1000.00,932,277
132054,1000.00,931,280
132155,1000.00,929,287
132256,1000.00,933,273
132358,1000.00,932,277
132459,1000.00,929,287
132560,1000.00,929,287
132662,1000.00,930,283
132763,1000.00,931,280
132865,1000.00,930,283
132966,1000.00,932,277
133067,1000.00,932,277
133169,1000.00,931,280
133270,1000.00,930,283
133371,1000.00,931,280
133473,1000.00,930,283
133574,1000.00,933,273
133676,1000.00,931,280
133777,1000.00,929,287
133878,1000.00,932,277
133980,1000.00,930,283
134081,1000.00,929,287
134182,1000.00,930,283
134284,1000.00,930,283
134385,1000.00,930,283
134487,1000.00,932,277
134588,1000.00,932,277
134689,1000.00,931,280
134791,1000.00,929,287
134892,1000.00,930,283
134993,1000.00,932,277
135095,1000.00,932,277
135195,1000.00,931,280
135297,1000.00,931,280
135398,1000.00,930,283
135499,1000.00,931,280
135601,1000.00,931,280
135702,1000.00,931,280
135803,1000.00,931,280
135905,1000.00,929,287
136006,1000.00,931,280
136108,1000.00,930,283
136209,1000.00,931,280
136310,1000.00,930,283
136412,1000.00,931,280
136513,1000.00,931,280
136614,1000.00,931,280
136716,1000.00,929,287
136817,1000.00,929,287
136919,1000.00,931,280
137020,1000.00,930,283
137121,1000.00,930,283
137223,1000.00,931,280
137324,1000.00,930,283
137425,1000.00,931,280
137527,1000.00,931,280
137628,1000.00,931,280
137730,1000.00,931,280
137831,1000.00,929,287
137932,1000.00,932,277
138034,1000.00,930,283
138135,1000.00,931,280
138236,1000.00,931,280
138338,1000.00,930,283
138439,1000.00,930,283
138541,1000.00,931,280
138642,1000.00,932,277
138743,1000.00,932,277
138845,1000.00,931,280
138946,1000.00,931,280
139047,1000.00,931,280
139149,1000.00,930,283
139250,1000.00,931,280
139352,1000.00,929,287
139453,1000.00,932,277
139554,1000.00,930,283
139656,1000.00,930,283
139757,1000.00,931,280
139858,1000.00,931,280
139960,1000.00,932,277
140061,1000.00,931,280
140163,1000.00,931,280
140264,1000.00,931,280
140365,1000.00,931,280
140467,1000.00,932,277
140568,1000.00,930,283
140669,1000.00,930,283
140771,1000.00,933,273
140872,1000.00,929,287
140974,1000.00,931,280
141075,1000.00,933,273
141176,1000.00,931,280
141278,1000.00,932,277
141379,1000.00,929,287
141480,1000.00,931,280
141582,1000.00,930,283
141683,1000.00,931,280
141785,1000.00,932,277
141886,1000.00,931,280
141987,1000.00,930,283
142089,1000.00,930,283
142190,1000.00,933,273
142291,1000.00,930,283
142393,1000.00,930,283
142494,1000.00,932,277
142596,1000.00,932,277
142697,1000.00,930,283
142798,1000.00,932,277
142900,1000.00,932,277
143001,1000.00,931,280
143102,1000.00,931,280
143204,1000.00,932,277
143305,1000.00,931,280
143407,1000.00,932,277
143508,1000.00,929,287
143609,1000.00,932,277
143711,1000.00,931,280
143812,1000.00,930,283
143913,1000.00,929,287
144015,1000.00,931,280
144116,1000.00,931,280
144218,1000.00,931,280
144319,1000.00,932,277
144420,1000.00,930,283
144522,1000.00,932,277
144623,1000.00,932,277
144724,1000.00,930,283
144826,1000.00,931,280
144927,1000.00,931,280
145029,1000.00,930,283
145130,1000.00,930,283
145231,1000.00,929,287
145333,1000.00,931,280
145434,1000.00,931,280
145536,1000.00,931,280
145637,1000.00,929,287
145738,1000.00,931,280
145840,1000.00,931,280
145941,1000.00,932,277
146042,1000.00,929,287
146144,1000.00,930,283
146245,1000.00,932,277
146347,1000.00,930,283
146448,1000.00,930,283
146549,1000.00,932,277
146651,1000.00,929,287
146752,1000.00,932,277
146853,1000.00,932,277
146955,1000.00,930,283
147056,1000.00,931,280
147158,1000.00,931,280
147259,1000.00,933,273
147359,1000.00,931,280
147461,1000.00,930,283
147562,1000.00,931,280
147663,1000.00,933,273
147765,1000.00,930,283
147866,1000.00,929,287
147968,1000.00,931,280
148069,1000.00,931,280
148170,1000.00,931,280
148272,1000.00,930,283
148373,1000.00,930,283
148474,1000.00,932,277
148576,1000.00,932,277
148677,1000.00,931,280
148779,1000.00,931,280
148880,1000.00,929,287
148981,1000.00,930,283
149083,1000.00,928,290
149184,1000.00,932,277
149285,1000.00,931,280
149387,1000.00,929,287
149488,1000.00,932,277
149590,1000.00,932,277
149691,1000.00,931,280
149792,1000.00,931,280
149894,1000.00,930,283
149995,1000.00,931,280
150096,1000.00,930,283
150198,1000.00,932,277
150299,1000.00,932,277
150401,1000.00,932,277
150502,1000.00,932,277
150603,1000.00,930,283
150705,1000.00,932,277
150806,1000.00,931,280
150907,1000.00,931,280
151009,1000.00,930,283
151110,1000.00,931,280
151212,1000.00,929,287
151313,1000.00,931,280
151414,1000.00,931,280
151516,1000.00,932,277
151617,1000.00,930,283
151718,1000.00,931,280
151820,1000.00,931,280
151921,1000.00,932,277
152023,1000.00,933,273
152124,1000.00,932,277
152225,1000.00,930,283
152327,1000.00,932,277
152428,1000.00,930,283
152529,1000.00,931,280
152631,1000.00,932,277
152732,1000.00,931,280
152834,1000.00,930,283
152935,1000.00,931,280
153036,1000.00,931,280
153138,1000.00,928,290
153239,1000.00,931,280
153340,1000.00,931,280
153442,1000.00,930,283
153543,1000.00,931,280
153645,1000.00,932,277
153746,1000.00,927,293
153847,1000.00,931,280
153949,1000.00,931,280
154050,1000.00,930,283
154151,1000.00,931,280
154253,1000.00,931,280
154354,1000.00,930,283
154456,1000.00,929,287
154557,1000.00,932,277
154658,1000.00,932,277
154760,1000.00,932,277
154861,1000.00,932,277
154962,1000.00,929,287
155064,1000.00,931,280
155165,1000.00,932,277
155267,1000.00,931,280
155368,1000.00,931,280
155469,1000.00,931,280
155571,1000.00,930,283
155672,1000.00,932,277
155773,1000.00,932,277
155875,1000.00,929,287
155976,1000.00,930,283
156078,1000.00,931,280
156179,1000.00,930,283
156280,1000.00,933,273
156382,1000.00,932,277
156483,1000.00,929,287
156584,1000.00,933,273
156686,1000.00,931,280
156787,1000.00,930,283
156889,1000.00,931,280
156990,1000.00,932,277
157091,1000.00,930,283
157193,1000.00,932,277
157294,1000.00,930,283
157395,1000.00,929,287
157497,1000.00,930,283
157598,1000.00,931,280
157700,1000.00,931,280
157801,1000.00,931,280
157902,1000.00,931,280
158004,1000.00,931,280
158105,1000.00,932,277
158206,1000.00,932,277
158308,1000.00,931,280
158409,1000.00,931,280
158511,1000.00,932,277
158612,1000.00,932,277
158713,1000.00,931,280
158815,1000.00,931,280
158916,1000.00,933,273
159017,1000.00,932,277
159119,1000.00,933,273
159220,1000.00,932,277
159322,1000.00,932,277
159422,1000.00,932,277
159523,1000.00,929,287
159625,1000.00,933,273
159726,1000.00,930,283
159827,1000.00,928,290
159929,1000.00,932,277
160030,1000.00,932,277
160132,1000.00,931,280
160233,1000.00,930,283
160334,1000.00,931,280
160436,1000.00,930,283
160537,1000.00,933,273
160638,1000.00,930,283
160740,1000.00,929,287
160841,1000.00,932,277
160943,1000.00,930,283
161044,1000.00,931,280
161145,1000.00,932,277
161247,1000.00,931,280
161348,1000.00,932,277
161449,1000.00,931,280
161551,1000.00,931,280
161652,1000.00,931,280
161754,1000.00,932,277
161855,1000.00,932,277
161956,1000.00,932,277
162058,1000.00,931,280
162159,1000.00,934,270
162260,1000.00,931,280
162362,1000.00,931,280
162463,1000.00,929,287
162565,1000.00,932,277
162666,1000.00,932,277
162767,1000.00,930,283
162869,1000.00,932,277
162970,1000.00,932,277
163072,1000.00,931,280
163173,1000.00,931,280
163274,1000.00,931,280
163376,1000.00,930,283
163477,1000.00,932,277
163578,1000.00,932,277
163680,1000.00,932,277
163781,1000.00,931,280
163883,1000.00,932,277
163984,1000.00,932,277
164085,1000.00,931,280
164187,1000.00,931,280
164288,1000.00,932,277
164389,1000.00,931,280
164491,1000.00,928,290
164592,1000.00,931,280
164694,1000.00,932,277
164795,1000.00,929,287
164896,1000.00,932,277
164998,1000.00,930,283
165099,1000.00,932,277
165200,1000.00,932,277
165302,1000.00,932,277
165403,1000.00,931,280
165505,1000.00,930,283
165606,1000.00,932,277
165707,1000.00,932,277
165809,1000.00,930,283
165910,1000.00,932,277
166011,1000.00,932,277
166113,1000.00,931,280
166214,1000.00,933,273
166316,1000.00,932,277
166417,1000.00,931,280
166518,1000.00,931,280
166620,1000.00,932,277
166721,1000.00,932,277
166822,1000.00,931,280
166924,1000.00,931,280
167025,1000.00,931,280
167127,1000.00,931,280
167228,1000.00,932,277
167329,1000.00,932,277
167431,1000.00,932,277
167532,1000.00,931,280
167633,1000.00,930,283
167735,1000.00,932,277
167836,1000.00,932,277
167938,1000.00,931,280
168039,1000.00,932,277
168140,1000.00,932,277
168242,1000.00,934,270
168343,1000.00,932,277
168444,1000.00,932,277
168546,1000.00,932,277
168647,1000.00,932,277
168749,1000.00,931,280
168850,1000.00,933,273
168951,1000.00,928,290
169053,1000.00,932,277
169154,1000.00,932,277
169255,1000.00,932,277
169356,1000.00,931,280
169457,1000.00,931,280
169559,1000.00,931,280
169660,1000.00,931,280
169761,1000.00,932,277
169863,1000.00,929,287
169964,1000.00,929,287
170065,1000.00,931,280
170167,1000.00,931,280
170268,1000.00,932,277
170370,1000.00,932,277
170471,1000.00,932,277
170572,1000.00,931,280
170674,1000.00,931,280
170775,1000.00,928,290
170876,1000.00,932,277
170978,1000.00,932,277
171079,1000.00,933,273
171181,1000.00,931,280
171282,1000.00,931,280
171383,1000.00,931,280
171485,1000.00,931,280
171586,1000.00,931,280
171687,1000.00,930,283
171789,1000.00,932,277
171890,1000.00,932,277
171992,1000.00,932,277
172093,1000.00,932,277
172194,1000.00,931,280
172296,1000.00,931,280
172397,1000.00,931,280
172498,1000.00,933,273
172600,1000.00,931,280
172701,1000.00,931,280
172803,1000.00,932,277
172904,1000.00,931,280
173005,1000.00,932,277
173107,1000.00,931,280
173208,1000.00,932,277
173309,1000.00,931,280
173411,1000.00,932,277
173512,1000.00,930,283
173614,1000.00,931,280
173715,1000.00,930,283
173816,1000.00,932,277
173918,1000.00,932,277
174019,1000.00,932,277
174120,1000.00,932,277
174222,1000.00,932,277
174323,1000.00,931,280
174425,1000.00,932,277
174526,1000.00,932,277
174627,1000.00,932,277
174729,1000.00,931,280
174830,1000.00,932,277
174931,1000.00,932,277
175033,1000.00,932,277
175134,1000.00,933,273
175236,1000.00,932,277
175337,1000.00,932,277
175438,1000.00,929,287
175540,1000.00,930,283
175641,1000.00,931,280
175742,1000.00,932,277
175844,1000.00,932,277
175945,1000.00,934,270
176047,1000.00,931,280
176148,1000.00,930,283
176249,1000.00,933,273
176351,1000.00,930,283
176452,1000.00,930,283
176553,1000.00,933,273
176655,1000.00,931,280
176756,1000.00,931,280
176858,1000.00,932,277
176959,1000.00,931,280
177060,1000.00,931,280
177162,1000.00,931,280
177263,1000.00,932,277
177364,1000.00,932,277
177466,1000.00,932,277
177567,1000.00,932,277
177669,1000.00,932,277
177770,1000.00,931,280
177871,1000.00,930,283
177973,1000.00,931,280
178074,1000.00,931,280
178176,1000.00,932,277
178277,1000.00,932,277
178378,1000.00,931,280
178480,1000.00,931,280
178581,1000.00,932,277
178682,1000.00,932,277
178784,1000.00,932,277
178885,1000.00,932,277
178987,1000.00,932,277
179088,1000.00,931,280
179189,1000.00,931,280
179291,1000.00,931,280
179392,1000.00,932,277
179493,1000.00,932,277
179595,1000.00,931,280
179696,1000.00,930,283
179798,1000.00,929,287
179899,1000.00,932,277
180000,1000.00,932,277
180102,1000.00,932,277
180203,1000.00,932,277
180303,1000.00,931,280
180405,1000.00,932,277
180506,1000.00,931,280
180608,1000.00,931,280
180709,1000.00,931,280
180810,1000.00,932,277
180912,1000.00,932,277
181013,1000.00,932,277
181114,1000.00,931,280
181216,1000.00,931,280
181317,1000.00,932,277
181419,1000.00,933,273
181520,1000.00,932,277
181621,1000.00,932,277
181723,1000.00,933,273
181824,1000.00,931,280
181925,1000.00,931,280
182027,1000.00,932,277
182128,1000.00,932,277
182230,1000.00,931,280
182331,1000.00,933,273
182432,1000.00,932,277
182534,1000.00,930,283
182635,1000.00,934,270
182736,1000.00,933,273
182838,1000.00,931,280
182939,1000.00,930,283
183041,1000.00,931,280
183142,1000.00,932,277
183243,1000.00,932,277
183345,1000.00,931,280
183446,1000.00,933,273
183547,1000.00,933,273
183649,1000.00,930,283
183750,1000.00,930,283
183852,1000.00,932,277
183953,1000.00,934,270
184054,1000.00,932,277
184156,1000.00,933,273
184257,1000.00,931,280
184358,1000.00,931,280
184460,1000.00,931,280
184561,1000.00,932,277
184663,1000.00,933,273
184764,1000.00,931,280
184865,1000.00,932,277
184967,1000.00,930,283
185068,1000.00,931,280
185169,1000.00,931,280
185271,1000.00,933,273
185372,1000.00,932,277
185474,1000.00,931,280
185575,1000.00,932,277
185676,1000.00,933,273
185778,1000.00,930,283
185879,1000.00,932,277
185980,1000.00,931,280
186082,1000.00,932,277
186183,1000.00,930,283
186285,1000.00,931,280
186386,1000.00,931,280
186487,1000.00,933,273
186589,1000.00,931,280
186690,1000.00,933,273
186791,1000.00,932,277
186893,1000.00,930,283
186994,1000.00,929,287
187096,1000.00,933,273
187197,1000.00,932,277
187298,1000.00,932,277
187400,1000.00,932,277
187501,1000.00,932,277
187602,1000.00,934,270
187704,1000.00,931,280
187805,1000.00,932,277
187907,1000.00,931,280
188008,1000.00,931,280
188109,1000.00,932,277
188211,1000.00,932,277
188312,1000.00,931,280
188413,1000.00,931,280
188515,1000.00,931,280
188616,1000.00,931,280
188718,1000.00,932,277
188819,1000.00,933,273
188920,1000.00,932,277
189022,1000.00,932,277
189123,1000.00,932,277
189224,1000.00,932,277
189326,1000.00,931,280
189427,1000.00,931,280
189529,1000.00,932,277
189630,1000.00,931,280
189731,1000.00,933,273
189833,1000.00,932,277
189934,1000.00,932,277
190035,1000.00,932,277
190137,1000.00,932,277
190238,1000.00,931,280
190340,1000.00,932,277
190441,1000.00,934,270
190542,1000.00,930,283
190644,1000.00,931,280
190745,1000.00,932,277
190846,1000.00,934,270
190948,1000.00,932,277
191049,1000.00,931,280
191151,1000.00,932,277
191252,1000.00,930,283
191353,1000.00,933,273
191455,1000.00,932,277
191556,1000.00,933,273
191657,1000.00,931,280
191759,1000.00,933,273
191860,1000.00,931,280
191962,1000.00,930,283
192063,1000.00,931,280
192164,1000.00,932,277
192266,1000.00,929,287
192367,1000.00,932,277
192468,1000.00,934,270
192569,1000.00,932,277
192670,1000.00,931,280
192772,1000.00,932,277
192873,1000.00,932,277
192974,1000.00,933,273
193076,1000.00,932,277
193177,1000.00,930,283
193278,1000.00,932,277
193380,1000.00,931,280
193481,1000.00,932,277
193583,1000.00,932,277
193684,1000.00,932,277
193785,1000.00,932,277
193887,1000.00,933,273
193988,1000.00,930,283
194089,1000.00,931,280
194191,1000.00,932,277
194292,1000.00,933,273
194394,1000.00,933,273
194495,1000.00,934,270
194596,1000.00,933,273
194698,1000.00,930,283
194799,1000.00,933,273
194900,1000.00,932,277
195002,1000.00,934,270
195103,1000.00,931,280
195205,1000.00,933,273
195306,1000.00,933,273
195407,1000.00,934,270
195509,1000.00,931,280
195610,1000.00,931,280
195712,1000.00,931,280
195813,1000.00,932,277
195914,1000.00,931,280
196016,1000.00,931,280
196117,1000.00,934,270
196218,1000.00,932,277
196320,1000.00,934,270
196421,1000.00,933,273
196523,1000.00,931,280
196624,1000.00,932,277
196725,1000.00,931,280
196827,1000.00,933,273
196928,1000.00,932,277
197029,1000.00,933,273
197131,1000.00,932,277
197232,1000.00,933,273
197334,1000.00,933,273
197435,1000.00,933,273
197536,1000.00,933,273
197638,1000.00,931,280
197739,1000.00,931,280
197840,1000.00,931,280
197942,1000.00,933,273
198043,1000.00,932,277
198145,1000.00,931,280
198246,1000.00,934,270
198347,1000.00,932,277
198449,1000.00,933,273
198550,1000.00,931,280
198651,1000.00,933,273
198753,1000.00,932,277
198854,1000.00,933,273
198956,1000.00,933,273
199057,1000.00,931,280
199158,1000.00,932,277
199260,1000.00,931,280
199361,1000.00,930,283
199462,1000.00,934,270
199564,1000.00,933,273
199665,1000.00,931,280
199767,1000.00,933,273
199868,1000.00,931,280
199969,1000.00,932,277
200071,1000.00,934,270
200172,1000.00,933,273
200273,1000.00,934,270
200375,1000.00,931,280
200476,1000.00,934,270
200578,1000.00,931,280
200679,1000.00,932,277
200780,1000.00,933,273
200882,1000.00,933,273
200983,1000.00,931,280
201084,1000.00,930,283
201186,1000.00,933,273
201287,1000.00,932,277
201389,1000.00,931,280
201490,1000.00,932,277
201591,1000.00,931,280
201693,1000.00,932,277
201794,1000.00,931,280
201895,1000.00,934,270
201997,1000.00,933,273
202098,1000.00,931,280
202200,1000.00,932,277
202301,1000.00,933,273
202402,1000.00,931,280
202504,1000.00,934,270
202605,1000.00,933,273
202706,1000.00,933,273
202808,1000.00,931,280
202909,1000.00,931,280
203011,1000.00,932,277
203112,1000.00,933,273
203213,1000.00,931,280
203315,1000.00,933,273
203416,1000.00,934,270
203517,1000.00,933,273
203619,1000.00,934,270
203720,1000.00,933,273
203822,1000.00,933,273
203923,1000.00,931,280
204024,1000.00,933,273
204126,1000.00,930,283
204227,1000.00,933,273
204328,1000.00,931,280
204430,1000.00,931,280
204531,1000.00,933,273
204633,1000.00,932,277
204734,1000.00,931,280
204835,1000.00,932,277
204937,1000.00,934,270
205038,1000.00,933,273
205138,1000.00,933,273
205240,1000.00,931,280
205341,1000.00,933,273
205443,1000.00,931,280
205544,1000.00,932,277
205645,1000.00,929,287
205747,1000.00,933,273
205848,1000.00,932,277
205949,1000.00,933,273
206051,1000.00,930,283
206152,1000.00,933,273
206254,1000.00,932,277
206355,1000.00,933,273
206456,1000.00,931,280
206558,1000.00,928,290
206659,1000.00,932,277
206760,1000.00,931,280
206862,1000.00,933,273
206963,1000.00,932,277
207065,1000.00,932,277
207166,1000.00,932,277
207267,1000.00,931,280
207369,1000.00,934,270
207470,1000.00,932,277
207571,1000.00,933,273
207673,1000.00,934,270
207774,1000.00,931,280
207876,1000.00,932,277
207977,1000.00,931,280
208078,1000.00,932,277
208180,1000.00,932,277
208281,1000.00,933,273
208382,1000.00,932,277
208484,1000.00,931,280
208585,1000.00,933,273
208687,1000.00,933,273
208788,1000.00,931,280
208889,1000.00,931,280
208991,1000.00,934,270
209092,1000.00,933,273
209193,1000.00,932,277
209295,1000.00,933,273
209396,1000.00,931,280
209498,1000.00,932,277
209599,1000.00,932,277
209700,1000.00,932,277
209802,1000.00,933,273
209903,1000.00,932,277
210004,1000.00,932,277
210106,1000.00,932,277
210207,1000.00,932,277
210309,1000.00,933,273
210410,1000.00,932,277
210511,1000.00,932,277
210613,1000.00,931,280
210714,1000.00,933,273
210816,1000.00,933,273
210917,1000.00,931,280
211018,1000.00,933,273
211120,1000.00,933,273
211221,1000.00,931,280
211322,1000.00,933,273
211424,1000.00,934,270
211525,1000.00,932,277
211627,1000.00,933,273
211728,1000.00,933,273
211829,1000.00,933,273
211931,1000.00,929,287
212032,1000.00,933,273
212133,1000.00,933,273
212235,1000.00,933,273
212336,1000.00,932,277
212438,1000.00,932,277
212539,1000.00,932,277
212640,1000.00,931,280
212742,1000.00,933,273
212843,1000.00,933,273
212944,1000.00,932,277
213046,1000.00,933,273
213147,1000.00,932,277
213249,1000.00,930,283
213350,1000.00,934,270
213451,1000.00,931,280
213553,1000.00,931,280
213654,1000.00,933,273
213755,1000.00,933,273
213857,1000.00,933,273
213958,1000.00,931,280
214060,1000.00,931,280
214161,1000.00,933,273
214262,1000.00,933,273
214364,1000.00,929,287
214465,1000.00,932,277
214566,1000.00,931,280
214668,1000.00,932,277
214769,1000.00,934,270
214871,1000.00,932,277
214972,1000.00,931,280
215073,1000.00,932,277
215175,1000.00,932,277
215276,1000.00,929,287
215377,1000.00,932,277
215479,1000.00,931,280
215580,1000.00,932,277
215682,1000.00,932,277
215783,1000.00,933,273
215884,1000.00,932,277
215986,1000.00,932,277
216087,1000.00,932,277
216188,1000.00,929,287
216289,1000.00,931,280
216390,1000.00,931,280
216492,1000.00,931,280
216593,1000.00,934,270
216694,1000.00,932,277
216796,1000.00,934,270
216897,1000.00,933,273
216998,1000.00,932,277
217100,1000.00,932,277
217201,1000.00,933,273
217303,1000.00,934,270
217404,1000.00,932,277
217505,1000.00,931,280
217607,1000.00,932,277
217708,1000.00,931,280
217809,1000.00,931,280
217911,1000.00,932,277
218012,1000.00,932,277
218114,1000.00,934,270
218215,1000.00,932,277
218316,1000.00,929,287
218418,1000.00,933,273
218519,1000.00,932,277
218620,1000.00,931,280
218722,1000.00,932,277
218823,1000.00,932,277
218925,1000.00,934,270
219026,1000.00,931,280
219127,1000.00,931,280
219229,1000.00,933,273
219330,1000.00,931,280
219431,1000.00,931,280
219533,1000.00,933,273
219634,1000.00,933,273
219736,1000.00,933,273
219837,1000.00,931,280
219938,1000.00,931,280
220040,1000.00,933,273
220141,1000.00,933,273
220242,1000.00,932,277
220344,1000.00,934,270
220445,1000.00,934,270
220547,1000.00,933,273
220648,1000.00,931,280
220749,1000.00,931,280
220851,1000.00,934,270
220952,1000.00,932,277
221053,1000.00,933,273
221155,1000.00,932,277
221256,1000.00,931,280
221358,1000.00,934,270
221459,1000.00,932,277
221560,1000.00,933,273
221662,1000.00,932,277
221763,1000.00,931,280
221864,1000.00,933,273
221966,1000.00,934,270
222067,1000.00,933,273
222169,1000.00,931,280
222270,1000.00,931,280
222371,1000.00,932,277
222473,1000.00,932,277
222574,1000.00,932,277
222675,1000.00,933,273
222777,1000.00,933,273
222878,1000.00,932,277
222980,1000.00,934,270
223081,1000.00,931,280
223182,1000.00,933,273
223284,1000.00,931,280
223385,1000.00,931,280
223486,1000.00,931,280
223588,1000.00,933,273
223689,1000.00,932,277
223791,1000.00,932,277
223892,1000.00,932,277
223993,1000.00,933,273
224095,1000.00,932,277
224196,1000.00,933,273
224297,1000.00,934,270
224399,1000.00,932,277
224500,1000.00,933,273
224602,1000.00,933,273
224703,1000.00,931,280
224804,1000.00,931,280
224906,1000.00,934,270
225007,1000.00,932,277
225108,1000.00,932,277
225210,1000.00,932,277
225311,1000.00,932,277
225413,1000.00,932,277
225514,1000.00,932,277
225615,1000.00,934,270
225717,1000.00,933,273
225818,1000.00,932,277
225920,1000.00,933,273
226021,1000.00,933,273
226122,1000.00,933,273
226224,1000.00,932,277
226325,1000.00,931,280
226426,1000.00,934,270
226528,1000.00,933,273
226629,1000.00,931,280
226731,1000.00,934,270
226832,1000.00,932,277
226933,1000.00,934,270
227035,1000.00,933,273
227136,1000.00,932,277
227237,1000.00,932,277
227339,1000.00,932,277
227440,1000.00,931,280
227542,1000.00,933,273
227643,1000.00,931,280
227744,1000.00,931,280
227846,1000.00,934,270
227947,1000.00,933,273
228048,1000.00,932,277
228149,1000.00,931,280
228250,1000.00,932,277
228352,1000.00,932,277
228453,1000.00,932,277
228554,1000.00,932,277
228656,1000.00,932,277
228757,1000.00,932,277
228858,1000.00,931,280
228960,1000.00,932,277
229061,1000.00,931,280
229163,1000.00,932,277
229264,1000.00,933,273
229365,1000.00,933,273
229467,1000.00,934,270
229568,1000.00,933,273
229669,1000.00,932,277
229771,1000.00,931,280
229872,1000.00,931,280
229974,1000.00,934,270
230075,1000.00,933,273
230176,1000.00,933,273
230278,1000.00,933,273
230379,1000.00,933,273
230480,1000.00,934,270
230582,1000.00,929,287
230683,1000.00,934,270
230785,1000.00,932,277
230886,1000.00,932,277
230987,1000.00,932,277
231089,1000.00,934,270
231190,1000.00,934,270
231291,1000.00,933,273
231393,1000.00,932,277
231494,1000.00,933,273
231596,1000.00,934,270
231697,1000.00,931,280
231798,1000.00,932,277
231900,1000.00,932,277
232001,1000.00,931,280
232102,1000.00,931,280
232204,1000.00,932,277
232305,1000.00,931,280
232407,1000.00,931,280
232508,1000.00,935,267
232609,1000.00,934,270
232711,1000.00,931,280
232812,1000.00,934,270
232913,1000.00,933,273
233015,1000.00,931,280
233116,1000.00,933,273
233218,1000.00,934,270
233319,1000.00,932,277
233420,1000.00,934,270
233522,1000.00,933,273
233623,1000.00,933,273
233724,1000.00,931,280
233826,1000.00,932,277
233927,1000.00,931,280
234029,1000.00,934,270
234130,1000.00,932,277
234231,1000.00,931,280
234333,1000.00,934,270
234434,1000.00,934,270
234535,1000.00,934,270
234637,1000.00,933,273
234738,1000.00,931,280
234840,1000.00,931,280
234941,1000.00,934,270
235042,1000.00,934,270
235144,1000.00,932,277
235245,1000.00,933,273
235346,1000.00,932,277
235448,1000.00,931,280
235549,1000.00,934,270
235651,1000.00,933,273
235752,1000.00,931,280
235853,1000.00,933,273
235955,1000.00,934,270
236056,1000.00,934,270
236157,1000.00,932,277
236259,1000.00,933,273
236360,1000.00,932,277
236462,1000.00,933,273
236563,1000.00,934,270
236664,1000.00,931,280
236766,1000.00,934,270
236867,1000.00,933,273
236968,1000.00,931,280
237070,1000.00,932,277
237171,1000.00,933,273
237273,1000.00,931,280
237374,1000.00,934,270
237475,1000.00,932,277
237577,1000.00,930,283
237678,1000.00,933,273
237779,1000.00,934,270
237881,1000.00,931,280
237982,1000.00,933,273
238084,1000.00,933,273
238185,1000.00,935,267
238286,1000.00,934,270
238388,1000.00,932,277
238489,1000.00,931,280
238590,1000.00,934,270
238692,1000.00,933,273
238793,1000.00,932,277
238895,1000.00,933,273
238996,1000.00,932,277
239097,1000.00,933,273
239199,1000.00,932,277
239300,1000.00,931,280
239401,1000.00,934,270
239503,1000.00,934,270
239604,1000.00,931,280
239706,1000.00,931,280
239807,1000.00,934,270
239908,1000.00,933,273
240010,1000.00,932,277
240111,1000.00,932,277
240212,1000.00,930,283
240314,1000.00,933,273
240415,1000.00,932,277
240517,1000.00,929,287
240618,1000.00,932,277
240719,1000.00,933,273
240821,1000.00,932,277
240921,1000.00,934,270
241022,1000.00,931,280
241124,1000.00,932,277
241225,1000.00,931,280
241327,1000.00,932,277
241428,1000.00,931,280
241529,1000.00,932,277
241631,1000.00,933,273
241732,1000.00,932,277
241833,1000.00,932,277
241935,1000.00,933,273
242036,1000.00,934,270
242138,1000.00,931,280
242239,1000.00,931,280
242340,1000.00,933,273
242442,1000.00,933,273
242543,1000.00,933,273
242644,1000.00,933,273
242746,1000.00,932,277
242847,1000.00,932,277
242949,1000.00,933,273
243050,1000.00,935,267
243151,1000.00,933,273
243253,1000.00,933,273
243354,1000.00,934,270
243456,1000.00,931,280
243557,1000.00,933,273
243658,1000.00,933,273
243760,1000.00,932,277
243861,1000.00,931,280
243962,1000.00,933,273
244064,1000.00,934,270
244165,1000.00,933,273
244267,1000.00,933,273
244368,1000.00,932,277
244469,1000.00,931,280
244571,1000.00,933,273
244672,1000.00,934,270
244773,1000.00,931,280
244875,1000.00,934,270
244976,1000.00,934,270
245078,1000.00,933,273
245179,1000.00,934,270
245280,1000.00,933,273
245382,1000.00,932,277
245483,1000.00,932,277
245584,1000.00,934,270
245686,1000.00,933,273
245787,1000.00,935,267
245889,1000.00,933,273
245990,1000.00,932,277
246091,1000.00,934,270
246193,1000.00,932,277
246294,1000.00,933,273
246395,1000.00,933,273
246497,1000.00,932,277
246598,1000.00,933,273
246700,1000.00,934,270
246801,1000.00,933,273
246902,1000.00,933,273
247004,1000.00,934,270
247105,1000.00,932,277
247206,1000.00,932,277
247308,1000.00,932,277
247409,1000.00,933,273
247511,1000.00,934,270
247612,1000.00,931,280
247713,1000.00,934,270
247815,1000.00,932,277
247916,1000.00,933,273
248017,1000.00,934,270
248119,1000.00,933,273
248220,1000.00,933,273
248322,1000.00,933,273
248423,1000.00,933,273
248524,1000.00,933,273
248626,1000.00,933,273
248727,1000.00,933,273
248828,1000.00,933,273
248930,1000.00,933,273
249031,1000.00,933,273
249133,1000.00,933,273
249234,1000.00,933,273
249335,1000.00,933,273
249437,1000.00,934,270
249538,1000.00,933,273
249639,1000.00,933,273
249741,1000.00,934,270
249842,1000.00,933,273
249944,1000.00,932,277
250045,1000.00,934,270
250146,1000.00,934,270
250248,1000.00,934,270
250349,1000.00,933,273
250450,1000.00,934,270
250552,1000.00,933,273
250653,1000.00,933,273
250755,1000.00,932,277
250856,1000.00,933,273
250957,1000.00,933,273
251059,1000.00,934,270
251160,1000.00,933,273
251261,1000.00,934,270
251363,1000.00,933,273
251464,1000.00,934,270
251566,1000.00,934,270
251667,1000.00,933,273
251768,1000.00,931,280
251870,1000.00,932,277
251971,1000.00,934,270
252072,1000.00,932,277
252174,1000.00,933,273
252275,1000.00,933,273
252377,1000.00,931,280
252478,1000.00,933,273
252579,1000.00,933,273
252681,1000.00,933,273
252782,1000.00,933,273
252882,1000.00,932,277
252984,1000.00,933,273
253085,1000.00,933,273
253187,1000.00,934,270
253288,1000.00,934,270
253389,1000.00,932,277
253491,1000.00,933,273
253592,1000.00,933,273
253693,1000.00,933,273
253795,1000.00,933,273
253896,1000.00,929,287
253998,1000.00,934,270
254099,1000.00,932,277
254200,1000.00,932,277
254302,1000.00,933,273
254403,1000.00,934,270
254504,1000.00,933,273
254606,1000.00,932,277
254707,1000.00,932,277
254809,1000.00,934,270
254910,1000.00,933,273
255011,1000.00,933,273
255113,1000.00,932,277
255214,1000.00,932,277
255315,1000.00,935,267
255417,1000.00,932,277
255518,1000.00,934,270
255620,1000.00,934,270
255721,1000.00,931,280
255822,1000.00,934,270
255924,1000.00,932,277
256025,1000.00,935,267
256126,1000.00,933,273
256228,1000.00,931,280
256329,1000.00,932,277
256431,1000.00,932,277
256532,1000.00,933,273
256633,1000.00,932,277
256735,1000.00,931,280
256836,1000.00,932,277
256937,1000.00,933,273
257039,1000.00,933,273
257140,1000.00,932,277
257242,1000.00,934,270
257343,1000.00,933,273
257444,1000.00,932,277
257546,1000.00,934,270
257647,1000.00,934,270
257748,1000.00,934,270
257850,1000.00,932,277
257951,1000.00,932,277
258053,1000.00,935,267
258154,1000.00,933,273
258255,1000.00,933,273
258357,1000.00,934,270
258458,1000.00,935,267
258560,1000.00,932,277
258661,1000.00,933,273
258762,1000.00,933,273
258864,1000.00,934,270
258965,1000.00,930,283
259066,1000.00,933,273
259168,1000.00,934,270
259269,1000.00,933,273
259371,1000.00,933,273
259472,1000.00,934,270
259573,1000.00,933,273
259675,1000.00,933,273
259776,1000.00,932,277
259877,1000.00,934,270
259979,1000.00,934,270
260080,1000.00,933,273
260182,1000.00,933,273
260283,1000.00,933,273
260384,1000.00,933,273
260486,1000.00,933,273
260587,1000.00,934,270
260688,1000.00,933,273
260790,1000.00,933,273
260891,1000.00,934,270
260993,1000.00,933,273
261094,1000.00,934,270
261195,1000.00,934,270
261297,1000.00,934,270
261398,1000.00,934,270
261499,1000.00,932,277
261601,1000.00,935,267
261702,1000.00,933,273
261804,1000.00,933,273
261905,1000.00,934,270
262006,1000.00,933,273
262108,1000.00,931,280
262209,1000.00,933,273
262310,1000.00,932,277
262412,1000.00,933,273
262513,1000.00,933,273
262615,1000.00,931,280
262716,1000.00,932,277
262817,1000.00,933,273
262919,1000.00,933,273
263020,1000.00,932,277
263120,1000.00,934,270
263222,1000.00,931,280
263323,1000.00,934,270
263425,1000.00,932,277
263526,1000.00,931,280
263627,1000.00,932,277
263729,1000.00,934,270
263830,1000.00,933,273
263931,1000.00,933,273
264033,1000.00,934,270
264134,1000.00,933,273
264236,1000.00,933,273
264337,1000.00,932,277
264438,1000.00,929,287
264540,1000.00,933,273
264641,1000.00,933,273
264742,1000.00,933,273
264844,1000.00,934,270
264945,1000.00,932,277
265047,1000.00,932,277
265148,1000.00,934,270
265249,1000.00,933,273
265351,1000.00,932,277
265452,1000.00,934,270
265553,1000.00,932,277
265655,1000.00,934,270
265756,1000.00,934,270
265858,1000.00,933,273
265959,1000.00,932,277
266060,1000.00,934,270
266162,1000.00,933,273
266263,1000.00,933,273
266364,1000.00,932,277
266466,1000.00,933,273
266567,1000.00,933,273
266669,1000.00,930,283
266770,1000.00,933,273
266871,1000.00,933,273
266973,1000.00,933,273
267074,1000.00,933,273
267175,1000.00,935,267
267277,1000.00,933,273
267378,1000.00,933,273
267480,1000.00,932,277
267581,1000.00,933,273
267682,1000.00,934,270
267784,1000.00,934,270
267885,1000.00,932,277
267986,1000.00,934,270
268088,1000.00,934,270
268189,1000.00,932,277
268291,1000.00,935,267
268392,1000.00,933,273
268493,1000.00,933,273
268595,1000.00,934,270
268696,1000.00,934,270
268797,1000.00,933,273
268899,1000.00,934,270
269000,1000.00,932,277
269102,1000.00,932,277
269203,1000.00,933,273
269304,1000.00,933,273
269406,1000.00,931,280
269507,1000.00,934,270
269608,1000.00,934,270
269710,1000.00,933,273
269811,1000.00,933,273
269913,1000.00,934,270
270014,1000.00,932,277
270115,1000.00,932,277
270217,1000.00,931,280
270318,1000.00,933,273
270419,1000.00,933,273
270521,1000.00,933,273
270622,1000.00,933,273
270724,1000.00,934,270
270825,1000.00,933,273
270926,1000.00,933,273
271028,1000.00,933,273
271129,1000.00,933,273
271230,1000.00,932,277
271332,1000.00,933,273
271433,1000.00,934,270
271535,1000.00,934,270
271636,1000.00,932,277
271737,1000.00,933,273
271839,1000.00,935,267
271940,1000.00,934,270
272041,1000.00,933,273
272143,1000.00,931,280
272244,1000.00,932,277
272346,1000.00,934,270
272447,1000.00,931,280
272548,1000.00,934,270
272650,1000.00,933,273
272751,1000.00,934,270
272852,1000.00,934,270
272954,1000.00,933,273
273055,1000.00,931,280
273157,1000.00,933,273
273258,1000.00,933,273
273359,1000.00,933,273
273461,1000.00,933,273
273562,1000.00,931,280
273664,1000.00,933,273
273765,1000.00,932,277
273866,1000.00,933,273
273968,1000.00,931,280
274069,1000.00,933,273
274170,1000.00,932,277
274272,1000.00,933,273
274373,1000.00,933,273
274473,1000.00,934,270
274575,1000.00,934,270
274676,1000.00,934,270
274778,1000.00,933,273
274879,1000.00,933,273
274980,1000.00,933,273
275082,1000.00,932,277
275183,1000.00,929,287
275284,1000.00,932,277
275386,1000.00,934,270
275487,1000.00,933,273
275589,1000.00,933,273
275690,1000.00,936,263
275791,1000.00,933,273
275893,1000.00,933,273
275994,1000.00,933,273
276096,1000.00,930,283
276197,1000.00,934,270
276298,1000.00,934,270
276400,1000.00,935,267
276501,1000.00,934,270
276602,1000.00,936,263
276704,1000.00,932,277
276805,1000.00,934,270
276907,1000.00,932,277
277008,1000.00,934,270
277109,1000.00,934,270
277211,1000.00,934,270
277312,1000.00,933,273
277413,1000.00,934,270
277515,1000.00,933,273
277616,1000.00,932,277
277718,1000.00,933,273
277819,1000.00,933,273
277920,1000.00,934,270
278022,1000.00,933,273
278123,1000.00,934,270
278224,1000.00,934,270
278326,1000.00,933,273
278427,1000.00,934,270
278529,1000.00,935,267
278630,1000.00,933,273
278731,1000.00,935,267
278833,1000.00,934,270
278934,1000.00,931,280
279035,1000.00,934,270
279137,1000.00,933,273
279238,1000.00,932,277
279340,1000.00,934,270
279441,1000.00,934,270
279542,1000.00,934,270
279644,1000.00,934,270
279745,1000.00,933,273
279846,1000.00,933,273
279948,1000.00,933,273
280049,1000.00,934,270
280151,1000.00,932,277
280252,1000.00,933,273
280353,1000.00,933,273
280455,1000.00,931,280
280556,1000.00,933,273
280657,1000.00,933,273
280759,1000.00,935,267
280860,1000.00,933,273
280962,1000.00,934,270
281063,1000.00,932,277
281164,1000.00,934,270
281266,1000.00,934,270
281367,1000.00,932,277
281468,1000.00,931,280
281570,1000.00,931,280
281671,1000.00,933,273
281773,1000.00,934,270
281874,1000.00,932,277
281975,1000.00,931,280
282077,1000.00,934,270
282178,1000.00,934,270
282279,1000.00,932,277
282381,1000.00,934,270
282482,1000.00,934,270
282584,1000.00,934,270
282685,1000.00,933,273
282786,1000.00,932,277
282888,1000.00,934,270
282989,1000.00,933,273
283090,1000.00,934,270
283192,1000.00,933,273
283293,1000.00,932,277
283395,1000.00,934,270
283496,1000.00,933,273
283597,1000.00,934,270
283699,1000.00,933,273
283800,1000.00,934,270
283901,1000.00,933,273
284003,1000.00,932,277
284104,1000.00,935,267
284206,1000.00,934,270
284307,1000.00,934,270
284408,1000.00,931,280
284510,1000.00,933,273
284611,1000.00,933,273
284712,1000.00,933,273
284814,1000.00,934,270
284915,1000.00,933,273
285017,1000.00,934,270
285118,1000.00,934,270
285219,1000.00,933,273
285321,1000.00,934,270
285422,1000.00,934,270
285523,1000.00,933,273
285625,1000.00,934,270
285726,1000.00,934,270
285828,1000.00,931,280
285929,1000.00,933,273
286030,1000.00,934,270
286132,1000.00,934,270
286233,1000.00,934,270
286334,1000.00,933,273
286436,1000.00,934,270
286537,1000.00,934,270
286639,1000.00,933,273
286740,1000.00,932,277
286841,1000.00,934,270
286943,1000.00,932,277
287044,1000.00,933,273
287145,1000.00,933,273
287247,1000.00,934,270
287347,1000.00,934,270
287449,1000.00,932,277
287550,1000.00,934,270
287651,1000.00,935,267
287753,1000.00,933,273
287854,1000.00,934,270
287955,1000.00,933,273
288057,1000.00,934,270
288158,1000.00,933,273
288260,1000.00,934,270
288361,1000.00,936,263
288462,1000.00,933,273
288564,1000.00,933,273
288665,1000.00,933,273
288766,1000.00,931,280
288868,1000.00,932,277
288969,1000.00,933,273
289071,1000.00,933,273
289172,1000.00,933,273
289273,1000.00,934,270
289375,1000.00,934,270
289476,1000.00,933,273
289577,1000.00,934,270
289679,1000.00,933,273
289780,1000.00,933,273
289882,1000.00,933,273
289983,1000.00,935,267
290084,1000.00,934,270
290186,1000.00,934,270
290287,1000.00,935,267
290388,1000.00,934,270
290490,1000.00,933,273
290591,1000.00,933,273
290693,1000.00,933,273
290794,1000.00,934,270
290895,1000.00,931,280
290997,1000.00,932,277
291098,1000.00,931,280
291200,1000.00,933,273
291301,1000.00,931,280
291402,1000.00,932,277
291504,1000.00,935,267
291605,1000.00,933,273
291706,1000.00,934,270
291808,1000.00,935,267
291909,1000.00,934,270
292011,1000.00,933,273
292112,1000.00,934,270
292213,1000.00,931,280
292315,1000.00,932,277
292416,1000.00,934,270
292517,1000.00,933,273
292619,1000.00,934,270
292720,1000.00,933,273
292822,1000.00,934,270
292923,1000.00,933,273
293024,1000.00,932,277
293126,1000.00,932,277
293227,1000.00,933,273
293328,1000.00,932,277
293430,1000.00,935,267
293531,1000.00,934,270
293633,1000.00,934,270
293734,1000.00,934,270
293835,1000.00,933,273
293937,1000.00,931,280
294038,1000.00,931,280
294139,1000.00,934,270
294241,1000.00,934,270
294342,1000.00,934,270
294444,1000.00,934,270
294545,1000.00,933,273
294646,1000.00,933,273
294748,1000.00,933,273
294849,1000.00,933,273
294950,1000.00,934,270
295052,1000.00,933,273
295153,1000.00,934,270
295255,1000.00,934,270
295356,1000.00,934,270
295457,1000.00,934,270
295559,1000.00,934,270
295660,1000.00,933,273
295761,1000.00,934,270
295863,1000.00,933,273
295964,1000.00,933,273
296066,1000.00,931,280
296167,1000.00,933,273
296268,1000.00,934,270
296370,1000.00,934,270
296471,1000.00,933,273
296572,1000.00,935,267
296674,1000.00,933,273
296775,1000.00,936,263
296877,1000.00,934,270
296978,1000.00,932,277
297079,1000.00,933,273
297181,1000.00,934,270
297282,1000.00,932,277
297383,1000.00,934,270
297485,1000.00,934,270
297586,1000.00,932,277
297688,1000.00,933,273
297789,1000.00,934,270
297890,1000.00,933,273
297992,1000.00,934,270
298093,1000.00,934,270
298194,1000.00,934,270
298296,1000.00,933,273
298397,1000.00,933,273
298499,1000.00,932,277
298600,1000.00,934,270
298701,1000.00,934,270
298803,1000.00,934,270
298904,1000.00,934,270
299005,1000.00,934,270
299107,1000.00,934,270
299208,1000.00,933,273
299310,1000.00,934,270
299411,1000.00,931,280
299512,1000.00,934,270
299614,1000.00,933,273
299715,1000.00,933,273
299816,1000.00,934,270
299918,1000.00,933,273
300019,1000.00,933,273
300121,1000.00,934,270
300222,1000.00,929,287
300323,1000.00,934,270
300425,1000.00,933,273
300526,1000.00,929,287
300626,1000.00,934,270
300728,1000.00,933,273
300829,1000.00,934,270
300931,1000.00,933,273
301032,1000.00,935,267
301133,1000.00,933,273
301235,1000.00,933,273
301336,1000.00,933,273
301437,1000.00,933,273
301539,1000.00,933,273
301640,1000.00,934,270
301742,1000.00,933,273
301843,1000.00,933,273
301944,1000.00,931,280
302046,1000.00,933,273
302147,1000.00,933,273
302248,1000.00,932,277
302350,1000.00,933,273
302451,1000.00,933,273
302553,1000.00,933,273
302654,1000.00,935,267
302755,1000.00,933,273
302857,1000.00,934,270
302958,1000.00,933,273
303059,1000.00,933,273
303161,1000.00,934,270
303262,1000.00,933,273
303364,1000.00,934,270
303465,1000.00,934,270
303566,1000.00,933,273
303668,1000.00,932,277
303769,1000.00,932,277
303870,1000.00,934,270
303972,1000.00,933,273
304073,1000.00,935,267
304175,1000.00,933,273
304276,1000.00,934,270
304377,1000.00,931,280
304479,1000.00,931,280
304580,1000.00,932,277
304681,1000.00,933,273
304783,1000.00,929,287
304884,1000.00,934,270
304986,1000.00,933,273
305087,1000.00,932,277
305188,1000.00,933,273
305290,1000.00,934,270
305391,1000.00,933,273
305492,1000.00,934,270
305594,1000.00,934,270
305695,1000.00,933,273
305797,1000.00,933,273
305898,1000.00,934,270
305999,1000.00,934,270
306101,1000.00,935,267
306202,1000.00,932,277
306304,1000.00,934,270
306405,1000.00,935,267
306506,1000.00,933,273
306608,1000.00,932,277
306709,1000.00,933,273
306810,1000.00,932,277
306912,1000.00,932,277
307013,1000.00,932,277
307115,1000.00,932,277
307216,1000.00,934,270
307317,1000.00,934,270
307419,1000.00,933,273
307520,1000.00,933,273
307621,1000.00,931,280
307723,1000.00,932,277
307824,1000.00,934,270
307926,1000.00,933,273
308027,1000.00,934,270
308128,1000.00,932,277
308230,1000.00,932,277
308331,1000.00,934,270
308432,1000.00,932,277
308534,1000.00,934,270
308635,1000.00,935,267
308737,1000.00,933,273
308838,1000.00,931,280
308939,1000.00,933,273
309041,1000.00,934,270
309142,1000.00,935,267
309243,1000.00,934,270
309345,1000.00,929,287
309446,1000.00,934,270
309548,1000.00,933,273
309649,1000.00,934,270
309750,1000.00,934,270
309852,1000.00,933,273
309953,1000.00,930,283
310054,1000.00,932,277
310156,1000.00,934,270
310257,1000.00,932,277
310359,1000.00,932,277
310460,1000.00,933,273
310561,1000.00,933,273
310663,1000.00,935,267
310764,1000.00,934,270
310865,1000.00,933,273
310967,1000.00,933,273
311068,1000.00,934,270
311170,1000.00,933,273
311271,1000.00,934,270
311372,1000.00,934,270
311474,1000.00,934,270
311575,1000.00,933,273
311676,1000.00,933,273
311778,1000.00,933,273
311879,1000.00,933,273
311981,1000.00,933,273
312082,1000.00,933,273
312183,1000.00,934,270
312285,1000.00,934,270
312386,1000.00,933,273
312487,1000.00,933,273
312589,1000.00,933,273
312690,1000.00,935,267
312792,1000.00,935,267
312893,1000.00,932,277
312994,1000.00,934,270
313096,1000.00,934,270
313197,1000.00,933,273
313298,1000.00,933,273
313400,1000.00,934,270
313501,1000.00,933,273
313603,1000.00,933,273
313704,1000.00,934,270
313805,1000.00,934,270
313907,1000.00,933,273
314008,1000.00,935,267
314109,1000.00,932,277
314211,1000.00,933,273
314312,1000.00,933,273
314414,1000.00,930,283
314515,1000.00,935,267
314616,1000.00,935,267
314718,1000.00,929,287
314819,1000.00,934,270
314920,1000.00,934,270
315022,1000.00,933,273
315123,1000.00,934,270
315225,1000.00,931,280
315326,1000.00,935,267
315427,1000.00,935,267
315529,1000.00,933,273
315629,1000.00,933,273
315730,1000.00,932,277
315832,1000.00,933,273
315933,1000.00,934,270
316035,1000.00,934,270
316136,1000.00,931,280
316237,1000.00,935,267
316339,1000.00,934,270
316440,1000.00,933,273
316541,1000.00,934,270
316643,1000.00,934,270
316744,1000.00,933,273
316846,1000.00,934,270
316947,1000.00,933,273
317048,1000.00,934,270
317150,1000.00,932,277
317251,1000.00,932,277
317352,1000.00,934,270
317454,1000.00,935,267
317555,1000.00,934,270
317657,1000.00,932,277
317758,1000.00,933,273
317859,1000.00,933,273
317961,1000.00,934,270
318062,1000.00,934,270
318163,1000.00,934,270
318265,1000.00,932,277
318366,1000.00,933,273
318468,1000.00,934,270
318569,1000.00,934,270
318670,1000.00,935,267
318772,1000.00,933,273
318873,1000.00,933,273
318974,1000.00,933,273
319076,1000.00,933,273
319177,1000.00,933,273
319279,1000.00,934,270
319380,1000.00,934,270
319481,1000.00,931,280
319583,1000.00,933,273
319684,1000.00,935,267
319785,1000.00,934,270
319887,1000.00,934,270
319988,1000.00,932,277
320090,1000.00,932,277
320191,1000.00,934,270
320292,1000.00,931,280
320394,1000.00,933,273
320495,1000.00,934,270
320596,1000.00,932,277
320698,1000.00,933,273
320799,1000.00,933,273
320901,1000.00,933,273
321002,1000.00,935,267
321103,1000.00,935,267
321205,1000.00,933,273
321306,1000.00,933,273
321408,1000.00,934,270
321509,1000.00,934,270
321610,1000.00,934,270
321712,1000.00,934,270
321813,1000.00,934,270
321914,1000.00,932,277
322016,1000.00,933,273
322117,1000.00,933,273
322219,1000.00,934,270
322320,1000.00,933,273
322421,1000.00,934,270
322523,1000.00,933,273
322624,1000.00,932,277
322725,1000.00,934,270
322827,1000.00,933,273
322928,1000.00,934,270
323030,1000.00,933,273
323131,1000.00,935,267
323232,1000.00,933,273
323334,1000.00,934,270
323435,1000.00,934,270
323536,1000.00,932,277
323638,1000.00,932,277
323739,1000.00,935,267
323841,1000.00,934,270
323942,1000.00,934,270
324043,1000.00,934,270
324145,1000.00,932,277
324246,1000.00,934,270
324347,1000.00,932,277
324449,1000.00,934,270
324550,1000.00,934,270
324652,1000.00,934,270
324753,1000.00,933,273
324854,1000.00,933,273
324956,1000.00,934,270
325057,1000.00,935,267
325158,1000.00,933,273
325260,1000.00,934,270
325361,1000.00,934,270
325463,1000.00,932,277
325564,1000.00,934,270
325665,1000.00,935,267
325767,1000.00,933,273
325868,1000.00,933,273
325969,1000.00,932,277
326071,1000.00,931,280
326172,1000.00,933,273
326274,1000.00,934,270
326375,1000.00,933,273
326476,1000.00,934,270
326578,1000.00,933,273
326679,1000.00,933,273
326780,1000.00,933,273
326882,1000.00,933,273
326983,1000.00,932,277
327085,1000.00,932,277
327186,1000.00,933,273
327287,1000.00,935,267
327389,1000.00,933,273
327490,1000.00,935,267
327591,1000.00,929,287
327693,1000.00,935,267
327794,1000.00,933,273
327896,1000.00,931,280
327997,1000.00,933,273
328098,1000.00,934,270
328200,1000.00,933,273
328301,1000.00,932,277
328402,1000.00,934,270
328504,1000.00,932,277
328605,1000.00,934,270
328707,1000.00,934,270
328808,1000.00,933,273
328909,1000.00,933,273
329011,1000.00,934,270
329112,1000.00,932,277
329213,1000.00,935,267
329315,1000.00,934,270
329416,1000.00,933,273
329518,1000.00,934,270
329619,1000.00,934,270
329720,1000.00,935,267
329822,1000.00,935,267
329923,1000.00,934,270
330024,1000.00,933,273
330125,1000.00,933,273
330226,1000.00,934,270
330328,1000.00,934,270
330429,1000.00,934,270
330530,1000.00,934,270
330632,1000.00,933,273
330733,1000.00,932,277
330834,1000.00,933,273
330936,1000.00,935,267
331037,1000.00,935,267
331139,1000.00,934,270
331240,1000.00,931,280
331341,1000.00,934,270
331443,1000.00,934,270
331544,1000.00,934,270
331645,1000.00,934,270
331747,1000.00,933,273
331848,1000.00,934,270
331950,1000.00,934,270
332051,1000.00,933,273
332152,1000.00,932,277
332254,1000.00,935,267
332355,1000.00,933,273
332456,1000.00,933,273
332558,1000.00,935,267
332659,1000.00,934,270
332761,1000.00,933,273
332862,1000.00,934,270
332963,1000.00,933,273
333065,1000.00,933,273
333166,1000.00,933,273
333267,1000.00,934,270
333369,1000.00,932,277
333470,1000.00,932,277
333572,1000.00,934,270
333673,1000.00,934,270
333774,1000.00,934,270
333876,1000.00,933,273
333977,1000.00,933,273
334078,1000.00,933,273
334180,1000.00,933,273
334281,1000.00,934,270
334383,1000.00,934,270
334484,1000.00,934,270
334585,1000.00,934,270
334687,1000.00,935,267
334788,1000.00,933,273
334889,1000.00,932,277
334991,1000.00,934,270
335092,1000.00,935,267
335194,1000.00,933,273
335295,1000.00,931,280
335396,1000.00,933,273
335498,1000.00,933,273
335599,1000.00,933,273
335700,1000.00,935,267
335802,1000.00,936,263
335903,1000.00,934,270
336005,1000.00,934,270
336106,1000.00,934,270
336207,1000.00,934,270
336309,1000.00,933,273
336410,1000.00,934,270
336512,1000.00,932,277
336613,1000.00,934,270
336714,1000.00,934,270
336816,1000.00,932,277
336917,1000.00,934,270
337018,1000.00,936,263
337120,1000.00,933,273
337221,1000.00,934,270
337323,1000.00,934,270
337424,1000.00,931,280
337525,1000.00,933,273
337627,1000.00,934,270
337728,1000.00,932,277
337829,1000.00,934,270
337931,1000.00,935,267
338032,1000.00,930,283
338134,1000.00,932,277
338235,1000.00,935,267
338336,1000.00,936,263
338438,1000.00,935,267
338539,1000.00,935,267
338640,1000.00,932,277
338742,1000.00,933,273
338843,1000.00,933,273
338945,1000.00,933,273
339046,1000.00,932,277
339147,1000.00,933,273
339249,1000.00,934,270
339350,1000.00,933,273
339451,1000.00,933,273
339553,1000.00,930,283
339654,1000.00,933,273
339756,1000.00,934,270
339857,1000.00,933,273
339958,1000.00,934,270
340060,1000.00,934,270
340161,1000.00,933,273
340262,1000.00,933,273
340364,1000.00,933,273
340465,1000.00,931,280
340567,1000.00,933,273
340668,1000.00,934,270
340769,1000.00,933,273
340871,1000.00,934,270
340972,1000.00,935,267
341073,1000.00,932,277
341175,1000.00,935,267
341276,1000.00,933,273
341377,1000.00,931,280
341478,1000.00,935,267
341579,1000.00,932,277
341681,1000.00,933,273
341782,1000.00,934,270
341883,1000.00,934,270
341985,1000.00,933,273
342086,1000.00,935,267
342188,1000.00,933,273
342289,1000.00,931,280
342390,1000.00,933,273
342492,1000.00,934,270
342593,1000.00,932,277
342694,1000.00,934,270
342796,1000.00,934,270
342897,1000.00,934,270
342999,1000.00,935,267
343100,1000.00,934,270
343201,1000.00,934,270
343303,1000.00,933,273
343404,1000.00,934,270
343505,1000.00,935,267
343607,1000.00,934,270
343708,1000.00,935,267
343810,1000.00,931,280
343911,1000.00,934,270
344012,1000.00,934,270
344114,1000.00,934,270
344215,1000.00,932,277
344316,1000.00,933,273
344418,1000.00,930,283
344519,1000.00,935,267
344621,1000.00,934,270
344722,1000.00,933,273
344823,1000.00,934,270
344925,1000.00,933,273
345026,1000.00,934,270
345127,1000.00,934,270
345229,1000.00,934,270
345330,1000.00,932,277
345432,1000.00,933,273
345533,1000.00,934,270
345634,1000.00,934,270
345736,1000.00,933,273
345837,1000.00,935,267
345938,1000.00,934,270
346040,1000.00,933,273
346141,1000.00,933,273
346243,1000.00,931,280
346344,1000.00,933,273
346445,1000.00,932,277
346547,1000.00,932,277
346648,1000.00,934,270
346749,1000.00,934,270
346851,1000.00,934,270
346952,1000.00,933,273
347054,1000.00,933,273
347155,1000.00,934,270
347256,1000.00,934,270
347358,1000.00,933,273
347459,1000.00,933,273
347560,1000.00,934,270
347662,1000.00,933,273
347763,1000.00,936,263
347865,1000.00,935,267
347966,1000.00,933,273
348067,1000.00,932,277
348169,1000.00,935,267
348270,1000.00,934,270
348371,1000.00,934,270
348473,1000.00,934,270
348574,1000.00,935,267
348676,1000.00,934,270
348777,1000.00,933,273
348878,1000.00,933,273
348980,1000.00,933,273
349081,1000.00,933,273
349182,1000.00,932,277
349284,1000.00,935,267
349385,1000.00,933,273
349487,1000.00,933,273
349588,1000.00,933,273
349689,1000.00,934,270
349791,1000.00,935,267
349892,1000.00,932,277
349993,1000.00,934,270
350095,1000.00,935,267
350196,1000.00,934,270
350298,1000.00,935,267
350399,1000.00,932,277
350500,1000.00,934,270
350602,1000.00,933,273
350703,1000.00,933,273
350804,1000.00,932,277
350906,1000.00,934,270
351007,1000.00,934,270
351109,1000.00,934,270
351210,1000.00,934,270
351311,1000.00,933,273
351413,1000.00,934,270
351514,1000.00,933,273
351616,1000.00,936,263
351717,1000.00,934,270
351818,1000.00,933,273
351920,1000.00,934,270
352021,1000.00,934,270
352122,1000.00,934,270
352224,1000.00,933,273
352325,1000.00,933,273
352427,1000.00,932,277
352528,1000.00,934,270
352629,1000.00,936,263
352731,1000.00,934,270
352832,1000.00,933,273
352933,1000.00,934,270
353035,1000.00,934,270
353136,1000.00,935,267
353238,1000.00,934,270
353339,1000.00,935,267
353440,1000.00,933,273
353542,1000.00,934,270
353643,1000.00,932,277
353744,1000.00,933,273
353846,1000.00,934,270
353947,1000.00,933,273
354049,1000.00,934,270
354150,1000.00,935,267
354251,1000.00,934,270
354352,1000.00,936,263
354453,1000.00,934,270
354554,1000.00,933,273
354656,1000.00,934,270
354757,1000.00,932,277
354859,1000.00,933,273
354960,1000.00,933,273
355061,1000.00,933,273
355163,1000.00,934,270
355264,1000.00,934,270
355365,1000.00,933,273
355467,1000.00,933,273
355568,1000.00,932,277
355670,1000.00,934,270
355771,1000.00,934,270
355872,1000.00,933,273
355974,1000.00,933,273
356075,1000.00,935,267
356176,1000.00,935,267
356278,1000.00,933,273
356379,1000.00,934,270
356481,1000.00,933,273
356582,1000.00,933,273
356683,1000.00,933,273
356785,1000.00,935,267
356886,1000.00,933,273
356987,1000.00,934,270
357089,1000.00,933,273
357190,1000.00,936,263
357292,1000.00,934,270
357393,1000.00,934,270
357494,1000.00,934,270
357596,1000.00,929,287
357697,1000.00,933,273
357798,1000.00,933,273
357900,1000.00,934,270
358001,1000.00,934,270
358103,1000.00,934,270
358204,1000.00,935,267
358305,1000.00,933,273
358407,1000.00,934,270
358508,1000.00,932,277
358609,1000.00,934,270
358711,1000.00,935,267
358812,1000.00,931,280
358914,1000.00,933,273
359015,1000.00,934,270
359116,1000.00,934,270
359218,1000.00,934,270
359319,1000.00,934,270
359420,1000.00,934,270
359522,1000.00,936,263
359623,1000.00,936,263
359725,1000.00,935,267
359826,1000.00,933,273
359927,1000.00,933,273
360029,1000.00,935,267
360130,1000.00,934,270
360231,1000.00,934,270
360333,1000.00,932,277
360434,1000.00,934,270
360536,1000.00,934,270
360637,1000.00,933,273
360738,1000.00,934,270
360840,1000.00,935,267
360941,1000.00,934,270
361042,1000.00,932,277
361144,1000.00,934,270
361245,1000.00,931,280
361347,1000.00,932,277
361448,1000.00,934,270
361549,1000.00,935,267
361651,1000.00,933,273
361752,1000.00,933,273
361853,1000.00,934,270
361955,1000.00,934,270
362056,1000.00,935,267
362158,1000.00,934,270
362259,1000.00,932,277
362360,1000.00,934,270
362462,1000.00,932,277
362563,1000.00,934,270
362664,1000.00,933,273
362766,1000.00,934,270
362867,1000.00,933,273
362969,1000.00,934,270
363070,1000.00,936,263
363171,1000.00,934,270
363273,1000.00,934,270
363374,1000.00,934,270
363475,1000.00,935,267
363577,1000.00,934,270
363678,1000.00,934,270
363780,1000.00,934,270
363881,1000.00,933,273
363982,1000.00,934,270
364084,1000.00,933,273
364185,1000.00,933,273
364286,1000.00,935,267
364388,1000.00,933,273
364489,1000.00,933,273
364591,1000.00,933,273
364692,1000.00,934,270
364793,1000.00,933,273
364895,1000.00,933,273
364996,1000.00,934,270
365097,1000.00,934,270
365199,1000.00,935,267
365300,1000.00,933,273
365402,1000.00,935,267
365503,1000.00,932,277
365604,1000.00,934,270
365706,1000.00,934,270
365807,1000.00,934,270
365908,1000.00,934,270
366010,1000.00,932,277
366111,1000.00,936,263
366213,1000.00,934,270
366314,1000.00,934,270
366415,1000.00,933,273
366517,1000.00,935,267
366617,1000.00,936,263
366718,1000.00,933,273
366820,1000.00,934,270
366921,1000.00,934,270
367023,1000.00,934,270
367124,1000.00,934,270
367225,1000.00,933,273
367327,1000.00,933,273
367428,1000.00,932,277
367529,1000.00,933,273
367631,1000.00,935,267
367732,1000.00,934,270
367834,1000.00,932,277
367935,1000.00,934,270
368036,1000.00,934,270
368138,1000.00,937,260
368239,1000.00,933,273
368340,1000.00,935,267
368442,1000.00,933,273
368543,1000.00,935,267
368645,1000.00,933,273
368746,1000.00,936,263
368847,1000.00,935,267
368949,1000.00,934,270
369050,1000.00,933,273
369152,1000.00,934,270
369253,1000.00,931,280
369354,1000.00,936,263
369456,1000.00,936,263
369557,1000.00,934,270
369658,1000.00,936,263
369760,1000.00,934,270
369861,1000.00,933,273
369963,1000.00,935,267
370064,1000.00,935,267
370165,1000.00,934,270
370267,1000.00,933,273
370368,1000.00,934,270
370469,1000.00,934,270
370571,1000.00,934,270
370672,1000.00,933,273
370774,1000.00,934,270
370875,1000.00,933,273
370976,1000.00,934,270
371078,1000.00,933,273
371179,1000.00,933,273
371280,1000.00,935,267
371382,1000.00,935,267
371483,1000.00,934,270
371585,1000.00,936,263
371686,1000.00,934,270
371787,1000.00,935,267
371889,1000.00,934,270
371990,1000.00,934,270
372091,1000.00,934,270
372193,1000.00,937,260
372294,1000.00,935,267
372396,1000.00,936,263
372497,1000.00,933,273
372598,1000.00,934,270
372700,1000.00,935,267
372801,1000.00,935,267
372902,1000.00,934,270
373004,1000.00,935,267
373105,1000.00,934,270
373207,1000.00,933,273
373308,1000.00,934,270
373409,1000.00,935,267
373511,1000.00,933,273
373612,1000.00,933,273
373713,1000.00,935,267
373815,1000.00,934,270
373916,1000.00,935,267
374018,1000.00,934,270
374119,1000.00,934,270
374220,1000.00,935,267
374322,1000.00,933,273
374423,1000.00,933,273
374524,1000.00,933,273
374626,1000.00,934,270
374727,1000.00,934,270
374829,1000.00,933,273
374930,1000.00,934,270
375031,1000.00,936,263
375133,1000.00,934,270
375234,1000.00,933,273
375335,1000.00,934,270
375437,1000.00,934,270
375538,1000.00,933,273
375640,1000.00,933,273
375741,1000.00,933,273
375842,1000.00,934,270
375944,1000.00,932,277
376045,1000.00,934,270
376146,1000.00,933,273
376248,1000.00,932,277
376349,1000.00,933,273
376451,1000.00,933,273
376552,1000.00,931,280
376653,1000.00,934,270
376755,1000.00,934,270
376856,1000.00,934,270
376957,1000.00,933,273
377059,1000.00,934,270
377160,1000.00,933,273
377262,1000.00,934,270
377363,1000.00,935,267
377464,1000.00,934,270
377566,1000.00,934,270
377667,1000.00,935,267
377768,1000.00,934,270
377870,1000.00,934,270
377971,1000.00,933,273
378073,1000.00,934,270
378174,1000.00,934,270
378275,1000.00,934,270
378377,1000.00,933,273
378478,1000.00,934,270
378579,1000.00,935,267
378681,1000.00,933,273
378782,1000.00,934,270
378884,1000.00,933,273
378985,1000.00,934,270
379086,1000.00,934,270
379188,1000.00,934,270
379289,1000.00,933,273
379390,1000.00,935,267
379492,1000.00,935,267
379593,1000.00,934,270
379695,1000.00,936,263
379796,1000.00,935,267
379897,1000.00,933,273
379999,1000.00,934,270
380100,1000.00,933,273
380201,1000.00,934,270
380302,1000.00,933,273
380403,1000.00,934,270
380505,1000.00,934,270
380606,1000.00,933,273
380707,1000.00,935,267
380809,1000.00,937,260
380910,1000.00,934,270
381011,1000.00,934,270
381113,1000.00,933,273
381214,1000.00,929,287
381316,1000.00,934,270
381417,1000.00,933,273
381518,1000.00,934,270
381620,1000.00,934,270
381721,1000.00,933,273
381822,1000.00,934,270
381924,1000.00,934,270
382025,1000.00,932,277
382127,1000.00,933,273
382228,1000.00,934,270
382329,1000.00,931,280
382431,1000.00,933,273
382532,1000.00,933,273
382633,1000.00,936,263
382735,1000.00,935,267
382836,1000.00,935,267
382938,1000.00,936,263
383039,1000.00,934,270
383140,1000.00,932,277
383242,1000.00,935,267
383343,1000.00,933,273
383444,1000.00,935,267
383546,1000.00,933,273
383647,1000.00,934,270
383749,1000.00,934,270
383850,1000.00,933,273
383951,1000.00,933,273
384053,1000.00,934,270
384154,1000.00,934,270
384256,1000.00,933,273
384357,1000.00,934,270
384458,1000.00,936,263
384560,1000.00,933,273
384661,1000.00,934,270
384762,1000.00,934,270
384864,1000.00,932,277
384965,1000.00,934,270
385067,1000.00,934,270
385168,1000.00,933,273
385269,1000.00,934,270
385371,1000.00,934,270
385472,1000.00,933,273
385573,1000.00,935,267
385675,1000.00,936,263
385776,1000.00,934,270
385878,1000.00,934,270
385979,1000.00,935,267
386080,1000.00,933,273
386182,1000.00,933,273
386283,1000.00,934,270
386384,1000.00,934,270
386486,1000.00,935,267
386587,1000.00,934,270
386689,1000.00,933,273
386790,1000.00,934,270
386891,1000.00,933,273
386993,1000.00,935,267
387094,1000.00,935,267
387195,1000.00,934,270
387297,1000.00,932,277
387398,1000.00,935,267
387500,1000.00,934,270
387601,1000.00,933,273
387702,1000.00,933,273
387804,1000.00,933,273
387905,1000.00,935,267
388006,1000.00,933,273
388108,1000.00,934,270
388209,1000.00,932,277
388311,1000.00,934,270
388412,1000.00,934,270
388513,1000.00,936,263
388615,1000.00,935,267
388716,1000.00,935,267
388817,1000.00,935,267
388919,1000.00,937,260
389020,1000.00,934,270
389122,1000.00,935,267
389223,1000.00,933,273
389324,1000.00,934,270
389426,1000.00,935,267
389527,1000.00,934,270
389628,1000.00,936,263
389730,1000.00,935,267
389831,1000.00,934,270
389933,1000.00,936,263
390034,1000.00,933,273
390135,1000.00,934,270
390237,1000.00,935,267
390338,1000.00,933,273
390439,1000.00,934,270
390541,1000.00,934,270
390642,1000.00,934,270
390744,1000.00,933,273
390845,1000.00,935,267
390946,1000.00,934,270
391048,1000.00,934,270
391149,1000.00,932,277
391250,1000.00,934,270
391352,1000.00,935,267
391453,1000.00,934,270
391555,1000.00,933,273
391656,1000.00,934,270
391757,1000.00,934,270
391859,1000.00,934,270
391960,1000.00,933,273
392061,1000.00,932,277
392163,1000.00,933,273
392264,1000.00,936,263
392366,1000.00,933,273
392467,1000.00,935,267
392568,1000.00,934,270
392670,1000.00,933,273
392771,1000.00,936,263
392872,1000.00,933,273
392974,1000.00,934,270
393075,1000.00,935,267
393177,1000.00,934,270
393278,1000.00,933,273
393379,1000.00,934,270
393481,1000.00,934,270
393582,1000.00,933,273
393683,1000.00,935,267
393785,1000.00,935,267
393886,1000.00,936,263
393988,1000.00,933,273
394089,1000.00,934,270
394190,1000.00,934,270
394292,1000.00,935,267
394393,1000.00,933,273
394494,1000.00,935,267
394596,1000.00,934,270
394697,1000.00,933,273
394799,1000.00,932,277
394900,1000.00,935,267
395001,1000.00,933,273
395103,1000.00,934,270
395204,1000.00,933,273
395305,1000.00,934,270
395407,1000.00,934,270
395508,1000.00,933,273
395610,1000.00,933,273
395710,1000.00,934,270
395811,1000.00,933,273
395913,1000.00,933,273
396014,1000.00,934,270
396115,1000.00,936,263
396217,1000.00,932,277
396318,1000.00,935,267
396420,1000.00,932,277
396521,1000.00,933,273
396622,1000.00,933,273
396724,1000.00,933,273
396825,1000.00,933,273
396926,1000.00,932,277
397028,1000.00,936,263
397129,1000.00,935,267
397231,1000.00,934,270
397332,1000.00,933,273
397433,1000.00,933,273
397535,1000.00,933,273
397636,1000.00,935,267
397737,1000.00,934,270
397839,1000.00,932,277
397940,1000.00,935,267
398042,1000.00,934,270
398143,1000.00,931,280
398244,1000.00,933,273
398346,1000.00,934,270
398447,1000.00,935,267
398548,1000.00,935,267
398650,1000.00,932,277
398751,1000.00,934,270
398853,1000.00,934,270
398954,1000.00,932,277
399055,1000.00,933,273
399157,1000.00,935,267
399258,1000.00,934,270
399360,1000.00,935,267
399461,1000.00,936,263
399562,1000.00,935,267
399664,1000.00,934,270
399765,1000.00,934,270
399866,1000.00,929,287
399968,1000.00,934,270
400069,1000.00,933,273
400171,1000.00,934,270
400272,1000.00,934,270
400373,1000.00,934,270
400475,1000.00,935,267
400576,1000.00,935,267
400677,1000.00,934,270
400779,1000.00,931,280
400880,1000.00,934,270
400982,1000.00,934,270
401083,1000.00,934,270
401184,1000.00,934,270
401286,1000.00,936,263
401387,1000.00,935,267
401488,1000.00,933,273
401590,1000.00,933,273
401691,1000.00,929,287
401793,1000.00,935,267
401894,1000.00,935,267
401995,1000.00,933,273
402097,1000.00,934,270
402198,1000.00,934,270
402299,1000.00,935,267
402401,1000.00,935,267
402502,1000.00,934,270
402604,1000.00,933,273
402705,1000.00,934,270
402806,1000.00,934,270
402908,1000.00,933,273
403009,1000.00,933,273
403110,1000.00,933,273
403212,1000.00,935,267
403313,1000.00,935,267
403415,1000.00,934,270
403516,1000.00,933,273
403617,1000.00,934,270
403719,1000.00,934,270
403820,1000.00,933,273
403921,1000.00,934,270
404023,1000.00,934,270
404124,1000.00,933,273
404226,1000.00,934,270
404327,1000.00,934,270
404428,1000.00,932,277
404530,1000.00,932,277
404631,1000.00,933,273
404732,1000.00,933,273
404834,1000.00,933,273
404935,1000.00,933,273
405037,1000.00,931,280
405138,1000.00,934,270
405239,1000.00,934,270
405341,1000.00,934,270
405442,1000.00,935,267
405543,1000.00,933,273
405645,1000.00,936,263
405746,1000.00,933,273
405848,1000.00,933,273
405949,1000.00,931,280
406050,1000.00,933,273
406152,1000.00,934,270
406253,1000.00,933,273
406354,1000.00,934,270
406456,1000.00,933,273
406557,1000.00,934,270
406659,1000.00,935,267
406760,1000.00,935,267
406861,1000.00,931,280
406963,1000.00,935,267
407064,1000.00,933,273
407165,1000.00,935,267
407267,1000.00,934,270
407368,1000.00,936,263
407470,1000.00,934,270
407571,1000.00,932,277
407672,1000.00,933,273
407774,1000.00,935,267
407875,1000.00,934,270
407976,1000.00,933,273
408078,1000.00,931,280
408179,1000.00,934,270
408281,1000.00,933,273
408382,1000.00,933,273
408483,1000.00,934,270
408585,1000.00,933,273
408686,1000.00,935,267
408787,1000.00,934,270
408889,1000.00,935,267
408990,1000.00,934,270
409092,1000.00,935,267
409193,1000.00,933,273
409294,1000.00,933,273
409396,1000.00,934,270
409497,1000.00,935,267
409598,1000.00,933,273
409700,1000.00,934,270
409801,1000.00,933,273
409903,1000.00,934,270
410004,1000.00,934,270
410105,1000.00,933,273
410207,1000.00,933,273
410308,1000.00,934,270
410409,1000.00,934,270
410510,1000.00,933,273
410611,1000.00,937,260
410713,1000.00,933,273
410814,1000.00,935,267
410915,1000.00,934,270
411017,1000.00,933,273
411118,1000.00,934,270
411219,1000.00,934,270
411321,1000.00,934,270
411422,1000.00,934,270
411524,1000.00,936,263
411625,1000.00,933,273
411726,1000.00,933,273
411828,1000.00,935,267
411929,1000.00,935,267
412030,1000.00,936,263
412132,1000.00,935,267
412233,1000.00,933,273
412335,1000.00,934,270
412436,1000.00,934,270
412537,1000.00,936,263
412639,1000.00,936,263
412740,1000.00,936,263
412841,1000.00,936,263
412943,1000.00,933,273
413044,1000.00,935,267
413146,1000.00,936,263
413247,1000.00,936,263
413348,1000.00,935,267
413450,1000.00,934,270
413551,1000.00,934,270
413652,1000.00,934,270
413754,1000.00,934,270
413855,1000.00,935,267
413957,1000.00,933,273
414058,1000.00,932,277
414159,1000.00,934,270
414261,1000.00,935,267
414362,1000.00,934,270
414464,1000.00,935,267
414565,1000.00,933,273
414666,1000.00,935,267
414768,1000.00,934,270
414869,1000.00,933,273
414970,1000.00,934,270
415072,1000.00,933,273
415173,1000.00,933,273
415275,1000.00,934,270
415376,1000.00,934,270
415477,1000.00,934,270
415579,1000.00,933,273
415680,1000.00,934,270
415781,1000.00,934,270
415883,1000.00,935,267
415984,1000.00,935,267
416086,1000.00,935,267
416187,1000.00,933,273
416288,1000.00,935,267
416390,1000.00,934,270
416491,1000.00,934,270
416592,1000.00,935,267
416694,1000.00,935,267
416795,1000.00,935,267
416897,1000.00,934,270
416998,1000.00,934,270
417099,1000.00,935,267
417201,1000.00,935,267
417302,1000.00,932,277
417403,1000.00,934,270
417505,1000.00,934,270
417606,1000.00,936,263
417708,1000.00,935,267
417809,1000.00,935,267
417910,1000.00,933,273
418012,1000.00,935,267
418113,1000.00,934,270
418214,1000.00,934,270
418316,1000.00,936,263
418417,1000.00,934,270
418519,1000.00,935,267
418620,1000.00,933,273
418721,1000.00,934,270
418823,1000.00,934,270
418924,1000.00,935,267
419025,1000.00,936,263
419127,1000.00,933,273
419228,1000.00,935,267
419330,1000.00,933,273
419431,1000.00,933,273
419532,1000.00,934,270
419634,1000.00,934,270
419735,1000.00,932,277
419836,1000.00,934,270
419938,1000.00,936,263
420039,1000.00,933,273
420141,1000.00,934,270
420242,1000.00,933,273
420343,1000.00,934,270
420445,1000.00,934,270
420546,1000.00,933,273
420647,1000.00,935,267
420749,1000.00,935,267
420850,1000.00,934,270
420952,1000.00,933,273
421053,1000.00,933,273
421154,1000.00,935,267
421256,1000.00,934,270
421357,1000.00,934,270
421458,1000.00,935,267
421559,1000.00,934,270
421660,1000.00,935,267
421762,1000.00,934,270
421863,1000.00,934,270
421964,1000.00,935,267
422066,1000.00,933,273
422167,1000.00,931,280
422268,1000.00,934,270
422370,1000.00,934,270
422471,1000.00,931,280
422573,1000.00,932,277
422674,1000.00,934,270
422775,1000.00,934,270
422877,1000.00,936,263
422978,1000.00,934,270
423079,1000.00,935,267
423181,1000.00,934,270
423282,1000.00,935,267
423384,1000.00,932,277
423485,1000.00,934,270
423586,1000.00,934,270
423688,1000.00,933,273
423789,1000.00,933,273
423890,1000.00,934,270
423992,1000.00,934,270
424093,1000.00,935,267
424195,1000.00,935,267
424296,1000.00,934,270
424397,1000.00,933,273
424499,1000.00,934,270
424600,1000.00,933,273
424701,1000.00,934,270
424803,1000.00,935,267
424904,1000.00,934,270
425006,1000.00,935,267
425107,1000.00,935,267
425208,1000.00,932,277
425310,1000.00,933,273
425411,1000.00,934,270
425512,1000.00,933,273
425614,1000.00,934,270
425715,1000.00,933,273
425817,1000.00,935,267
425918,1000.00,935,267
426019,1000.00,933,273
426121,1000.00,931,280
426222,1000.00,935,267
426323,1000.00,935,267
426425,1000.00,935,267
426526,1000.00,935,267
426628,1000.00,934,270
426729,1000.00,934,270
426830,1000.00,935,267
426932,1000.00,934,270
427033,1000.00,936,263
427134,1000.00,933,273
427236,1000.00,933,273
427337,1000.00,933,273
427439,1000.00,933,273
427540,1000.00,934,270
427641,1000.00,931,280
427743,1000.00,934,270
427844,1000.00,934,270
427945,1000.00,933,273
428047,1000.00,934,270
428148,1000.00,936,263
428250,1000.00,934,270
428351,1000.00,934,270
428452,1000.00,933,273
428554,1000.00,930,283
428655,1000.00,933,273
428756,1000.00,936,263
428858,1000.00,933,273
428959,1000.00,933,273
429061,1000.00,932,277
429162,1000.00,930,283
429263,1000.00,934,270
429365,1000.00,933,273
429466,1000.00,933,273
429568,1000.00,935,267
429669,1000.00,933,273
429770,1000.00,934,270
429872,1000.00,935,267
429973,1000.00,935,267
430074,1000.00,930,283
430176,1000.00,932,277
430277,1000.00,936,263
430379,1000.00,933,273
430480,1000.00,936,263
430581,1000.00,935,267
430683,1000.00,935,267
430784,1000.00,933,273
430885,1000.00,934,270
430987,1000.00,935,267
431088,1000.00,934,270
431190,1000.00,932,277
431291,1000.00,934,270
431392,1000.00,935,267
431494,1000.00,933,273
431595,1000.00,933,273
431696,1000.00,935,267
431798,1000.00,933,273
431899,1000.00,934,270
432001,1000.00,936,263
432102,1000.00,934,270
432203,1000.00,935,267
432305,1000.00,934,270
432406,1000.00,933,273
432507,1000.00,932,277
432609,1000.00,936,263
432710,1000.00,934,270
432812,1000.00,933,273
432913,1000.00,934,270
433014,1000.00,934,270
433116,1000.00,935,267
433217,1000.00,933,273
433318,1000.00,935,267
433420,1000.00,934,270
433521,1000.00,936,263
433623,1000.00,935,267
433724,1000.00,933,273
433824,1000.00,936,263
433926,1000.00,932,277
434027,1000.00,934,270
434128,1000.00,934,270
434230,1000.00,934,270
434331,1000.00,933,273
434433,1000.00,937,260
434534,1000.00,935,267
434635,1000.00,933,273
434737,1000.00,936,263
434838,1000.00,936,263
434939,1000.00,934,270
435041,1000.00,936,263
435142,1000.00,935,267
435244,1000.00,934,270
435345,1000.00,934,270
435446,1000.00,935,267
435548,1000.00,933,273
435649,1000.00,933,273
435750,1000.00,934,270
435852,1000.00,933,273
435953,1000.00,933,273
436055,1000.00,934,270
436156,1000.00,934,270
436257,1000.00,934,270
436359,1000.00,934,270
436460,1000.00,935,267
436561,1000.00,935,267
436663,1000.00,935,267
436764,1000.00,933,273
436866,1000.00,936,263
436967,1000.00,931,280
437068,1000.00,933,273
437170,1000.00,935,267
437271,1000.00,935,267
437372,1000.00,934,270
437474,1000.00,934,270
437575,1000.00,931,280
437677,1000.00,934,270
437778,1000.00,935,267
437879,1000.00,934,270
437981,1000.00,934,270
438082,1000.00,930,283
438183,1000.00,935,267
438285,1000.00,934,270
438386,1000.00,933,273
438488,1000.00,930,283
438589,1000.00,934,270
438690,1000.00,934,270
438792,1000.00,934,270
438893,1000.00,934,270
438994,1000.00,935,267
439096,1000.00,933,273
439197,1000.00,935,267
439299,1000.00,933,273
439400,1000.00,935,267
439501,1000.00,933,273
439603,1000.00,934,270
439704,1000.00,934,270
439805,1000.00,934,270
439907,1000.00,935,267
440008,1000.00,934,270
440110,1000.00,935,267
440211,1000.00,934,270
440312,1000.00,933,273
440414,1000.00,933,273
440515,1000.00,934,270
440616,1000.00,935,267
440718,1000.00,934,270
440819,1000.00,933,273
440921,1000.00,933,273
441022,1000.00,936,263
441123,1000.00,934,270
441225,1000.00,935,267
441326,1000.00,933,273
441427,1000.00,933,273
441529,1000.00,933,273
441630,1000.00,935,267
441732,1000.00,935,267
441833,1000.00,933,273
441934,1000.00,935,267
442036,1000.00,935,267
442137,1000.00,933,273
442238,1000.00,933,273
442340,1000.00,933,273
442441,1000.00,933,273
442543,1000.00,935,267
442644,1000.00,933,273
442745,1000.00,935,267
442847,1000.00,935,267
442948,1000.00,934,270
443049,1000.00,935,267
443151,1000.00,934,270
443252,1000.00,934,270
443354,1000.00,935,267
443455,1000.00,933,273
443556,1000.00,933,273
443658,1000.00,933,273
443759,1000.00,933,273
443860,1000.00,935,267
443962,1000.00,935,267
444063,1000.00,933,273
444165,1000.00,933,273
444266,1000.00,935,267
444367,1000.00,934,270
444469,1000.00,934,270
444570,1000.00,935,267
444672,1000.00,933,273
444773,1000.00,935,267
444874,1000.00,934,270
444976,1000.00,934,270
445077,1000.00,931,280
445178,1000.00,935,267
445280,1000.00,936,263
445381,1000.00,935,267
445483,1000.00,935,267
445584,1000.00,935,267
445685,1000.00,936,263
445787,1000.00,935,267
445888,1000.00,934,270
445989,1000.00,931,280
446091,1000.00,936,263
446192,1000.00,933,273
446292,1000.00,935,267
446394,1000.00,936,263
446495,1000.00,934,270
446597,1000.00,934,270
446698,1000.00,935,267
446799,1000.00,935,267
446901,1000.00,934,270
447002,1000.00,935,267
447104,1000.00,933,273
447205,1000.00,934,270
447306,1000.00,935,267
447408,1000.00,935,267
447509,1000.00,934,270
447610,1000.00,934,270
447712,1000.00,935,267
447813,1000.00,934,270
447915,1000.00,932,277
448016,1000.00,934,270
448117,1000.00,934,270
448219,1000.00,933,273
448320,1000.00,935,267
448421,1000.00,934,270
448523,1000.00,935,267
448624,1000.00,934,270
448726,1000.00,935,267
448827,1000.00,934,270
448928,1000.00,935,267
449030,1000.00,934,270
449131,1000.00,934,270
449232,1000.00,934,270
449334,1000.00,934,270
449435,1000.00,933,273
449537,1000.00,935,267
449638,1000.00,934,270
449739,1000.00,935,267
449841,1000.00,936,263
449942,1000.00,936,263
450043,1000.00,936,263
450145,1000.00,935,267
450246,1000.00,935,267
450348,1000.00,933,273
450449,1000.00,934,270
450550,1000.00,934,270
450652,1000.00,933,273
450753,1000.00,933,273
450854,1000.00,935,267
450956,1000.00,933,273
451057,1000.00,933,273
451159,1000.00,935,267
451260,1000.00,934,270
451361,1000.00,934,270
451463,1000.00,933,273
451564,1000.00,933,273
451665,1000.00,934,270
451767,1000.00,935,267
451868,1000.00,935,267
451970,1000.00,933,273
452071,1000.00,935,267
452172,1000.00,934,270
452274,1000.00,934,270
452375,1000.00,933,273
452476,1000.00,934,270
452578,1000.00,933,273
452679,1000.00,935,267
452781,1000.00,935,267
452882,1000.00,935,267
452983,1000.00,933,273
453085,1000.00,934,270
453186,1000.00,935,267
453287,1000.00,936,263
453389,1000.00,934,270
453490,1000.00,934,270
453592,1000.00,935,267
453693,1000.00,934,270
453794,1000.00,934,270
453896,1000.00,935,267
453997,1000.00,936,263
454098,1000.00,935,267
454200,1000.00,934,270
454301,1000.00,933,273
454403,1000.00,933,273
454504,1000.00,934,270
454605,1000.00,933,273
454707,1000.00,935,267
454808,1000.00,934,270
454909,1000.00,934,270
455011,1000.00,934,270
455112,1000.00,935,267
455214,1000.00,935,267
455315,1000.00,935,267
455416,1000.00,933,273
455518,1000.00,934,270
455619,1000.00,934,270
455720,1000.00,934,270
455822,1000.00,932,277
455923,1000.00,936,263
456025,1000.00,934,270
456126,1000.00,934,270
456227,1000.00,934,270
456329,1000.00,933,273
456430,1000.00,936,263
456531,1000.00,933,273
456633,1000.00,934,270
456734,1000.00,931,280
456836,1000.00,933,273
456937,1000.00,934,270
457038,1000.00,931,280
457140,1000.00,935,267
457241,1000.00,933,273
457342,1000.00,933,273
457444,1000.00,932,277
457545,1000.00,934,270
457647,1000.00,934,270
457748,1000.00,935,267
457849,1000.00,935,267
457951,1000.00,934,270
458052,1000.00,935,267
458153,1000.00,934,270
458255,1000.00,935,267
458356,1000.00,935,267
458458,1000.00,935,267
458559,1000.00,933,273
458660,1000.00,934,270
458762,1000.00,935,267
458863,1000.00,934,270
458964,1000.00,934,270
459066,1000.00,933,273
459167,1000.00,934,270
459269,1000.00,935,267
459370,1000.00,931,280
459471,1000.00,933,273
459573,1000.00,935,267
459674,1000.00,935,267
459776,1000.00,935,267
459877,1000.00,935,267
459978,1000.00,935,267
460080,1000.00,934,270
460181,1000.00,934,270
460282,1000.00,935,267
460383,1000.00,934,270
460484,1000.00,935,267
460585,1000.00,933,273
460687,1000.00,934,270
460788,1000.00,934,270
460890,1000.00,935,267
460991,1000.00,933,273
461092,1000.00,933,273
461194,1000.00,934,270
461295,1000.00,933,273
461396,1000.00,935,267
461498,1000.00,935,267
461599,1000.00,934,270
461701,1000.00,934,270
461802,1000.00,934,270
461903,1000.00,933,273
462005,1000.00,934,270
462106,1000.00,934,270
462208,1000.00,935,267
462309,1000.00,935,267
462410,1000.00,936,263
462512,1000.00,935,267
462613,1000.00,933,273
462714,1000.00,934,270
462816,1000.00,935,267
462917,1000.00,935,267
463019,1000.00,935,267
463120,1000.00,935,267
463221,1000.00,935,267
463323,1000.00,934,270
463424,1000.00,933,273
463525,1000.00,935,267
463627,1000.00,934,270
463728,1000.00,934,270
463830,1000.00,934,270
463931,1000.00,933,273
464032,1000.00,934,270
464134,1000.00,934,270
464235,1000.00,934,270
464336,1000.00,934,270
464438,1000.00,934,270
464539,1000.00,935,267
464641,1000.00,936,263
464742,1000.00,934,270
464843,1000.00,935,267
464945,1000.00,935,267
465046,1000.00,935,267
465147,1000.00,934,270
465249,1000.00,934,270
465350,1000.00,935,267
465452,1000.00,934,270
465553,1000.00,934,270
465654,1000.00,934,270
465756,1000.00,936,263
465857,1000.00,934,270
465958,1000.00,934,270
466060,1000.00,935,267
466161,1000.00,933,273
466263,1000.00,934,270
466364,1000.00,934,270
466465,1000.00,936,263
466567,1000.00,935,267
466668,1000.00,936,263
466769,1000.00,934,270
466871,1000.00,935,267
466972,1000.00,933,273
467074,1000.00,932,277
467175,1000.00,935,267
467276,1000.00,934,270
467378,1000.00,935,267
467479,1000.00,934,270
467580,1000.00,933,273
467682,1000.00,935,267
467783,1000.00,935,267
467885,1000.00,934,270
467986,1000.00,933,273
468087,1000.00,934,270
468189,1000.00,934,270
468290,1000.00,933,273
468391,1000.00,935,267
468493,1000.00,933,273
468594,1000.00,934,270
468696,1000.00,935,267
468797,1000.00,935,267
468898,1000.00,934,270
469000,1000.00,935,267
469101,1000.00,935,267
469202,1000.00,934,270
469304,1000.00,934,270
469405,1000.00,933,273
469507,1000.00,931,280
469608,1000.00,933,273
469709,1000.00,934,270
469811,1000.00,935,267
469912,1000.00,934,270
470013,1000.00,935,267
470115,1000.00,934,270
470216,1000.00,936,263
470318,1000.00,934,270
470419,1000.00,932,277
470520,1000.00,933,273
470622,1000.00,933,273
470723,1000.00,936,263
470824,1000.00,935,267
470926,1000.00,935,267
471027,1000.00,933,273
471129,1000.00,935,267
471230,1000.00,935,267
471331,1000.00,934,270
471433,1000.00,935,267
471534,1000.00,933,273
471635,1000.00,933,273
471737,1000.00,934,270
471838,1000.00,936,263
471940,1000.00,934,270
472041,1000.00,933,273
472142,1000.00,934,270
472244,1000.00,935,267
472345,1000.00,933,273
472446,1000.00,933,273
472548,1000.00,933,273
472649,1000.00,935,267
472751,1000.00,935,267
472852,1000.00,935,267
472953,1000.00,933,273
473055,1000.00,934,270
473156,1000.00,936,263
473257,1000.00,934,270
473359,1000.00,934,270
473460,1000.00,935,267
473562,1000.00,935,267
473663,1000.00,932,277
473764,1000.00,934,270
473866,1000.00,935,267
473967,1000.00,935,267
474068,1000.00,934,270
474170,1000.00,935,267
474271,1000.00,935,267
474372,1000.00,935,267
474473,1000.00,935,267
474574,1000.00,935,267
474676,1000.00,935,267
474777,1000.00,936,263
474878,1000.00,934,270
474980,1000.00,935,267
475081,1000.00,933,273
475183,1000.00,934,270
475284,1000.00,934,270
475385,1000.00,935,267
475487,1000.00,935,267
475588,1000.00,936,263
475689,1000.00,934,270
475791,1000.00,934,270
475892,1000.00,934,270
475994,1000.00,935,267
476095,1000.00,935,267
476196,1000.00,935,267
476298,1000.00,935,267
476399,1000.00,935,267
476500,1000.00,934,270
476602,1000.00,934,270
476703,1000.00,934,270
476805,1000.00,934,270
476906,1000.00,935,267
477007,1000.00,934,270
477109,1000.00,935,267
477210,1000.00,935,267
477312,1000.00,934,270
477413,1000.00,935,267
477514,1000.00,934,270
477616,1000.00,935,267
477717,1000.00,934,270
477818,1000.00,933,273
477920,1000.00,936,263
478021,1000.00,934,270
478123,1000.00,935,267
478224,1000.00,934,270
478325,1000.00,934,270
478427,1000.00,935,267
478528,1000.00,935,267
478629,1000.00,935,267
478731,1000.00,935,267
478832,1000.00,935,267
478934,1000.00,934,270
479035,1000.00,935,267
479136,1000.00,935,267
479238,1000.00,932,277
479339,1000.00,935,267
479440,1000.00,934,270
479542,1000.00,935,267
479643,1000.00,935,267
479745,1000.00,936,263
479846,1000.00,935,267
479947,1000.00,935,267
480049,1000.00,933,273
480150,1000.00,932,277
480251,1000.00,935,267
480353,1000.00,934,270
480454,1000.00,934,270
480556,1000.00,934,270
480657,1000.00,936,263
480758,1000.00,935,267
480860,1000.00,935,267
480961,1000.00,934,270
481062,1000.00,932,277
481164,1000.00,934,270
481265,1000.00,934,270
481367,1000.00,934,270
481468,1000.00,933,273
481569,1000.00,936,263
481671,1000.00,934,270
481772,1000.00,935,267
481873,1000.00,935,267
481975,1000.00,930,283
482076,1000.00,935,267
482178,1000.00,934,270
482279,1000.00,934,270
482380,1000.00,934,270
482482,1000.00,934,270
482583,1000.00,935,267
482684,1000.00,937,260
482786,1000.00,934,270
482887,1000.00,931,280
482989,1000.00,934,270
483090,1000.00,934,270
483191,1000.00,935,267
483293,1000.00,935,267
483394,1000.00,934,270
483495,1000.00,932,277
483597,1000.00,935,267
483698,1000.00,934,270
483800,1000.00,935,267
483901,1000.00,934,270
484002,1000.00,934,270
484104,1000.00,934,270
484205,1000.00,935,267
484306,1000.00,934,270
484408,1000.00,935,267
484509,1000.00,935,267
484611,1000.00,935,267
484712,1000.00,933,273
484813,1000.00,933,273
484915,1000.00,933,273
485016,1000.00,933,273
485117,1000.00,935,267
485219,1000.00,934,270
485320,1000.00,933,273
485422,1000.00,935,267
485523,1000.00,935,267
485624,1000.00,934,270
485726,1000.00,935,267
485827,1000.00,934,270
485928,1000.00,933,273
486030,1000.00,933,273
486131,1000.00,934,270
486233,1000.00,935,267
486334,1000.00,934,270
486435,1000.00,935,267
486537,1000.00,933,273
486638,1000.00,936,263
486739,1000.00,934,270
486841,1000.00,934,270
486942,1000.00,933,273
487044,1000.00,935,267
487145,1000.00,932,277
487246,1000.00,934,270
487348,1000.00,934,270
487449,1000.00,934,270
487550,1000.00,934,270
487652,1000.00,935,267
487753,1000.00,934,270
487855,1000.00,935,267
487956,1000.00,933,273
488057,1000.00,931,280
488159,1000.00,935,267
488260,1000.00,936,263
488361,1000.00,935,267
488463,1000.00,934,270
488564,1000.00,936,263
488666,1000.00,934,270
488767,1000.00,936,263
488867,1000.00,934,270
488969,1000.00,931,280
489070,1000.00,933,273
489171,1000.00,934,270
489273,1000.00,935,267
489374,1000.00,935,267
489476,1000.00,935,267
489577,1000.00,933,273
489678,1000.00,935,267
489780,1000.00,934,270
489881,1000.00,934,270
489982,1000.00,935,267
490084,1000.00,935,267
490185,1000.00,934,270
490287,1000.00,935,267
490388,1000.00,936,263
490489,1000.00,935,267
490591,1000.00,933,273
490692,1000.00,934,270
490793,1000.00,935,267
490895,1000.00,935,267
490996,1000.00,935,267
491098,1000.00,933,273
491199,1000.00,936,263
491300,1000.00,933,273
491402,1000.00,934,270
491503,1000.00,933,273
491604,1000.00,935,267
491706,1000.00,936,263
491807,1000.00,935,267
491909,1000.00,936,263
492010,1000.00,934,270
492111,1000.00,935,267
492213,1000.00,935,267
492314,1000.00,934,270
492416,1000.00,935,267
492517,1000.00,937,260
492618,1000.00,936,263
492720,1000.00,936,263
492821,1000.00,933,273
492922,1000.00,935,267
493024,1000.00,934,270
493125,1000.00,933,273
493227,1000.00,935,267
493328,1000.00,934,270
493429,1000.00,935,267
493531,1000.00,933,273
493632,1000.00,936,263
493733,1000.00,933,273
493835,1000.00,935,267
493936,1000.00,935,267
494038,1000.00,934,270
494139,1000.00,935,267
494240,1000.00,934,270
494342,1000.00,934,270
494443,1000.00,933,273
494544,1000.00,936,263
494646,1000.00,936,263
494747,1000.00,933,273
494849,1000.00,937,260
494950,1000.00,934,270
495051,1000.00,933,273
495153,1000.00,933,273
495254,1000.00,933,273
495355,1000.00,935,267
495457,1000.00,936,263
495558,1000.00,935,267
495660,1000.00,934,270
495761,1000.00,933,273
495862,1000.00,934,270
495964,1000.00,934,270
496065,1000.00,936,263
496166,1000.00,933,273
496268,1000.00,934,270
496369,1000.00,934,270
496471,1000.00,935,267
496572,1000.00,934,270
496673,1000.00,933,273
496775,1000.00,935,267
496876,1000.00,935,267
496977,1000.00,935,267
497079,1000.00,934,270
497180,1000.00,935,267
497282,1000.00,937,260
497383,1000.00,933,273
497484,1000.00,935,267
497586,1000.00,934,270
497687,1000.00,935,267
497788,1000.00,935,267
497890,1000.00,933,273
497991,1000.00,934,270
498093,1000.00,935,267
498194,1000.00,935,267
498295,1000.00,934,270
498397,1000.00,934,270
498498,1000.00,934,270
498599,1000.00,934,270
498701,1000.00,934,270
498802,1000.00,933,273
498904,1000.00,934,270
499005,1000.00,934,270
499106,1000.00,934,270
499208,1000.00,933,273
499309,1000.00,933,273
499410,1000.00,934,270
499512,1000.00,935,267
499613,1000.00,934,270
499715,1000.00,934,270
499816,1000.00,935,267
499917,1000.00,936,263
500019,1000.00,934,270
500120,1000.00,933,273
500221,1000.00,934,270
500323,1000.00,937,260
500424,1000.00,935,267
500526,1000.00,933,273
500627,1000.00,935,267
500728,1000.00,936,263
500830,1000.00,934,270
500931,1000.00,937,260
501032,1000.00,934,270
501134,1000.00,936,263
501235,1000.00,935,267
501337,1000.00,934,270
501438,1000.00,934,270
501539,1000.00,935,267
501641,1000.00,933,273
501742,1000.00,935,267
501843,1000.00,935,267
501945,1000.00,933,273
502046,1000.00,934,270
502147,1000.00,934,270
502248,1000.00,936,263
502349,1000.00,933,273
502451,1000.00,933,273
502552,1000.00,935,267
502653,1000.00,934,270
502755,1000.00,936,263
502856,1000.00,934,270
502958,1000.00,934,270
503059,1000.00,933,273
503160,1000.00,935,267
503262,1000.00,935,267
503363,1000.00,935,267
503464,1000.00,934,270
503566,1000.00,933,273
503667,1000.00,932,277
503769,1000.00,934,270
503870,1000.00,935,267
503971,1000.00,935,267
504073,1000.00,934,270
504174,1000.00,933,273
504275,1000.00,935,267
504377,1000.00,934,270
504478,1000.00,933,273
504580,1000.00,934,270
504681,1000.00,934,270
504782,1000.00,935,267
504884,1000.00,933,273
504985,1000.00,933,273
505086,1000.00,935,267
505188,1000.00,935,267
505289,1000.00,935,267
505391,1000.00,936,263
505492,1000.00,932,277
505593,1000.00,934,270
505695,1000.00,936,263
505796,1000.00,936,263
505897,1000.00,935,267
505999,1000.00,934,270
506100,1000.00,933,273
506202,1000.00,934,270
506303,1000.00,934,270
506404,1000.00,935,267
506506,1000.00,934,270
506607,1000.00,931,280
506708,1000.00,935,267
506810,1000.00,935,267
506911,1000.00,933,273
507013,1000.00,931,280
507114,1000.00,935,267
507215,1000.00,934,270
507317,1000.00,934,270
507418,1000.00,934,270
507520,1000.00,936,263
507621,1000.00,935,267
507722,1000.00,936,263
507824,1000.00,934,270
507925,1000.00,934,270
508026,1000.00,935,267
508128,1000.00,937,260
508229,1000.00,935,267
508331,1000.00,936,263
508432,1000.00,934,270
508533,1000.00,933,273
508635,1000.00,936,263
508736,1000.00,935,267
508837,1000.00,935,267
508939,1000.00,934,270
509040,1000.00,936,263
509142,1000.00,934,270
509243,1000.00,933,273
509344,1000.00,935,267
509446,1000.00,931,280
509547,1000.00,935,267
509648,1000.00,935,267
509750,1000.00,936,263
509851,1000.00,934,270
509953,1000.00,936,263
510054,1000.00,933,273
510155,1000.00,935,267
510257,1000.00,935,267
510358,1000.00,932,277
510459,1000.00,933,273
510561,1000.00,935,267
510662,1000.00,935,267
510764,1000.00,935,267
510865,1000.00,933,273
510966,1000.00,933,273
511068,1000.00,937,260
511169,1000.00,935,267
511270,1000.00,933,273
511372,1000.00,935,267
511473,1000.00,937,260
511575,1000.00,933,273
511676,1000.00,935,267
511777,1000.00,933,273
511879,1000.00,936,263
511980,1000.00,934,270
512081,1000.00,934,270
512183,1000.00,934,270
512284,1000.00,934,270
512386,1000.00,934,270
512487,1000.00,933,273
512588,1000.00,934,270
512690,1000.00,933,273
512791,1000.00,933,273
512892,1000.00,934,270
512994,1000.00,935,267
513095,1000.00,935,267
513197,1000.00,937,260
513298,1000.00,933,273
513399,1000.00,935,267
513501,1000.00,933,273
513602,1000.00,935,267
513703,1000.00,934,270
513805,1000.00,935,267
513906,1000.00,935,267
514008,1000.00,935,267
514109,1000.00,934,270
514210,1000.00,934,270
514312,1000.00,934,270
514413,1000.00,934,270
514514,1000.00,935,267
514615,1000.00,935,267
514716,1000.00,936,263
514818,1000.00,936,263
514919,1000.00,935,267
515020,1000.00,935,267
515122,1000.00,934,270
515223,1000.00,935,267
515324,1000.00,934,270
515426,1000.00,934,270
515527,1000.00,934,270
515629,1000.00,936,263
515730,1000.00,937,260
515831,1000.00,934,270
515933,1000.00,935,267
516034,1000.00,934,270
516135,1000.00,933,273
516237,1000.00,935,267
516338,1000.00,934,270
516440,1000.00,934,270
516541,1000.00,934,270
516642,1000.00,936,263
516744,1000.00,935,267
516845,1000.00,937,260
516946,1000.00,935,267
517048,1000.00,933,273
517149,1000.00,936,263
517251,1000.00,933,273
517352,1000.00,934,270
517453,1000.00,934,270
517555,1000.00,935,267
517656,1000.00,934,270
517757,1000.00,934,270
517859,1000.00,935,267
517960,1000.00,933,273
518062,1000.00,932,277
518163,1000.00,933,273
518264,1000.00,934,270
518366,1000.00,935,267
518467,1000.00,935,267
518568,1000.00,936,263
518670,1000.00,935,267
518771,1000.00,934,270
518873,1000.00,934,270
518974,1000.00,934,270
519075,1000.00,935,267
519177,1000.00,936,263
519278,1000.00,935,267
519379,1000.00,935,267
519481,1000.00,934,270
519582,1000.00,934,270
519684,1000.00,935,267
519785,1000.00,933,273
519886,1000.00,933,273
519988,1000.00,935,267
520089,1000.00,935,267
520190,1000.00,934,270
520292,1000.00,935,267
520393,1000.00,934,270
520495,1000.00,934,270
520596,1000.00,936,263
520697,1000.00,934,270
520799,1000.00,936,263
520900,1000.00,936,263
521001,1000.00,933,273
521103,1000.00,934,270
521204,1000.00,935,267
521306,1000.00,933,273
521407,1000.00,935,267
521508,1000.00,936,263
521610,1000.00,934,270
521711,1000.00,935,267
521812,1000.00,934,270
521914,1000.00,934,270
522015,1000.00,934,270
522117,1000.00,935,267
522218,1000.00,935,267
522319,1000.00,934,270
522421,1000.00,934,270
522522,1000.00,935,267
522624,1000.00,933,273
522725,1000.00,936,263
522826,1000.00,934,270
522928,1000.00,934,270
523029,1000.00,936,263
523130,1000.00,936,263
523232,1000.00,935,267
523333,1000.00,933,273
523435,1000.00,935,267
523536,1000.00,933,273
523637,1000.00,935,267
523739,1000.00,935,267
523840,1000.00,933,273
523941,1000.00,936,263
524043,1000.00,936,263
524144,1000.00,933,273
524246,1000.00,933,273
524347,1000.00,934,270
524448,1000.00,931,280
524550,1000.00,935,267
524651,1000.00,935,267
524752,1000.00,935,267
524854,1000.00,935,267
524955,1000.00,936,263
525057,1000.00,935,267
525158,1000.00,934,270
525259,1000.00,936,263
525361,1000.00,932,277
525462,1000.00,935,267
525563,1000.00,934,270
525665,1000.00,935,267
525766,1000.00,934,270
525868,1000.00,934,270
525969,1000.00,935,267
526070,1000.00,934,270
526172,1000.00,934,270
526273,1000.00,933,273
526374,1000.00,933,273
526476,1000.00,934,270
526576,1000.00,932,277
526678,1000.00,935,267
526779,1000.00,935,267
526880,1000.00,936,263
526982,1000.00,936,263
527083,1000.00,933,273
527184,1000.00,935,267
527286,1000.00,935,267
527387,1000.00,935,267
527489,1000.00,934,270
527590,1000.00,935,267
527691,1000.00,933,273
527793,1000.00,935,267
527894,1000.00,935,267
527995,1000.00,933,273
528097,1000.00,934,270
528198,1000.00,936,263
528300,1000.00,935,267
528401,1000.00,933,273
528502,1000.00,934,270
528604,1000.00,934,270
528705,1000.00,934,270
528806,1000.00,934,270
528908,1000.00,934,270
529009,1000.00,933,273
529111,1000.00,934,270
529212,1000.00,934,270
529313,1000.00,936,263
529415,1000.00,935,267
529516,1000.00,933,273
529617,1000.00,933,273
529719,1000.00,933,273
529820,1000.00,937,260
529922,1000.00,934,270
530023,1000.00,935,267
530124,1000.00,935,267
530226,1000.00,930,283
530327,1000.00,934,270
530428,1000.00,934,270
530530,1000.00,933,273
530631,1000.00,934,270
530733,1000.00,934,270
530834,1000.00,935,267
530935,1000.00,933,273
531037,1000.00,935,267
531138,1000.00,931,280
531239,1000.00,935,267
531341,1000.00,935,267
531442,1000.00,936,263
531544,1000.00,934,270
531645,1000.00,935,267
531746,1000.00,937,260
531848,1000.00,935,267
531949,1000.00,934,270
532050,1000.00,935,267
532152,1000.00,934,270
532253,1000.00,934,270
532355,1000.00,935,267
532456,1000.00,934,270
532557,1000.00,935,267
532659,1000.00,935,267
532760,1000.00,935,267
532861,1000.00,934,270
532963,1000.00,933,273
533064,1000.00,934,270
533166,1000.00,934,270
533267,1000.00,936,263
533368,1000.00,935,267
533470,1000.00,935,267
533571,1000.00,935,267
533672,1000.00,936,263
533774,1000.00,933,273
533875,1000.00,934,270
533977,1000.00,934,270
534078,1000.00,934,270
534179,1000.00,935,267
534281,1000.00,934,270
534382,1000.00,933,273
534483,1000.00,935,267
534585,1000.00,934,270
534686,1000.00,934,270
534788,1000.00,935,267
534889,1000.00,935,267
534990,1000.00,936,263
535092,1000.00,935,267
535193,1000.00,933,273
535294,1000.00,933,273
535396,1000.00,935,267
535497,1000.00,934,270
535599,1000.00,935,267
535700,1000.00,933,273
535801,1000.00,934,270
535903,1000.00,933,273
536004,1000.00,936,263
536105,1000.00,935,267
536207,1000.00,934,270
536308,1000.00,934,270
536410,1000.00,934,270
536511,1000.00,934,270
536612,1000.00,936,263
536714,1000.00,937,260
536815,1000.00,935,267
536916,1000.00,933,273
537018,1000.00,933,273
537119,1000.00,934,270
537221,1000.00,935,267
537322,1000.00,934,270
537423,1000.00,934,270
537525,1000.00,935,267
537626,1000.00,936,263
537728,1000.00,934,270
537829,1000.00,934,270
537930,1000.00,933,273
538032,1000.00,934,270
538133,1000.00,936,263
538234,1000.00,934,270
538336,1000.00,934,270
538436,1000.00,934,270
538537,1000.00,935,267
538639,1000.00,935,267
538740,1000.00,932,277
538842,1000.00,934,270
538943,1000.00,935,267
539044,1000.00,936,263
539146,1000.00,935,267
539247,1000.00,934,270
539348,1000.00,936,263
539450,1000.00,935,267
539551,1000.00,933,273
539653,1000.00,932,277
539754,1000.00,934,270
539855,1000.00,933,273
539957,1000.00,935,267
540058,1000.00,936,263
540160,1000.00,936,263
540261,1000.00,936,263
540362,1000.00,935,267
540464,1000.00,933,273
540565,1000.00,936,263
540666,1000.00,935,267
540768,1000.00,935,267
540869,1000.00,933,273
540971,1000.00,934,270
541072,1000.00,935,267
541173,1000.00,937,260
541275,1000.00,933,273
541376,1000.00,937,260
541477,1000.00,934,270
541579,1000.00,932,277
541680,1000.00,935,267
541782,1000.00,935,267
541883,1000.00,934,270
541984,1000.00,934,270
542086,1000.00,935,267
542187,1000.00,933,273
542288,1000.00,933,273
542390,1000.00,936,263
542491,1000.00,933,273
542593,1000.00,934,270
542694,1000.00,934,270
542795,1000.00,934,270
542897,1000.00,934,270
542998,1000.00,936,263
543099,1000.00,935,267
543201,1000.00,935,267
543302,1000.00,935,267
543404,1000.00,933,273
543505,1000.00,934,270
543606,1000.00,936,263
543708,1000.00,935,267
543809,1000.00,935,267
543910,1000.00,935,267
544012,1000.00,934,270
544113,1000.00,934,270
544215,1000.00,934,270
544316,1000.00,934,270
544417,1000.00,934,270
544519,1000.00,933,273
544620,1000.00,934,270
544721,1000.00,933,273
544823,1000.00,934,270
544924,1000.00,935,267
545026,1000.00,937,260
545127,1000.00,935,267
545228,1000.00,934,270
545330,1000.00,933,273
545431,1000.00,935,267
545532,1000.00,933,273
545634,1000.00,936,263
545735,1000.00,936,263
545837,1000.00,933,273
545938,1000.00,935,267
546039,1000.00,934,270
546141,1000.00,933,273
546242,1000.00,935,267
546343,1000.00,937,260
546445,1000.00,935,267
546546,1000.00,932,277
546648,1000.00,934,270
546749,1000.00,937,260
546850,1000.00,935,267
546952,1000.00,937,260
547053,1000.00,934,270
547154,1000.00,937,260
547256,1000.00,935,267
547357,1000.00,935,267
547459,1000.00,933,273
547560,1000.00,934,270
547661,1000.00,935,267
547763,1000.00,932,277
547864,1000.00,935,267
547965,1000.00,933,273
548067,1000.00,935,267
548168,1000.00,935,267
548270,1000.00,935,267
548371,1000.00,932,277
548472,1000.00,934,270
548574,1000.00,935,267
548675,1000.00,934,270
548776,1000.00,934,270
548878,1000.00,936,263
548979,1000.00,935,267
549081,1000.00,936,263
549182,1000.00,935,267
549283,1000.00,931,280
549385,1000.00,934,270
549486,1000.00,934,270
549587,1000.00,934,270
549689,1000.00,936,263
549790,1000.00,936,263
549892,1000.00,936,263
549993,1000.00,935,267
550094,1000.00,935,267
550196,1000.00,935,267
550297,1000.00,935,267
550398,1000.00,934,270
550500,1000.00,935,267
550601,1000.00,936,263
550703,1000.00,934,270
550804,1000.00,935,267
550905,1000.00,935,267
551007,1000.00,936,263
551107,1000.00,935,267
551208,1000.00,934,270
551310,1000.00,936,263
551411,1000.00,933,273
551513,1000.00,934,270
551614,1000.00,934,270
551715,1000.00,933,273
551817,1000.00,934,270
551918,1000.00,934,270
552019,1000.00,935,267
552121,1000.00,935,267
552222,1000.00,933,273
552324,1000.00,934,270
552425,1000.00,934,270
552526,1000.00,931,280
552628,1000.00,934,270
552729,1000.00,935,267
552830,1000.00,935,267
552932,1000.00,935,267
553033,1000.00,934,270
553135,1000.00,935,267
553236,1000.00,935,267
553337,1000.00,934,270
553439,1000.00,934,270
553540,1000.00,934,270
553641,1000.00,936,263
553743,1000.00,934,270
553844,1000.00,933,273
553946,1000.00,932,277
554047,1000.00,936,263
554148,1000.00,935,267
554250,1000.00,934,270
554351,1000.00,935,267
554452,1000.00,933,273
554554,1000.00,936,263
554655,1000.00,935,267
554757,1000.00,933,273
554858,1000.00,935,267
554959,1000.00,934,270
555061,1000.00,935,267
555162,1000.00,935,267
555264,1000.00,935,267
555365,1000.00,936,263
555466,1000.00,934,270
555568,1000.00,936,263
555669,1000.00,934,270
555770,1000.00,934,270
555872,1000.00,933,273
555973,1000.00,935,267
556075,1000.00,934,270
556176,1000.00,936,263
556277,1000.00,934,270
556379,1000.00,935,267
556480,1000.00,936,263
556581,1000.00,933,273
556683,1000.00,935,267
556784,1000.00,933,273
556886,1000.00,934,270
556987,1000.00,934,270
557088,1000.00,933,273
557190,1000.00,934,270
557291,1000.00,935,267
557392,1000.00,933,273
557494,1000.00,933,273
557595,1000.00,935,267
557697,1000.00,932,277
557798,1000.00,933,273
557899,1000.00,934,270
558001,1000.00,935,267
558102,1000.00,935,267
558203,1000.00,936,263
558305,1000.00,936,263
558406,1000.00,935,267
558508,1000.00,935,267
558609,1000.00,935,267
558710,1000.00,934,270
558812,1000.00,935,267
558913,1000.00,933,273
559014,1000.00,934,270
559116,1000.00,935,267
559217,1000.00,933,273
559319,1000.00,936,263
559420,1000.00,933,273
559521,1000.00,934,270
559623,1000.00,935,267
559724,1000.00,937,260
559825,1000.00,935,267
559927,1000.00,934,270
560028,1000.00,933,273
560130,1000.00,933,273
560231,1000.00,935,267
560332,1000.00,935,267
560434,1000.00,932,277
560535,1000.00,936,263
560636,1000.00,935,267
560738,1000.00,936,263
560839,1000.00,935,267
560941,1000.00,936,263
561042,1000.00,935,267
561143,1000.00,935,267
561245,1000.00,933,273
561346,1000.00,934,270
561447,1000.00,935,267
561549,1000.00,934,270
561650,1000.00,933,273
561752,1000.00,935,267
561853,1000.00,931,280
561954,1000.00,937,260
562056,1000.00,936,263
562157,1000.00,935,267
562258,1000.00,933,273
562360,1000.00,936,263
562461,1000.00,934,270
562563,1000.00,934,270
562664,1000.00,937,260
562765,1000.00,936,263
562867,1000.00,933,273
562968,1000.00,935,267
563069,1000.00,936,263
563171,1000.00,932,277
563272,1000.00,934,270
563374,1000.00,934,270
563475,1000.00,933,273
563576,1000.00,934,270
563678,1000.00,936,263
563779,1000.00,933,273
563880,1000.00,937,260
563982,1000.00,933,273
564083,1000.00,935,267
564185,1000.00,934,270
564286,1000.00,936,263
564387,1000.00,934,270
564489,1000.00,935,267
564590,1000.00,934,270
564691,1000.00,933,273
564793,1000.00,936,263
564894,1000.00,938,257
564996,1000.00,935,267
565097,1000.00,935,267
565197,1000.00,933,273
565299,1000.00,935,267
565400,1000.00,936,263
565501,1000.00,935,267
565603,1000.00,935,267
565704,1000.00,935,267
565806,1000.00,935,267
565907,1000.00,934,270
566008,1000.00,935,267
566110,1000.00,934,270
566211,1000.00,933,273
566312,1000.00,934,270
566414,1000.00,935,267
566515,1000.00,935,267
566617,1000.00,936,263
566718,1000.00,936,263
566819,1000.00,935,267
566921,1000.00,933,273
567022,1000.00,936,263
567123,1000.00,936,263
567225,1000.00,935,267
567326,1000.00,933,273
567428,1000.00,933,273
567529,1000.00,935,267
567630,1000.00,935,267
567732,1000.00,936,263
567833,1000.00,935,267
567934,1000.00,935,267
568036,1000.00,934,270
568137,1000.00,935,267
568239,1000.00,936,263
568340,1000.00,934,270
568441,1000.00,931,280
568543,1000.00,934,270
568644,1000.00,934,270
568745,1000.00,933,273
568847,1000.00,935,267
568948,1000.00,933,273
569050,1000.00,934,270
569151,1000.00,935,267
569252,1000.00,933,273
569354,1000.00,929,287
569455,1000.00,935,267
569556,1000.00,934,270
569658,1000.00,935,267
569759,1000.00,934,270
569861,1000.00,935,267
569962,1000.00,934,270
570063,1000.00,935,267
570165,1000.00,936,263
570266,1000.00,934,270
570368,1000.00,936,263
570469,1000.00,935,267
570570,1000.00,935,267
570672,1000.00,933,273
570773,1000.00,935,267
570874,1000.00,933,273
570976,1000.00,934,270
571077,1000.00,935,267
571179,1000.00,934,270
571280,1000.00,934,270
571381,1000.00,936,263
571483,1000.00,935,267
571584,1000.00,935,267
571685,1000.00,934,270
571787,1000.00,935,267
571888,1000.00,934,270
571990,1000.00,935,267
572091,1000.00,935,267
572192,1000.00,936,263
572294,1000.00,935,267
572395,1000.00,933,273
572496,1000.00,935,267
572598,1000.00,933,273
572699,1000.00,934,270
572801,1000.00,935,267
572902,1000.00,934,270
573003,1000.00,934,270
573105,1000.00,935,267
573206,1000.00,936,263
573307,1000.00,934,270
573409,1000.00,933,273
573510,1000.00,935,267
573612,1000.00,935,267
573713,1000.00,935,267
573814,1000.00,936,263
573916,1000.00,935,267
574017,1000.00,935,267
574118,1000.00,936,263
574220,1000.00,933,273
574321,1000.00,935,267
574423,1000.00,935,267
574524,1000.00,933,273
574625,1000.00,935,267
574727,1000.00,934,270
574828,1000.00,934,270
574929,1000.00,934,270
575031,1000.00,935,267
575132,1000.00,934,270
575234,1000.00,935,267
575335,1000.00,937,260
575436,1000.00,934,270
575538,1000.00,937,260
575639,1000.00,933,273
575740,1000.00,934,270
575842,1000.00,935,267
575943,1000.00,935,267
576045,1000.00,931,280
576146,1000.00,935,267
576247,1000.00,934,270
576349,1000.00,936,263
576450,1000.00,937,260
576551,1000.00,934,270
576653,1000.00,934,270
576754,1000.00,934,270
576856,1000.00,934,270
576957,1000.00,933,273
577058,1000.00,936,263
577160,1000.00,935,267
577261,1000.00,935,267
577362,1000.00,933,273
577464,1000.00,935,267
577565,1000.00,935,267
577667,1000.00,934,270
577768,1000.00,934,270
577869,1000.00,934,270
577971,1000.00,937,260
578072,1000.00,935,267
578173,1000.00,934,270
578274,1000.00,933,273
578375,1000.00,934,270
578477,1000.00,934,270
578578,1000.00,935,267
578679,1000.00,935,267
578781,1000.00,935,267
578882,1000.00,935,267
578983,1000.00,935,267
579085,1000.00,933,273
579186,1000.00,935,267
579288,1000.00,935,267
579389,1000.00,936,263
579490,1000.00,936,263
579592,1000.00,934,270
579693,1000.00,936,263
579794,1000.00,934,270
579896,1000.00,935,267
579997,1000.00,935,267
580099,1000.00,934,270
580200,1000.00,936,263
580301,1000.00,934,270
580403,1000.00,936,263
580504,1000.00,936,263
580605,1000.00,935,267
580707,1000.00,935,267
580808,1000.00,936,263
580910,1000.00,933,273
581011,1000.00,935,267
581112,1000.00,934,270
581214,1000.00,935,267
581315,1000.00,936,263
581416,1000.00,935,267
581518,1000.00,936,263
581619,1000.00,935,267
581721,1000.00,935,267
581822,1000.00,935,267
581923,1000.00,932,277
582025,1000.00,934,270
582126,1000.00,934,270
582227,1000.00,936,263
582329,1000.00,936,263
582430,1000.00,934,270
582532,1000.00,933,273
582633,1000.00,937,260
582734,1000.00,934,270
582836,1000.00,932,277
582937,1000.00,934,270
583038,1000.00,936,263
583140,1000.00,934,270
583241,1000.00,936,263
583343,1000.00,936,263
583444,1000.00,934,270
583545,1000.00,936,263
583647,1000.00,934,270
583748,1000.00,932,277
583849,1000.00,936,263
583951,1000.00,933,273
584052,1000.00,935,267
584154,1000.00,936,263
584255,1000.00,935,267
584356,1000.00,935,267
584458,1000.00,935,267
584559,1000.00,935,267
584660,1000.00,933,273
584762,1000.00,936,263
584863,1000.00,934,270
584965,1000.00,933,273
585066,1000.00,936,263
585167,1000.00,936,263
585269,1000.00,934,270
585370,1000.00,936,263
585472,1000.00,935,267
585573,1000.00,933,273
585674,1000.00,936,263
585776,1000.00,937,260
585877,1000.00,934,270
585978,1000.00,935,267
586080,1000.00,935,267
586181,1000.00,936,263
586283,1000.00,935,267
586384,1000.00,934,270
586485,1000.00,933,273
586587,1000.00,933,273
586688,1000.00,935,267
586789,1000.00,933,273
586891,1000.00,936,263
586992,1000.00,936,263
587094,1000.00,936,263
587195,1000.00,935,267
587296,1000.00,934,270
587398,1000.00,933,273
587499,1000.00,936,263
587600,1000.00,936,263
587702,1000.00,933,273
587803,1000.00,935,267
587905,1000.00,935,267
588006,1000.00,936,263
588107,1000.00,935,267
588209,1000.00,935,267
588310,1000.00,932,277
588411,1000.00,934,270
588513,1000.00,934,270
588614,1000.00,933,273
588716,1000.00,934,270
588817,1000.00,934,270
588918,1000.00,935,267
589020,1000.00,933,273
589121,1000.00,934,270
589222,1000.00,931,280
589324,1000.00,933,273
589425,1000.00,935,267
589527,1000.00,934,270
589628,1000.00,935,267
589729,1000.00,937,260
589831,1000.00,935,267
589932,1000.00,936,263
590033,1000.00,934,270
590135,1000.00,933,273
590236,1000.00,935,267
590338,1000.00,935,267
590439,1000.00,936,263
590540,1000.00,937,260
590642,1000.00,937,260
590743,1000.00,936,263
590844,1000.00,937,260
590946,1000.00,934,270
591047,1000.00,936,263
591149,1000.00,936,263
591250,1000.00,934,270
591351,1000.00,933,273
591453,1000.00,933,273
591554,1000.00,933,273
591655,1000.00,933,273
591757,1000.00,936,263
591858,1000.00,934,270
591960,1000.00,935,267
592061,1000.00,935,267
592161,1000.00,935,267
592263,1000.00,933,273
592364,1000.00,936,263
592465,1000.00,935,267
592567,1000.00,935,267
592668,1000.00,934,270
592770,1000.00,936,263
592871,1000.00,937,260
592972,1000.00,934,270
593074,1000.00,934,270
593175,1000.00,934,270
593276,1000.00,934,270
593378,1000.00,935,267
593479,1000.00,936,263
593581,1000.00,934,270
593682,1000.00,935,267
593783,1000.00,933,273
593885,1000.00,935,267
593986,1000.00,933,273
594087,1000.00,935,267
594189,1000.00,934,270
594290,1000.00,934,270
594392,1000.00,935,267
594493,1000.00,934,270
594594,1000.00,936,263
594696,1000.00,935,267
594797,1000.00,935,267
594898,1000.00,935,267
595000,1000.00,934,270
595101,1000.00,936,263
595203,1000.00,934,270
595304,1000.00,935,267
595405,1000.00,935,267
595507,1000.00,934,270
595608,1000.00,935,267
595709,1000.00,935,267
595811,1000.00,933,273
595912,1000.00,935,267
596014,1000.00,934,270
596115,1000.00,935,267
596216,1000.00,933,273
596318,1000.00,935,267
596419,1000.00,934,270
596520,1000.00,934,270
596622,1000.00,933,273
596723,1000.00,935,267
596825,1000.00,934,270
596926,1000.00,934,270
597027,1000.00,935,267
597129,1000.00,934,270
597230,1000.00,934,270
597331,1000.00,936,263
597433,1000.00,936,263
597534,1000.00,935,267
597636,1000.00,935,267
597737,1000.00,935,267
597838,1000.00,936,263
597940,1000.00,934,270
598041,1000.00,935,267
598142,1000.00,935,267
598244,1000.00,935,267
598345,1000.00,935,267
598447,1000.00,935,267
598548,1000.00,934,270
598649,1000.00,935,267
598751,1000.00,933,273
598852,1000.00,935,267
598953,1000.00,933,273
599055,1000.00,935,267
599156,1000.00,935,267
599258,1000.00,934,270
599359,1000.00,935,267
599460,1000.00,935,267
599562,1000.00,935,267
599663,1000.00,934,270
599764,1000.00,935,267
599866,1000.00,937,260
599967,1000.00,936,263
600069,1000.00,936,263
600170,1000.00,935,267
600271,1000.00,936,263
600373,1000.00,936,263
600474,1000.00,934,270
600576,1000.00,935,267
600677,1000.00,935,267
600778,1000.00,934,270
600880,1000.00,934,270
600981,1000.00,935,267
601082,1000.00,934,270
601184,1000.00,935,267
601285,1000.00,936,263
601387,1000.00,935,267
601488,1000.00,935,267
601589,1000.00,937,260
601691,1000.00,935,267
601792,1000.00,934,270
601893,1000.00,936,263
601995,1000.00,935,267
602096,1000.00,934,270
602198,1000.00,935,267
602299,1000.00,933,273
602400,1000.00,934,270
602502,1000.00,935,267
602603,1000.00,935,267
602704,1000.00,935,267
602806,1000.00,935,267
602907,1000.00,934,270
603009,1000.00,934,270
603110,1000.00,935,267
603211,1000.00,936,263
603313,1000.00,936,263
603414,1000.00,936,263
603515,1000.00,935,267
603617,1000.00,933,273
603718,1000.00,937,260
603820,1000.00,935,267
603921,1000.00,933,273
604022,1000.00,936,263
604124,1000.00,933,273
604225,1000.00,934,270
604326,1000.00,935,267
604428,1000.00,935,267
604529,1000.00,933,273
604631,1000.00,932,277
604732,1000.00,935,267
604833,1000.00,935,267
604935,1000.00,933,273
605036,1000.00,934,270
605137,1000.00,936,263
605239,1000.00,935,267
605340,1000.00,934,270
605442,1000.00,936,263
605543,1000.00,935,267
605644,1000.00,935,267
605746,1000.00,935,267
605847,1000.00,937,260
605948,1000.00,936,263
606050,1000.00,935,267
606151,1000.00,934,270
606253,1000.00,933,273
606354,1000.00,934,270
606455,1000.00,936,263
606557,1000.00,935,267
606658,1000.00,936,263
606759,1000.00,933,273
606861,1000.00,933,273
606962,1000.00,936,263
607064,1000.00,934,270
607165,1000.00,936,263
607266,1000.00,933,273
607368,1000.00,935,267
607469,1000.00,935,267
607570,1000.00,934,270
607672,1000.00,937,260
607773,1000.00,933,273
607875,1000.00,936,263
607976,1000.00,934,270
608077,1000.00,935,267
608179,1000.00,935,267
608280,1000.00,935,267
608381,1000.00,933,273
608483,1000.00,935,267
608584,1000.00,934,270
608686,1000.00,934,270
608787,1000.00,933,273
608888,1000.00,934,270
608990,1000.00,934,270
609091,1000.00,936,263
609192,1000.00,935,267
609294,1000.00,935,267
609394,1000.00,936,263
609496,1000.00,934,270
609597,1000.00,934,270
609698,1000.00,935,267
609800,1000.00,934,270
609901,1000.00,933,273
610002,1000.00,936,263
610104,1000.00,935,267
610205,1000.00,937,260
610307,1000.00,935,267
610408,1000.00,935,267
610509,1000.00,936,263
610611,1000.00,934,270
610712,1000.00,933,273
610813,1000.00,934,270
610915,1000.00,935,267
611016,1000.00,935,267
611118,1000.00,935,267
611219,1000.00,931,280
611320,1000.00,935,267
611422,1000.00,936,263
611523,1000.00,935,267
611624,1000.00,935,267
611726,1000.00,933,273
611827,1000.00,934,270
611929,1000.00,936,263
612030,1000.00,932,277
612131,1000.00,933,273
612233,1000.00,935,267
612334,1000.00,935,267
612435,1000.00,935,267
612537,1000.00,935,267
612638,1000.00,935,267
612740,1000.00,936,263
612841,1000.00,936,263
612942,1000.00,935,267
613044,1000.00,934,270
613145,1000.00,933,273
613246,1000.00,935,267
613348,1000.00,936,263
613449,1000.00,933,273
613551,1000.00,935,267
613652,1000.00,936,263
613753,1000.00,934,270
613855,1000.00,935,267
613956,1000.00,932,277
614057,1000.00,936,263
614159,1000.00,934,270
614260,1000.00,933,273
614362,1000.00,935,267
614463,1000.00,935,267
614564,1000.00,935,267
614666,1000.00,935,267
614767,1000.00,934,270
614868,1000.00,936,263
614970,1000.00,936,263
615071,1000.00,936,263
615173,1000.00,937,260
615274,1000.00,935,267
615375,1000.00,934,270
615477,1000.00,935,267
615578,1000.00,936,263
615680,1000.00,934,270
615781,1000.00,936,263
615882,1000.00,936,263
615984,1000.00,934,270
616085,1000.00,935,267
616186,1000.00,934,270
616288,1000.00,933,273
616389,1000.00,934,270
616491,1000.00,934,270
616592,1000.00,935,267
616693,1000.00,930,283
616795,1000.00,936,263
616896,1000.00,936,263
616997,1000.00,937,260
617099,1000.00,935,267
617200,1000.00,936,263
617302,1000.00,936,263
617403,1000.00,935,267
617504,1000.00,933,273
617606,1000.00,930,283
617707,1000.00,936,263
617808,1000.00,934,270
617910,1000.00,934,270
618011,1000.00,933,273
618113,1000.00,936,263
618214,1000.00,935,267
618315,1000.00,934,270
618417,1000.00,936,263
618518,1000.00,932,277
618619,1000.00,935,267
618721,1000.00,935,267
618822,1000.00,935,267
618924,1000.00,934,270
619025,1000.00,934,270
619126,1000.00,935,267
619228,1000.00,936,263
619329,1000.00,936,263
619430,1000.00,931,280
619532,1000.00,936,263
619633,1000.00,936,263
619735,1000.00,934,270
619836,1000.00,936,263
619937,1000.00,936,263
620039,1000.00,935,267
620140,1000.00,933,273
620241,1000.00,933,273
620343,1000.00,935,267
620444,1000.00,934,270
620546,1000.00,935,267
620647,1000.00,933,273
620748,1000.00,934,270
620850,1000.00,934,270
620951,1000.00,933,273
621052,1000.00,935,267
621154,1000.00,933,273
621255,1000.00,933,273
621357,1000.00,936,263
621458,1000.00,934,270
621559,1000.00,934,270
621661,1000.00,935,267
621762,1000.00,937,260
621863,1000.00,934,270
621965,1000.00,934,270
622066,1000.00,935,267
622168,1000.00,933,273
622269,1000.00,935,267
622370,1000.00,935,267
622472,1000.00,934,270
622573,1000.00,936,263
622674,1000.00,935,267
622776,1000.00,935,267
622877,1000.00,937,260
622979,1000.00,934,270
623080,1000.00,933,273
623181,1000.00,934,270
623283,1000.00,935,267
623384,1000.00,936,263
623485,1000.00,934,270
623587,1000.00,933,273
623688,1000.00,937,260
623790,1000.00,935,267
623891,1000.00,934,270
623992,1000.00,936,263
624094,1000.00,936,263
624195,1000.00,934,270
624296,1000.00,932,277
624398,1000.00,935,267
624499,1000.00,933,273
624601,1000.00,935,267
624702,1000.00,935,267
624803,1000.00,934,270
624905,1000.00,935,267
625006,1000.00,936,263
625107,1000.00,933,273
625209,1000.00,934,270
625310,1000.00,936,263
625412,1000.00,935,267
625513,1000.00,934,270
625614,1000.00,935,267
625716,1000.00,934,270
625817,1000.00,935,267
625918,1000.00,935,267
626020,1000.00,935,267
626121,1000.00,935,267
626223,1000.00,933,273
626324,1000.00,934,270
626425,1000.00,933,273
626527,1000.00,935,267
626628,1000.00,930,283
626729,1000.00,935,267
626831,1000.00,936,263
626932,1000.00,935,267
627034,1000.00,936,263
627135,1000.00,935,267
627236,1000.00,933,273
627337,1000.00,936,263
627438,1000.00,934,270
627539,1000.00,934,270
627641,1000.00,934,270
627742,1000.00,936,263
627844,1000.00,934,270
627945,1000.00,932,277
628046,1000.00,937,260
628148,1000.00,934,270
628249,1000.00,934,270
628350,1000.00,933,273
628452,1000.00,934,270
628553,1000.00,934,270
628655,1000.00,935,267
628756,1000.00,934,270
628857,1000.00,936,263
628959,1000.00,935,267
629060,1000.00,934,270
629161,1000.00,935,267
629263,1000.00,935,267
629364,1000.00,934,270
629466,1000.00,932,277
629567,1000.00,935,267
629668,1000.00,934,270
629770,1000.00,935,267
629871,1000.00,936,263
629972,1000.00,935,267
630074,1000.00,935,267
630175,1000.00,936,263
630277,1000.00,933,273
630378,1000.00,937,260
630479,1000.00,936,263
630581,1000.00,934,270
630682,1000.00,934,270
630784,1000.00,934,270
630885,1000.00,936,263
630986,1000.00,936,263
631088,1000.00,935,267
631189,1000.00,934,270
631290,1000.00,935,267
631392,1000.00,933,273
631493,1000.00,933,273
631595,1000.00,935,267
631696,1000.00,934,270
631797,1000.00,935,267
631899,1000.00,934,270
632000,1000.00,935,267
632101,1000.00,937,260
632203,1000.00,934,270
632304,1000.00,935,267
632406,1000.00,936,263
632507,1000.00,935,267
632608,1000.00,935,267
632710,1000.00,934,270
632811,1000.00,934,270
632912,1000.00,935,267
633014,1000.00,933,273
633115,1000.00,936,263
633217,1000.00,936,263
633318,1000.00,933,273
633419,1000.00,936,263
633521,1000.00,933,273
633622,1000.00,936,263
633723,1000.00,937,260
633825,1000.00,935,267
633926,1000.00,935,267
634028,1000.00,934,270
634129,1000.00,931,280
634230,1000.00,933,273
634332,1000.00,935,267
634433,1000.00,935,267
634534,1000.00,935,267
634636,1000.00,935,267
634737,1000.00,934,270
634839,1000.00,935,267
634940,1000.00,931,280
635041,1000.00,936,263
635143,1000.00,935,267
635244,1000.00,936,263
635345,1000.00,935,267
635447,1000.00,935,267
635548,1000.00,934,270
635650,1000.00,935,267
635751,1000.00,935,267
635852,1000.00,936,263
635954,1000.00,937,260
636055,1000.00,932,277
636156,1000.00,935,267
636258,1000.00,934,270
636359,1000.00,935,267
636461,1000.00,937,260
636562,1000.00,935,267
636663,1000.00,934,270
636765,1000.00,936,263
636866,1000.00,935,267
636967,1000.00,933,273
637069,1000.00,936,263
637170,1000.00,935,267
637272,1000.00,933,273
637373,1000.00,937,260
637474,1000.00,935,267
637576,1000.00,935,267
637677,1000.00,934,270
637778,1000.00,934,270
637880,1000.00,933,273
637981,1000.00,934,270
638083,1000.00,936,263
638184,1000.00,934,270
638285,1000.00,934,270
638387,1000.00,934,270
638488,1000.00,933,273
638589,1000.00,935,267
638691,1000.00,935,267
638792,1000.00,935,267
638894,1000.00,935,267
638995,1000.00,935,267
639096,1000.00,933,273
639198,1000.00,936,263
639299,1000.00,933,273
639400,1000.00,934,270
639502,1000.00,934,270
639603,1000.00,937,260
639705,1000.00,934,270
639806,1000.00,935,267
639907,1000.00,937,260
640009,1000.00,932,277
640110,1000.00,934,270
640211,1000.00,936,263
640313,1000.00,934,270
640414,1000.00,935,267
640516,1000.00,936,263
640617,1000.00,936,263
640718,1000.00,935,267
640820,1000.00,937,260
640921,1000.00,935,267
641022,1000.00,935,267
641124,1000.00,934,270
641225,1000.00,933,273
641327,1000.00,937,260
641428,1000.00,936,263
641529,1000.00,935,267
641631,1000.00,936,263
641732,1000.00,935,267
641833,1000.00,935,267
641935,1000.00,934,270
642036,1000.00,933,273
642138,1000.00,935,267
642239,1000.00,934,270
642340,1000.00,936,263
642442,1000.00,933,273
642543,1000.00,935,267
642644,1000.00,935,267
642746,1000.00,934,270
642847,1000.00,934,270
642949,1000.00,937,260
643050,1000.00,936,263
643151,1000.00,935,267
643253,1000.00,935,267
643354,1000.00,935,267
643456,1000.00,937,260
643557,1000.00,935,267
643658,1000.00,935,267
643760,1000.00,935,267
643861,1000.00,935,267
643962,1000.00,935,267
644064,1000.00,935,267
644165,1000.00,935,267
644267,1000.00,936,263
644368,1000.00,935,267
644469,1000.00,936,263
644571,1000.00,935,267
644672,1000.00,935,267
644773,1000.00,935,267
644875,1000.00,935,267
644976,1000.00,934,270
645078,1000.00,935,267
645179,1000.00,935,267
645280,1000.00,936,263
645382,1000.00,935,267
645483,1000.00,935,267
645584,1000.00,935,267
645686,1000.00,935,267
645787,1000.00,935,267
645889,1000.00,935,267
645990,1000.00,934,270
646091,1000.00,935,267
646192,1000.00,935,267
646293,1000.00,935,267
646394,1000.00,934,270
646496,1000.00,933,273
646597,1000.00,935,267
646699,1000.00,936,263
646800,1000.00,935,267
646901,1000.00,935,267
647003,1000.00,935,267
647104,1000.00,934,270
647205,1000.00,937,260
647307,1000.00,932,277
647408,1000.00,934,270
647510,1000.00,934,270
647611,1000.00,934,270
647712,1000.00,935,267
647814,1000.00,933,273
647915,1000.00,932,277
648016,1000.00,934,270
648118,1000.00,935,267
648219,1000.00,937,260
648321,1000.00,935,267
648422,1000.00,937,260
648523,1000.00,937,260
648625,1000.00,935,267
648726,1000.00,935,267
648827,1000.00,935,267
648929,1000.00,935,267
649030,1000.00,935,267
649132,1000.00,935,267
649233,1000.00,935,267
649334,1000.00,935,267
649436,1000.00,934,270
649537,1000.00,934,270
649638,1000.00,936,263
649740,1000.00,933,273
649841,1000.00,936,263
649943,1000.00,935,267
650044,1000.00,934,270
650145,1000.00,934,270
650247,1000.00,935,267
650348,1000.00,936,263
650449,1000.00,934,270
650551,1000.00,936,263
650652,1000.00,934,270
650754,1000.00,934,270
650855,1000.00,935,267
650956,1000.00,935,267
651058,1000.00,935,267
651159,1000.00,935,267
651260,1000.00,935,267
651362,1000.00,935,267
651463,1000.00,936,263
651565,1000.00,934,270
651666,1000.00,935,267
651767,1000.00,937,260
651869,1000.00,935,267
651970,1000.00,934,270
652071,1000.00,933,273
652173,1000.00,934,270
652274,1000.00,933,273
652376,1000.00,935,267
652477,1000.00,934,270
652578,1000.00,936,263
652680,1000.00,934,270
652781,1000.00,933,273
652882,1000.00,936,263
652984,1000.00,936,263
653085,1000.00,934,270
653187,1000.00,935,267
653288,1000.00,934,270
653389,1000.00,934,270
653491,1000.00,936,263
653592,1000.00,934,270
653693,1000.00,934,270
653795,1000.00,935,267
653896,1000.00,934,270
653998,1000.00,934,270
654099,1000.00,935,267
654200,1000.00,936,263
654302,1000.00,929,287
654403,1000.00,933,273
654504,1000.00,934,270
654606,1000.00,936,263
654707,1000.00,937,260
654809,1000.00,935,267
654910,1000.00,935,267
655011,1000.00,934,270
655113,1000.00,933,273
655214,1000.00,934,270
655315,1000.00,935,267
655417,1000.00,935,267
655518,1000.00,935,267
655620,1000.00,935,267
655721,1000.00,935,267
655822,1000.00,931,280
655924,1000.00,934,270
656025,1000.00,935,267
656126,1000.00,936,263
656228,1000.00,933,273
656329,1000.00,935,267
656431,1000.00,933,273
656532,1000.00,934,270
656633,1000.00,936,263
656735,1000.00,936,263
656836,1000.00,933,273
656937,1000.00,933,273
657039,1000.00,935,267
657140,1000.00,935,267
657242,1000.00,936,263
657343,1000.00,936,263
657444,1000.00,935,267
657546,1000.00,933,273
657647,1000.00,935,267
657748,1000.00,934,270
657850,1000.00,935,267
657951,1000.00,935,267
658053,1000.00,936,263
658154,1000.00,936,263
658255,1000.00,933,273
658357,1000.00,935,267
658457,1000.00,935,267
658558,1000.00,930,283
658660,1000.00,935,267
658761,1000.00,933,273
658863,1000.00,934,270
658964,1000.00,935,267
659065,1000.00,934,270
659167,1000.00,934,270
659268,1000.00,935,267
659369,1000.00,934,270
659471,1000.00,936,263
659572,1000.00,936,263
659674,1000.00,934,270
659775,1000.00,933,273
659876,1000.00,933,273
659978,1000.00,934,270
660079,1000.00,934,270
660180,1000.00,937,260
660282,1000.00,936,263
660383,1000.00,935,267
660485,1000.00,936,263
660586,1000.00,935,267
660687,1000.00,933,273
660789,1000.00,935,267
660890,1000.00,935,267
660992,1000.00,934,270
661093,1000.00,935,267
661194,1000.00,934,270
661296,1000.00,935,267
661397,1000.00,934,270
661498,1000.00,934,270
661600,1000.00,934,270
661701,1000.00,934,270
661803,1000.00,936,263
661904,1000.00,935,267
662005,1000.00,936,263
662107,1000.00,936,263
662208,1000.00,935,267
662309,1000.00,936,263
662411,1000.00,935,267
662512,1000.00,935,267
662614,1000.00,936,263
662715,1000.00,935,267
662816,1000.00,932,277
662918,1000.00,935,267
663019,1000.00,935,267
663120,1000.00,935,267
663222,1000.00,934,270
663323,1000.00,935,267
663425,1000.00,936,263
663526,1000.00,936,263
663627,1000.00,934,270
663729,1000.00,933,273
663830,1000.00,934,270
663931,1000.00,934,270
664033,1000.00,934,270
664134,1000.00,935,267
664236,1000.00,934,270
664337,1000.00,933,273
664438,1000.00,936,263
664540,1000.00,936,263
664641,1000.00,936,263
664742,1000.00,933,273
664844,1000.00,935,267
664945,1000.00,935,267
665047,1000.00,934,270
665148,1000.00,934,270
665249,1000.00,934,270
665351,1000.00,935,267
665452,1000.00,936,263
665553,1000.00,935,267
665655,1000.00,934,270
665756,1000.00,933,273
665858,1000.00,933,273
665959,1000.00,935,267
666060,1000.00,937,260
666162,1000.00,934,270
666263,1000.00,934,270
666364,1000.00,934,270
666466,1000.00,936,263
666567,1000.00,936,263
666669,1000.00,933,273
666770,1000.00,935,267
666871,1000.00,933,273
666973,1000.00,935,267
667074,1000.00,935,267
667175,1000.00,936,263
667277,1000.00,935,267
667378,1000.00,934,270
667480,1000.00,935,267
667581,1000.00,933,273
667682,1000.00,936,263
667784,1000.00,936,263
667885,1000.00,937,260
667986,1000.00,936,263
668088,1000.00,933,273
668189,1000.00,935,267
668291,1000.00,935,267
668392,1000.00,935,267
668493,1000.00,933,273
668595,1000.00,933,273
668696,1000.00,935,267
668797,1000.00,936,263
668899,1000.00,936,263
669000,1000.00,936,263
669102,1000.00,935,267
669203,1000.00,934,270
669304,1000.00,935,267
669406,1000.00,936,263
669507,1000.00,935,267
669608,1000.00,935,267
669710,1000.00,935,267
669811,1000.00,934,270
669913,1000.00,935,267
670013,1000.00,935,267
670114,1000.00,934,270
670216,1000.00,936,263
670317,1000.00,933,273
670418,1000.00,937,260
670520,1000.00,933,273
670621,1000.00,936,263
670723,1000.00,934,270
670824,1000.00,934,270
670925,1000.00,935,267
671027,1000.00,934,270
671128,1000.00,934,270
671229,1000.00,935,267
671331,1000.00,935,267
671432,1000.00,934,270
671534,1000.00,933,273
671635,1000.00,934,270
671736,1000.00,935,267
671838,1000.00,933,273
671939,1000.00,935,267
672040,1000.00,935,267
672142,1000.00,936,263
672243,1000.00,936,263
672345,1000.00,937,260
672446,1000.00,935,267
672547,1000.00,936,263
672649,1000.00,936,263
672750,1000.00,935,267
672851,1000.00,934,270
672953,1000.00,935,267
673054,1000.00,936,263
673156,1000.00,935,267
673257,1000.00,935,267
673358,1000.00,934,270
673460,1000.00,934,270
673561,1000.00,937,260
673662,1000.00,935,267
673764,1000.00,935,267
673865,1000.00,936,263
673967,1000.00,935,267
674068,1000.00,935,267
674169,1000.00,936,263
674271,1000.00,933,273
674372,1000.00,935,267
674473,1000.00,934,270
674575,1000.00,933,273
674676,1000.00,935,267
674778,1000.00,936,263
674879,1000.00,936,263
674980,1000.00,934,270
675082,1000.00,935,267
675183,1000.00,935,267
675284,1000.00,936,263
675386,1000.00,932,277
675487,1000.00,935,267
675589,1000.00,935,267
675690,1000.00,934,270
675791,1000.00,936,263
675893,1000.00,936,263
675994,1000.00,933,273
676096,1000.00,934,270
676197,1000.00,936,263
676298,1000.00,935,267
676400,1000.00,937,260
676501,1000.00,936,263
676602,1000.00,935,267
676704,1000.00,935,267
676805,1000.00,936,263
676907,1000.00,934,270
677008,1000.00,934,270
677109,1000.00,936,263
677211,1000.00,933,273
677312,1000.00,935,267
677413,1000.00,935,267
677515,1000.00,935,267
677616,1000.00,936,263
677718,1000.00,934,270
677819,1000.00,933,273
677920,1000.00,935,267
678022,1000.00,937,260
678123,1000.00,934,270
678224,1000.00,935,267
678326,1000.00,936,263
678427,1000.00,934,270
678529,1000.00,935,267
678630,1000.00,936,263
678731,1000.00,935,267
678833,1000.00,935,267
678934,1000.00,934,270
679035,1000.00,934,270
679137,1000.00,935,267
679238,1000.00,935,267
679340,1000.00,935,267
679441,1000.00,937,260
679542,1000.00,936,263
679644,1000.00,934,270
679745,1000.00,935,267
679846,1000.00,935,267
679948,1000.00,937,260
680049,1000.00,934,270
680151,1000.00,936,263
680252,1000.00,934,270
680353,1000.00,936,263
680455,1000.00,935,267
680556,1000.00,934,270
680657,1000.00,933,273
680759,1000.00,934,270
680860,1000.00,934,270
680962,1000.00,935,267
681063,1000.00,935,267
681164,1000.00,933,273
681266,1000.00,932,277
681367,1000.00,936,263
681468,1000.00,935,267
681570,1000.00,936,263
681671,1000.00,936,263
681773,1000.00,936,263
681874,1000.00,936,263
681975,1000.00,935,267
682076,1000.00,933,273
682177,1000.00,931,280
682278,1000.00,933,273
682380,1000.00,934,270
682481,1000.00,933,273
682583,1000.00,934,270
682684,1000.00,935,267
682785,1000.00,934,270
682887,1000.00,937,260
682988,1000.00,935,267
683089,1000.00,935,267
683191,1000.00,933,273
683292,1000.00,934,270
683394,1000.00,936,263
683495,1000.00,935,267
683596,1000.00,936,263
683698,1000.00,935,267
683799,1000.00,935,267
683900,1000.00,934,270
684002,1000.00,935,267
684103,1000.00,936,263
684205,1000.00,936,263
684306,1000.00,935,267
684407,1000.00,933,273
684509,1000.00,935,267
684610,1000.00,936,263
684711,1000.00,936,263
684813,1000.00,938,257
684914,1000.00,934,270
685016,1000.00,934,270
685117,1000.00,935,267
685218,1000.00,935,267
685320,1000.00,937,260
685421,1000.00,935,267
685522,1000.00,934,270
685624,1000.00,935,267
685725,1000.00,937,260
685827,1000.00,935,267
685928,1000.00,935,267
686029,1000.00,934,270
686131,1000.00,934,270
686232,1000.00,933,273
686333,1000.00,934,270
686435,1000.00,935,267
686536,1000.00,935,267
686638,1000.00,936,263
686739,1000.00,933,273
686840,1000.00,935,267
686942,1000.00,933,273
687043,1000.00,936,263
687144,1000.00,936,263
687246,1000.00,933,273
687347,1000.00,934,270
687449,1000.00,936,263
687550,1000.00,937,260
687651,1000.00,936,263
687753,1000.00,933,273
687854,1000.00,935,267
687955,1000.00,935,267
688057,1000.00,936,263
688158,1000.00,936,263
688260,1000.00,936,263
688361,1000.00,936,263
688462,1000.00,936,263
688564,1000.00,934,270
688665,1000.00,933,273
688766,1000.00,935,267
688868,1000.00,934,270
688969,1000.00,936,263
689071,1000.00,935,267
689172,1000.00,935,267
689273,1000.00,935,267
689375,1000.00,937,260
689476,1000.00,935,267
689577,1000.00,934,270
689679,1000.00,938,257
689780,1000.00,936,263
689882,1000.00,935,267
689983,1000.00,934,270
690084,1000.00,933,273
690186,1000.00,934,270
690287,1000.00,935,267
690388,1000.00,935,267
690490,1000.00,936,263
690591,1000.00,934,270
690693,1000.00,936,263
690794,1000.00,936,263
690895,1000.00,935,267
690997,1000.00,934,270
691098,1000.00,933,273
691200,1000.00,936,263
691301,1000.00,935,267
691402,1000.00,935,267
691504,1000.00,935,267
691605,1000.00,935,267
691706,1000.00,935,267
691808,1000.00,936,263
691909,1000.00,935,267
692011,1000.00,934,270
692112,1000.00,935,267
692213,1000.00,935,267
692315,1000.00,936,263
692416,1000.00,935,267
692517,1000.00,936,263
692619,1000.00,935,267
692720,1000.00,936,263
692822,1000.00,934,270
692923,1000.00,934,270
693024,1000.00,936,263
693126,1000.00,935,267
693227,1000.00,933,273
693328,1000.00,935,267
693430,1000.00,934,270
693531,1000.00,937,260
693633,1000.00,935,267
693734,1000.00,936,263
693835,1000.00,935,267
693937,1000.00,935,267
694038,1000.00,935,267
694139,1000.00,934,270
694241,1000.00,936,263
694342,1000.00,933,273
694444,1000.00,935,267
694545,1000.00,936,263
694646,1000.00,936,263
694747,1000.00,937,260
694848,1000.00,935,267
694949,1000.00,934,270
695051,1000.00,936,263
695152,1000.00,935,267
695254,1000.00,935,267
695355,1000.00,935,267
695456,1000.00,936,263
695558,1000.00,935,267
695659,1000.00,934,270
695760,1000.00,936,263
695862,1000.00,936,263
695963,1000.00,936,263
696065,1000.00,936,263
696166,1000.00,933,273
696267,1000.00,936,263
696369,1000.00,933,273
696470,1000.00,935,267
696571,1000.00,935,267
696673,1000.00,936,263
696774,1000.00,935,267
696876,1000.00,937,260
696977,1000.00,933,273
697078,1000.00,935,267
697180,1000.00,935,267
697281,1000.00,935,267
697382,1000.00,935,267
697484,1000.00,934,270
697585,1000.00,935,267
697687,1000.00,935,267
697788,1000.00,935,267
697889,1000.00,936,263
697991,1000.00,934,270
698092,1000.00,935,267
698193,1000.00,935,267
698295,1000.00,934,270
698396,1000.00,935,267
698498,1000.00,937,260
698599,1000.00,933,273
698700,1000.00,936,263
698802,1000.00,933,273
698903,1000.00,936,263
699004,1000.00,936,263
699106,1000.00,934,270
699207,1000.00,935,267
699309,1000.00,935,267
699410,1000.00,936,263
699511,1000.00,935,267
699613,1000.00,935,267
699714,1000.00,935,267
699815,1000.00,934,270
699917,1000.00,935,267
700018,1000.00,934,270
700120,1000.00,935,267
700221,1000.00,935,267
700322,1000.00,936,263
700424,1000.00,935,267
700525,1000.00,934,270
700626,1000.00,936,263
700728,1000.00,933,273
700829,1000.00,935,267
700931,1000.00,934,270
701032,1000.00,934,270
701133,1000.00,936,263
701235,1000.00,936,263
701336,1000.00,935,267
701437,1000.00,934,270
701539,1000.00,935,267
701640,1000.00,934,270
701742,1000.00,934,270
701843,1000.00,938,257
701944,1000.00,934,270
702046,1000.00,935,267
702147,1000.00,933,273
702248,1000.00,935,267
702350,1000.00,936,263
702451,1000.00,935,267
702553,1000.00,935,267
702654,1000.00,933,273
702755,1000.00,936,263
702857,1000.00,936,263
702958,1000.00,937,260
703059,1000.00,935,267
703161,1000.00,934,270
703262,1000.00,936,263
703364,1000.00,935,267
703465,1000.00,935,267
703566,1000.00,936,263
703668,1000.00,937,260
703769,1000.00,935,267
703870,1000.00,934,270
703972,1000.00,935,267
704073,1000.00,933,273
704175,1000.00,935,267
704276,1000.00,935,267
704377,1000.00,935,267
704479,1000.00,936,263
704580,1000.00,937,260
704681,1000.00,934,270
704783,1000.00,936,263
704884,1000.00,933,273
704986,1000.00,934,270
705087,1000.00,933,273
705188,1000.00,936,263
705290,1000.00,936,263
705391,1000.00,936,263
705492,1000.00,935,267
705594,1000.00,931,280
705695,1000.00,934,270
705797,1000.00,934,270
705898,1000.00,934,270
705999,1000.00,935,267
706101,1000.00,937,260
706202,1000.00,935,267
706304,1000.00,936,263
706405,1000.00,936,263
706506,1000.00,936,263
706608,1000.00,934,270
706709,1000.00,934,270
706810,1000.00,932,277
706912,1000.00,935,267
707013,1000.00,935,267
707115,1000.00,934,270
707216,1000.00,936,263
707317,1000.00,935,267
707419,1000.00,937,260
707520,1000.00,936,263
707621,1000.00,936,263
707723,1000.00,933,273
707824,1000.00,934,270
707926,1000.00,934,270
708027,1000.00,933,273
708128,1000.00,935,267
708229,1000.00,936,263
708330,1000.00,935,267
708431,1000.00,934,270
708533,1000.00,934,270
708634,1000.00,936,263
708736,1000.00,936,263
708837,1000.00,936,263
708938,1000.00,935,267
709040,1000.00,936,263
709141,1000.00,936,263
709242,1000.00,935,267
709344,1000.00,935,267
709445,1000.00,934,270
709547,1000.00,936,263
709648,1000.00,934,270
709749,1000.00,931,280
709851,1000.00,933,273
709952,1000.00,933,273
710053,1000.00,933,273
710155,1000.00,935,267
710256,1000.00,934,270
710358,1000.00,935,267
710459,1000.00,933,273
710560,1000.00,935,267
710662,1000.00,935,267
710763,1000.00,640,1695
710864,1000.00,305,6669
710966,1000.00,311,6486
711067,1000.00,290,7161
711170,1000.00,273,7783
711271,1000.00,267,8022
711372,1000.00,264,8145
711474,1000.00,261,8271
711575,1000.00,257,8444
711676,1000.00,252,8668
711778,1000.00,254,8577
711879,1000.00,239,9293
# load_kg=-1.00
711981,-1.00,242,9143
712082,-1.00,235,9500
712183,-1.00,250,8760
712285,-1.00,254,8577
712386,-1.00,248,8853
712487,-1.00,232,9659
712589,-1.00,221,10281
712690,-1.00,209,11034
712792,-1.00,184,12918
712893,-1.00,185,12833
712993,-1.00,182,13091
713095,-1.00,183,13004
713196,-1.00,182,13091
713297,-1.00,182,13091
713399,-1.00,176,13634
713500,-1.00,170,14215
713602,-1.00,165,14732
713703,-1.00,166,14626
713804,-1.00,162,15057
713906,-1.00,161,15168
714007,-1.00,158,15510
714108,-1.00,158,15510
714210,-1.00,156,15745
714311,-1.00,153,16109
714413,-1.00,156,15745
714514,-1.00,153,16109
714615,-1.00,154,15986
714716,-1.00,152,16234
714817,-1.00,154,15986
714918,-1.00,152,16234
715020,-1.00,153,16109
715121,-1.00,145,17154
715223,-1.00,134,18795
715324,-1.00,134,18795
715425,-1.00,131,19290
715527,-1.00,133,18958
715628,-1.00,134,18795
715729,-1.00,135,18635
715831,-1.00,135,18635
715932,-1.00,134,18795
716034,-1.00,133,18958
716135,-1.00,133,18958
716236,-1.00,136,18477
716338,-1.00,135,18635
716439,-1.00,132,19123
716539,-1.00,132,19123
716641,-1.00,134,18795
716742,-1.00,133,18958
716844,-1.00,129,19633
716945,-1.00,136,18477
717046,-1.00,137,18321
717148,-1.00,137,18321
717249,-1.00,135,18635
717350,-1.00,132,19123
717452,-1.00,133,18958
717553,-1.00,133,18958
717655,-1.00,130,19461
717756,-1.00,129,19633
717857,-1.00,130,19461
717959,-1.00,128,19809
718060,-1.00,129,19633
718161,-1.00,129,19633
718262,-1.00,131,19290
718363,-1.00,137,18321
718465,-1.00,137,18321
718566,-1.00,136,18477
718667,-1.00,134,18795
718769,-1.00,135,18635
718870,-1.00,135,18635
718971,-1.00,132,19123
719073,-1.00,132,19123
719174,-1.00,133,18958
719276,-1.00,134,18795
719377,-1.00,135,18635
719478,-1.00,135,18635
719580,-1.00,133,18958
719681,-1.00,133,18958
719782,-1.00,132,19123
719884,-1.00,131,19290
719984,-1.00,133,18958
720086,-1.00,133,18958
720187,-1.00,129,19633
720288,-1.00,137,18321
720390,-1.00,135,18635
720491,-1.00,134,18795
720592,-1.00,135,18635
720694,-1.00,133,18958
720795,-1.00,131,19290
720897,-1.00,132,19123
720998,-1.00,132,19123
721099,-1.00,133,18958
721201,-1.00,133,18958
721302,-1.00,129,19633
721403,-1.00,130,19461
721505,-1.00,129,19633
721605,-1.00,138,18168
721707,-1.00,139,18017
721808,-1.00,136,18477
721909,-1.00,137,18321
722011,-1.00,137,18321
722112,-1.00,135,18635
722213,-1.00,129,19633
722315,-1.00,136,18477
722416,-1.00,138,18168
722518,-1.00,138,18168
722619,-1.00,136,18477
722720,-1.00,135,18635
722822,-1.00,136,18477
722923,-1.00,134,18795
723024,-1.00,132,19123
723126,-1.00,128,19809
723227,-1.00,127,19987
723328,-1.00,124,20539
723429,-1.00,123,20729
723530,-1.00,123,20729
723632,-1.00,124,20539
723733,-1.00,122,20922
723834,-1.00,125,20352
723936,-1.00,122,20922
724037,-1.00,124,20539
724139,-1.00,123,20729
724240,-1.00,122,20922
724341,-1.00,123,20729
724443,-1.00,124,20539
724544,-1.00,123,20729
724645,-1.00,124,20539
724747,-1.00,123,20729
724848,-1.00,124,20539
724948,-1.00,126,20168
725050,-1.00,123,20729
725151,-1.00,122,20922
725253,-1.00,123,20729
725354,-1.00,124,20539
725455,-1.00,123,20729
725557,-1.00,123,20729
725658,-1.00,124,20539
725760,-1.00,123,20729
725861,-1.00,122,20922
725962,-1.00,121,21119
726064,-1.00,124,20539
726165,-1.00,123,20729
726266,-1.00,123,20729
726368,-1.00,126,20168
726469,-1.00,124,20539
726571,-1.00,124,20539
726671,-1.00,125,20352
726772,-1.00,125,20352
726874,-1.00,122,20922
726975,-1.00,125,20352
727076,-1.00,123,20729
727178,-1.00,124,20539
727279,-1.00,121,21119
727380,-1.00,122,20922
727482,-1.00,121,21119
727583,-1.00,122,20922
727685,-1.00,123,20729
727786,-1.00,120,21318
727887,-1.00,122,20922
727989,-1.00,120,21318
728090,-1.00,115,22368
728192,-1.00,114,22589
728292,-1.00,121,21119
728393,-1.00,116,22151
728495,-1.00,116,22151
728596,-1.00,116,22151
728697,-1.00,115,22368
728799,-1.00,116,22151
728900,-1.00,117,21938
729001,-1.00,114,22589
729103,-1.00,116,22151
729204,-1.00,116,22151
729306,-1.00,115,22368
729407,-1.00,115,22368
729508,-1.00,115,22368
729610,-1.00,114,22589
729711,-1.00,119,21521
729812,-1.00,118,21728
729913,-1.00,113,22814
730014,-1.00,113,22814
730116,-1.00,114,22589
730217,-1.00,116,22151
730318,-1.00,115,22368
730420,-1.00,119,21521
730521,-1.00,120,21318
730622,-1.00,121,21119
730724,-1.00,119,21521
730825,-1.00,117,21938
730927,-1.00,120,21318
731028,-1.00,119,21521
731129,-1.00,119,21521
731231,-1.00,120,21318
731332,-1.00,118,21728
731433,-1.00,119,21521
731535,-1.00,118,21728
731635,-1.00,119,21521
731737,-1.00,120,21318
731838,-1.00,119,21521
731939,-1.00,119,21521
732041,-1.00,120,21318
732142,-1.00,118,21728
732243,-1.00,119,21521
732345,-1.00,122,20922
732446,-1.00,128,19809
732548,-1.00,125,20352
732649,-1.00,128,19809
732750,-1.00,126,20168
732852,-1.00,127,19987
732953,-1.00,127,19987
733054,-1.00,129,19633
733156,-1.00,126,20168
733257,-1.00,128,19809
733358,-1.00,126,20168
733459,-1.00,128,19809
733560,-1.00,126,20168
733662,-1.00,125,20352
733763,-1.00,125,20352
733864,-1.00,126,20168
733966,-1.00,125,20352
734067,-1.00,126,20168
734169,-1.00,125,20352
734270,-1.00,127,19987
734371,-1.00,128,19809
734473,-1.00,126,20168
734574,-1.00,126,20168
734675,-1.00,123,20729
734777,-1.00,125,20352
734878,-1.00,123,20729
734979,-1.00,124,20539
735080,-1.00,122,20922
735181,-1.00,126,20168
735283,-1.00,122,20922
735384,-1.00,124,20539
735485,-1.00,123,20729
735587,-1.00,123,20729
735688,-1.00,126,20168
735790,-1.00,125,20352
735891,-1.00,124,20539
735992,-1.00,123,20729
736094,-1.00,123,20729
736195,-1.00,123,20729
736296,-1.00,124,20539
736398,-1.00,124,20539
736499,-1.00,123,20729
736601,-1.00,122,20922
736701,-1.00,123,20729
736802,-1.00,111,23277
736904,-1.00,108,24002
737005,-1.00,110,23514
737106,-1.00,112,23043
737208,-1.00,107,24253
737309,-1.00,109,23756
737411,-1.00,109,23756
737512,-1.00,110,23514
737613,-1.00,107,24253
737715,-1.00,110,23514
737816,-1.00,107,24253
737917,-1.00,109,23756
738019,-1.00,110,23514
738120,-1.00,107,24253
738222,-1.00,107,24253
738323,-1.00,109,23756
738423,-1.00,107,24253
738525,-1.00,106,24508
738626,-1.00,106,24508
738727,-1.00,108,24002
738829,-1.00,109,23756
738930,-1.00,107,24253
739032,-1.00,110,23514
739133,-1.00,107,24253
739234,-1.00,107,24253
739336,-1.00,107,24253
739437,-1.00,107,24253
739538,-1.00,107,24253
739640,-1.00,110,23514
739741,-1.00,108,24002
739843,-1.00,109,23756
739944,-1.00,106,24508
740045,-1.00,107,24253
740146,-1.00,105,24769
740247,-1.00,105,24769
740348,-1.00,106,24508
740450,-1.00,104,25034
740551,-1.00,104,25034
740653,-1.00,100,26149
740754,-1.00,100,26149
740855,-1.00,99,26441
740957,-1.00,99,26441
741058,-1.00,97,27045
741159,-1.00,98,26740
741261,-1.00,98,26740
741361,-1.00,98,26740
741463,-1.00,98,26740
741564,-1.00,96,27356
741665,-1.00,97,27045
741767,-1.00,97,27045
741868,-1.00,96,27356
741969,-1.00,97,27045
742071,-1.00,98,26740
742172,-1.00,97,27045
742274,-1.00,99,26441
742374,-1.00,97,27045
742475,-1.00,98,26740
742577,-1.00,99,26441
742678,-1.00,98,26740
742779,-1.00,94,27998
742881,-1.00,94,27998
742982,-1.00,94,27998
743084,-1.00,98,26740
743185,-1.00,96,27356
743285,-1.00,96,27356
743387,-1.00,98,26740
743488,-1.00,97,27045
743589,-1.00,98,26740
743691,-1.00,97,27045
743792,-1.00,97,27045
743894,-1.00,96,27356
743995,-1.00,98,26740
744096,-1.00,97,27045
744197,-1.00,96,27356
744298,-1.00,96,27356
744399,-1.00,96,27356
744501,-1.00,95,27674
744602,-1.00,95,27674
744704,-1.00,94,27998
744805,-1.00,95,27674
744906,-1.00,96,27356
745008,-1.00,101,25862
745108,-1.00,93,28330
745209,-1.00,93,28330
745311,-1.00,94,27998
745412,-1.00,94,27998
745513,-1.00,96,27356
745615,-1.00,93,28330
745716,-1.00,95,27674
745818,-1.00,94,27998
745919,-1.00,96,27356
746020,-1.00,95,27674
746121,-1.00,95,27674
746222,-1.00,96,27356
746323,-1.00,96,27356
746425,-1.00,96,27356
746526,-1.00,95,27674
746628,-1.00,95,27674
746729,-1.00,96,27356
746830,-1.00,95,27674
746932,-1.00,92,28669
747032,-1.00,93,28330
747133,-1.00,94,27998
747235,-1.00,95,27674
747336,-1.00,94,27998
747438,-1.00,94,27998
747539,-1.00,94,27998
747640,-1.00,94,27998
747742,-1.00,92,28669
747843,-1.00,92,28669
747943,-1.00,93,28330
748045,-1.00,94,27998
748146,-1.00,91,29015
748248,-1.00,90,29369
748349,-1.00,93,28330
748450,-1.00,92,28669
748552,-1.00,94,27998
748653,-1.00,93,28330
748754,-1.00,92,28669
748855,-1.00,92,28669
748956,-1.00,90,29369
749058,-1.00,91,29015
749159,-1.00,90,29369
749260,-1.00,91,29015
749362,-1.00,90,29369
749463,-1.00,90,29369
749564,-1.00,89,29731
749666,-1.00,90,29369
749766,-1.00,92,28669
749868,-1.00,88,30101
749969,-1.00,90,29369
750070,-1.00,91,29015
750172,-1.00,90,29369
750273,-1.00,89,29731
750374,-1.00,88,30101
750476,-1.00,90,29369
750577,-1.00,88,30101
750679,-1.00,86,30867
750779,-1.00,90,29369
750880,-1.00,88,30101
750982,-1.00,89,29731
751083,-1.00,89,29731
751184,-1.00,89,29731
751286,-1.00,89,29731
751387,-1.00,88,30101
751489,-1.00,88,30101
751590,-1.00,88,30101
751690,-1.00,89,29731
751792,-1.00,89,29731
751893,-1.00,88,30101
751994,-1.00,86,30867
752096,-1.00,89,29731
752197,-1.00,88,30101
752299,-1.00,90,29369
752400,-1.00,89,29731
752501,-1.00,90,29369
752602,-1.00,89,29731
752703,-1.00,88,30101
752804,-1.00,88,30101
752906,-1.00,89,29731
753007,-1.00,91,29015
753108,-1.00,88,30101
753210,-1.00,88,30101
753311,-1.00,89,29731
753413,-1.00,90,29369
753513,-1.00,89,29731
753614,-1.00,88,30101
753716,-1.00,89,29731
753817,-1.00,90,29369
753918,-1.00,90,29369
754020,-1.00,90,29369
754121,-1.00,90,29369
754223,-1.00,91,29015
754324,-1.00,90,29369
754425,-1.00,89,29731
754526,-1.00,90,29369
754627,-1.00,87,30479
754728,-1.00,87,30479
754830,-1.00,87,30479
754931,-1.00,89,29731
755033,-1.00,86,30867
755134,-1.00,98,26740
755235,-1.00,88,30101
755337,-1.00,90,29369
755437,-1.00,90,29369
755538,-1.00,89,29731
755640,-1.00,88,30101
755741,-1.00,85,31263
755843,-1.00,85,31263
755944,-1.00,86,30867
756045,-1.00,83,32085
756147,-1.00,84,31669
756248,-1.00,83,32085
756348,-1.00,84,31669
756450,-1.00,87,30479
756551,-1.00,86,30867
756653,-1.00,86,30867
756754,-1.00,86,30867
756855,-1.00,87,30479
756957,-1.00,85,31263
757058,-1.00,87,30479
757159,-1.00,85,31263
757260,-1.00,83,32085
757361,-1.00,86,30867
757463,-1.00,87,30479
757564,-1.00,86,30867
757665,-1.00,85,31263
757767,-1.00,87,30479
757868,-1.00,86,30867
757969,-1.00,82,32510
758071,-1.00,85,31263
758171,-1.00,86,30867
758273,-1.00,84,31669
758374,-1.00,84,31669
758475,-1.00,85,31263
758577,-1.00,82,32510
758678,-1.00,84,31669
758779,-1.00,84,31669
758881,-1.00,82,32510
758982,-1.00,84,31669
759084,-1.00,81,32947
759184,-1.00,82,32510
759285,-1.00,81,32947
759387,-1.00,82,32510
759488,-1.00,81,32947
759589,-1.00,82,32510
759691,-1.00,81,32947
759792,-1.00,81,32947
759894,-1.00,94,27998
759995,-1.00,93,28330
760095,-1.00,93,28330
760197,-1.00,91,29015
760298,-1.00,91,29015
760399,-1.00,90,29369
760501,-1.00,93,28330
760602,-1.00,94,27998
760704,-1.00,94,27998
760805,-1.00,92,28669
760906,-1.00,94,27998
761007,-1.00,94,27998
761108,-1.00,92,28669
761209,-1.00,92,28669
761311,-1.00,92,28669
761412,-1.00,93,28330
761513,-1.00,92,28669
761615,-1.00,93,28330
761716,-1.00,94,27998
761818,-1.00,91,29015
761918,-1.00,91,29015
762019,-1.00,96,27356
762121,-1.00,92,28669
762222,-1.00,92,28669
762323,-1.00,95,27674
762425,-1.00,90,29369
762526,-1.00,92,28669
762628,-1.00,94,27998
762729,-1.00,95,27674
762830,-1.00,93,28330
762931,-1.00,94,27998
763032,-1.00,93,28330
763133,-1.00,98,26740
763235,-1.00,92,28669
763336,-1.00,90,29369
763438,-1.00,92,28669
763539,-1.00,93,28330
763640,-1.00,90,29369
763742,-1.00,95,27674
763842,-1.00,95,27674
763943,-1.00,99,26441
764045,-1.00,95,27674
764146,-1.00,94,27998
764248,-1.00,96,27356
764349,-1.00,95,27674
764450,-1.00,98,26740
764552,-1.00,95,27674
764653,-1.00,96,27356
764753,-1.00,95,27674
764855,-1.00,97,27045
764956,-1.00,95,27674
765058,-1.00,96,27356
765159,-1.00,95,27674
765260,-1.00,94,27998
765362,-1.00,97,27045
765463,-1.00,96,27356
765564,-1.00,96,27356
765665,-1.00,96,27356
765766,-1.00,98,26740
765868,-1.00,98,26740
765969,-1.00,96,27356
766070,-1.00,94,27998
766172,-1.00,97,27045
766273,-1.00,95,27674
766374,-1.00,94,27998
766476,-1.00,92,28669
766576,-1.00,96,27356
766678,-1.00,96,27356
766779,-1.00,93,28330
766880,-1.00,97,27045
766982,-1.00,96,27356
767083,-1.00,95,27674
767184,-1.00,93,28330
767286,-1.00,94,27998
767387,-1.00,93,28330
767489,-1.00,90,29369
767589,-1.00,95,27674
767690,-1.00,93,28330
767792,-1.00,93,28330
767893,-1.00,92,28669
767994,-1.00,92,28669
768096,-1.00,93,28330
768197,-1.00,93,28330
768299,-1.00,95,27674
768400,-1.00,94,27998
768500,-1.00,94,27998
768602,-1.00,95,27674
768703,-1.00,93,28330
768804,-1.00,95,27674
768906,-1.00,94,27998
769007,-1.00,94,27998
769108,-1.00,93,28330
769210,-1.00,92,28669
769311,-1.00,95,27674
769412,-1.00,92,28669
769513,-1.00,93,28330
769614,-1.00,91,29015
769716,-1.00,93,28330
769817,-1.00,93,28330
769918,-1.00,92,28669
770020,-1.00,94,27998
770121,-1.00,93,28330
770223,-1.00,93,28330
770323,-1.00,90,29369
770424,-1.00,93,28330
770526,-1.00,93,28330
770627,-1.00,92,28669
770728,-1.00,93,28330
770830,-1.00,92,28669
770931,-1.00,91,29015
771033,-1.00,91,29015
771134,-1.00,90,29369
771235,-1.00,91,29015
771336,-1.00,90,29369
771437,-1.00,86,30867
771538,-1.00,93,28330
771640,-1.00,87,30479
771741,-1.00,90,29369
771843,-1.00,92,28669
771944,-1.00,91,29015
772045,-1.00,91,29015
772147,-1.00,92,28669
772247,-1.00,91,29015
772348,-1.00,90,29369
772450,-1.00,93,28330
772551,-1.00,93,28330
772653,-1.00,91,29015
772754,-1.00,92,28669
772855,-1.00,91,29015
772957,-1.00,89,29731
773058,-1.00,89,29731
773158,-1.00,91,29015
773260,-1.00,90,29369
773361,-1.00,89,29731
773463,-1.00,89,29731
773564,-1.00,92,28669
773665,-1.00,93,28330
773767,-1.00,89,29731
773868,-1.00,92,28669
773969,-1.00,91,29015
774070,-1.00,70,38569
774171,-1.00,92,28669
774273,-1.00,91,29015
774374,-1.00,91,29015
774475,-1.00,91,29015
774577,-1.00,92,28669
774678,-1.00,87,30479
774779,-1.00,91,29015
774881,-1.00,87,30479
774981,-1.00,86,30867
775083,-1.00,90,29369
775184,-1.00,88,30101
775285,-1.00,89,29731
775387,-1.00,88,30101
775488,-1.00,88,30101
775589,-1.00,86,30867
775691,-1.00,88,30101
775792,-1.00,89,29731
775892,-1.00,90,29369
775994,-1.00,88,30101
776095,-1.00,86,30867
776197,-1.00,88,30101
776298,-1.00,86,30867
776399,-1.00,88,30101
776501,-1.00,86,30867
776602,-1.00,90,29369
776704,-1.00,86,30867
776805,-1.00,85,31263
776905,-1.00,86,30867
777007,-1.00,87,30479
777108,-1.00,87,30479
777209,-1.00,87,30479
777311,-1.00,87,30479
777412,-1.00,87,30479
777513,-1.00,87,30479
777615,-1.00,87,30479
777716,-1.00,85,31263
777817,-1.00,87,30479
777918,-1.00,86,30867
778019,-1.00,87,30479
778121,-1.00,86,30867
778222,-1.00,85,31263
778323,-1.00,87,30479
778425,-1.00,87,30479
778526,-1.00,88,30101
778628,-1.00,89,29731
778728,-1.00,91,29015
778829,-1.00,91,29015
778931,-1.00,91,29015
779032,-1.00,93,28330
779133,-1.00,91,29015
779235,-1.00,90,29369
779336,-1.00,91,29015
779438,-1.00,87,30479
779539,-1.00,89,29731
779639,-1.00,87,30479
779741,-1.00,86,30867
779842,-1.00,86,30867
779943,-1.00,86,30867
780045,-1.00,86,30867
780146,-1.00,85,31263
780248,-1.00,87,30479
780349,-1.00,86,30867
780450,-1.00,86,30867
780552,-1.00,83,32085
780652,-1.00,86,30867
780753,-1.00,85,31263
780855,-1.00,86,30867
780956,-1.00,84,31669
781058,-1.00,84,31669
781159,-1.00,85,31263
781260,-1.00,85,31263
781362,-1.00,86,30867
781463,-1.00,85,31263
781563,-1.00,86,30867
781665,-1.00,86,30867
781766,-1.00,85,31263
781868,-1.00,82,32510
781969,-1.00,87,30479
782070,-1.00,87,30479
782172,-1.00,86,30867
782273,-1.00,84,31669
782374,-1.00,86,30867
782475,-1.00,83,32085
782576,-1.00,86,30867
782678,-1.00,83,32085
782779,-1.00,86,30867
782880,-1.00,87,30479
782982,-1.00,85,31263
783083,-1.00,88,30101
783184,-1.00,87,30479
783286,-1.00,86,30867
783386,-1.00,87,30479
783488,-1.00,87,30479
783589,-1.00,69,39169
783690,-1.00,68,39787
783792,-1.00,71,37986
783893,-1.00,72,37419
783994,-1.00,70,38569
784096,-1.00,69,39169
784197,-1.00,72,37419
784297,-1.00,73,36868
784399,-1.00,73,36868
784500,-1.00,71,37986
784602,-1.00,71,37986
784703,-1.00,70,38569
784804,-1.00,72,37419
784906,-1.00,72,37419
785007,-1.00,70,38569
785108,-1.00,70,38569
785210,-1.00,72,37419
785310,-1.00,70,38569
785412,-1.00,70,38569
785513,-1.00,73,36868
785614,-1.00,73,36868
785716,-1.00,70,38569
785817,-1.00,72,37419
785918,-1.00,71,37986
786020,-1.00,72,37419
786121,-1.00,70,38569
786222,-1.00,70,38569
786323,-1.00,72,37419
786424,-1.00,72,37419
786526,-1.00,71,37986
786627,-1.00,70,38569
786728,-1.00,71,37986
786830,-1.00,69,39169
786931,-1.00,72,37419
787033,-1.00,71,37986
787133,-1.00,71,37986
787234,-1.00,70,38569
787336,-1.00,70,38569
787437,-1.00,69,39169
787538,-1.00,69,39169
787640,-1.00,69,39169
787741,-1.00,69,39169
787843,-1.00,69,39169
787944,-1.00,69,39169
788044,-1.00,71,37986
788146,-1.00,70,38569
788247,-1.00,71,37986
788348,-1.00,71,37986
788450,-1.00,71,37986
788551,-1.00,71,37986
788653,-1.00,68,39787
788754,-1.00,69,39169
788855,-1.00,69,39169
788956,-1.00,67,40423
789057,-1.00,68,39787
789158,-1.00,69,39169
789260,-1.00,70,38569
789361,-1.00,68,39787
789463,-1.00,69,39169
789564,-1.00,69,39169
789665,-1.00,69,39169
789767,-1.00,68,39787
789868,-1.00,70,38569
789968,-1.00,69,39169
790070,-1.00,70,38569
790171,-1.00,69,39169
790273,-1.00,69,39169
790374,-1.00,69,39169
790475,-1.00,69,39169
790577,-1.00,67,40423
790678,-1.00,68,39787
790779,-1.00,70,38569
790880,-1.00,70,38569
790981,-1.00,68,39787
791083,-1.00,68,39787
791184,-1.00,67,40423
791285,-1.00,68,39787
791387,-1.00,68,39787
791488,-1.00,68,39787
791589,-1.00,68,39787
791691,-1.00,67,40423
791791,-1.00,67,40423
791892,-1.00,68,39787
791994,-1.00,68,39787
792095,-1.00,67,40423
792197,-1.00,68,39787
792298,-1.00,68,39787
792399,-1.00,68,39787
792501,-1.00,67,40423
792602,-1.00,70,38569
792702,-1.00,67,40423
792804,-1.00,67,40423
792905,-1.00,67,40423
793007,-1.00,68,39787
793108,-1.00,67,40423
793209,-1.00,69,39169
793311,-1.00,67,40423
793412,-1.00,66,41079
793513,-1.00,66,41079
793614,-1.00,65,41754
793715,-1.00,64,42451
793817,-1.00,62,43911
793918,-1.00,62,43911
794019,-1.00,63,43170
794121,-1.00,61,44678
794222,-1.00,62,43911
794323,-1.00,61,44678
794425,-1.00,64,42451
794525,-1.00,61,44678
794627,-1.00,63,43170
794728,-1.00,61,44678
794829,-1.00,64,42451
794931,-1.00,61,44678
795032,-1.00,63,43170
795133,-1.00,65,41754
795235,-1.00,63,43170
795336,-1.00,64,42451
795437,-1.00,65,41754
795538,-1.00,65,41754
795639,-1.00,66,41079
795741,-1.00,64,42451
795842,-1.00,63,43170
795943,-1.00,65,41754
796045,-1.00,64,42451
796146,-1.00,67,40423
796248,-1.00,66,41079
796349,-1.00,64,42451
796449,-1.00,64,42451
796551,-1.00,63,43170
796652,-1.00,65,41754
796753,-1.00,65,41754
796855,-1.00,63,43170
796956,-1.00,65,41754
797058,-1.00,64,42451
797159,-1.00,64,42451
797260,-1.00,65,41754
797361,-1.00,62,43911
797462,-1.00,65,41754
797563,-1.00,62,43911
797665,-1.00,63,43170
797766,-1.00,63,43170
797868,-1.00,63,43170
797969,-1.00,62,43911
798070,-1.00,60,45470
798172,-1.00,58,47135
798272,-1.00,58,47135
798373,-1.00,58,47135
798475,-1.00,59,46288
798576,-1.00,58,47135
798678,-1.00,59,46288
798779,-1.00,57,48012
798880,-1.00,58,47135
798982,-1.00,58,47135
799083,-1.00,59,46288
799183,-1.00,59,46288
799285,-1.00,59,46288
799386,-1.00,59,46288
799488,-1.00,58,47135
799589,-1.00,58,47135
799690,-1.00,59,46288
799792,-1.00,58,47135
799893,-1.00,59,46288
799994,-1.00,58,47135
800095,-1.00,58,47135
800196,-1.00,59,46288
800297,-1.00,59,46288
800399,-1.00,59,46288
800500,-1.00,58,47135
800602,-1.00,58,47135
800703,-1.00,60,45470
800804,-1.00,57,48012
800906,-1.00,59,46288
801006,-1.00,58,47135
801107,-1.00,57,48012
801209,-1.00,57,48012
801310,-1.00,58,47135
801412,-1.00,59,46288
801513,-1.00,59,46288
801614,-1.00,57,48012
801716,-1.00,57,48012
801817,-1.00,49,56313
801917,-1.00,47,58830
802019,-1.00,48,57545
802120,-1.00,47,58830
802222,-1.00,44,63034
802323,-1.00,45,61571
802424,-1.00,45,61571
802526,-1.00,48,57545
802627,-1.00,50,55130
802728,-1.00,54,50837
802829,-1.00,45,61571
802930,-1.00,49,56313
803032,-1.00,52,52901
803133,-1.00,50,55130
803234,-1.00,51,53994
803336,-1.00,49,56313
803437,-1.00,51,53994
803538,-1.00,50,55130
803640,-1.00,49,56313
803740,-1.00,50,55130
803842,-1.00,51,53994
803943,-1.00,50,55130
804044,-1.00,51,53994
804146,-1.00,50,55130
804247,-1.00,51,53994
804348,-1.00,51,53994
804450,-1.00,50,55130
804551,-1.00,49,56313
804653,-1.00,50,55130
804753,-1.00,49,56313
804854,-1.00,49,56313
804956,-1.00,49,56313
805057,-1.00,52,52901
805158,-1.00,49,56313
805260,-1.00,50,55130
805361,-1.00,50,55130
805463,-1.00,49,56313
805564,-1.00,53,51849
805664,-1.00,49,56313
805766,-1.00,50,55130
805867,-1.00,49,56313
805968,-1.00,49,56313
806070,-1.00,50,55130
806171,-1.00,51,53994
806273,-1.00,51,53994
806374,-1.00,50,55130
806475,-1.00,49,56313
806576,-1.00,51,53994
806677,-1.00,49,56313
806778,-1.00,49,56313
806880,-1.00,49,56313
806981,-1.00,49,56313
807083,-1.00,49,56313
807184,-1.00,51,53994
807285,-1.00,49,56313
807387,-1.00,52,52901
807487,-1.00,51,53994
807588,-1.00,49,56313
807690,-1.00,48,57545
807791,-1.00,49,56313
807892,-1.00,50,55130
807994,-1.00,47,58830
808095,-1.00,51,53994
808197,-1.00,50,55130
808298,-1.00,50,55130
808398,-1.00,50,55130
808500,-1.00,50,55130
808601,-1.00,51,53994
808702,-1.00,49,56313
808804,-1.00,50,55130
808905,-1.00,51,53994
809007,-1.00,50,55130
809108,-1.00,51,53994
809209,-1.00,49,56313
809310,-1.00,48,57545
809411,-1.00,50,55130
809512,-1.00,48,57545
809614,-1.00,49,56313
809715,-1.00,49,56313
809817,-1.00,49,56313
809918,-1.00,47,58830
810019,-1.00,50,55130
810121,-1.00,49,56313
810222,-1.00,48,57545
810322,-1.00,50,55130
810424,-1.00,50,55130
810525,-1.00,49,56313
810627,-1.00,49,56313
810728,-1.00,49,56313
810829,-1.00,49,56313
810931,-1.00,50,55130
811032,-1.00,50,55130
811133,-1.00,47,58830
811234,-1.00,50,55130
811335,-1.00,49,56313
811437,-1.00,52,52901
811538,-1.00,50,55130
811639,-1.00,50,55130
811741,-1.00,49,56313
811842,-1.00,48,57545
811943,-1.00,49,56313
812045,-1.00,49,56313
812145,-1.00,48,57545
812247,-1.00,50,55130
812348,-1.00,47,58830
812449,-1.00,48,57545
812551,-1.00,52,52901
812652,-1.00,48,57545
812753,-1.00,48,57545
812855,-1.00,47,58830
812956,-1.00,50,55130
813057,-1.00,47,58830
813158,-1.00,51,53994
813259,-1.00,49,56313
813361,-1.00,49,56313
813462,-1.00,47,58830
813563,-1.00,49,56313
813665,-1.00,48,57545
813766,-1.00,49,56313
813868,-1.00,49,56313
813968,-1.00,49,56313
814069,-1.00,48,57545
814171,-1.00,49,56313
814272,-1.00,48,57545
814373,-1.00,51,53994
814475,-1.00,49,56313
814576,-1.00,49,56313
814678,-1.00,48,57545
814779,-1.00,50,55130
814880,-1.00,52,52901
814981,-1.00,50,55130
815082,-1.00,49,56313
815183,-1.00,47,58830
815285,-1.00,49,56313
815386,-1.00,50,55130
815488,-1.00,49,56313
815589,-1.00,49,56313
815690,-1.00,49,56313
815792,-1.00,51,53994
815892,-1.00,47,58830
815993,-1.00,50,55130
816095,-1.00,47,58830
816196,-1.00,51,53994
816297,-1.00,51,53994
816399,-1.00,49,56313
816500,-1.00,49,56313
816602,-1.00,50,55130
816703,-1.00,51,53994
816803,-1.00,49,56313
816905,-1.00,49,56313
817006,-1.00,49,56313
817107,-1.00,49,56313
817209,-1.00,50,55130
817310,-1.00,50,55130
817412,-1.00,50,55130
817513,-1.00,50,55130
817614,-1.00,48,57545
817715,-1.00,49,56313
817816,-1.00,50,55130
817917,-1.00,50,55130
818019,-1.00,49,56313
818120,-1.00,48,57545
818222,-1.00,47,58830
818323,-1.00,50,55130
818424,-1.00,50,55130
818526,-1.00,49,56313
818626,-1.00,50,55130
818727,-1.00,49,56313
818829,-1.00,50,55130
818930,-1.00,49,56313
819032,-1.00,50,55130
819133,-1.00,49,56313
819234,-1.00,49,56313
819336,-1.00,49,56313
819437,-1.00,49,56313
819538,-1.00,49,56313
819639,-1.00,47,58830
819740,-1.00,48,57545
819842,-1.00,48,57545
819943,-1.00,49,56313
820044,-1.00,48,57545
820146,-1.00,48,57545
820247,-1.00,47,58830
820348,-1.00,49,56313
820450,-1.00,49,56313
820550,-1.00,47,58830
820652,-1.00,49,56313
820753,-1.00,48,57545
820854,-1.00,50,55130
820956,-1.00,49,56313
821057,-1.00,47,58830
821158,-1.00,50,55130
821260,-1.00,49,56313
821361,-1.00,49,56313
821462,-1.00,50,55130
821563,-1.00,49,56313
821664,-1.00,49,56313
821766,-1.00,50,55130
821867,-1.00,49,56313
821968,-1.00,50,55130
822070,-1.00,50,55130
822171,-1.00,49,56313
822273,-1.00,49,56313
822373,-1.00,48,57545
822474,-1.00,47,58830
822576,-1.00,49,56313
822677,-1.00,50,55130
822778,-1.00,48,57545
822880,-1.00,51,53994
822981,-1.00,49,56313
823083,-1.00,50,55130
823184,-1.00,49,56313
823284,-1.00,48,57545
823386,-1.00,49,56313
823487,-1.00,47,58830
823588,-1.00,50,55130
823690,-1.00,49,56313
823791,-1.00,50,55130
823892,-1.00,49,56313
823994,-1.00,50,55130
824095,-1.00,49,56313
824196,-1.00,45,61571
824297,-1.00,48,57545
824398,-1.00,49,56313
824500,-1.00,51,53994
824601,-1.00,47,58830
824702,-1.00,47,58830
824804,-1.00,48,57545
824905,-1.00,47,58830
825007,-1.00,48,57545
825108,-1.00,48,57545
825208,-1.00,47,58830
825310,-1.00,47,58830
825411,-1.00,49,56313
825512,-1.00,47,58830
825614,-1.00,48,57545
825715,-1.00,49,56313
825817,-1.00,49,56313
825918,-1.00,48,57545
826019,-1.00,48,57545
826120,-1.00,47,58830
826221,-1.00,46,60170
826322,-1.00,46,60170
826424,-1.00,46,60170
826525,-1.00,46,60170
826627,-1.00,45,61571
826728,-1.00,45,61571
826829,-1.00,46,60170
826931,-1.00,45,61571
827031,-1.00,45,61571
827132,-1.00,47,58830
827234,-1.00,43,64566
827335,-1.00,48,57545
827437,-1.00,45,61571
827538,-1.00,44,63034
827639,-1.00,42,66171
827741,-1.00,43,64566
827842,-1.00,37,75496
827942,-1.00,37,75496
828044,-1.00,40,69621
828145,-1.00,34,82407
828247,-1.00,35,79972
828348,-1.00,31,90656
828449,-1.00,34,82407
828551,-1.00,35,79972
828652,-1.00,43,64566
828753,-1.00,45,61571
828854,-1.00,36,77671
828955,-1.00,36,77671
829057,-1.00,34,82407
829158,-1.00,43,64566
829259,-1.00,40,69621
829361,-1.00,37,75496
829462,-1.00,0,-1
829562,-1.00,0,-1
829664,-1.00,0,-1
829765,-1.00,0,-1
829865,-1.00,0,-1
829967,-1.00,0,-1
830067,-1.00,0,-1
830169,-1.00,0,-1
830270,-1.00,0,-1
830370,-1.00,0,-1
830472,-1.00,0,-1
830572,-1.00,0,-1
830673,-1.00,0,-1
830775,-1.00,0,-1
830875,-1.00,1,-1
830977,-1.00,0,-1
831078,-1.00,0,-1
831178,-1.00,0,-1
831280,-1.00,0,-1
831380,-1.00,0,-1
831481,-1.00,0,-1
831583,-1.00,0,-1
831683,-1.00,0,-1
831784,-1.00,0,-1
831885,-1.00,0,-1
831986,-1.00,0,-1
832088,-1.00,0,-1
832188,-1.00,0,-1
832289,-1.00,1,-1
832391,-1.00,0,-1
832491,-1.00,0,-1
832592,-1.00,0,-1
832693,-1.00,0,-1
832794,-1.00,0,-1
832896,-1.00,0,-1
832996,-1.00,0,-1
833097,-1.00,0,-1
833198,-1.00,0,-1
833299,-1.00,0,-1
833400,-1.00,0,-1
833501,-1.00,0,-1
833602,-1.00,0,-1
833702,-1.00,0,-1
833804,-1.00,0,-1
833905,-1.00,0,-1
834006,-1.00,0,-1
834107,-1.00,0,-1
834208,-1.00,0,-1
834309,-1.00,0,-1
834410,-1.00,0,-1
834510,-1.00,1,-1
834612,-1.00,0,-1
834713,-1.00,0,-1
834813,-1.00,0,-1
834915,-1.00,0,-1
835015,-1.00,0,-1
835117,-1.00,0,-1
835218,-1.00,0,-1
835318,-1.00,0,-1
835420,-1.00,0,-1
835520,-1.00,0,-1
835621,-1.00,0,-1
835723,-1.00,0,-1
835823,-1.00,0,-1
835924,-1.00,0,-1
836026,-1.00,0,-1
836126,-1.00,0,-1
836228,-1.00,0,-1
836328,-1.00,0,-1
836429,-1.00,0,-1
836531,-1.00,0,-1
836631,-1.00,7,-1
836732,-1.00,0,-1
836833,-1.00,2,-1
836934,-1.00,0,-1
837036,-1.00,0,-1
837136,-1.00,0,-1
837237,-1.00,0,-1
837338,-1.00,0,-1
837439,-1.00,0,-1
837540,-1.00,0,-1
837641,-1.00,0,-1
837742,-1.00,0,-1
837843,-1.00,0,-1
837944,-1.00,0,-1
838045,-1.00,0,-1
838146,-1.00,0,-1
838247,-1.00,0,-1
838348,-1.00,0,-1
838449,-1.00,1,-1
838550,-1.00,0,-1
838650,-1.00,0,-1
838752,-1.00,0,-1
838853,-1.00,0,-1
838953,-1.00,0,-1
839055,-1.00,2,-1
839156,-1.00,0,-1
839257,-1.00,0,-1
839358,-1.00,0,-1
839458,-1.00,0,-1
839560,-1.00,0,-1
839661,-1.00,0,-1
839761,-1.00,0,-1
839863,-1.00,0,-1
839963,-1.00,0,-1
840065,-1.00,0,-1
840166,-1.00,0,-1
840266,-1.00,0,-1
840368,-1.00,2,-1
840469,-1.00,0,-1
840569,-1.00,0,-1
840671,-1.00,7,-1
840771,-1.00,1,-1
840872,-1.00,0,-1
840974,-1.00,0,-1
841074,-1.00,0,-1
841176,-1.00,0,-1
841276,-1.00,0,-1
841377,-1.00,0,-1
841479,-1.00,0,-1
841579,-1.00,0,-1
841680,-1.00,0,-1
841781,-1.00,0,-1
841882,-1.00,0,-1
841984,-1.00,0,-1
842084,-1.00,0,-1
842185,-1.00,0,-1
842287,-1.00,0,-1
842387,-1.00,0,-1
842488,-1.00,0,-1
842589,-1.00,0,-1
842690,-1.00,0,-1
842791,-1.00,0,-1
842892,-1.00,0,-1
842993,-1.00,0,-1
843094,-1.00,0,-1
843195,-1.00,0,-1
843296,-1.00,0,-1
843397,-1.00,0,-1
843498,-1.00,0,-1
843599,-1.00,0,-1
843700,-1.00,0,-1
843801,-1.00,0,-1
843901,-1.00,0,-1
844003,-1.00,0,-1
844104,-1.00,0,-1
844205,-1.00,0,-1
844306,-1.00,0,-1
844406,-1.00,0,-1
844508,-1.00,1,-1
844609,-1.00,0,-1
844709,-1.00,0,-1
844811,-1.00,0,-1
844911,-1.00,0,-1
845012,-1.00,0,-1
845114,-1.00,0,-1
845214,-1.00,2,-1
845316,-1.00,0,-1
845417,-1.00,0,-1
845517,-1.00,0,-1
845619,-1.00,0,-1
845719,-1.00,0,-1
845820,-1.00,0,-1
845922,-1.00,0,-1
846022,-1.00,0,-1
846124,-1.00,0,-1
846224,-1.00,0,-1
846325,-1.00,1,-1
846427,-1.00,0,-1
846527,-1.00,0,-1
846628,-1.00,0,-1
846729,-1.00,0,-1
846830,-1.00,0,-1
846931,-1.00,0,-1
847032,-1.00,0,-1
847133,-1.00,0,-1
847235,-1.00,0,-1
847335,-1.00,0,-1
847436,-1.00,0,-1
847537,-1.00,0,-1
