937485,-1.00,0,-1
937585,-1.00,0,-1
937687,-1.00,# FSR402 characterization. 'l' = CSV mode; type the scale
# reading in kg to stamp load. Default view: raw  V_node  R(ohm).
0	0.000	open/no-force
0	0.000	open/no-force
1	0.005	open/no-force
0	0.000	open/no-force
0	0.000	open/no-force
0	0.000	open/no-force
0	0.000	open/no-force
0	0.000	open/no-force
0	0.000	open/no-force
# CSV mode ON. Header follows; type a number (kg) to set load.
t_ms,load_kg,raw,ohms
1814,0.00,1,-1
1915,0.00,0,-1
2017,0.00,0,-1
2117,0.00,1,-1
2219,0.00,0,-1
2319,0.00,0,-1
2420,0.00,0,-1
2521,0.00,0,-1
2622,0.00,0,-1
2722,0.00,0,-1
2824,0.00,0,-1
2924,0.00,0,-1
3025,0.00,0,-1
3126,0.00,0,-1
3227,0.00,1,-1
3328,0.00,0,-1
3429,0.00,0,-1
3529,0.00,0,-1
3631,0.00,0,-1
3731,0.00,0,-1
3832,0.00,0,-1
3933,0.00,0,-1
4034,0.00,0,-1
4134,0.00,0,-1
4236,0.00,1,-1
4336,0.00,0,-1
4438,0.00,0,-1
4538,0.00,0,-1
4639,0.00,0,-1
4740,0.00,0,-1
4841,0.00,0,-1
4941,0.00,0,-1
5043,0.00,0,-1
5143,0.00,0,-1
5244,0.00,0,-1
5345,0.00,0,-1
5446,0.00,0,-1
5547,0.00,0,-1
5648,0.00,0,-1
5748,0.00,0,-1
5850,0.00,0,-1
5950,0.00,0,-1
6051,0.00,0,-1
6152,0.00,0,-1
6253,0.00,0,-1
6353,0.00,0,-1
6455,0.00,0,-1
6555,0.00,0,-1
6657,0.00,0,-1
6757,0.00,0,-1
6858,0.00,0,-1
6959,0.00,2,-1
7060,0.00,0,-1
7160,0.00,0,-1
7262,0.00,0,-1
7362,0.00,0,-1
7463,0.00,0,-1
7564,0.00,0,-1
7665,0.00,0,-1
7766,0.00,0,-1
7867,0.00,0,-1
7967,0.00,0,-1
8069,0.00,0,-1
8169,0.00,0,-1
8270,0.00,0,-1
8371,0.00,0,-1
8472,0.00,0,-1
8572,0.00,0,-1
8674,0.00,0,-1
8774,0.00,0,-1
8876,0.00,0,-1
8976,0.00,0,-1
9077,0.00,0,-1
9178,0.00,0,-1
9279,0.00,0,-1
9379,0.00,0,-1
9481,0.00,0,-1
9581,0.00,0,-1
9682,0.00,0,-1
9783,0.00,0,-1
9884,0.00,0,-1
9985,0.00,0,-1
10086,0.00,0,-1
10186,0.00,0,-1
10288,0.00,0,-1
10388,0.00,0,-1
10489,0.00,0,-1
10591,0.00,0,-1
10691,0.00,0,-1
10792,0.00,0,-1
10893,0.00,0,-1
10994,0.00,0,-1
11095,0.00,0,-1
11196,0.00,0,-1
11296,0.00,0,-1
11398,0.00,0,-1
11498,0.00,0,-1
11599,0.00,0,-1
11701,0.00,0,-1
11801,0.00,0,-1
11902,0.00,0,-1
12003,0.00,0,-1
12104,0.00,2,-1
12205,0.00,0,-1
12306,0.00,0,-1
12406,0.00,0,-1
12508,0.00,0,-1
12608,0.00,0,-1
12709,0.00,0,-1
12810,0.00,0,-1
12911,0.00,0,-1
13012,0.00,0,-1
13113,0.00,0,-1
13214,0.00,0,-1
13315,0.00,0,-1
13416,0.00,0,-1
13516,0.00,0,-1
13618,0.00,0,-1
13718,0.00,0,-1
13819,0.00,0,-1
13920,0.00,0,-1
14021,0.00,0,-1
14123,0.00,0,-1
14223,0.00,0,-1
14324,0.00,0,-1
14425,0.00,0,-1
14526,0.00,0,-1
14626,0.00,0,-1
14728,0.00,0,-1
14828,0.00,0,-1
14929,0.00,0,-1
15030,0.00,0,-1
15131,0.00,0,-1
15233,0.00,0,-1
15333,0.00,0,-1
15434,0.00,0,-1
15535,0.00,0,-1
15636,0.00,0,-1
15736,0.00,0,-1
15838,0.00,0,-1
15938,0.00,1,-1
16039,0.00,0,-1
16140,0.00,0,-1
16241,0.00,1,-1
16342,0.00,0,-1
16443,0.00,0,-1
16544,0.00,0,-1
16645,0.00,0,-1
16746,0.00,0,-1
16846,0.00,0,-1
16948,0.00,0,-1
17048,0.00,0,-1
17149,0.00,0,-1
17250,0.00,0,-1
17351,0.00,0,-1
17452,0.00,0,-1
17553,0.00,0,-1
17654,0.00,0,-1
17755,0.00,0,-1
17856,0.00,0,-1
17956,0.00,0,-1
18058,0.00,0,-1
18158,0.00,0,-1
18259,0.00,0,-1
18360,0.00,0,-1
18461,0.00,0,-1
18562,0.00,0,-1
18663,0.00,0,-1
18764,0.00,0,-1
18865,0.00,0,-1
18966,0.00,0,-1
19066,0.00,0,-1
19168,0.00,0,-1
19268,0.00,0,-1
19369,0.00,0,-1
19470,0.00,0,-1
19571,0.00,0,-1
19672,0.00,1,-1
19773,0.00,1,-1
19873,0.00,0,-1
19975,0.00,0,-1
20076,0.00,0,-1
20176,0.00,0,-1
20278,0.00,1,-1
20378,0.00,0,-1
20480,0.00,0,-1
20580,0.00,0,-1
20681,0.00,0,-1
# load_kg=200.00
20783,200.00,0,-1
20884,200.00,0,-1
20984,200.00,0,-1
21086,200.00,0,-1
21187,200.00,0,-1
21287,200.00,0,-1
21389,200.00,0,-1
21490,200.00,0,-1
21591,200.00,0,-1
21692,200.00,0,-1
21793,200.00,0,-1
21894,200.00,0,-1
21995,200.00,0,-1
22096,200.00,0,-1
22197,200.00,0,-1
22298,200.00,0,-1
22400,200.00,0,-1
22500,200.00,0,-1
22601,200.00,1,-1
22703,200.00,1,-1
22803,200.00,0,-1
22904,200.00,0,-1
23006,200.00,0,-1
23106,200.00,0,-1
23207,200.00,0,-1
23309,200.00,0,-1
23409,200.00,0,-1
23511,200.00,0,-1
23612,200.00,0,-1
23712,200.00,0,-1
23814,200.00,0,-1
23914,200.00,0,-1
24015,200.00,0,-1
24117,200.00,0,-1
24217,200.00,0,-1
24318,200.00,0,-1
24420,200.00,0,-1
24520,200.00,0,-1
24622,200.00,0,-1
24723,200.00,0,-1
24823,200.00,0,-1
24925,200.00,0,-1
25026,200.00,1,-1
25126,200.00,0,-1
25228,200.00,0,-1
25329,200.00,1,-1
25430,200.00,2,-1
25531,200.00,0,-1
25632,200.00,0,-1
25733,200.00,0,-1
25834,200.00,0,-1
25935,200.00,0,-1
26036,200.00,0,-1
26137,200.00,0,-1
26238,200.00,1,-1
26339,200.00,0,-1
26440,200.00,0,-1
26542,200.00,0,-1
26642,200.00,0,-1
26743,200.00,0,-1
26845,200.00,0,-1
26945,200.00,0,-1
27046,200.00,0,-1
27148,200.00,0,-1
27248,200.00,0,-1
27350,200.00,0,-1
27450,200.00,0,-1
27551,200.00,0,-1
27653,200.00,0,-1
27753,200.00,0,-1
27854,200.00,0,-1
27956,200.00,2,-1
28056,200.00,0,-1
28157,200.00,0,-1
28259,200.00,0,-1
28359,200.00,0,-1
28461,200.00,0,-1
28562,200.00,0,-1
28662,200.00,0,-1
28764,200.00,0,-1
28865,200.00,0,-1
28965,200.00,3,-1
29067,200.00,0,-1
29168,200.00,0,-1
29268,200.00,0,-1
29370,200.00,0,-1
29471,200.00,0,-1
29572,200.00,0,-1
29673,200.00,0,-1
29774,200.00,1,-1
29875,200.00,0,-1
29976,200.00,0,-1
30077,200.00,0,-1
30178,200.00,0,-1
30279,200.00,0,-1
30381,200.00,0,-1
30481,200.00,1,-1
30582,200.00,0,-1
30684,200.00,0,-1
30784,200.00,3,-1
30885,200.00,0,-1
30986,200.00,0,-1
31087,200.00,0,-1
31188,200.00,0,-1
31289,200.00,0,-1
31390,200.00,0,-1
31492,200.00,0,-1
31592,200.00,0,-1
31693,200.00,0,-1
31795,200.00,0,-1
31895,200.00,0,-1
31996,200.00,0,-1
32098,200.00,0,-1
32198,200.00,0,-1
32300,200.00,0,-1
32401,200.00,0,-1
32501,200.00,1,-1
32603,200.00,0,-1
32704,200.00,0,-1
32804,200.00,0,-1
32906,200.00,0,-1
33007,200.00,0,-1
33107,200.00,0,-1
33209,200.00,0,-1
33310,200.00,1,-1
33411,200.00,0,-1
33512,200.00,0,-1
33613,200.00,0,-1
33714,200.00,0,-1
33815,200.00,0,-1
33916,200.00,9,-1
34017,200.00,0,-1
34118,200.00,0,-1
34220,200.00,0,-1
34320,200.00,0,-1
34421,200.00,0,-1
34522,200.00,0,-1
34623,200.00,0,-1
34724,200.00,0,-1
34825,200.00,0,-1
34926,200.00,0,-1
35027,200.00,0,-1
35128,200.00,0,-1
35229,200.00,5,-1
35331,200.00,0,-1
35431,200.00,0,-1
35532,200.00,1,-1
35634,200.00,0,-1
35734,200.00,0,-1
35835,200.00,0,-1
35937,200.00,0,-1
36037,200.00,0,-1
36139,200.00,0,-1
36240,200.00,0,-1
36340,200.00,0,-1
36442,200.00,0,-1
36543,200.00,0,-1
36643,200.00,0,-1
36745,200.00,0,-1
36846,200.00,0,-1
36946,200.00,0,-1
37048,200.00,0,-1
37149,200.00,0,-1
37250,200.00,1,-1
37351,200.00,0,-1
37452,200.00,1,-1
37553,200.00,0,-1
37654,200.00,0,-1
37755,200.00,0,-1
37856,200.00,0,-1
37957,200.00,0,-1
38057,200.00,0,-1
38159,200.00,0,-1
38260,200.00,0,-1
38361,200.00,0,-1
38462,200.00,0,-1
38563,200.00,1,-1
38664,200.00,0,-1
38765,200.00,0,-1
38866,200.00,0,-1
38967,200.00,0,-1
39068,200.00,0,-1
39170,200.00,0,-1
39270,200.00,0,-1
39371,200.00,0,-1
39473,200.00,0,-1
# load_kg=0.00
39574,0.00,0,-1
39674,0.00,0,-1
39776,0.00,0,-1
39877,0.00,0,-1
39977,0.00,0,-1
40079,0.00,0,-1
40179,0.00,0,-1
40281,0.00,0,-1
40381,0.00,0,-1
40482,0.00,0,-1
40583,0.00,0,-1
40684,0.00,0,-1
40784,0.00,0,-1
40886,0.00,0,-1
40987,0.00,0,-1
41088,0.00,0,-1
41189,0.00,1,-1
41289,0.00,0,-1
41391,0.00,0,-1
41491,0.00,0,-1
41592,0.00,0,-1
41693,0.00,0,-1
41794,0.00,0,-1
41894,0.00,0,-1
41996,0.00,0,-1
42096,0.00,0,-1
42198,0.00,0,-1
42299,0.00,1,-1
42399,0.00,0,-1
42501,0.00,0,-1
42601,0.00,0,-1
42702,0.00,0,-1
42803,0.00,0,-1
42904,0.00,0,-1
43004,0.00,0,-1
43106,0.00,0,-1
43206,0.00,0,-1
43308,0.00,0,-1
43409,0.00,1,-1
43509,0.00,0,-1
43611,0.00,0,-1
43711,0.00,0,-1
43812,0.00,0,-1
43913,0.00,0,-1
44014,0.00,0,-1
44114,0.00,0,-1
44216,0.00,0,-1
44316,0.00,0,-1
44418,0.00,0,-1
44519,0.00,71,37986
44619,0.00,0,-1
44721,0.00,0,-1
44821,0.00,0,-1
44922,0.00,157,15627
45024,0.00,79,33853
45125,0.00,171,14115
45227,0.00,138,18168
45327,0.00,157,15627
45428,0.00,200,11658
45530,0.00,225,10048
45631,0.00,155,15865
45732,0.00,160,15280
45834,0.00,185,12833
45935,0.00,169,14316
46036,0.00,173,13919
46138,0.00,190,12420
46238,0.00,192,12262
46340,0.00,192,12262
46441,0.00,192,12262
46542,0.00,189,12501
46644,0.00,189,12501
46745,0.00,191,12341
46846,0.00,190,12420
46948,0.00,175,13728
47048,0.00,175,13728
47150,0.00,183,13004
47251,0.00,186,12748
47352,0.00,185,12833
47454,0.00,185,12833
47555,0.00,180,13268
47656,0.00,183,13004
47758,0.00,185,12833
47858,0.00,185,12833
47960,0.00,187,12665
48061,0.00,195,12029
48162,0.00,198,11804
48264,0.00,199,11731
48365,0.00,198,11804
48466,0.00,198,11804
48568,0.00,197,11878
48668,0.00,193,12183
48770,0.00,192,12262
48871,0.00,194,12106
48972,0.00,194,12106
49074,0.00,192,12262
49175,0.00,193,12183
49276,0.00,194,12106
49378,0.00,193,12183
49478,0.00,196,11954
49580,0.00,197,11878
49681,0.00,195,12029
49782,0.00,194,12106
49884,0.00,194,12106
49985,0.00,194,12106
50086,0.00,195,12029
50188,0.00,195,12029
50288,0.00,195,12029
50390,0.00,198,11804
50491,0.00,198,11804
50592,0.00,197,11878
50694,0.00,196,11954
50795,0.00,199,11731
50896,0.00,198,11804
50998,0.00,198,11804
51098,0.00,198,11804
51200,0.00,198,11804
51301,0.00,198,11804
51402,0.00,198,11804
51504,0.00,199,11731
51605,0.00,199,11731
51706,0.00,198,11804
51808,0.00,199,11731
51908,0.00,198,11804
52009,0.00,200,11658
52111,0.00,200,11658
52212,0.00,200,11658
52314,0.00,198,11804
52415,0.00,201,11586
52516,0.00,200,11658
52618,0.00,198,11804
52718,0.00,200,11658
52819,0.00,200,11658
52921,0.00,200,11658
53022,0.00,201,11586
53124,0.00,201,11586
53225,0.00,200,11658
53326,0.00,201,11586
53428,0.00,201,11586
53528,0.00,202,11514
53629,0.00,201,11586
53731,0.00,201,11586
53832,0.00,202,11514
53934,0.00,203,11444
54035,0.00,202,11514
54136,0.00,202,11514
54238,0.00,203,11444
54338,0.00,201,11586
54439,0.00,214,10710
54541,0.00,203,11444
54642,0.00,204,11374
54744,0.00,204,11374
54845,0.00,203,11444
54946,0.00,204,11374
55048,0.00,204,11374
55148,0.00,203,11444
55249,0.00,204,11374
55351,0.00,204,11374
55452,0.00,204,11374
55554,0.00,205,11304
55655,0.00,204,11374
# load_kg=400.00
55756,400.00,205,11304
55858,400.00,204,11374
55959,400.00,206,11236
56060,400.00,207,11168
56162,400.00,206,11236
56263,400.00,208,11100
56365,400.00,205,11304
56466,400.00,207,11168
56567,400.00,207,11168
56669,400.00,208,11100
56770,400.00,208,11100
56871,400.00,209,11034
56973,400.00,209,11034
57074,400.00,208,11100
57176,400.00,209,11034
57277,400.00,209,11034
57378,400.00,210,10968
57480,400.00,210,10968
57581,400.00,209,11034
57682,400.00,210,10968
57784,400.00,210,10968
57885,400.00,210,10968
57987,400.00,209,11034
58088,400.00,210,10968
58189,400.00,210,10968
58291,400.00,210,10968
58392,400.00,210,10968
58493,400.00,207,11168
58595,400.00,209,11034
58696,400.00,210,10968
58798,400.00,209,11034
58899,400.00,210,10968
59000,400.00,208,11100
59102,400.00,210,10968
59203,400.00,212,10838
59304,400.00,209,11034
59406,400.00,208,11100
59507,400.00,210,10968
59609,400.00,209,11034
59710,400.00,208,11100
59811,400.00,209,11034
59913,400.00,210,10968
60014,400.00,210,10968
60115,400.00,209,11034
60217,400.00,210,10968
60318,400.00,210,10968
60420,400.00,209,11034
60521,400.00,211,10902
60622,400.00,210,10968
60724,400.00,211,10902
60825,400.00,210,10968
60926,400.00,211,10902
61028,400.00,211,10902
61129,400.00,209,11034
61231,400.00,210,10968
61332,400.00,211,10902
61433,400.00,210,10968
61535,400.00,211,10902
61636,400.00,212,10838
61737,400.00,211,10902
61839,400.00,211,10902
61940,400.00,211,10902
62042,400.00,211,10902
62143,400.00,213,10773
62244,400.00,210,10968
62346,400.00,211,10902
62446,400.00,211,10902
62547,400.00,210,10968
62649,400.00,211,10902
62750,400.00,212,10838
62852,400.00,211,10902
62953,400.00,210,10968
63054,400.00,212,10838
63156,400.00,211,10902
63257,400.00,215,10647
63358,400.00,212,10838
63460,400.00,213,10773
63561,400.00,215,10647
63663,400.00,215,10647
63764,400.00,214,10710
63865,400.00,216,10584
63967,400.00,213,10773
64068,400.00,213,10773
64169,400.00,214,10710
64271,400.00,213,10773
64372,400.00,213,10773
64474,400.00,212,10838
64575,400.00,212,10838
64676,400.00,215,10647
64778,400.00,215,10647
64879,400.00,217,10523
64980,400.00,217,10523
65082,400.00,219,10401
65183,400.00,216,10584
65285,400.00,236,9447
65386,400.00,233,9605
65487,400.00,217,10523
65589,400.00,216,10584
65690,400.00,215,10647
65792,400.00,217,10523
65893,400.00,216,10584
65994,400.00,216,10584
66096,400.00,215,10647
66197,400.00,216,10584
66298,400.00,217,10523
66400,400.00,216,10584
66501,400.00,215,10647
66603,400.00,213,10773
66704,400.00,215,10647
66805,400.00,218,10461
66907,400.00,225,10048
67008,400.00,226,9991
67109,400.00,218,10461
67211,400.00,218,10461
67312,400.00,217,10523
67414,400.00,215,10647
67515,400.00,216,10584
67616,400.00,214,10710
67718,400.00,213,10773
67819,400.00,218,10461
67920,400.00,239,9293
68022,400.00,243,9094
68123,400.00,249,8806
68224,400.00,237,9396
68325,400.00,239,9293
68426,400.00,236,9447
68528,400.00,235,9500
68629,400.00,239,9293
68730,400.00,240,9243
68832,400.00,238,9344
68933,400.00,241,9193
69035,400.00,238,9344
69136,400.00,240,9243
69237,400.00,239,9293
69339,400.00,240,9243
69440,400.00,240,9243
69541,400.00,241,9193
69643,400.00,241,9193
69744,400.00,241,9193
69846,400.00,240,9243
69946,400.00,242,9143
70047,400.00,242,9143
70149,400.00,242,9143
70250,400.00,243,9094
70351,400.00,243,9094
70453,400.00,242,9143
70554,400.00,242,9143
70656,400.00,244,9045
70757,400.00,243,9094
70858,400.00,242,9143
70960,400.00,244,9045
71061,400.00,242,9143
71162,400.00,243,9094
71264,400.00,244,9045
71365,400.00,244,9045
71467,400.00,243,9094
71567,400.00,244,9045
71668,400.00,243,9094
71770,400.00,244,9045
71871,400.00,242,9143
71972,400.00,243,9094
72074,400.00,243,9094
72175,400.00,244,9045
72276,400.00,242,9143
72378,400.00,245,8996
72479,400.00,244,9045
72581,400.00,243,9094
72682,400.00,242,9143
72783,400.00,243,9094
72885,400.00,243,9094
72986,400.00,243,9094
73088,400.00,245,8996
73188,400.00,243,9094
73289,400.00,245,8996
73391,400.00,244,9045
73492,400.00,243,9094
73593,400.00,243,9094
73695,400.00,244,9045
73796,400.00,243,9094
73897,400.00,244,9045
73999,400.00,245,8996
74100,400.00,243,9094
74202,400.00,243,9094
74303,400.00,243,9094
74404,400.00,245,8996
74506,400.00,243,9094
74607,400.00,244,9045
74708,400.00,245,8996
74809,400.00,244,9045
74910,400.00,244,9045
75012,400.00,244,9045
75113,400.00,244,9045
75214,400.00,244,9045
75316,400.00,246,8948
75417,400.00,246,8948
75518,400.00,246,8948
75620,400.00,246,8948
75721,400.00,246,8948
75823,400.00,244,9045
75924,400.00,245,8996
76025,400.00,245,8996
76127,400.00,246,8948
76228,400.00,243,9094
76329,400.00,246,8948
76431,400.00,247,8900
76531,400.00,247,8900
76633,400.00,247,8900
76734,400.00,246,8948
76835,400.00,245,8996
76937,400.00,247,8900
77038,400.00,247,8900
77139,400.00,248,8853
77241,400.00,247,8900
77342,400.00,250,8760
77444,400.00,250,8760
77545,400.00,249,8806
77646,400.00,247,8900
77748,400.00,248,8853
77849,400.00,249,8806
77950,400.00,250,8760
78052,400.00,249,8806
78152,400.00,249,8806
78254,400.00,249,8806
78355,400.00,251,8713
78456,400.00,250,8760
78558,400.00,251,8713
78659,400.00,250,8760
78760,400.00,249,8806
78862,400.00,250,8760
78963,400.00,252,8668
79065,400.00,250,8760
79166,400.00,251,8713
79267,400.00,250,8760
79369,400.00,252,8668
79470,400.00,252,8668
79571,400.00,252,8668
79673,400.00,251,8713
79774,400.00,251,8713
79875,400.00,253,8622
79976,400.00,253,8622
80077,400.00,253,8622
80179,400.00,254,8577
80280,400.00,253,8622
80381,400.00,253,8622
80483,400.00,253,8622
80584,400.00,252,8668
80686,400.00,252,8668
80787,400.00,252,8668
80888,400.00,254,8577
# load_kg=0.00
80990,0.00,251,8713
81091,0.00,253,8622
81192,0.00,254,8577
81294,0.00,253,8622
81395,0.00,252,8668
81496,0.00,253,8622
81597,0.00,254,8577
81698,0.00,253,8622
81800,0.00,254,8577
81901,0.00,254,8577
82002,0.00,252,8668
82103,0.00,253,8622
82204,0.00,252,8668
82306,0.00,253,8622
82407,0.00,252,8668
82508,0.00,254,8577
82610,0.00,254,8577
82710,0.00,255,8532
82811,0.00,253,8622
82913,0.00,256,8488
83014,0.00,254,8577
83116,0.00,253,8622
83217,0.00,245,8996
83317,0.00,292,7092
83419,0.00,257,8444
83520,0.00,258,8400
83621,0.00,259,8357
83723,0.00,258,8400
83824,0.00,258,8400
83924,0.00,257,8444
84026,0.00,260,8314
84127,0.00,260,8314
84229,0.00,261,8271
84330,0.00,259,8357
84430,0.00,259,8357
84532,0.00,259,8357
84633,0.00,260,8314
84734,0.00,261,8271
84836,0.00,261,8271
84937,0.00,261,8271
85038,0.00,260,8314
85139,0.00,261,8271
85240,0.00,261,8271
85342,0.00,261,8271
85443,0.00,361,5195
85544,0.00,373,4937
85645,0.00,445,3680
85746,0.00,372,4958
85848,0.00,388,4636
85949,0.00,280,7518
86050,0.00,328,6003
86152,0.00,441,3739
86252,0.00,471,3320
86353,0.00,433,3860
86455,0.00,493,3046
86556,0.00,448,3636
86658,0.00,494,3034
86759,0.00,468,3360
86859,0.00,483,3167
86961,0.00,471,3320
87062,0.00,473,3294
87163,0.00,473,3294
87265,0.00,476,3256
87366,0.00,475,3268
87467,0.00,475,3268
87568,0.00,475,3268
87669,0.00,477,3243
87771,0.00,477,3243
87872,0.00,478,3230
87972,0.00,477,3243
88074,0.00,477,3243
88175,0.00,479,3217
88276,0.00,477,3243
88378,0.00,479,3217
88479,0.00,479,3217
88580,0.00,479,3217
88681,0.00,479,3217
88782,0.00,479,3217
88884,0.00,481,3192
88985,0.00,482,3180
89086,0.00,485,3143
89187,0.00,486,3130
89288,0.00,485,3143
89390,0.00,485,3143
89491,0.00,484,3155
89592,0.00,485,3143
89694,0.00,484,3155
89794,0.00,484,3155
89895,0.00,485,3143
89997,0.00,484,3155
90098,0.00,485,3143
90200,0.00,485,3143
90301,0.00,484,3155
90401,0.00,485,3143
90503,0.00,485,3143
90604,0.00,485,3143
90705,0.00,484,3155
90807,0.00,484,3155
90908,0.00,485,3143
91009,0.00,485,3143
91110,0.00,485,3143
91211,0.00,484,3155
91313,0.00,485,3143
91414,0.00,486,3130
91514,0.00,486,3130
91616,0.00,485,3143
91717,0.00,485,3143
91819,0.00,486,3130
91920,0.00,485,3143
92021,0.00,486,3130
92122,0.00,486,3130
92223,0.00,487,3118
92324,0.00,486,3130
92426,0.00,486,3130
92527,0.00,487,3118
92628,0.00,487,3118
92729,0.00,487,3118
92830,0.00,487,3118
92932,0.00,487,3118
# load_kg=599.00
93034,599.00,487,3118
93135,599.00,487,3118
93236,599.00,487,3118
93337,599.00,488,3106
93438,599.00,487,3118
93540,599.00,488,3106
93641,599.00,487,3118
93743,599.00,487,3118
93844,599.00,488,3106
93945,599.00,487,3118
94047,599.00,488,3106
94148,599.00,488,3106
94249,599.00,489,3094
94351,599.00,489,3094
94452,599.00,487,3118
94554,599.00,489,3094
94655,599.00,488,3106
94756,599.00,486,3130
94858,599.00,488,3106
94959,599.00,488,3106
95060,599.00,489,3094
95161,599.00,489,3094
95262,599.00,489,3094
95364,599.00,489,3094
95465,599.00,490,3082
95566,599.00,489,3094
95668,599.00,490,3082
95769,599.00,488,3106
95870,599.00,489,3094
95972,599.00,491,3070
96073,599.00,491,3070
96175,599.00,491,3070
96276,599.00,490,3082
96377,599.00,490,3082
96479,599.00,490,3082
96580,599.00,491,3070
96681,599.00,491,3070
96783,599.00,490,3082
96883,599.00,491,3070
96985,599.00,491,3070
97086,599.00,491,3070
97187,599.00,491,3070
97289,599.00,490,3082
97390,599.00,492,3058
97491,599.00,492,3058
97593,599.00,491,3070
97694,599.00,492,3058
97796,599.00,492,3058
97897,599.00,492,3058
97998,599.00,492,3058
98100,599.00,492,3058
98201,599.00,491,3070
98302,599.00,490,3082
98404,599.00,491,3070
98505,599.00,491,3070
98606,599.00,492,3058
98707,599.00,492,3058
98808,599.00,492,3058
98910,599.00,492,3058
99011,599.00,492,3058
99112,599.00,493,3046
99214,599.00,493,3046
99315,599.00,493,3046
99417,599.00,493,3046
99518,599.00,492,3058
99619,599.00,493,3046
99721,599.00,493,3046
99822,599.00,494,3034
99923,599.00,493,3046
100025,599.00,493,3046
100126,599.00,495,3022
100228,599.00,494,3034
100329,599.00,494,3034
100430,599.00,494,3034
100532,599.00,494,3034
100633,599.00,494,3034
100734,599.00,494,3034
100836,599.00,494,3034
100937,599.00,494,3034
101039,599.00,494,3034
101140,599.00,492,3058
101241,599.00,493,3046
101343,599.00,495,3022
101444,599.00,495,3022
101545,599.00,495,3022
101647,599.00,494,3034
101748,599.00,494,3034
101850,599.00,495,3022
101951,599.00,493,3046
102052,599.00,494,3034
102154,599.00,495,3022
102255,599.00,494,3034
102356,599.00,496,3010
102458,599.00,495,3022
102559,599.00,496,3010
102661,599.00,496,3010
102762,599.00,496,3010
102863,599.00,497,2998
102965,599.00,497,2998
103066,599.00,497,2998
103168,599.00,497,2998
103269,599.00,495,3022
103370,599.00,496,3010
103472,599.00,497,2998
103573,599.00,498,2987
103673,599.00,498,2987
103775,599.00,499,2975
103876,599.00,498,2987
103977,599.00,498,2987
104079,599.00,498,2987
104180,599.00,498,2987
104282,599.00,499,2975
104383,599.00,499,2975
104484,599.00,498,2987
104586,599.00,499,2975
104687,599.00,498,2987
104788,599.00,498,2987
104890,599.00,499,2975
104991,599.00,499,2975
105093,599.00,500,2963
105194,599.00,499,2975
105295,599.00,500,2963
105397,599.00,500,2963
105498,599.00,501,2952
105600,599.00,501,2952
105701,599.00,501,2952
105802,599.00,501,2952
105904,599.00,500,2963
106005,599.00,501,2952
106106,599.00,501,2952
106208,599.00,501,2952
106309,599.00,501,2952
106411,599.00,501,2952
106512,599.00,501,2952
106613,599.00,502,2940
106715,599.00,501,2952
106816,599.00,500,2963
106917,599.00,500,2963
107019,599.00,500,2963
107120,599.00,501,2952
107222,599.00,500,2963
107323,599.00,500,2963
107424,599.00,501,2952
107526,599.00,501,2952
107627,599.00,500,2963
107728,599.00,502,2940
107830,599.00,500,2963
107931,599.00,503,2929
108033,599.00,501,2952
108134,599.00,504,2917
108235,599.00,504,2917
108337,599.00,504,2917
108438,599.00,504,2917
108539,599.00,501,2952
108641,599.00,504,2917
108742,599.00,504,2917
108844,599.00,505,2906
108945,599.00,503,2929
109046,599.00,504,2917
109148,599.00,507,2883
109249,599.00,506,2895
109350,599.00,507,2883
109452,599.00,506,2895
109553,599.00,504,2917
109655,599.00,506,2895
109756,599.00,507,2883
109857,599.00,507,2883
109959,599.00,507,2883
110060,599.00,506,2895
110161,599.00,507,2883
110263,599.00,507,2883
110364,599.00,507,2883
110466,599.00,507,2883
110567,599.00,509,2861
110668,599.00,508,2872
110770,599.00,508,2872
110871,599.00,508,2872
110972,599.00,509,2861
111074,599.00,509,2861
111175,599.00,509,2861
111277,599.00,509,2861
111378,599.00,509,2861
111479,599.00,509,2861
111581,599.00,510,2850
111682,599.00,510,2850
111783,599.00,510,2850
111885,599.00,510,2850
111986,599.00,511,2839
112088,599.00,511,2839
112189,599.00,512,2827
112290,599.00,510,2850
112392,599.00,511,2839
112493,599.00,509,2861
112594,599.00,511,2839
112696,599.00,511,2839
112797,599.00,511,2839
112899,599.00,512,2827
113000,599.00,511,2839
113101,599.00,512,2827
113203,599.00,513,2816
113304,599.00,511,2839
113405,599.00,514,2805
113507,599.00,512,2827
113608,599.00,512,2827
113710,599.00,513,2816
113811,599.00,513,2816
113912,599.00,514,2805
114014,599.00,514,2805
114115,599.00,514,2805
114216,599.00,515,2794
114318,599.00,515,2794
114419,599.00,514,2805
114521,599.00,514,2805
114622,599.00,516,2784
114723,599.00,515,2794
114825,599.00,515,2794
114926,599.00,516,2784
115027,599.00,516,2784
115129,599.00,515,2794
115230,599.00,514,2805
115332,599.00,516,2784
115433,599.00,516,2784
115534,599.00,516,2784
115636,599.00,516,2784
115737,599.00,516,2784
115838,599.00,516,2784
115940,599.00,516,2784
116041,599.00,516,2784
116143,599.00,516,2784
116244,599.00,516,2784
116345,599.00,516,2784
116447,599.00,516,2784
116548,599.00,516,2784
116649,599.00,517,2773
116751,599.00,518,2762
116852,599.00,518,2762
116954,599.00,518,2762
117055,599.00,517,2773
117156,599.00,518,2762
117258,599.00,518,2762
117359,599.00,518,2762
117460,599.00,517,2773
117562,599.00,517,2773
117663,599.00,518,2762
117765,599.00,518,2762
117866,599.00,518,2762
117967,599.00,517,2773
118069,599.00,517,2773
118170,599.00,518,2762
118272,599.00,518,2762
118373,599.00,519,2751
118474,599.00,518,2762
118576,599.00,518,2762
118677,599.00,518,2762
118778,599.00,518,2762
118880,599.00,517,2773
118981,599.00,518,2762
119083,599.00,519,2751
119184,599.00,518,2762
119285,599.00,518,2762
119387,599.00,518,2762
119488,599.00,519,2751
119589,599.00,518,2762
119691,599.00,518,2762
119792,599.00,519,2751
119894,599.00,519,2751
119995,599.00,519,2751
120096,599.00,519,2751
120198,599.00,519,2751
120299,599.00,519,2751
120400,599.00,519,2751
120502,599.00,517,2773
120603,599.00,520,2740
120705,599.00,520,2740
120806,599.00,519,2751
120907,599.00,520,2740
121009,599.00,520,2740
121110,599.00,520,2740
121211,599.00,519,2751
121313,599.00,520,2740
121414,599.00,521,2730
121516,599.00,519,2751
121617,599.00,519,2751
121718,599.00,521,2730
121820,599.00,519,2751
121921,599.00,519,2751
122022,599.00,520,2740
122124,599.00,520,2740
122225,599.00,522,2719
122327,599.00,520,2740
122428,599.00,522,2719
122529,599.00,522,2719
122631,599.00,520,2740
122732,599.00,521,2730
122833,599.00,520,2740
122935,599.00,521,2730
123036,599.00,522,2719
123138,599.00,521,2730
123239,599.00,522,2719
123340,599.00,520,2740
123442,599.00,523,2708
123543,599.00,522,2719
123644,599.00,523,2708
123746,599.00,524,2698
123847,599.00,523,2708
123949,599.00,526,2677
124050,599.00,525,2687
124151,599.00,524,2698
124253,599.00,524,2698
124354,599.00,524,2698
124455,599.00,525,2687
124557,599.00,525,2687
124658,599.00,524,2698
124760,599.00,525,2687
124861,599.00,525,2687
124962,599.00,524,2698
125064,599.00,525,2687
125165,599.00,528,2656
125266,599.00,527,2666
125368,599.00,527,2666
125468,599.00,528,2656
125570,599.00,527,2666
125671,599.00,527,2666
125772,599.00,531,2625
125874,599.00,531,2625
125975,599.00,531,2625
126076,599.00,530,2635
126178,599.00,531,2625
126279,599.00,530,2635
126381,599.00,530,2635
126482,599.00,532,2615
126583,599.00,531,2625
126685,599.00,531,2625
126786,599.00,532,2615
126887,599.00,532,2615
126989,599.00,531,2625
127090,599.00,531,2625
127192,599.00,531,2625
127293,599.00,531,2625
127394,599.00,532,2615
127496,599.00,533,2604
127597,599.00,533,2604
127698,599.00,532,2615
127800,599.00,533,2604
127901,599.00,532,2615
128003,599.00,532,2615
128104,599.00,533,2604
128205,599.00,533,2604
128307,599.00,532,2615
128408,599.00,533,2604
128509,599.00,533,2604
128611,599.00,533,2604
128712,599.00,533,2604
128814,599.00,533,2604
128915,599.00,533,2604
129016,599.00,533,2604
129118,599.00,531,2625
129219,599.00,534,2594
129320,599.00,533,2604
129422,599.00,533,2604
129523,599.00,534,2594
129625,599.00,534,2594
129726,599.00,534,2594
129827,599.00,536,2574
129929,599.00,535,2584
130030,599.00,534,2594
130131,599.00,536,2574
130233,599.00,535,2584
130334,599.00,536,2574
130436,599.00,536,2574
130537,599.00,537,2564
130638,599.00,536,2574
130740,599.00,535,2584
130841,599.00,536,2574
130942,599.00,537,2564
131044,599.00,537,2564
131145,599.00,537,2564
131247,599.00,538,2554
131348,599.00,536,2574
131449,599.00,537,2564
131551,599.00,537,2564
131652,599.00,538,2554
131753,599.00,537,2564
131855,599.00,538,2554
131956,599.00,538,2554
132058,599.00,538,2554
132159,599.00,538,2554
132260,599.00,538,2554
132362,599.00,539,2544
132463,599.00,539,2544
132564,599.00,539,2544
132666,599.00,539,2544
132767,599.00,539,2544
132869,599.00,539,2544
132970,599.00,537,2564
133071,599.00,540,2534
133173,599.00,539,2544
133274,599.00,540,2534
133376,599.00,539,2544
133477,599.00,540,2534
133578,599.00,539,2544
133680,599.00,539,2544
133781,599.00,539,2544
133882,599.00,540,2534
133984,599.00,539,2544
134085,599.00,539,2544
134187,599.00,539,2544
134288,599.00,540,2534
134389,599.00,540,2534
134491,599.00,540,2534
134592,599.00,540,2534
134693,599.00,541,2524
134795,599.00,540,2534
134896,599.00,540,2534
134998,599.00,541,2524
135099,599.00,541,2524
135200,599.00,541,2524
135302,599.00,541,2524
135403,599.00,542,2514
135504,599.00,541,2524
135606,599.00,542,2514
135707,599.00,542,2514
135809,599.00,541,2524
135910,599.00,542,2514
136011,599.00,542,2514
136113,599.00,541,2524
136214,599.00,542,2514
136315,599.00,542,2514
136417,599.00,541,2524
136518,599.00,540,2534
136620,599.00,542,2514
136721,599.00,542,2514
136822,599.00,542,2514
136924,599.00,542,2514
137025,599.00,542,2514
137126,599.00,541,2524
137228,599.00,543,2504
137329,599.00,542,2514
137431,599.00,542,2514
137532,599.00,542,2514
137633,599.00,542,2514
137735,599.00,542,2514
137836,599.00,542,2514
# load_kg=0.00
137937,0.00,542,2514
138039,0.00,542,2514
138140,0.00,543,2504
138242,0.00,542,2514
138343,0.00,543,2504
138444,0.00,543,2504
138545,0.00,543,2504
138646,0.00,542,2514
138747,0.00,542,2514
138849,0.00,543,2504
138950,0.00,541,2524
139052,0.00,544,2494
139153,0.00,541,2524
139254,0.00,542,2514
139355,0.00,543,2504
139456,0.00,543,2504
139557,0.00,543,2504
139659,0.00,542,2514
139760,0.00,543,2504
139862,0.00,543,2504
139963,0.00,543,2504
140064,0.00,542,2514
140165,0.00,544,2494
140266,0.00,543,2504
140367,0.00,543,2504
140469,0.00,543,2504
140570,0.00,543,2504
140672,0.00,542,2514
140773,0.00,544,2494
140874,0.00,544,2494
140975,0.00,543,2504
141076,0.00,544,2494
141177,0.00,543,2504
141279,0.00,506,2895
141380,0.00,545,2485
141481,0.00,398,4449
141583,0.00,1,-1
141683,0.00,0,-1
141785,0.00,0,-1
141885,0.00,0,-1
141986,0.00,0,-1
142088,0.00,0,-1
142188,0.00,0,-1
142289,0.00,1,-1
142390,0.00,0,-1
142491,0.00,0,-1
142593,0.00,0,-1
142693,0.00,0,-1
142794,0.00,0,-1
142895,0.00,0,-1
142996,0.00,0,-1
143096,0.00,0,-1
143198,0.00,0,-1
143299,0.00,0,-1
143399,0.00,0,-1
143501,0.00,0,-1
143601,0.00,0,-1
143703,0.00,0,-1
143804,0.00,0,-1
143904,0.00,0,-1
144006,0.00,0,-1
144106,0.00,0,-1
144207,0.00,0,-1
144308,0.00,0,-1
144409,0.00,0,-1
144510,0.00,1,-1
144611,0.00,0,-1
144712,0.00,0,-1
144813,0.00,0,-1
144914,0.00,0,-1
145015,0.00,0,-1
145116,0.00,0,-1
145217,0.00,0,-1
145317,0.00,0,-1
145419,0.00,0,-1
145519,0.00,0,-1
145620,0.00,0,-1
145722,0.00,0,-1
145822,0.00,0,-1
145924,0.00,0,-1
146024,0.00,0,-1
146125,0.00,0,-1
146227,0.00,2,-1
146327,0.00,0,-1
146428,0.00,0,-1
146529,0.00,0,-1
146630,0.00,0,-1
146731,0.00,0,-1
146832,0.00,0,-1
146933,0.00,0,-1
147034,0.00,0,-1
147135,0.00,0,-1
147235,0.00,0,-1
147337,0.00,0,-1
147438,0.00,0,-1
147538,0.00,0,-1
147640,0.00,0,-1
147740,0.00,0,-1
147842,0.00,0,-1
147943,0.00,0,-1
148043,0.00,0,-1
148145,0.00,0,-1
148245,0.00,0,-1
148346,0.00,0,-1
148447,0.00,0,-1
148548,0.00,0,-1
148649,0.00,0,-1
148750,0.00,0,-1
148851,0.00,0,-1
148952,0.00,0,-1
149053,0.00,0,-1
149154,0.00,0,-1
149255,0.00,0,-1
149356,0.00,0,-1
149456,0.00,0,-1
149558,0.00,0,-1
149658,0.00,0,-1
149760,0.00,0,-1
149861,0.00,0,-1
149961,0.00,175,13728
150063,0.00,396,4486
150164,0.00,268,7981
150265,0.00,0,-1
150366,0.00,1,-1
150467,0.00,0,-1
150568,0.00,0,-1
150669,0.00,0,-1
150770,0.00,0,-1
150871,0.00,0,-1
150972,0.00,0,-1
151073,0.00,0,-1
151174,0.00,0,-1
151275,0.00,0,-1
151375,0.00,708,1260
151477,0.00,726,1159
151578,0.00,700,1307
151680,0.00,726,1159
151781,0.00,790,836
151882,0.00,804,772
151984,0.00,805,767
152084,0.00,810,745
152185,0.00,811,741
152287,0.00,811,741
152388,0.00,815,723
152489,0.00,815,723
152590,0.00,817,714
152691,0.00,816,719
152793,0.00,821,697
152894,0.00,822,693
152995,0.00,822,693
153097,0.00,823,688
153197,0.00,824,684
153298,0.00,825,680
153400,0.00,826,676
153501,0.00,827,671
153603,0.00,826,676
153704,0.00,827,671
153804,0.00,828,667
153906,0.00,830,659
154007,0.00,832,650
154108,0.00,831,655
154210,0.00,834,642
154311,0.00,836,634
154412,0.00,834,642
154513,0.00,833,646
154614,0.00,835,638
154716,0.00,835,638
154817,0.00,835,638
154918,0.00,836,634
155019,0.00,836,634
155120,0.00,837,630
155222,0.00,836,634
155323,0.00,838,625
155424,0.00,838,625
155526,0.00,840,617
155626,0.00,839,621
155727,0.00,839,621
155829,0.00,840,617
155930,0.00,842,609
156032,0.00,841,613
156132,0.00,842,609
156233,0.00,841,613
156335,0.00,844,601
156436,0.00,844,601
156537,0.00,842,609
156639,0.00,843,605
156739,0.00,843,605
156840,0.00,844,601
156942,0.00,843,605
157043,0.00,844,601
157145,0.00,844,601
157246,0.00,845,597
157346,0.00,846,593
157448,0.00,846,593
157549,0.00,845,597
157650,0.00,845,597
157752,0.00,845,597
# load_kg=1000.00
157853,1000.00,845,597
157955,1000.00,847,589
158056,1000.00,845,597
158157,1000.00,846,593
158259,1000.00,848,585
158360,1000.00,847,589
158461,1000.00,846,593
158563,1000.00,848,585
158664,1000.00,846,593
158766,1000.00,846,593
158867,1000.00,847,589
158968,1000.00,847,589
159070,1000.00,848,585
159171,1000.00,848,585
159272,1000.00,849,581
159374,1000.00,848,585
159475,1000.00,845,597
159577,1000.00,848,585
159678,1000.00,847,589
159779,1000.00,849,581
159881,1000.00,849,581
159982,1000.00,849,581
160083,1000.00,850,577
160185,1000.00,849,581
160286,1000.00,846,593
160388,1000.00,850,577
160489,1000.00,849,581
160590,1000.00,849,581
160692,1000.00,849,581
160793,1000.00,850,577
160894,1000.00,850,577
160996,1000.00,850,577
161097,1000.00,851,573
161199,1000.00,851,573
161300,1000.00,850,577
161401,1000.00,853,565
161503,1000.00,852,569
161604,1000.00,852,569
161705,1000.00,851,573
161807,1000.00,852,569
161908,1000.00,852,569
162010,1000.00,851,573
162111,1000.00,852,569
162212,1000.00,852,569
162314,1000.00,854,561
162415,1000.00,852,569
162516,1000.00,854,561
162618,1000.00,853,565
162719,1000.00,853,565
162821,1000.00,854,561
162922,1000.00,853,565
163023,1000.00,854,561
163125,1000.00,853,565
163226,1000.00,854,561
163328,1000.00,855,557
163429,1000.00,854,561
163530,1000.00,856,553
163632,1000.00,855,557
163733,1000.00,855,557
163834,1000.00,855,557
163936,1000.00,856,553
164037,1000.00,853,565
164139,1000.00,856,553
164240,1000.00,855,557
164341,1000.00,855,557
164443,1000.00,855,557
164544,1000.00,856,553
164645,1000.00,856,553
164747,1000.00,856,553
164848,1000.00,856,553
164950,1000.00,856,553
165051,1000.00,858,545
165152,1000.00,857,549
165254,1000.00,856,553
165354,1000.00,855,557
165455,1000.00,856,553
165557,1000.00,857,549
165658,1000.00,858,545
165760,1000.00,859,541
165861,1000.00,857,549
165962,1000.00,856,553
166064,1000.00,856,553
166165,1000.00,856,553
166266,1000.00,858,545
166368,1000.00,857,549
166469,1000.00,857,549
166571,1000.00,859,541
166672,1000.00,857,549
166773,1000.00,858,545
166875,1000.00,860,537
166976,1000.00,859,541
167077,1000.00,859,541
167179,1000.00,858,545
167280,1000.00,860,537
167382,1000.00,859,541
167483,1000.00,859,541
167584,1000.00,858,545
167686,1000.00,858,545
167787,1000.00,858,545
167888,1000.00,858,545
167990,1000.00,861,533
168091,1000.00,860,537
168193,1000.00,859,541
168294,1000.00,859,541
168395,1000.00,859,541
168497,1000.00,862,529
168598,1000.00,859,541
168699,1000.00,861,533
168801,1000.00,861,533
168902,1000.00,859,541
169004,1000.00,861,533
169105,1000.00,858,545
169206,1000.00,861,533
169308,1000.00,861,533
169409,1000.00,862,529
169510,1000.00,861,533
169612,1000.00,860,537
169713,1000.00,862,529
169815,1000.00,860,537
169916,1000.00,861,533
170017,1000.00,862,529
170119,1000.00,862,529
170220,1000.00,862,529
170321,1000.00,862,529
170423,1000.00,860,537
170524,1000.00,859,541
170626,1000.00,861,533
170727,1000.00,862,529
170828,1000.00,861,533
170930,1000.00,858,545
171031,1000.00,862,529
171132,1000.00,862,529
171234,1000.00,861,533
171335,1000.00,860,537
171437,1000.00,862,529
171538,1000.00,861,533
171639,1000.00,862,529
171741,1000.00,859,541
171842,1000.00,863,525
171943,1000.00,864,521
172045,1000.00,861,533
172146,1000.00,862,529
172248,1000.00,861,533
172349,1000.00,863,525
172450,1000.00,863,525
172552,1000.00,863,525
172653,1000.00,863,525
172754,1000.00,862,529
172856,1000.00,863,525
172957,1000.00,863,525
173059,1000.00,865,517
173160,1000.00,864,521
173261,1000.00,863,525
173363,1000.00,864,521
173464,1000.00,865,517
173565,1000.00,864,521
173667,1000.00,864,521
173767,1000.00,866,514
173869,1000.00,864,521
173970,1000.00,863,525
174071,1000.00,865,517
174173,1000.00,862,529
174274,1000.00,866,514
174375,1000.00,863,525
174477,1000.00,866,514
174578,1000.00,865,517
174680,1000.00,866,514
174781,1000.00,866,514
174882,1000.00,864,521
174984,1000.00,864,521
175085,1000.00,865,517
175186,1000.00,865,517
175288,1000.00,863,525
175389,1000.00,865,517
175491,1000.00,863,525
175592,1000.00,866,514
175693,1000.00,865,517
175795,1000.00,865,517
175896,1000.00,868,506
175997,1000.00,867,510
176099,1000.00,867,510
176200,1000.00,865,517
176302,1000.00,866,514
176403,1000.00,865,517
176504,1000.00,868,506
176606,1000.00,863,525
176707,1000.00,866,514
176808,1000.00,867,510
176910,1000.00,867,510
177011,1000.00,866,514
177113,1000.00,868,506
177214,1000.00,866,514
177315,1000.00,868,506
177417,1000.00,866,514
177518,1000.00,868,506
177619,1000.00,865,517
177721,1000.00,866,514
177822,1000.00,866,514
177924,1000.00,867,510
178025,1000.00,868,506
178126,1000.00,866,514
178228,1000.00,866,514
178329,1000.00,869,502
178430,1000.00,868,506
178532,1000.00,866,514
178633,1000.00,868,506
178735,1000.00,865,517
178836,1000.00,868,506
178937,1000.00,869,502
179039,1000.00,866,514
179140,1000.00,868,506
179241,1000.00,867,510
179343,1000.00,868,506
179444,1000.00,868,506
179546,1000.00,867,510
179647,1000.00,868,506
179748,1000.00,867,510
179850,1000.00,868,506
179951,1000.00,868,506
180052,1000.00,869,502
180154,1000.00,867,510
180255,1000.00,869,502
180357,1000.00,867,510
180458,1000.00,870,498
180559,1000.00,868,506
180661,1000.00,867,510
180762,1000.00,867,510
180864,1000.00,868,506
180965,1000.00,870,498
181066,1000.00,869,502
181168,1000.00,869,502
181269,1000.00,869,502
181370,1000.00,869,502
181472,1000.00,870,498
181573,1000.00,870,498
181675,1000.00,871,494
181776,1000.00,869,502
181877,1000.00,868,506
181979,1000.00,869,502
182080,1000.00,870,498
182181,1000.00,871,494
182283,1000.00,870,498
182384,1000.00,869,502
182486,1000.00,871,494
182587,1000.00,869,502
182688,1000.00,871,494
182790,1000.00,871,494
182891,1000.00,870,498
182992,1000.00,871,494
183094,1000.00,870,498
183195,1000.00,870,498
183297,1000.00,871,494
183397,1000.00,871,494
183498,1000.00,870,498
183600,1000.00,872,491
183701,1000.00,870,498
183802,1000.00,871,494
183904,1000.00,870,498
184005,1000.00,871,494
184107,1000.00,871,494
184208,1000.00,870,498
184309,1000.00,870,498
184411,1000.00,871,494
184512,1000.00,871,494
184613,1000.00,870,498
184715,1000.00,872,491
184816,1000.00,872,491
184918,1000.00,872,491
185019,1000.00,872,491
185120,1000.00,872,491
185222,1000.00,872,491
185323,1000.00,870,498
185424,1000.00,871,494
185526,1000.00,871,494
185627,1000.00,872,491
185729,1000.00,873,487
185830,1000.00,874,483
185931,1000.00,872,491
186033,1000.00,871,494
186134,1000.00,873,487
186235,1000.00,873,487
186337,1000.00,872,491
186438,1000.00,871,494
186540,1000.00,872,491
186641,1000.00,873,487
186742,1000.00,872,491
186844,1000.00,873,487
186945,1000.00,872,491
187046,1000.00,872,491
187148,1000.00,873,487
187249,1000.00,869,502
187351,1000.00,872,491
187452,1000.00,873,487
187553,1000.00,871,494
187655,1000.00,874,483
187756,1000.00,873,487
187857,1000.00,873,487
187959,1000.00,874,483
188060,1000.00,872,491
188162,1000.00,876,475
188263,1000.00,875,479
188364,1000.00,874,483
188466,1000.00,873,487
188567,1000.00,874,483
188668,1000.00,873,487
188770,1000.00,874,483
188871,1000.00,874,483
188973,1000.00,874,483
189074,1000.00,873,487
189175,1000.00,876,475
189277,1000.00,876,475
189378,1000.00,874,483
189479,1000.00,874,483
189581,1000.00,874,483
189682,1000.00,873,487
189784,1000.00,874,483
189885,1000.00,875,479
189986,1000.00,875,479
190088,1000.00,875,479
190189,1000.00,876,475
190290,1000.00,874,483
190392,1000.00,874,483
190493,1000.00,873,487
190595,1000.00,875,479
# load_kg=0.00
190696,0.00,875,479
190797,0.00,875,479
190899,0.00,874,483
191000,0.00,876,475
191101,0.00,875,479
191202,0.00,872,491
191303,0.00,876,475
191405,0.00,876,475
191506,0.00,876,475
191607,0.00,875,479
191709,0.00,874,483
191809,0.00,877,472
191910,0.00,873,487
192012,0.00,877,472
192113,0.00,873,487
192215,0.00,874,483
192315,0.00,875,479
192416,0.00,873,487
192518,0.00,875,479
192619,0.00,875,479
192720,0.00,875,479
192822,0.00,875,479
192922,0.00,876,475
193024,0.00,877,472
193125,0.00,878,468
193226,0.00,877,472
193328,0.00,877,472
193429,0.00,876,475
193529,0.00,874,483
193631,0.00,875,479
193732,0.00,877,472
193833,0.00,878,468
193935,0.00,878,468
194036,0.00,878,468
194137,0.00,877,472
194238,0.00,878,468
194339,0.00,876,475
194441,0.00,877,472
194542,0.00,878,468
194643,0.00,875,479
194744,0.00,876,475
194845,0.00,877,472
194947,0.00,877,472
195048,0.00,878,468
195149,0.00,877,472
195251,0.00,876,475
195351,0.00,877,472
195452,0.00,877,472
195554,0.00,878,468
195655,0.00,877,472
195757,0.00,876,475
195857,0.00,879,464
195958,0.00,878,468
196060,0.00,875,479
196161,0.00,876,475
196262,0.00,868,506
196364,0.00,0,-1
196464,0.00,0,-1
196566,0.00,0,-1
196666,0.00,0,-1
196767,0.00,0,-1
196868,0.00,0,-1
196969,0.00,0,-1
197070,0.00,0,-1
197171,0.00,0,-1
197272,0.00,0,-1
197372,0.00,0,-1
197474,0.00,1,-1
197575,0.00,0,-1
197676,0.00,0,-1
197777,0.00,0,-1
197877,0.00,0,-1
197979,0.00,0,-1
198080,0.00,0,-1
198180,0.00,0,-1
198282,0.00,0,-1
198382,0.00,0,-1
198483,0.00,0,-1
198584,0.00,0,-1
198685,0.00,0,-1
198787,0.00,0,-1
198887,0.00,0,-1
198988,0.00,0,-1
199089,0.00,0,-1
199190,0.00,0,-1
199291,0.00,0,-1
199392,0.00,0,-1
199493,0.00,0,-1
199593,0.00,0,-1
199695,0.00,0,-1
199795,0.00,0,-1
199897,0.00,0,-1
199998,0.00,0,-1
200098,0.00,0,-1
200200,0.00,0,-1
200300,0.00,0,-1
200401,0.00,0,-1
200503,0.00,0,-1
200603,0.00,0,-1
200705,0.00,0,-1
200805,0.00,0,-1
200906,0.00,0,-1
201007,0.00,0,-1
201108,0.00,0,-1
201209,0.00,0,-1
201310,0.00,0,-1
201411,0.00,0,-1
201511,0.00,0,-1
201613,0.00,0,-1
201714,0.00,0,-1
201815,0.00,0,-1
201916,0.00,0,-1
202016,0.00,0,-1
202118,0.00,0,-1
202218,0.00,0,-1
202319,0.00,0,-1
202421,0.00,0,-1
202521,0.00,0,-1
202622,0.00,0,-1
202723,0.00,0,-1
202824,0.00,0,-1
202926,0.00,0,-1
203026,0.00,0,-1
203127,0.00,0,-1
203228,0.00,0,-1
203329,0.00,0,-1
203430,0.00,0,-1
203531,0.00,0,-1
203632,0.00,0,-1
203732,0.00,0,-1
203834,0.00,0,-1
203934,0.00,0,-1
204036,0.00,0,-1
204137,0.00,0,-1
204237,0.00,0,-1
204339,0.00,0,-1
204439,0.00,0,-1
204540,0.00,0,-1
204642,0.00,0,-1
204742,0.00,0,-1
204844,0.00,0,-1
204944,0.00,0,-1
205045,0.00,0,-1
205146,0.00,0,-1
205247,0.00,0,-1
205348,0.00,0,-1
205449,0.00,0,-1
205550,0.00,0,-1
205650,0.00,0,-1
205752,0.00,0,-1
205853,0.00,0,-1
205954,0.00,0,-1
206055,0.00,0,-1
206155,0.00,0,-1
206257,0.00,0,-1
206357,0.00,0,-1
206458,0.00,0,-1
206560,0.00,0,-1
206660,0.00,0,-1
206761,0.00,0,-1
206862,0.00,0,-1
206963,0.00,0,-1
207065,0.00,0,-1
207165,0.00,0,-1
207266,0.00,1,-1
207367,0.00,0,-1
207468,0.00,0,-1
207568,0.00,0,-1
207670,0.00,0,-1
207771,0.00,0,-1
207872,0.00,0,-1
207973,0.00,0,-1
208073,0.00,0,-1
208175,0.00,0,-1
208276,0.00,0,-1
208376,0.00,1,-1
208478,0.00,0,-1
208578,0.00,0,-1
208679,0.00,0,-1
208781,0.00,0,-1
208881,0.00,0,-1
208983,0.00,0,-1
209083,0.00,0,-1
209184,0.00,0,-1
209285,0.00,488,3106
209386,0.00,0,-1
209487,0.00,0,-1
209588,0.00,0,-1
209689,0.00,0,-1
209790,0.00,744,1062
209892,0.00,844,601
209992,0.00,870,498
210094,0.00,879,464
210195,0.00,889,427
210296,0.00,888,431
210398,0.00,893,412
210499,0.00,896,402
210599,0.00,896,402
210701,0.00,898,394
210802,0.00,901,384
210904,0.00,903,376
211005,0.00,903,376
211106,0.00,906,366
211207,0.00,905,369
211308,0.00,907,362
211409,0.00,909,355
211511,0.00,909,355
211612,0.00,908,359
211714,0.00,909,355
211814,0.00,910,352
211915,0.00,910,352
212017,0.00,912,345
212118,0.00,909,355
212219,0.00,912,345
212320,0.00,911,348
212421,0.00,910,352
212523,0.00,910,352
212624,0.00,912,345
212725,0.00,912,345
212827,0.00,911,348
212927,0.00,912,345
213028,0.00,911,348
213130,0.00,914,338
213231,0.00,913,341
213332,0.00,914,338
213434,0.00,913,341
213534,0.00,914,338
213636,0.00,915,334
213737,0.00,914,338
213838,0.00,914,338
213940,0.00,911,348
214041,0.00,0,-1
214141,0.00,912,345
214243,0.00,0,-1
214344,0.00,0,-1
214445,0.00,763,965
214546,0.00,0,-1
214647,0.00,0,-1
214748,0.00,0,-1
214849,0.00,0,-1
214949,0.00,0,-1
215051,0.00,0,-1
215151,0.00,2,-1
215252,0.00,0,-1
215354,0.00,0,-1
215454,0.00,1,-1
215556,0.00,0,-1
215656,0.00,0,-1
215757,0.00,0,-1
215859,0.00,0,-1
215959,0.00,0,-1
216060,0.00,0,-1
216161,0.00,2,-1
216262,0.00,0,-1
216363,0.00,0,-1
216464,0.00,0,-1
216565,0.00,0,-1
216666,0.00,214,10710
216767,0.00,842,609
216868,0.00,894,409
216970,0.00,922,310
217071,0.00,923,307
217172,0.00,925,300
217273,0.00,925,300
217374,0.00,927,293
217476,0.00,928,290
217577,0.00,930,283
217678,0.00,929,287
217779,0.00,927,293
217880,0.00,930,283
217981,0.00,930,283
218083,0.00,931,280
218184,0.00,929,287
218286,0.00,930,283
218386,0.00,929,287
218487,0.00,932,277
218589,0.00,930,283
218690,0.00,932,277
218791,0.00,931,280
218893,0.00,933,273
218993,0.00,931,280
219095,0.00,931,280
219196,0.00,933,273
219297,0.00,934,270
219399,0.00,934,270
219500,0.00,932,277
219600,0.00,934,270
219702,0.00,933,273
219803,0.00,934,270
219905,0.00,935,267
220006,0.00,936,263
220107,0.00,933,273
220208,0.00,934,270
220309,0.00,935,267
220410,0.00,936,263
220512,0.00,934,270
220613,0.00,936,263
220715,0.00,935,267
220815,0.00,935,267
220916,0.00,934,270
221018,0.00,934,270
221119,0.00,936,263
221220,0.00,933,273
221321,0.00,937,260
221422,0.00,936,263
221523,0.00,935,267
221625,0.00,936,263
221726,0.00,937,260
221828,0.00,936,263
221928,0.00,935,267
222029,0.00,936,263
222131,0.00,937,260
222232,0.00,937,260
222333,0.00,936,263
222435,0.00,937,260
222535,0.00,937,260
222637,0.00,936,263
222738,0.00,937,260
222839,0.00,937,260
222941,0.00,937,260
223042,0.00,937,260
223142,0.00,937,260
223244,0.00,936,263
223345,0.00,938,257
223447,0.00,936,263
223548,0.00,938,257
223649,0.00,937,260
223750,0.00,939,253
223851,0.00,936,263
223952,0.00,939,253
224054,0.00,939,253
224155,0.00,942,244
224257,0.00,942,244
224357,0.00,939,253
224458,0.00,941,247
224560,0.00,942,244
224661,0.00,941,247
224762,0.00,939,253
224863,0.00,941,247
224964,0.00,940,250
225065,0.00,939,253
225167,0.00,943,240
225268,0.00,944,237
225370,0.00,943,240
225470,0.00,943,240
225571,0.00,942,244
225673,0.00,941,247
225774,0.00,945,234
225875,0.00,944,237
225977,0.00,944,237
226077,0.00,944,237
226179,0.00,943,240
226280,0.00,944,237
226381,0.00,946,231
226483,0.00,945,234
226584,0.00,945,234
226684,0.00,946,231
226786,0.00,943,240
226887,0.00,945,234
226989,0.00,944,237
227090,0.00,943,240
227191,0.00,943,240
227292,0.00,945,234
227393,0.00,946,231
227494,0.00,946,231
227596,0.00,945,234
227697,0.00,943,240
227798,0.00,946,231
227899,0.00,943,240
228000,0.00,944,237
228102,0.00,942,244
228203,0.00,944,237
228304,0.00,945,234
228405,0.00,946,231
228506,0.00,946,231
228608,0.00,943,240
228709,0.00,948,224
228810,0.00,947,227
228912,0.00,948,224
229012,0.00,949,221
229113,0.00,948,224
229215,0.00,947,227
229316,0.00,947,227
229417,0.00,946,231
229519,0.00,949,221
229619,0.00,945,234
229721,0.00,945,234
229822,0.00,947,227
229923,0.00,950,218
230025,0.00,949,221
230126,0.00,947,227
230226,0.00,948,224
230328,0.00,949,221
230429,0.00,949,221
230531,0.00,947,227
230632,0.00,946,231
230732,0.00,948,224
230834,0.00,948,224
230935,0.00,950,218
231036,0.00,949,221
231138,0.00,949,221
231239,0.00,948,224
231340,0.00,947,227
231441,0.00,950,218
231542,0.00,948,224
231644,0.00,947,227
231745,0.00,949,221
231846,0.00,948,224
231947,0.00,949,221
232048,0.00,950,218
232150,0.00,949,221
232251,0.00,946,231
232352,0.00,949,221
232454,0.00,947,227
232554,0.00,949,221
232655,0.00,947,227
232757,0.00,947,227
232858,0.00,946,231
232960,0.00,948,224
233061,0.00,950,218
233161,0.00,949,221
233263,0.00,950,218
233364,0.00,948,224
233465,0.00,949,221
233567,0.00,949,221
233667,0.00,950,218
233768,0.00,949,221
233870,0.00,949,221
233971,0.00,950,218
234073,0.00,949,221
234174,0.00,948,224
234274,0.00,950,218
234376,0.00,950,218
234477,0.00,949,221
234578,0.00,950,218
234680,0.00,948,224
234781,0.00,950,218
234882,0.00,949,221
234983,0.00,949,221
235084,0.00,948,224
235186,0.00,951,214
235287,0.00,950,218
235388,0.00,949,221
235489,0.00,948,224
235590,0.00,949,221
235692,0.00,950,218
# load_kg=1423.00
235794,1423.00,948,224
235895,1423.00,950,218
235997,1423.00,951,214
236098,1423.00,949,221
236199,1423.00,948,224
236301,1423.00,950,218
236402,1423.00,949,221
236504,1423.00,950,218
236605,1423.00,949,221
236706,1423.00,950,218
236808,1423.00,950,218
236909,1423.00,949,221
237010,1423.00,949,221
237112,1423.00,951,214
237213,1423.00,949,221
237314,1423.00,952,211
237415,1423.00,950,218
237516,1423.00,951,214
237618,1423.00,951,214
237719,1423.00,950,218
237820,1423.00,950,218
237922,1423.00,951,214
238023,1423.00,948,224
238125,1423.00,950,218
238226,1423.00,951,214
238327,1423.00,950,218
238429,1423.00,951,214
238530,1423.00,950,218
238631,1423.00,952,211
238733,1423.00,950,218
238834,1423.00,951,214
238936,1423.00,949,221
239037,1423.00,949,221
239138,1423.00,949,221
239240,1423.00,951,214
239341,1423.00,953,208
239442,1423.00,949,221
239544,1423.00,952,211
239645,1423.00,950,218
239747,1423.00,950,218
239848,1423.00,950,218
239949,1423.00,950,218
240051,1423.00,949,221
240152,1423.00,951,214
240253,1423.00,951,214
240355,1423.00,951,214
240456,1423.00,952,211
240558,1423.00,951,214
240659,1423.00,951,214
240760,1423.00,949,221
240862,1423.00,953,208
240963,1423.00,950,218
241064,1423.00,951,214
241166,1423.00,951,214
241267,1423.00,948,224
241369,1423.00,950,218
241470,1423.00,949,221
241571,1423.00,949,221
241673,1423.00,953,208
241774,1423.00,950,218
241875,1423.00,951,214
241977,1423.00,949,221
242078,1423.00,949,221
242180,1423.00,951,214
242281,1423.00,951,214
242382,1423.00,949,221
242484,1423.00,950,218
242585,1423.00,951,214
242686,1423.00,950,218
242788,1423.00,951,214
242889,1423.00,952,211
242991,1423.00,950,218
243092,1423.00,951,214
243193,1423.00,952,211
243295,1423.00,954,205
243396,1423.00,951,214
243497,1423.00,950,218
243599,1423.00,950,218
243700,1423.00,952,211
243802,1423.00,952,211
243903,1423.00,950,218
244004,1423.00,951,214
244106,1423.00,951,214
244207,1423.00,951,214
244308,1423.00,949,221
244410,1423.00,951,214
244511,1423.00,952,211
244613,1423.00,951,214
244714,1423.00,952,211
244815,1423.00,949,221
244917,1423.00,951,214
245018,1423.00,951,214
245120,1423.00,950,218
245221,1423.00,952,211
245322,1423.00,951,214
245424,1423.00,951,214
245525,1423.00,952,211
245626,1423.00,951,214
245728,1423.00,949,221
245829,1423.00,951,214
245931,1423.00,951,214
246032,1423.00,951,214
246133,1423.00,951,214
246235,1423.00,953,208
246336,1423.00,952,211
246437,1423.00,952,211
246539,1423.00,951,214
246640,1423.00,951,214
246742,1423.00,953,208
246843,1423.00,952,211
246944,1423.00,951,214
247046,1423.00,952,211
247147,1423.00,954,205
247248,1423.00,952,211
247350,1423.00,951,214
247451,1423.00,950,218
247552,1423.00,950,218
247653,1423.00,951,214
247754,1423.00,953,208
247856,1423.00,950,218
247957,1423.00,951,214
248058,1423.00,950,218
248160,1423.00,952,211
248261,1423.00,952,211
248363,1423.00,951,214
248464,1423.00,952,211
248565,1423.00,953,208
248667,1423.00,950,218
248768,1423.00,952,211
248869,1423.00,953,208
248971,1423.00,952,211
249072,1423.00,951,214
249174,1423.00,950,218
249275,1423.00,950,218
249376,1423.00,952,211
249478,1423.00,952,211
249579,1423.00,953,208
249680,1423.00,952,211
249782,1423.00,950,218
249883,1423.00,952,211
249985,1423.00,952,211
250086,1423.00,950,218
250187,1423.00,952,211
250289,1423.00,951,214
250390,1423.00,952,211
250491,1423.00,953,208
250593,1423.00,950,218
250694,1423.00,951,214
250796,1423.00,953,208
250897,1423.00,952,211
250998,1423.00,951,214
251100,1423.00,953,208
251201,1423.00,952,211
251302,1423.00,953,208
251404,1423.00,950,218
251505,1423.00,951,214
251607,1423.00,952,211
251708,1423.00,951,214
251809,1423.00,951,214
251911,1423.00,952,211
252012,1423.00,953,208
252113,1423.00,951,214
252215,1423.00,953,208
252316,1423.00,951,214
252418,1423.00,952,211
252519,1423.00,950,218
252620,1423.00,951,214
252722,1423.00,951,214
252823,1423.00,952,211
252924,1423.00,953,208
253026,1423.00,952,211
253127,1423.00,952,211
253229,1423.00,951,214
253330,1423.00,949,221
253431,1423.00,954,205
253533,1423.00,952,211
253634,1423.00,953,208
253735,1423.00,951,214
253837,1423.00,951,214
253938,1423.00,951,214
254040,1423.00,952,211
254141,1423.00,949,221
254242,1423.00,952,211
254344,1423.00,951,214
254445,1423.00,953,208
254546,1423.00,950,218
254648,1423.00,952,211
254749,1423.00,952,211
254851,1423.00,953,208
254952,1423.00,952,211
255053,1423.00,952,211
255155,1423.00,953,208
255256,1423.00,952,211
255357,1423.00,952,211
255459,1423.00,953,208
255560,1423.00,954,205
255662,1423.00,953,208
255763,1423.00,951,214
255864,1423.00,952,211
255966,1423.00,953,208
256067,1423.00,954,205
256168,1423.00,952,211
256270,1423.00,953,208
256371,1423.00,949,221
256473,1423.00,951,214
256574,1423.00,954,205
256675,1423.00,953,208
256777,1423.00,952,211
256878,1423.00,953,208
256979,1423.00,952,211
257081,1423.00,954,205
257182,1423.00,952,211
257283,1423.00,954,205
257384,1423.00,952,211
257485,1423.00,950,218
257587,1423.00,951,214
257688,1423.00,953,208
257789,1423.00,952,211
257891,1423.00,953,208
257992,1423.00,951,214
258094,1423.00,953,208
258195,1423.00,951,214
258296,1423.00,951,214
258398,1423.00,952,211
258499,1423.00,954,205
258600,1423.00,950,218
258702,1423.00,951,214
258803,1423.00,952,211
258905,1423.00,953,208
259006,1423.00,954,205
259107,1423.00,954,205
259209,1423.00,953,208
259310,1423.00,952,211
259411,1423.00,952,211
259513,1423.00,952,211
259614,1423.00,952,211
259716,1423.00,952,211
259817,1423.00,953,208
259918,1423.00,951,214
260020,1423.00,952,211
260121,1423.00,954,205
260222,1423.00,952,211
260324,1423.00,953,208
260425,1423.00,952,211
260527,1423.00,954,205
260628,1423.00,953,208
260729,1423.00,954,205
260831,1423.00,954,205
260932,1423.00,954,205
261033,1423.00,953,208
261135,1423.00,952,211
261236,1423.00,953,208
261338,1423.00,953,208
261439,1423.00,953,208
261540,1423.00,954,205
261642,1423.00,954,205
261743,1423.00,951,214
261844,1423.00,952,211
261946,1423.00,953,208
262047,1423.00,954,205
262149,1423.00,954,205
262250,1423.00,954,205
262351,1423.00,956,199
262453,1423.00,953,208
262554,1423.00,952,211
262656,1423.00,954,205
262757,1423.00,953,208
262858,1423.00,953,208
262960,1423.00,953,208
263061,1423.00,952,211
263162,1423.00,953,208
263264,1423.00,949,221
263365,1423.00,954,205
263467,1423.00,952,211
263568,1423.00,954,205
263669,1423.00,953,208
263771,1423.00,951,214
263872,1423.00,954,205
263973,1423.00,953,208
264075,1423.00,953,208
264176,1423.00,954,205
264278,1423.00,953,208
264379,1423.00,954,205
264480,1423.00,954,205
264582,1423.00,952,211
264683,1423.00,954,205
264784,1423.00,952,211
264886,1423.00,952,211
264987,1423.00,953,208
265089,1423.00,953,208
265189,1423.00,952,211
265290,1423.00,953,208
265392,1423.00,953,208
265493,1423.00,953,208
265594,1423.00,955,202
265696,1423.00,953,208
265797,1423.00,954,205
265899,1423.00,953,208
266000,1423.00,951,214
266101,1423.00,956,199
266203,1423.00,953,208
266304,1423.00,953,208
266405,1423.00,955,202
266507,1423.00,953,208
266608,1423.00,954,205
266710,1423.00,954,205
266811,1423.00,953,208
266912,1423.00,954,205
267014,1423.00,953,208
267115,1423.00,950,218
267216,1423.00,953,208
267318,1423.00,954,205
267419,1423.00,953,208
# load_kg=0.00
267522,0.00,952,211
267623,0.00,952,211
267723,0.00,952,211
267825,0.00,954,205
267926,0.00,952,211
268027,0.00,954,205
268129,0.00,951,214
268230,0.00,954,205
268331,0.00,952,211
268432,0.00,951,214
268533,0.00,951,214
268635,0.00,949,221
268736,0.00,954,205
268837,0.00,954,205
268938,0.00,955,202
269039,0.00,954,205
269140,0.00,954,205
269242,0.00,951,214
269343,0.00,953,208
269445,0.00,953,208
269545,0.00,954,205
269646,0.00,952,211
269748,0.00,954,205
269849,0.00,956,199
269950,0.00,953,208
270051,0.00,952,211
270152,0.00,953,208
270254,0.00,952,211
270355,0.00,954,205
270456,0.00,953,208
270558,0.00,954,205
270658,0.00,953,208
270759,0.00,955,202
270861,0.00,953,208
270962,0.00,954,205
271064,0.00,953,208
271165,0.00,952,211
271265,0.00,956,199
271367,0.00,953,208
271468,0.00,954,205
271569,0.00,955,202
271671,0.00,954,205
271772,0.00,955,202
271873,0.00,953,208
271974,0.00,958,192
272075,0.00,955,202
272177,0.00,956,199
272278,0.00,955,202
272379,0.00,957,195
272480,0.00,959,189
272581,0.00,956,199
272683,0.00,958,192
272784,0.00,958,192
272885,0.00,958,192
272987,0.00,957,195
273087,0.00,958,192
273188,0.00,957,195
273290,0.00,957,195
273391,0.00,954,205
273492,0.00,956,199
273593,0.00,958,192
273694,0.00,958,192
273796,0.00,955,202
273897,0.00,956,199
273998,0.00,957,195
274100,0.00,958,192
274200,0.00,957,195
274301,0.00,957,195
274403,0.00,956,199
274504,0.00,956,199
274606,0.00,958,192
274707,0.00,956,199
274807,0.00,956,199
274909,0.00,955,202
275010,0.00,955,202
275111,0.00,955,202
275213,0.00,955,202
275314,0.00,955,202
275415,0.00,956,199
275516,0.00,957,195
275617,0.00,957,195
275719,0.00,957,195
275820,0.00,956,199
275921,0.00,957,195
276022,0.00,961,183
276123,0.00,955,202
276225,0.00,960,186
276326,0.00,958,192
276427,0.00,957,195
276528,0.00,958,192
276629,0.00,960,186
276730,0.00,960,186
276832,0.00,958,192
276933,0.00,959,189
277035,0.00,960,186
277135,0.00,954,205
277236,0.00,959,189
277338,0.00,960,186
277439,0.00,959,189
277540,0.00,959,189
277642,0.00,959,189
277742,0.00,960,186
277843,0.00,957,195
277945,0.00,959,189
278046,0.00,958,192
278148,0.00,960,186
278249,0.00,960,186
278349,0.00,958,192
278451,0.00,961,183
278552,0.00,958,192
278653,0.00,960,186
278755,0.00,958,192
278856,0.00,957,195
278957,0.00,959,189
279058,0.00,959,189
279159,0.00,957,195
279261,0.00,957,195
279362,0.00,957,195
279462,0.00,960,186
279564,0.00,961,183
279665,0.00,959,189
279767,0.00,958,192
279868,0.00,958,192
279969,0.00,959,189
280070,0.00,959,189
280171,0.00,961,183
280272,0.00,959,189
280374,0.00,959,189
280475,0.00,958,192
280577,0.00,961,183
280677,0.00,959,189
280778,0.00,957,195
280880,0.00,958,192
280981,0.00,960,186
281082,0.00,959,189
281184,0.00,959,189
281284,0.00,959,189
281385,0.00,959,189
281487,0.00,958,192
281588,0.00,959,189
281690,0.00,959,189
281791,0.00,959,189
281891,0.00,960,186
281993,0.00,959,189
282094,0.00,959,189
282195,0.00,960,186
282297,0.00,960,186
282397,0.00,959,189
282499,0.00,958,192
282600,0.00,959,189
282701,0.00,958,192
282803,0.00,961,183
282904,0.00,958,192
283004,0.00,959,189
283106,0.00,961,183
283207,0.00,959,189
283309,0.00,960,186
283410,0.00,958,192
283511,0.00,961,183
283612,0.00,960,186
283713,0.00,962,180
283814,0.00,960,186
283916,0.00,961,183
284017,0.00,961,183
284119,0.00,959,189
284219,0.00,959,189
284320,0.00,962,180
284422,0.00,960,186
284523,0.00,962,180
284624,0.00,959,189
284726,0.00,959,189
284826,0.00,961,183
284928,0.00,959,189
285029,0.00,961,183
285130,0.00,962,180
285232,0.00,959,189
285332,0.00,958,192
285433,0.00,961,183
285535,0.00,961,183
285636,0.00,959,189
285737,0.00,961,183
285839,0.00,958,192
285939,0.00,959,189
286041,0.00,960,186
286142,0.00,960,186
286243,0.00,960,186
286345,0.00,959,189
286446,0.00,961,183
286546,0.00,961,183
286648,0.00,960,186
286749,0.00,959,189
286851,0.00,959,189
286952,0.00,960,186
287053,0.00,962,180
287154,0.00,962,180
287255,0.00,961,183
287356,0.00,961,183
287458,0.00,958,192
287559,0.00,962,180
287661,0.00,960,186
287761,0.00,959,189
287862,0.00,959,189
287964,0.00,961,183
288065,0.00,961,183
288166,0.00,961,183
288267,0.00,961,183
288368,0.00,960,186
288470,0.00,960,186
288571,0.00,960,186
288672,0.00,960,186
288774,0.00,961,183
288874,0.00,962,180
288975,0.00,959,189
289077,0.00,959,189
289178,0.00,959,189
289280,0.00,961,183
289381,0.00,959,189
289481,0.00,961,183
289583,0.00,960,186
289684,0.00,962,180
289785,0.00,961,183
289887,0.00,960,186
289988,0.00,962,180
290088,0.00,959,189
290190,0.00,960,186
290291,0.00,961,183
290393,0.00,960,186
290494,0.00,961,183
290595,0.00,961,183
290696,0.00,961,183
290797,0.00,962,180
290898,0.00,961,183
291000,0.00,961,183
291101,0.00,962,180
291202,0.00,962,180
291303,0.00,961,183
291404,0.00,961,183
291506,0.00,962,180
291607,0.00,962,180
291708,0.00,961,183
291809,0.00,960,186
291910,0.00,962,180
292012,0.00,959,189
292113,0.00,962,180
292214,0.00,960,186
292316,0.00,962,180
292416,0.00,960,186
292517,0.00,959,189
292619,0.00,962,180
292720,0.00,959,189
292822,0.00,961,183
292923,0.00,961,183
293023,0.00,962,180
293125,0.00,961,183
293226,0.00,961,183
293327,0.00,961,183
293429,0.00,959,189
293530,0.00,960,186
293630,0.00,962,180
293732,0.00,961,183
293833,0.00,961,183
293935,0.00,960,186
294036,0.00,962,180
294136,0.00,962,180
294238,0.00,962,180
294339,0.00,959,189
294440,0.00,960,186
294542,0.00,961,183
294643,0.00,962,180
294744,0.00,961,183
294845,0.00,961,183
294946,0.00,961,183
295048,0.00,960,186
295149,0.00,959,189
295250,0.00,960,186
295351,0.00,959,189
295452,0.00,960,186
295554,0.00,960,186
295655,0.00,962,180
295756,0.00,961,183
295858,0.00,962,180
295958,0.00,959,189
296059,0.00,962,180
296161,0.00,962,180
296262,0.00,962,180
296364,0.00,962,180
296465,0.00,961,183
296565,0.00,961,183
296667,0.00,962,180
296768,0.00,961,183
296869,0.00,963,177
296971,0.00,960,186
297071,0.00,961,183
297172,0.00,960,186
297274,0.00,961,183
297375,0.00,962,180
297477,0.00,961,183
297578,0.00,961,183
297678,0.00,959,189
297780,0.00,962,180
297881,0.00,959,189
297982,0.00,961,183
298084,0.00,960,186
298185,0.00,961,183
298286,0.00,960,186
298387,0.00,962,180
298488,0.00,962,180
298590,0.00,960,186
298691,0.00,961,183
298792,0.00,960,186
298893,0.00,959,189
298994,0.00,960,186
299096,0.00,961,183
299197,0.00,961,183
299298,0.00,962,180
299400,0.00,963,177
299500,0.00,961,183
299601,0.00,961,183
299703,0.00,961,183
299804,0.00,961,183
299906,0.00,961,183
300007,0.00,961,183
300107,0.00,962,180
300209,0.00,961,183
300310,0.00,962,180
300411,0.00,961,183
300513,0.00,960,186
300613,0.00,961,183
300715,0.00,960,186
300816,0.00,960,186
300917,0.00,959,189
301019,0.00,961,183
301120,0.00,962,180
301220,0.00,962,180
301322,0.00,960,186
301423,0.00,960,186
301524,0.00,962,180
301626,0.00,962,180
301727,0.00,962,180
301828,0.00,960,186
301929,0.00,959,189
302030,0.00,962,180
302132,0.00,961,183
302233,0.00,964,173
302334,0.00,961,183
302435,0.00,961,183
302536,0.00,963,177
302638,0.00,962,180
302739,0.00,962,180
302840,0.00,962,180
302942,0.00,962,180
303042,0.00,961,183
303143,0.00,962,180
303245,0.00,963,177
303346,0.00,962,180
303448,0.00,961,183
303548,0.00,962,180
303649,0.00,962,180
303751,0.00,962,180
303852,0.00,961,183
303953,0.00,962,180
304055,0.00,961,183
304155,0.00,962,180
304257,0.00,963,177
304358,0.00,964,173
304459,0.00,963,177
304561,0.00,963,177
304662,0.00,962,180
304762,0.00,962,180
304864,0.00,963,177
304965,0.00,960,186
305067,0.00,962,180
305168,0.00,959,189
305269,0.00,962,180
305370,0.00,961,183
305471,0.00,960,186
305572,0.00,963,177
305674,0.00,960,186
305775,0.00,962,180
305876,0.00,962,180
305977,0.00,962,180
306078,0.00,961,183
306180,0.00,961,183
306281,0.00,961,183
306382,0.00,963,177
306483,0.00,961,183
306584,0.00,964,173
306685,0.00,961,183
306787,0.00,961,183
306888,0.00,962,180
306990,0.00,961,183
307090,0.00,962,180
307191,0.00,961,183
307293,0.00,961,183
307394,0.00,962,180
307495,0.00,960,186
307597,0.00,962,180
307697,0.00,964,173
307799,0.00,961,183
307900,0.00,961,183
308001,0.00,964,173
308103,0.00,961,183
308204,0.00,961,183
308304,0.00,961,183
308406,0.00,959,189
308507,0.00,962,180
308609,0.00,961,183
308710,0.00,962,180
308811,0.00,962,180
308912,0.00,960,186
309013,0.00,961,183
309114,0.00,961,183
309216,0.00,961,183
309317,0.00,961,183
309417,0.00,963,177
309519,0.00,960,186
309620,0.00,963,177
309722,0.00,962,180
309823,0.00,961,183
309924,0.00,961,183
310025,0.00,959,189
310126,0.00,958,192
310227,0.00,961,183
310329,0.00,962,180
310430,0.00,964,173
310532,0.00,961,183
310632,0.00,962,180
310733,0.00,960,186
310835,0.00,962,180
310936,0.00,963,177
311037,0.00,963,177
311139,0.00,963,177
311239,0.00,961,183
311341,0.00,961,183
311442,0.00,961,183
311543,0.00,962,180
311645,0.00,962,180
311746,0.00,960,186
311846,0.00,963,177
311948,0.00,960,186
312049,0.00,962,180
312151,0.00,961,183
312252,0.00,961,183
312352,0.00,962,180
312454,0.00,962,180
312555,0.00,963,177
312656,0.00,961,183
312758,0.00,961,183
312859,0.00,959,189
312960,0.00,961,183
313061,0.00,962,180
313162,0.00,962,180
313264,0.00,961,183
# load_kg=1623.00
313366,1623.00,962,180
313467,1623.00,963,177
313569,1623.00,963,177
313670,1623.00,962,180
313772,1623.00,961,183
313872,1623.00,962,180
313973,1623.00,964,173
314075,1623.00,962,180
314176,1623.00,963,177
314277,1623.00,960,186
314379,1623.00,962,180
314480,1623.00,962,180
314582,1623.00,962,180
314683,1623.00,963,177
314784,1623.00,962,180
314886,1623.00,960,186
314987,1623.00,963,177
315088,1623.00,961,183
315190,1623.00,961,183
315291,1623.00,962,180
315393,1623.00,959,189
315494,1623.00,961,183
315595,1623.00,962,180
315697,1623.00,961,183
315798,1623.00,962,180
315899,1623.00,963,177
316001,1623.00,961,183
316102,1623.00,964,173
316204,1623.00,964,173
316305,1623.00,960,186
316406,1623.00,960,186
316508,1623.00,961,183
316609,1623.00,961,183
316710,1623.00,960,186
316812,1623.00,962,180
316913,1623.00,963,177
317015,1623.00,964,173
317116,1623.00,961,183
317217,1623.00,962,180
317319,1623.00,961,183
317420,1623.00,964,173
317521,1623.00,962,180
317623,1623.00,962,180
317724,1623.00,963,177
317826,1623.00,961,183
317927,1623.00,961,183
318028,1623.00,962,180
318130,1623.00,964,173
318231,1623.00,961,183
318332,1623.00,958,192
318434,1623.00,961,183
318535,1623.00,964,173
318637,1623.00,961,183
318738,1623.00,962,180
318839,1623.00,964,173
318941,1623.00,964,173
319042,1623.00,961,183
319143,1623.00,960,186
319245,1623.00,964,173
319346,1623.00,962,180
319448,1623.00,961,183
319549,1623.00,961,183
319650,1623.00,961,183
319752,1623.00,961,183
319853,1623.00,961,183
319954,1623.00,963,177
320056,1623.00,962,180
320157,1623.00,962,180
320259,1623.00,958,192
320360,1623.00,962,180
320461,1623.00,963,177
320563,1623.00,962,180
320664,1623.00,962,180
320765,1623.00,960,186
320867,1623.00,962,180
320968,1623.00,962,180
321070,1623.00,961,183
321171,1623.00,962,180
321272,1623.00,961,183
321374,1623.00,961,183
321475,1623.00,961,183
321576,1623.00,963,177
321678,1623.00,961,183
321779,1623.00,961,183
321881,1623.00,962,180
321982,1623.00,963,177
322083,1623.00,964,173
322185,1623.00,963,177
322285,1623.00,964,173
322386,1623.00,962,180
322488,1623.00,961,183
322589,1623.00,964,173
322691,1623.00,961,183
322792,1623.00,964,173
322893,1623.00,963,177
322995,1623.00,961,183
323096,1623.00,964,173
323197,1623.00,962,180
323299,1623.00,964,173
323400,1623.00,964,173
323502,1623.00,964,173
323603,1623.00,957,195
323704,1623.00,963,177
323806,1623.00,961,183
323907,1623.00,964,173
324008,1623.00,961,183
324110,1623.00,964,173
324211,1623.00,962,180
324313,1623.00,964,173
324414,1623.00,961,183
324515,1623.00,962,180
324617,1623.00,962,180
324718,1623.00,959,189
324819,1623.00,964,173
324921,1623.00,961,183
325022,1623.00,961,183
325124,1623.00,962,180
325225,1623.00,960,186
325326,1623.00,961,183
325428,1623.00,960,186
325529,1623.00,962,180
325630,1623.00,962,180
325732,1623.00,962,180
325833,1623.00,961,183
325935,1623.00,961,183
326036,1623.00,962,180
326137,1623.00,961,183
326239,1623.00,961,183
326340,1623.00,964,173
326441,1623.00,964,173
326543,1623.00,961,183
326644,1623.00,961,183
326746,1623.00,961,183
326847,1623.00,962,180
326948,1623.00,962,180
327050,1623.00,962,180
327151,1623.00,964,173
327252,1623.00,961,183
327354,1623.00,963,177
327455,1623.00,962,180
327557,1623.00,963,177
327658,1623.00,962,180
327759,1623.00,960,186
327861,1623.00,961,183
327962,1623.00,964,173
328064,1623.00,961,183
328165,1623.00,964,173
328266,1623.00,963,177
328368,1623.00,961,183
328469,1623.00,964,173
328570,1623.00,961,183
328672,1623.00,964,173
328773,1623.00,963,177
328875,1623.00,962,180
328976,1623.00,961,183
329077,1623.00,963,177
329179,1623.00,962,180
329280,1623.00,963,177
329381,1623.00,964,173
329483,1623.00,962,180
329584,1623.00,961,183
329686,1623.00,962,180
329787,1623.00,962,180
329888,1623.00,963,177
329989,1623.00,962,180
330090,1623.00,962,180
330191,1623.00,964,173
330293,1623.00,961,183
330394,1623.00,962,180
330496,1623.00,964,173
330597,1623.00,962,180
330698,1623.00,960,186
330800,1623.00,963,177
330901,1623.00,961,183
331002,1623.00,963,177
331104,1623.00,961,183
331205,1623.00,961,183
331307,1623.00,961,183
331408,1623.00,965,170
331509,1623.00,964,173
331611,1623.00,963,177
331712,1623.00,962,180
331813,1623.00,963,177
331915,1623.00,961,183
332016,1623.00,961,183
332118,1623.00,961,183
332219,1623.00,962,180
332320,1623.00,962,180
332422,1623.00,961,183
332523,1623.00,963,177
332624,1623.00,964,173
332726,1623.00,962,180
332827,1623.00,963,177
332929,1623.00,962,180
333030,1623.00,962,180
333131,1623.00,964,173
333233,1623.00,962,180
333334,1623.00,961,183
333435,1623.00,962,180
333537,1623.00,961,183
333638,1623.00,961,183
333740,1623.00,962,180
333841,1623.00,963,177
333942,1623.00,962,180
334044,1623.00,962,180
334145,1623.00,962,180
334246,1623.00,962,180
334348,1623.00,963,177
334449,1623.00,965,170
334551,1623.00,964,173
334652,1623.00,962,180
334753,1623.00,962,180
334855,1623.00,961,183
334956,1623.00,963,177
335057,1623.00,962,180
335159,1623.00,964,173
335260,1623.00,961,183
335362,1623.00,961,183
335463,1623.00,961,183
335564,1623.00,963,177
335666,1623.00,962,180
335767,1623.00,961,183
335868,1623.00,963,177
335970,1623.00,962,180
336071,1623.00,961,183
336173,1623.00,963,177
336274,1623.00,962,180
336375,1623.00,959,189
336477,1623.00,962,180
336578,1623.00,964,173
336679,1623.00,962,180
336781,1623.00,961,183
336882,1623.00,961,183
336984,1623.00,962,180
337085,1623.00,964,173
337186,1623.00,964,173
337288,1623.00,964,173
337389,1623.00,961,183
337490,1623.00,960,186
337592,1623.00,962,180
337692,1623.00,963,177
337794,1623.00,964,173
337895,1623.00,963,177
337996,1623.00,964,173
338098,1623.00,962,180
338199,1623.00,962,180
338300,1623.00,962,180
338402,1623.00,962,180
338503,1623.00,963,177
338605,1623.00,962,180
338706,1623.00,963,177
338807,1623.00,963,177
338909,1623.00,964,173
339010,1623.00,961,183
339111,1623.00,962,180
339213,1623.00,963,177
# load_kg=0.00
339315,0.00,962,180
339417,0.00,962,180
339518,0.00,961,183
339618,0.00,961,183
339720,0.00,961,183
339821,0.00,963,177
339922,0.00,962,180
340024,0.00,961,183
340125,0.00,962,180
340226,0.00,961,183
340327,0.00,963,177
340428,0.00,960,186
340530,0.00,964,173
340631,0.00,962,180
340732,0.00,963,177
340833,0.00,962,180
340934,0.00,962,180
341036,0.00,963,177
341137,0.00,961,183
341238,0.00,963,177
341339,0.00,963,177
341440,0.00,963,177
341541,0.00,963,177
341643,0.00,962,180
341744,0.00,962,180
341846,0.00,959,189
341946,0.00,962,180
342047,0.00,962,180
342149,0.00,962,180
342250,0.00,965,170
342351,0.00,962,180
342453,0.00,962,180
342553,0.00,961,183
342654,0.00,961,183
342756,0.00,962,180
342857,0.00,964,173
342959,0.00,961,183
343060,0.00,963,177
343160,0.00,961,183
343262,0.00,962,180
343363,0.00,963,177
343464,0.00,964,173
343566,0.00,962,180
343667,0.00,961,183
343768,0.00,962,180
343869,0.00,961,183
343970,0.00,961,183
344072,0.00,962,180
344173,0.00,961,183
344273,0.00,960,186
344375,0.00,962,180
344476,0.00,963,177
344578,0.00,964,173
344679,0.00,961,183
344780,0.00,955,202
344881,0.00,962,180
344982,0.00,964,173
345083,0.00,965,170
345185,0.00,963,177
345286,0.00,963,177
345388,0.00,961,183
345488,0.00,965,170
345589,0.00,964,173
345691,0.00,963,177
345792,0.00,965,170
345893,0.00,967,164
345995,0.00,963,177
346095,0.00,965,170
346196,0.00,963,177
346298,0.00,963,177
346399,0.00,966,167
346501,0.00,964,173
346602,0.00,965,170
346702,0.00,965,170
346804,0.00,964,173
346905,0.00,966,167
347006,0.00,966,167
347108,0.00,964,173
347208,0.00,965,170
347310,0.00,963,177
347411,0.00,968,161
347512,0.00,965,170
347614,0.00,965,170
347715,0.00,965,170
347815,0.00,965,170
347917,0.00,965,170
348018,0.00,963,177
348120,0.00,961,183
348221,0.00,963,177
348322,0.00,963,177
348423,0.00,964,173
348524,0.00,964,173
348625,0.00,964,173
348727,0.00,963,177
348828,0.00,965,170
348930,0.00,964,173
349030,0.00,965,170
349131,0.00,966,167
349233,0.00,965,170
349334,0.00,965,170
349435,0.00,966,167
349536,0.00,964,173
349637,0.00,966,167
349739,0.00,964,173
349840,0.00,963,177
349941,0.00,965,170
350043,0.00,962,180
350143,0.00,963,177
350244,0.00,965,170
350346,0.00,963,177
350447,0.00,964,173
350548,0.00,966,167
350650,0.00,962,180
350750,0.00,966,167
350852,0.00,965,170
350953,0.00,966,167
351054,0.00,963,177
351156,0.00,964,173
351257,0.00,963,177
351357,0.00,963,177
351459,0.00,966,167
351560,0.00,965,170
351662,0.00,965,170
351763,0.00,963,177
351864,0.00,966,167
351965,0.00,967,164
352066,0.00,968,161
352167,0.00,967,164
352269,0.00,966,167
352370,0.00,965,170
352471,0.00,967,164
352572,0.00,967,164
352673,0.00,966,167
352775,0.00,968,161
352876,0.00,966,167
352977,0.00,968,161
353078,0.00,967,164
353179,0.00,965,170
353281,0.00,968,161
353382,0.00,966,167
353483,0.00,966,167
353585,0.00,966,167
353685,0.00,967,164
353786,0.00,966,167
353888,0.00,967,164
353989,0.00,967,164
354091,0.00,966,167
354192,0.00,965,170
354292,0.00,968,161
354394,0.00,965,170
354495,0.00,966,167
354596,0.00,967,164
354698,0.00,967,164
354798,0.00,969,158
354899,0.00,967,164
355001,0.00,966,167
355102,0.00,968,161
355204,0.00,965,170
355305,0.00,965,170
355405,0.00,968,161
355507,0.00,966,167
355608,0.00,966,167
355709,0.00,967,164
355811,0.00,968,161
355912,0.00,968,161
356013,0.00,969,158
356114,0.00,969,158
356215,0.00,969,158
356317,0.00,967,164
356418,0.00,965,170
356519,0.00,965,170
356620,0.00,967,164
356721,0.00,969,158
356823,0.00,966,167
356924,0.00,968,161
357025,0.00,967,164
357127,0.00,968,161
357227,0.00,968,161
357328,0.00,969,158
357430,0.00,969,158
357531,0.00,967,164
357633,0.00,968,161
357733,0.00,969,158
357834,0.00,969,158
357936,0.00,968,161
358037,0.00,968,161
358138,0.00,964,173
358240,0.00,967,164
358340,0.00,967,164
358441,0.00,970,155
358543,0.00,968,161
358644,0.00,969,158
358746,0.00,969,158
358847,0.00,967,164
358947,0.00,968,161
359049,0.00,968,161
359150,0.00,968,161
359251,0.00,966,167
359353,0.00,966,167
359454,0.00,967,164
359555,0.00,969,158
359656,0.00,970,155
359757,0.00,968,161
359859,0.00,969,158
359960,0.00,970,155
360061,0.00,968,161
360162,0.00,966,167
360263,0.00,969,158
360365,0.00,968,161
360466,0.00,969,158
360567,0.00,969,158
360668,0.00,969,158
360769,0.00,970,155
360870,0.00,969,158
360972,0.00,970,155
361073,0.00,969,158
361175,0.00,969,158
361275,0.00,970,155
361376,0.00,969,158
361478,0.00,967,164
361579,0.00,967,164
361680,0.00,968,161
361782,0.00,966,167
361882,0.00,969,158
361984,0.00,969,158
362085,0.00,968,161
362186,0.00,969,158
# load_kg=2002.00
362288,2002.00,967,164
362389,2002.00,969,158
362490,2002.00,968,161
362592,2002.00,968,161
362693,2002.00,968,161
362795,2002.00,969,158
362896,2002.00,969,158
362997,2002.00,968,161
363099,2002.00,968,161
363200,2002.00,967,164
363301,2002.00,970,155
363403,2002.00,968,161
363504,2002.00,968,161
363606,2002.00,967,164
363707,2002.00,968,161
363808,2002.00,968,161
363910,2002.00,967,164
364011,2002.00,964,173
364112,2002.00,968,161
364214,2002.00,967,164
364315,2002.00,969,158
364417,2002.00,969,158
364518,2002.00,970,155
364619,2002.00,970,155
364721,2002.00,969,158
364822,2002.00,967,164
364923,2002.00,970,155
365025,2002.00,968,161
365126,2002.00,970,155
365228,2002.00,970,155
365329,2002.00,968,161
365430,2002.00,968,161
365532,2002.00,969,158
365633,2002.00,967,164
365734,2002.00,970,155
365836,2002.00,969,158
365937,2002.00,965,170
366039,2002.00,968,161
366140,2002.00,967,164
366241,2002.00,970,155
366343,2002.00,969,158
366444,2002.00,969,158
366545,2002.00,970,155
366647,2002.00,969,158
366748,2002.00,968,161
366850,2002.00,971,152
366951,2002.00,967,164
367052,2002.00,968,161
367154,2002.00,970,155
367255,2002.00,967,164
367356,2002.00,968,161
367458,2002.00,968,161
367559,2002.00,969,158
367661,2002.00,970,155
367762,2002.00,969,158
367863,2002.00,968,161
367965,2002.00,968,161
368066,2002.00,968,161
368167,2002.00,968,161
368269,2002.00,969,158
368370,2002.00,968,161
368472,2002.00,969,158
368573,2002.00,968,161
368674,2002.00,967,164
368776,2002.00,968,161
368877,2002.00,969,158
368978,2002.00,966,167
369080,2002.00,969,158
369181,2002.00,969,158
369283,2002.00,969,158
369384,2002.00,968,161
369485,2002.00,968,161
369587,2002.00,968,161
369688,2002.00,967,164
369789,2002.00,968,161
369891,2002.00,970,155
369992,2002.00,968,161
370094,2002.00,969,158
370195,2002.00,967,164
370296,2002.00,968,161
370398,2002.00,968,161
370499,2002.00,967,164
370600,2002.00,968,161
370702,2002.00,968,161
370803,2002.00,971,152
370904,2002.00,971,152
371005,2002.00,969,158
371106,2002.00,968,161
371208,2002.00,968,161
371309,2002.00,967,164
371410,2002.00,970,155
371512,2002.00,966,167
371613,2002.00,967,164
371715,2002.00,967,164
371816,2002.00,968,161
371917,2002.00,969,158
372019,2002.00,970,155
372120,2002.00,969,158
372221,2002.00,968,161
372323,2002.00,968,161
372424,2002.00,967,164
372526,2002.00,971,152
372627,2002.00,969,158
372728,2002.00,968,161
372830,2002.00,969,158
372931,2002.00,967,164
373032,2002.00,969,158
373134,2002.00,969,158
373235,2002.00,968,161
373337,2002.00,968,161
373438,2002.00,968,161
373539,2002.00,968,161
373641,2002.00,970,155
373742,2002.00,969,158
373843,2002.00,969,158
373945,2002.00,969,158
374046,2002.00,968,161
374148,2002.00,969,158
374249,2002.00,971,152
374350,2002.00,970,155
374452,2002.00,969,158
374553,2002.00,968,161
374654,2002.00,969,158
374756,2002.00,968,161
374857,2002.00,971,152
374959,2002.00,972,149
375060,2002.00,969,158
375161,2002.00,970,155
375263,2002.00,969,158
375364,2002.00,968,161
375465,2002.00,970,155
375567,2002.00,969,158
375668,2002.00,968,161
375770,2002.00,970,155
375871,2002.00,969,158
375972,2002.00,969,158
376074,2002.00,970,155
376175,2002.00,969,158
376276,2002.00,969,158
376378,2002.00,969,158
376479,2002.00,970,155
376581,2002.00,969,158
376682,2002.00,970,155
376783,2002.00,969,158
376885,2002.00,969,158
376986,2002.00,970,155
377088,2002.00,968,161
377189,2002.00,969,158
377290,2002.00,968,161
377392,2002.00,969,158
377493,2002.00,969,158
377594,2002.00,968,161
377696,2002.00,971,152
377797,2002.00,970,155
377899,2002.00,968,161
378000,2002.00,969,158
378101,2002.00,967,164
378203,2002.00,968,161
378304,2002.00,971,152
378405,2002.00,970,155
378507,2002.00,970,155
378608,2002.00,969,158
378710,2002.00,969,158
378811,2002.00,970,155
378912,2002.00,969,158
379014,2002.00,968,161
379115,2002.00,970,155
379216,2002.00,969,158
379318,2002.00,969,158
379419,2002.00,970,155
379521,2002.00,969,158
379622,2002.00,970,155
379723,2002.00,970,155
379824,2002.00,970,155
379925,2002.00,969,158
380026,2002.00,970,155
380128,2002.00,971,152
380229,2002.00,970,155
380331,2002.00,970,155
380432,2002.00,968,161
380533,2002.00,968,161
380635,2002.00,969,158
380736,2002.00,969,158
380837,2002.00,968,161
380939,2002.00,968,161
381040,2002.00,969,158
381142,2002.00,970,155
381243,2002.00,970,155
381344,2002.00,969,158
381446,2002.00,971,152
381547,2002.00,970,155
381648,2002.00,968,161
381750,2002.00,969,158
381851,2002.00,971,152
381953,2002.00,968,161
382054,2002.00,969,158
382155,2002.00,964,173
382257,2002.00,970,155
382358,2002.00,969,158
382459,2002.00,969,158
382561,2002.00,970,155
# load_kg=0.00
382663,0.00,969,158
382765,0.00,970,155
382865,0.00,971,152
382966,0.00,971,152
383068,0.00,969,158
383169,0.00,968,161
383270,0.00,969,158
383372,0.00,969,158
383472,0.00,969,158
383574,0.00,972,149
383675,0.00,970,155
383776,0.00,967,164
383878,0.00,970,155
383979,0.00,969,158
384079,0.00,969,158
384181,0.00,970,155
384282,0.00,970,155
384384,0.00,969,158
384485,0.00,969,158
384586,0.00,970,155
384687,0.00,970,155
384788,0.00,969,158
384889,0.00,969,158
384991,0.00,969,158
385092,0.00,970,155
385192,0.00,971,152
385294,0.00,970,155
385395,0.00,969,158
385497,0.00,969,158
385598,0.00,968,161
385699,0.00,968,161
385800,0.00,972,149
385901,0.00,972,149
386002,0.00,970,155
386104,0.00,970,155
386205,0.00,970,155
386307,0.00,971,152
386407,0.00,969,158
386508,0.00,968,161
386610,0.00,970,155
386711,0.00,969,158
386812,0.00,971,152
386914,0.00,971,152
387014,0.00,970,155
387116,0.00,969,158
387217,0.00,969,158
387318,0.00,965,170
387420,0.00,969,158
387521,0.00,972,149
387621,0.00,970,155
387723,0.00,969,158
387824,0.00,970,155
387926,0.00,970,155
388027,0.00,972,149
388127,0.00,971,152
388229,0.00,969,158
388330,0.00,969,158
388431,0.00,968,161
388533,0.00,969,158
388634,0.00,970,155
388734,0.00,970,155
388836,0.00,971,152
388937,0.00,969,158
389039,0.00,971,152
389140,0.00,969,158
389241,0.00,971,152
389342,0.00,968,161
389443,0.00,970,155
389544,0.00,972,149
389646,0.00,969,158
389747,0.00,970,155
389849,0.00,969,158
389949,0.00,970,155
390050,0.00,969,158
390152,0.00,971,152
390253,0.00,970,155
390354,0.00,969,158
390456,0.00,968,161
390556,0.00,968,161
390658,0.00,969,158
390759,0.00,970,155
390860,0.00,969,158
390962,0.00,970,155
391062,0.00,972,149
391163,0.00,970,155
391265,0.00,970,155
391366,0.00,969,158
391468,0.00,970,155
391569,0.00,971,152
391669,0.00,970,155
391771,0.00,969,158
391872,0.00,971,152
391973,0.00,968,161
392075,0.00,968,161
392176,0.00,972,149
392276,0.00,970,155
392378,0.00,970,155
392479,0.00,970,155
392581,0.00,969,158
392682,0.00,970,155
392783,0.00,969,158
392884,0.00,972,149
392985,0.00,970,155
393086,0.00,969,158
393188,0.00,968,161
393289,0.00,970,155
393391,0.00,970,155
393491,0.00,970,155
393592,0.00,969,158
393694,0.00,972,149
393795,0.00,972,149
393896,0.00,970,155
393998,0.00,972,149
394098,0.00,972,149
394200,0.00,970,155
394301,0.00,970,155
394402,0.00,972,149
394504,0.00,972,149
394604,0.00,970,155
394705,0.00,969,158
394807,0.00,971,152
394908,0.00,968,161
395010,0.00,967,164
395111,0.00,971,152
395211,0.00,972,149
395313,0.00,972,149
395414,0.00,970,155
395515,0.00,968,161
395617,0.00,969,158
395718,0.00,970,155
395819,0.00,971,152
395920,0.00,972,149
396021,0.00,971,152
396123,0.00,971,152
396224,0.00,969,158
396325,0.00,969,158
396426,0.00,970,155
396527,0.00,970,155
396628,0.00,972,149
396730,0.00,970,155
396831,0.00,968,161
396933,0.00,969,158
397033,0.00,971,152
397134,0.00,969,158
397236,0.00,970,155
397337,0.00,969,158
397438,0.00,970,155
397540,0.00,970,155
397640,0.00,969,158
397742,0.00,969,158
397843,0.00,969,158
397944,0.00,969,158
398046,0.00,967,164
398146,0.00,969,158
398247,0.00,968,161
398349,0.00,967,164
398450,0.00,968,161
398552,0.00,968,161
398653,0.00,970,155
398753,0.00,967,164
398855,0.00,969,158
398956,0.00,967,164
399057,0.00,967,164
399159,0.00,969,158
399260,0.00,969,158
399361,0.00,969,158
399462,0.00,971,152
399563,0.00,970,155
399665,0.00,970,155
399766,0.00,968,161
399867,0.00,965,170
399968,0.00,970,155
400069,0.00,967,164
400171,0.00,970,155
400272,0.00,969,158
400373,0.00,970,155
400475,0.00,968,161
400575,0.00,968,161
400676,0.00,970,155
400778,0.00,969,158
400879,0.00,968,161
400980,0.00,967,164
401081,0.00,968,161
401182,0.00,969,158
401284,0.00,969,158
401385,0.00,968,161
401486,0.00,967,164
401588,0.00,969,158
401688,0.00,969,158
401789,0.00,968,161
401891,0.00,970,155
401992,0.00,968,161
402094,0.00,969,158
402195,0.00,969,158
402295,0.00,969,158
402397,0.00,970,155
402498,0.00,969,158
402599,0.00,969,158
402701,0.00,968,161
402802,0.00,964,173
402903,0.00,968,161
403004,0.00,969,158
403105,0.00,969,158
403207,0.00,969,158
403308,0.00,969,158
403409,0.00,965,170
403510,0.00,969,158
403611,0.00,967,164
403713,0.00,970,155
403814,0.00,968,161
403915,0.00,968,161
404016,0.00,966,167
404117,0.00,967,164
404218,0.00,964,173
404320,0.00,964,173
404421,0.00,960,186
404523,0.00,963,177
404623,0.00,964,173
404724,0.00,962,180
404826,0.00,964,173
404927,0.00,965,170
405028,0.00,961,183
405130,0.00,963,177
405230,0.00,964,173
405331,0.00,961,183
405433,0.00,962,180
405534,0.00,964,173
405636,0.00,961,183
405737,0.00,963,177
405837,0.00,962,180
405939,0.00,964,173
406040,0.00,962,180
406141,0.00,963,177
406243,0.00,963,177
406344,0.00,961,183
406445,0.00,964,173
406546,0.00,964,173
406647,0.00,964,173
406749,0.00,959,189
406850,0.00,963,177
406950,0.00,964,173
407052,0.00,964,173
407153,0.00,963,177
407255,0.00,961,183
407356,0.00,963,177
407457,0.00,964,173
407558,0.00,964,173
407659,0.00,961,183
407760,0.00,964,173
407862,0.00,963,177
407963,0.00,964,173
408065,0.00,965,170
408165,0.00,964,173
408266,0.00,961,183
408368,0.00,964,173
408469,0.00,965,170
408570,0.00,961,183
408672,0.00,961,183
408772,0.00,963,177
# load_kg=1623.00
408875,1623.00,962,180
408976,1623.00,963,177
409077,1623.00,961,183
409179,1623.00,961,183
409280,1623.00,962,180
409381,1623.00,964,173
409483,1623.00,962,180
409584,1623.00,964,173
409686,1623.00,963,177
409787,1623.00,964,173
409888,1623.00,962,180
409990,1623.00,963,177
410091,1623.00,964,173
410192,1623.00,959,189
410294,1623.00,962,180
410395,1623.00,963,177
410497,1623.00,962,180
410598,1623.00,962,180
410699,1623.00,964,173
410801,1623.00,962,180
410902,1623.00,963,177
411003,1623.00,961,183
411105,1623.00,963,177
411206,1623.00,963,177
411308,1623.00,963,177
411409,1623.00,963,177
411510,1623.00,962,180
411612,1623.00,964,173
411713,1623.00,965,170
411814,1623.00,964,173
411916,1623.00,962,180
412017,1623.00,963,177
412119,1623.00,964,173
412220,1623.00,962,180
412321,1623.00,960,186
412423,1623.00,964,173
412523,1623.00,963,177
412624,1623.00,962,180
412726,1623.00,962,180
412827,1623.00,962,180
412929,1623.00,964,173
413030,1623.00,963,177
413131,1623.00,964,173
413233,1623.00,962,180
413334,1623.00,963,177
413435,1623.00,962,180
413537,1623.00,962,180
413638,1623.00,964,173
413740,1623.00,964,173
413841,1623.00,962,180
413942,1623.00,963,177
414044,1623.00,962,180
414145,1623.00,963,177
414246,1623.00,964,173
414348,1623.00,959,189
414449,1623.00,963,177
414551,1623.00,964,173
414652,1623.00,963,177
414753,1623.00,963,177
414855,1623.00,964,173
414956,1623.00,963,177
415057,1623.00,961,183
415159,1623.00,964,173
415260,1623.00,964,173
415362,1623.00,962,180
415463,1623.00,964,173
415564,1623.00,964,173
415666,1623.00,963,177
415767,1623.00,965,170
415868,1623.00,959,189
415970,1623.00,962,180
416071,1623.00,964,173
416173,1623.00,962,180
416274,1623.00,964,173
416375,1623.00,961,183
416477,1623.00,963,177
416578,1623.00,963,177
416679,1623.00,962,180
416781,1623.00,963,177
416882,1623.00,963,177
416984,1623.00,963,177
417085,1623.00,964,173
417186,1623.00,962,180
417288,1623.00,964,173
417389,1623.00,963,177
417490,1623.00,964,173
417592,1623.00,963,177
417693,1623.00,963,177
417795,1623.00,964,173
417896,1623.00,964,173
417997,1623.00,962,180
418099,1623.00,963,177
418200,1623.00,964,173
418301,1623.00,962,180
418403,1623.00,962,180
418504,1623.00,964,173
418606,1623.00,961,183
418707,1623.00,962,180
418808,1623.00,961,183
418910,1623.00,965,170
419011,1623.00,962,180
419112,1623.00,964,173
419214,1623.00,964,173
419315,1623.00,963,177
419417,1623.00,962,180
419518,1623.00,963,177
419619,1623.00,961,183
419721,1623.00,963,177
419822,1623.00,964,173
419923,1623.00,962,180
420025,1623.00,962,180
420125,1623.00,964,173
420227,1623.00,964,173
420328,1623.00,966,167
420429,1623.00,962,180
420531,1623.00,962,180
420632,1623.00,962,180
420733,1623.00,963,177
420835,1623.00,963,177
420936,1623.00,963,177
421038,1623.00,963,177
421139,1623.00,963,177
421240,1623.00,963,177
421342,1623.00,963,177
421443,1623.00,964,173
421544,1623.00,963,177
421646,1623.00,963,177
421747,1623.00,963,177
421849,1623.00,963,177
421950,1623.00,963,177
422051,1623.00,965,170
422153,1623.00,963,177
422254,1623.00,962,180
422355,1623.00,963,177
422457,1623.00,963,177
422558,1623.00,962,180
422660,1623.00,964,173
422761,1623.00,964,173
422862,1623.00,963,177
422964,1623.00,961,183
423065,1623.00,963,177
423166,1623.00,963,177
423268,1623.00,961,183
423369,1623.00,961,183
423471,1623.00,962,180
423572,1623.00,963,177
423673,1623.00,963,177
423775,1623.00,963,177
423876,1623.00,963,177
423977,1623.00,963,177
424079,1623.00,962,180
424180,1623.00,964,173
424282,1623.00,963,177
424383,1623.00,961,183
424484,1623.00,963,177
424586,1623.00,965,170
424687,1623.00,962,180
424788,1623.00,962,180
424890,1623.00,964,173
424991,1623.00,963,177
425093,1623.00,965,170
425194,1623.00,964,173
425295,1623.00,959,189
425397,1623.00,963,177
425498,1623.00,963,177
425600,1623.00,963,177
425701,1623.00,961,183
425802,1623.00,963,177
425904,1623.00,964,173
426005,1623.00,963,177
426106,1623.00,962,180
426208,1623.00,964,173
426309,1623.00,965,170
426411,1623.00,962,180
426512,1623.00,963,177
426613,1623.00,961,183
426715,1623.00,964,173
426816,1623.00,964,173
426917,1623.00,964,173
427019,1623.00,964,173
427120,1623.00,964,173
427222,1623.00,962,180
427323,1623.00,963,177
427424,1623.00,963,177
427526,1623.00,964,173
427627,1623.00,962,180
427728,1623.00,964,173
427829,1623.00,963,177
427930,1623.00,964,173
428032,1623.00,961,183
428133,1623.00,964,173
428234,1623.00,965,170
428336,1623.00,963,177
428437,1623.00,963,177
428538,1623.00,963,177
428640,1623.00,963,177
428741,1623.00,963,177
428843,1623.00,963,177
428944,1623.00,962,180
429045,1623.00,963,177
429147,1623.00,964,173
429248,1623.00,964,173
429349,1623.00,963,177
429451,1623.00,964,173
429552,1623.00,964,173
429654,1623.00,963,177
429755,1623.00,963,177
429856,1623.00,964,173
429958,1623.00,964,173
430059,1623.00,961,183
430160,1623.00,964,173
430262,1623.00,963,177
430363,1623.00,963,177
430465,1623.00,963,177
430566,1623.00,964,173
430667,1623.00,962,180
430769,1623.00,964,173
430870,1623.00,963,177
430971,1623.00,965,170
431073,1623.00,962,180
431174,1623.00,964,173
431276,1623.00,962,180
431377,1623.00,962,180
431478,1623.00,964,173
431580,1623.00,962,180
431681,1623.00,963,177
431782,1623.00,964,173
431884,1623.00,959,189
431985,1623.00,964,173
432087,1623.00,963,177
432188,1623.00,963,177
432289,1623.00,963,177
432391,1623.00,963,177
432492,1623.00,961,183
432593,1623.00,963,177
432695,1623.00,964,173
432796,1623.00,964,173
432898,1623.00,964,173
432999,1623.00,964,173
433100,1623.00,963,177
433202,1623.00,962,180
433303,1623.00,963,177
433404,1623.00,963,177
433506,1623.00,964,173
433607,1623.00,963,177
433709,1623.00,963,177
433810,1623.00,963,177
433911,1623.00,961,183
434013,1623.00,964,173
434114,1623.00,964,173
434215,1623.00,963,177
434317,1623.00,962,180
434418,1623.00,961,183
434520,1623.00,963,177
434621,1623.00,962,180
434722,1623.00,966,167
434824,1623.00,963,177
434925,1623.00,964,173
435026,1623.00,964,173
435128,1623.00,963,177
435229,1623.00,964,173
435331,1623.00,963,177
435432,1623.00,962,180
435532,1623.00,964,173
435634,1623.00,963,177
435735,1623.00,964,173
435836,1623.00,963,177
435938,1623.00,964,173
436039,1623.00,964,173
436141,1623.00,962,180
436242,1623.00,963,177
436343,1623.00,963,177
436445,1623.00,965,170
436546,1623.00,963,177
436647,1623.00,964,173
436749,1623.00,963,177
436850,1623.00,964,173
436952,1623.00,961,183
437053,1623.00,962,180
437154,1623.00,964,173
437256,1623.00,962,180
437357,1623.00,964,173
437458,1623.00,962,180
437560,1623.00,963,177
437661,1623.00,964,173
437763,1623.00,963,177
437864,1623.00,963,177
437965,1623.00,963,177
438067,1623.00,961,183
438168,1623.00,964,173
438269,1623.00,963,177
438371,1623.00,963,177
438472,1623.00,964,173
438574,1623.00,964,173
438675,1623.00,963,177
438776,1623.00,963,177
438878,1623.00,962,180
438979,1623.00,963,177
439080,1623.00,964,173
439182,1623.00,963,177
439283,1623.00,963,177
439385,1623.00,964,173
439486,1623.00,963,177
439587,1623.00,961,183
439689,1623.00,964,173
439790,1623.00,965,170
439891,1623.00,963,177
439993,1623.00,965,170
440094,1623.00,959,189
440196,1623.00,962,180
440297,1623.00,964,173
440398,1623.00,964,173
440500,1623.00,964,173
440601,1623.00,963,177
440702,1623.00,963,177
440804,1623.00,961,183
440905,1623.00,961,183
441007,1623.00,963,177
441108,1623.00,963,177
441209,1623.00,964,173
441311,1623.00,964,173
441412,1623.00,963,177
441513,1623.00,963,177
441615,1623.00,963,177
441716,1623.00,963,177
441818,1623.00,966,167
441919,1623.00,963,177
442020,1623.00,964,173
442122,1623.00,963,177
442223,1623.00,962,180
442324,1623.00,963,177
442426,1623.00,964,173
442527,1623.00,961,183
442629,1623.00,963,177
442730,1623.00,966,167
442831,1623.00,964,173
442933,1623.00,962,180
443034,1623.00,964,173
443134,1623.00,963,177
443236,1623.00,963,177
443337,1623.00,961,183
443439,1623.00,964,173
443540,1623.00,963,177
443641,1623.00,962,180
443743,1623.00,964,173
443844,1623.00,964,173
443945,1623.00,964,173
444047,1623.00,964,173
444148,1623.00,964,173
444250,1623.00,960,186
444351,1623.00,964,173
444452,1623.00,961,183
444554,1623.00,963,177
444655,1623.00,961,183
444756,1623.00,966,167
444858,1623.00,963,177
444959,1623.00,962,180
445061,1623.00,963,177
445162,1623.00,963,177
445263,1623.00,964,173
445365,1623.00,961,183
445466,1623.00,965,170
445568,1623.00,962,180
445669,1623.00,964,173
445770,1623.00,963,177
445872,1623.00,963,177
445973,1623.00,962,180
446074,1623.00,964,173
446176,1623.00,963,177
446277,1623.00,961,183
446379,1623.00,962,180
446480,1623.00,964,173
446581,1623.00,963,177
446683,1623.00,964,173
446784,1623.00,962,180
446885,1623.00,964,173
446987,1623.00,963,177
447088,1623.00,965,170
447190,1623.00,960,186
447291,1623.00,961,183
447392,1623.00,962,180
447494,1623.00,963,177
447595,1623.00,963,177
447696,1623.00,963,177
447798,1623.00,965,170
447899,1623.00,963,177
448001,1623.00,963,177
448102,1623.00,965,170
448203,1623.00,963,177
448305,1623.00,963,177
448406,1623.00,964,173
448507,1623.00,963,177
448609,1623.00,962,180
448710,1623.00,963,177
448812,1623.00,963,177
448913,1623.00,965,170
449014,1623.00,963,177
449116,1623.00,961,183
449217,1623.00,963,177
449318,1623.00,962,180
449420,1623.00,963,177
449521,1623.00,963,177
449623,1623.00,962,180
449724,1623.00,964,173
449825,1623.00,964,173
449927,1623.00,964,173
450028,1623.00,963,177
450129,1623.00,961,183
450231,1623.00,963,177
450332,1623.00,964,173
450434,1623.00,962,180
450535,1623.00,964,173
450636,1623.00,962,180
450738,1623.00,965,170
450839,1623.00,965,170
450939,1623.00,962,180
451041,1623.00,963,177
451142,1623.00,964,173
451244,1623.00,963,177
451345,1623.00,963,177
451446,1623.00,964,173
451548,1623.00,964,173
451649,1623.00,963,177
451750,1623.00,965,170
451852,1623.00,964,173
451953,1623.00,964,173
452055,1623.00,963,177
452156,1623.00,963,177
452257,1623.00,963,177
452359,1623.00,964,173
452460,1623.00,963,177
452561,1623.00,962,180
452663,1623.00,961,183
452764,1623.00,962,180
452866,1623.00,964,173
452967,1623.00,963,177
453068,1623.00,964,173
453170,1623.00,964,173
453271,1623.00,961,183
453372,1623.00,966,167
453474,1623.00,962,180
453575,1623.00,963,177
453677,1623.00,965,170
453778,1623.00,964,173
453879,1623.00,964,173
453981,1623.00,963,177
454082,1623.00,961,183
454183,1623.00,962,180
454285,1623.00,964,173
454386,1623.00,962,180
454488,1623.00,964,173
454589,1623.00,961,183
454690,1623.00,963,177
454792,1623.00,964,173
454893,1623.00,964,173
454994,1623.00,962,180
455096,1623.00,964,173
455197,1623.00,964,173
455299,1623.00,962,180
455400,1623.00,964,173
455501,1623.00,965,170
455603,1623.00,964,173
455704,1623.00,963,177
455805,1623.00,962,180
455907,1623.00,964,173
456008,1623.00,965,170
456110,1623.00,962,180
456211,1623.00,964,173
456312,1623.00,963,177
456414,1623.00,963,177
456515,1623.00,963,177
456616,1623.00,964,173
456718,1623.00,964,173
456819,1623.00,963,177
456921,1623.00,965,170
457022,1623.00,964,173
457123,1623.00,964,173
457225,1623.00,962,180
457326,1623.00,965,170
457427,1623.00,962,180
457529,1623.00,963,177
# load_kg=0.00
457630,0.00,961,183
457732,0.00,962,180
457833,0.00,963,177
457934,0.00,964,173
458035,0.00,964,173
458136,0.00,965,170
458237,0.00,964,173
458339,0.00,964,173
458440,0.00,963,177
458542,0.00,964,173
458642,0.00,963,177
458743,0.00,963,177
458845,0.00,961,183
458946,0.00,963,177
459047,0.00,964,173
459149,0.00,966,167
459249,0.00,963,177
459351,0.00,964,173
459452,0.00,964,173
459553,0.00,962,180
459655,0.00,965,170
459756,0.00,962,180
459856,0.00,963,177
459958,0.00,963,177
460059,0.00,964,173
460161,0.00,964,173
460262,0.00,964,173
460362,0.00,965,170
460464,0.00,964,173
460565,0.00,966,167
460666,0.00,965,170
460768,0.00,963,177
460869,0.00,963,177
460969,0.00,963,177
461071,0.00,962,180
461172,0.00,962,180
461274,0.00,964,173
461375,0.00,965,170
461476,0.00,962,180
461577,0.00,963,177
461678,0.00,963,177
461779,0.00,962,180
461881,0.00,963,177
461982,0.00,962,180
462084,0.00,959,189
462184,0.00,959,189
462285,0.00,960,186
462387,0.00,961,183
462488,0.00,962,180
462589,0.00,961,183
462691,0.00,962,180
462791,0.00,962,180
462893,0.00,961,183
462994,0.00,960,186
463095,0.00,960,186
463197,0.00,959,189
463297,0.00,960,186
463398,0.00,960,186
463500,0.00,962,180
463601,0.00,959,189
463703,0.00,961,183
463804,0.00,961,183
463904,0.00,961,183
464006,0.00,961,183
464107,0.00,960,186
464208,0.00,959,189
464310,0.00,961,183
464411,0.00,960,186
464512,0.00,961,183
464613,0.00,959,189
464714,0.00,962,180
464816,0.00,961,183
464917,0.00,961,183
465018,0.00,957,195
465119,0.00,960,186
465220,0.00,962,180
465321,0.00,959,189
465423,0.00,959,189
465524,0.00,960,186
465626,0.00,961,183
465726,0.00,962,180
465827,0.00,961,183
465929,0.00,959,189
466030,0.00,962,180
466131,0.00,960,186
466233,0.00,960,186
466333,0.00,960,186
466435,0.00,960,186
466536,0.00,961,183
466637,0.00,960,186
466739,0.00,961,183
466839,0.00,960,186
466940,0.00,961,183
467042,0.00,959,189
467143,0.00,959,189
467245,0.00,959,189
467346,0.00,959,189
467446,0.00,961,183
467548,0.00,961,183
467649,0.00,960,186
467750,0.00,959,189
467852,0.00,959,189
467953,0.00,959,189
468054,0.00,959,189
468155,0.00,960,186
468256,0.00,961,183
468358,0.00,961,183
468459,0.00,959,189
468560,0.00,959,189
468661,0.00,961,183
468762,0.00,958,192
468864,0.00,959,189
468965,0.00,960,186
469066,0.00,960,186
469167,0.00,960,186
469268,0.00,958,192
469369,0.00,960,186
469471,0.00,959,189
469572,0.00,962,180
469673,0.00,959,189
469774,0.00,960,186
469875,0.00,961,183
469977,0.00,945,234
470078,0.00,957,195
470179,0.00,959,189
470281,0.00,961,183
470381,0.00,956,199
470482,0.00,964,173
470584,0.00,964,173
470685,0.00,963,177
470787,0.00,962,180
470888,0.00,962,180
470988,0.00,962,180
471090,0.00,963,177
471191,0.00,964,173
471292,0.00,964,173
471394,0.00,963,177
471495,0.00,963,177
471596,0.00,961,183
471697,0.00,962,180
471798,0.00,963,177
471900,0.00,962,180
472001,0.00,964,173
472101,0.00,962,180
472203,0.00,964,173
472304,0.00,964,173
472406,0.00,962,180
472507,0.00,965,170
472608,0.00,964,173
472709,0.00,965,170
472810,0.00,960,186
472911,0.00,963,177
473013,0.00,964,173
473114,0.00,963,177
473216,0.00,963,177
473316,0.00,963,177
473417,0.00,961,183
473519,0.00,963,177
473620,0.00,965,170
473721,0.00,963,177
473823,0.00,963,177
473923,0.00,962,180
474024,0.00,964,173
474126,0.00,964,173
474227,0.00,963,177
474329,0.00,965,170
474430,0.00,964,173
474530,0.00,965,170
474632,0.00,962,180
474733,0.00,964,173
474834,0.00,964,173
474936,0.00,963,177
475036,0.00,964,173
475138,0.00,963,177
475239,0.00,963,177
475340,0.00,964,173
475442,0.00,965,170
475543,0.00,963,177
475643,0.00,965,170
475745,0.00,962,180
475846,0.00,966,167
475948,0.00,964,173
476049,0.00,963,177
476150,0.00,963,177
476251,0.00,963,177
476352,0.00,964,173
# load_kg=1423.00
476454,1423.00,962,180
476556,1423.00,964,173
476657,1423.00,963,177
476759,1423.00,964,173
476860,1423.00,962,180
476961,1423.00,964,173
477063,1423.00,964,173
477164,1423.00,964,173
477265,1423.00,963,177
477367,1423.00,964,173
477468,1423.00,962,180
477570,1423.00,963,177
477671,1423.00,964,173
477772,1423.00,962,180
477874,1423.00,964,173
477975,1423.00,964,173
478076,1423.00,965,170
478178,1423.00,964,173
478279,1423.00,965,170
478381,1423.00,963,177
478482,1423.00,964,173
478583,1423.00,962,180
478685,1423.00,962,180
478786,1423.00,965,170
478887,1423.00,962,180
478989,1423.00,964,173
479090,1423.00,964,173
479192,1423.00,964,173
479293,1423.00,964,173
479394,1423.00,964,173
479496,1423.00,964,173
479597,1423.00,966,167
479698,1423.00,966,167
479800,1423.00,965,170
479900,1423.00,964,173
480002,1423.00,964,173
480103,1423.00,963,177
480204,1423.00,963,177
480306,1423.00,964,173
480407,1423.00,964,173
480508,1423.00,964,173
480610,1423.00,964,173
480711,1423.00,964,173
480813,1423.00,966,167
480914,1423.00,963,177
481015,1423.00,964,173
481117,1423.00,965,170
481218,1423.00,960,186
481319,1423.00,965,170
481421,1423.00,965,170
481522,1423.00,964,173
481624,1423.00,966,167
481725,1423.00,964,173
481826,1423.00,964,173
481928,1423.00,964,173
482029,1423.00,966,167
482130,1423.00,963,177
482232,1423.00,961,183
482333,1423.00,964,173
482435,1423.00,963,177
482536,1423.00,963,177
482637,1423.00,963,177
482739,1423.00,962,180
482840,1423.00,964,173
482941,1423.00,962,180
483043,1423.00,963,177
483144,1423.00,963,177
483246,1423.00,966,167
483347,1423.00,964,173
483448,1423.00,964,173
483550,1423.00,963,177
483651,1423.00,963,177
483752,1423.00,963,177
483854,1423.00,966,167
483955,1423.00,965,170
484057,1423.00,964,173
484158,1423.00,963,177
484259,1423.00,963,177
484361,1423.00,963,177
484462,1423.00,962,180
484563,1423.00,966,167
484665,1423.00,966,167
484766,1423.00,964,173
484868,1423.00,963,177
484969,1423.00,964,173
485070,1423.00,966,167
485172,1423.00,964,173
485273,1423.00,960,186
485374,1423.00,964,173
485476,1423.00,965,170
485577,1423.00,961,183
485679,1423.00,964,173
485780,1423.00,963,177
485881,1423.00,964,173
485983,1423.00,966,167
486084,1423.00,964,173
486185,1423.00,964,173
486287,1423.00,965,170
486388,1423.00,963,177
486490,1423.00,965,170
486591,1423.00,966,167
486692,1423.00,965,170
486794,1423.00,964,173
486895,1423.00,964,173
486996,1423.00,964,173
487098,1423.00,963,177
487199,1423.00,964,173
487301,1423.00,964,173
487402,1423.00,965,170
487503,1423.00,961,183
487605,1423.00,964,173
487706,1423.00,965,170
487808,1423.00,965,170
487909,1423.00,963,177
488010,1423.00,964,173
488112,1423.00,964,173
488212,1423.00,963,177
488313,1423.00,965,170
488415,1423.00,963,177
488516,1423.00,964,173
488617,1423.00,965,170
488719,1423.00,963,177
488820,1423.00,963,177
488922,1423.00,964,173
489023,1423.00,964,173
489124,1423.00,963,177
489226,1423.00,964,173
489327,1423.00,963,177
489428,1423.00,964,173
489530,1423.00,963,177
489631,1423.00,964,173
489733,1423.00,963,177
489834,1423.00,964,173
489935,1423.00,963,177
490037,1423.00,963,177
490138,1423.00,963,177
490240,1423.00,963,177
490341,1423.00,964,173
490442,1423.00,963,177
490544,1423.00,964,173
490645,1423.00,965,170
490746,1423.00,963,177
490848,1423.00,964,173
490949,1423.00,963,177
491051,1423.00,966,167
491152,1423.00,963,177
491253,1423.00,963,177
491355,1423.00,964,173
491456,1423.00,965,170
491557,1423.00,964,173
491659,1423.00,964,173
491760,1423.00,965,170
491862,1423.00,964,173
491963,1423.00,962,180
492064,1423.00,966,167
492166,1423.00,966,167
492267,1423.00,965,170
492368,1423.00,965,170
492470,1423.00,963,177
492571,1423.00,963,177
492673,1423.00,964,173
492774,1423.00,963,177
492875,1423.00,964,173
492977,1423.00,966,167
493078,1423.00,964,173
493179,1423.00,965,170
493281,1423.00,963,177
493382,1423.00,965,170
493484,1423.00,963,177
493585,1423.00,962,180
493686,1423.00,966,167
493788,1423.00,964,173
493889,1423.00,964,173
493990,1423.00,965,170
494092,1423.00,964,173
494193,1423.00,963,177
494295,1423.00,964,173
494396,1423.00,965,170
494497,1423.00,966,167
494599,1423.00,964,173
494700,1423.00,964,173
494801,1423.00,964,173
494903,1423.00,963,177
495004,1423.00,966,167
495106,1423.00,963,177
495207,1423.00,963,177
495308,1423.00,965,170
495410,1423.00,959,189
495511,1423.00,965,170
495612,1423.00,966,167
495714,1423.00,966,167
495815,1423.00,965,170
495917,1423.00,966,167
496018,1423.00,965,170
496118,1423.00,963,177
496220,1423.00,964,173
496321,1423.00,963,177
496422,1423.00,964,173
496524,1423.00,963,177
496625,1423.00,965,170
496727,1423.00,963,177
496828,1423.00,963,177
496929,1423.00,965,170
497031,1423.00,966,167
497132,1423.00,964,173
497233,1423.00,963,177
497335,1423.00,964,173
497436,1423.00,963,177
497538,1423.00,963,177
497639,1423.00,963,177
497740,1423.00,963,177
497842,1423.00,963,177
497943,1423.00,963,177
498044,1423.00,965,170
498146,1423.00,966,167
498247,1423.00,965,170
498349,1423.00,964,173
498450,1423.00,963,177
498551,1423.00,964,173
498653,1423.00,965,170
498754,1423.00,965,170
498855,1423.00,964,173
498957,1423.00,964,173
499058,1423.00,963,177
499160,1423.00,964,173
499261,1423.00,965,170
499362,1423.00,964,173
499464,1423.00,964,173
499565,1423.00,963,177
499666,1423.00,964,173
499768,1423.00,966,167
499869,1423.00,964,173
499971,1423.00,964,173
500072,1423.00,963,177
500173,1423.00,961,183
500275,1423.00,963,177
500376,1423.00,963,177
500477,1423.00,964,173
500579,1423.00,964,173
500680,1423.00,964,173
500782,1423.00,964,173
500883,1423.00,964,173
500984,1423.00,966,167
501086,1423.00,964,173
501187,1423.00,964,173
501288,1423.00,965,170
501390,1423.00,963,177
501491,1423.00,964,173
501593,1423.00,965,170
501694,1423.00,963,177
501795,1423.00,964,173
501897,1423.00,963,177
501998,1423.00,966,167
502099,1423.00,963,177
502201,1423.00,963,177
502302,1423.00,965,170
502404,1423.00,964,173
502505,1423.00,963,177
502606,1423.00,965,170
502708,1423.00,964,173
502809,1423.00,963,177
502910,1423.00,961,183
503012,1423.00,964,173
503113,1423.00,963,177
503215,1423.00,962,180
503316,1423.00,966,167
503417,1423.00,964,173
503519,1423.00,963,177
503620,1423.00,964,173
503721,1423.00,963,177
503823,1423.00,965,170
503924,1423.00,964,173
504026,1423.00,965,170
504127,1423.00,964,173
504228,1423.00,964,173
504330,1423.00,962,180
504431,1423.00,964,173
504532,1423.00,963,177
504634,1423.00,965,170
504735,1423.00,964,173
504836,1423.00,964,173
504937,1423.00,963,177
505038,1423.00,963,177
505140,1423.00,964,173
505241,1423.00,963,177
505342,1423.00,964,173
505444,1423.00,965,170
505545,1423.00,965,170
505647,1423.00,963,177
505748,1423.00,964,173
505849,1423.00,963,177
505951,1423.00,964,173
506052,1423.00,964,173
506153,1423.00,964,173
506255,1423.00,963,177
506356,1423.00,963,177
506458,1423.00,963,177
506559,1423.00,963,177
506660,1423.00,963,177
506762,1423.00,965,170
506863,1423.00,964,173
506964,1423.00,965,170
507066,1423.00,964,173
507167,1423.00,964,173
507269,1423.00,965,170
507370,1423.00,965,170
507471,1423.00,963,177
507573,1423.00,965,170
507674,1423.00,963,177
507776,1423.00,963,177
507877,1423.00,964,173
507978,1423.00,963,177
508080,1423.00,964,173
508181,1423.00,965,170
508282,1423.00,963,177
508384,1423.00,963,177
508485,1423.00,966,167
508587,1423.00,964,173
508688,1423.00,963,177
508789,1423.00,963,177
508891,1423.00,963,177
508992,1423.00,964,173
509093,1423.00,963,177
509195,1423.00,966,167
509296,1423.00,964,173
509398,1423.00,963,177
509499,1423.00,964,173
509600,1423.00,966,167
509702,1423.00,965,170
509803,1423.00,964,173
509904,1423.00,963,177
510006,1423.00,964,173
510107,1423.00,963,177
510209,1423.00,964,173
510310,1423.00,964,173
510411,1423.00,965,170
510513,1423.00,963,177
510614,1423.00,962,180
510715,1423.00,964,173
510817,1423.00,960,186
510918,1423.00,966,167
511020,1423.00,964,173
511121,1423.00,965,170
511222,1423.00,964,173
511324,1423.00,965,170
511425,1423.00,964,173
511526,1423.00,964,173
511628,1423.00,964,173
511729,1423.00,965,170
511831,1423.00,964,173
511932,1423.00,963,177
512033,1423.00,964,173
512135,1423.00,963,177
512236,1423.00,962,180
512337,1423.00,964,173
512439,1423.00,966,167
512540,1423.00,963,177
512642,1423.00,963,177
512743,1423.00,963,177
512844,1423.00,966,167
512946,1423.00,964,173
513047,1423.00,966,167
513148,1423.00,965,170
513250,1423.00,964,173
513351,1423.00,963,177
513453,1423.00,963,177
513554,1423.00,964,173
513655,1423.00,963,177
513757,1423.00,964,173
513858,1423.00,966,167
513959,1423.00,965,170
514061,1423.00,963,177
514161,1423.00,963,177
514263,1423.00,964,173
514364,1423.00,963,177
514465,1423.00,963,177
514567,1423.00,965,170
514668,1423.00,962,180
514769,1423.00,963,177
514871,1423.00,963,177
514972,1423.00,964,173
515074,1423.00,963,177
515175,1423.00,964,173
515276,1423.00,963,177
515378,1423.00,964,173
515479,1423.00,963,177
515580,1423.00,965,170
515682,1423.00,965,170
515783,1423.00,963,177
515885,1423.00,963,177
515986,1423.00,964,173
516087,1423.00,965,170
516189,1423.00,964,173
516290,1423.00,966,167
516391,1423.00,964,173
516493,1423.00,963,177
516594,1423.00,964,173
516696,1423.00,963,177
516797,1423.00,962,180
516898,1423.00,965,170
517000,1423.00,963,177
517101,1423.00,965,170
517202,1423.00,962,180
517304,1423.00,966,167
517405,1423.00,963,177
517507,1423.00,965,170
517608,1423.00,966,167
517709,1423.00,964,173
517811,1423.00,963,177
517912,1423.00,962,180
518013,1423.00,966,167
518115,1423.00,964,173
518216,1423.00,966,167
518318,1423.00,964,173
518419,1423.00,963,177
518520,1423.00,962,180
518622,1423.00,966,167
518723,1423.00,965,170
518824,1423.00,964,173
518926,1423.00,964,173
519027,1423.00,964,173
519129,1423.00,966,167
519230,1423.00,966,167
519331,1423.00,964,173
519433,1423.00,964,173
519534,1423.00,963,177
519635,1423.00,964,173
519737,1423.00,963,177
519838,1423.00,963,177
519940,1423.00,965,170
520041,1423.00,965,170
520142,1423.00,964,173
520244,1423.00,963,177
520345,1423.00,966,167
520446,1423.00,966,167
520548,1423.00,963,177
520649,1423.00,964,173
520751,1423.00,966,167
520852,1423.00,963,177
520953,1423.00,965,170
521055,1423.00,965,170
521156,1423.00,964,173
521257,1423.00,966,167
521359,1423.00,963,177
521460,1423.00,965,170
521562,1423.00,964,173
521663,1423.00,962,180
521764,1423.00,963,177
521866,1423.00,963,177
521966,1423.00,965,170
522067,1423.00,965,170
522169,1423.00,963,177
522270,1423.00,962,180
522372,1423.00,963,177
522473,1423.00,964,173
522574,1423.00,963,177
522676,1423.00,964,173
522777,1423.00,966,167
522878,1423.00,964,173
522980,1423.00,963,177
523081,1423.00,966,167
523183,1423.00,966,167
523284,1423.00,963,177
523385,1423.00,963,177
523487,1423.00,966,167
523588,1423.00,965,170
523689,1423.00,963,177
523791,1423.00,965,170
523892,1423.00,965,170
523994,1423.00,963,177
524095,1423.00,965,170
524196,1423.00,965,170
524298,1423.00,964,173
524399,1423.00,964,173
524500,1423.00,965,170
524602,1423.00,966,167
524703,1423.00,965,170
524805,1423.00,964,173
524906,1423.00,965,170
525007,1423.00,963,177
525109,1423.00,965,170
525210,1423.00,965,170
525312,1423.00,961,183
525413,1423.00,963,177
525514,1423.00,966,167
525616,1423.00,963,177
525717,1423.00,964,173
525818,1423.00,964,173
525920,1423.00,963,177
526021,1423.00,965,170
526123,1423.00,962,180
526224,1423.00,966,167
526325,1423.00,965,170
526427,1423.00,964,173
526528,1423.00,965,170
526629,1423.00,963,177
526731,1423.00,965,170
526832,1423.00,965,170
526934,1423.00,964,173
527035,1423.00,965,170
527136,1423.00,965,170
527238,1423.00,965,170
527339,1423.00,965,170
527440,1423.00,964,173
527542,1423.00,964,173
527643,1423.00,965,170
527745,1423.00,963,177
527846,1423.00,964,173
527947,1423.00,966,167
528049,1423.00,964,173
528150,1423.00,965,170
528251,1423.00,965,170
528353,1423.00,966,167
528454,1423.00,963,177
528556,1423.00,964,173
528657,1423.00,964,173
528758,1423.00,964,173
528860,1423.00,963,177
528961,1423.00,965,170
529062,1423.00,963,177
529164,1423.00,963,177
529265,1423.00,966,167
529367,1423.00,964,173
529468,1423.00,964,173
529569,1423.00,962,180
529671,1423.00,966,167
529772,1423.00,966,167
529872,1423.00,966,167
529974,1423.00,963,177
530075,1423.00,965,170
530177,1423.00,963,177
530278,1423.00,966,167
530379,1423.00,966,167
530481,1423.00,963,177
530582,1423.00,966,167
530683,1423.00,965,170
530785,1423.00,965,170
530886,1423.00,965,170
530988,1423.00,966,167
531089,1423.00,965,170
531190,1423.00,964,173
531292,1423.00,964,173
531393,1423.00,963,177
531494,1423.00,964,173
531596,1423.00,965,170
531697,1423.00,963,177
531799,1423.00,965,170
531900,1423.00,966,167
532001,1423.00,962,180
532103,1423.00,963,177
532204,1423.00,964,173
532305,1423.00,963,177
532407,1423.00,962,180
532508,1423.00,965,170
532610,1423.00,966,167
532711,1423.00,964,173
532812,1423.00,966,167
532914,1423.00,963,177
533015,1423.00,964,173
533116,1423.00,965,170
533218,1423.00,962,180
533319,1423.00,966,167
533421,1423.00,964,173
533522,1423.00,965,170
533623,1423.00,964,173
533725,1423.00,964,173
533826,1423.00,966,167
533927,1423.00,966,167
534029,1423.00,965,170
534130,1423.00,965,170
534232,1423.00,964,173
534333,1423.00,966,167
534434,1423.00,965,170
534536,1423.00,964,173
534637,1423.00,965,170
534738,1423.00,964,173
534840,1423.00,966,167
534941,1423.00,963,177
535043,1423.00,965,170
535144,1423.00,966,167
535245,1423.00,964,173
535347,1423.00,964,173
535448,1423.00,962,180
535549,1423.00,964,173
535651,1423.00,966,167
535752,1423.00,963,177
535854,1423.00,965,170
535955,1423.00,964,173
536056,1423.00,964,173
536158,1423.00,965,170
536259,1423.00,965,170
536360,1423.00,966,167
536462,1423.00,964,173
536563,1423.00,965,170
536665,1423.00,965,170
536766,1423.00,962,180
536867,1423.00,963,177
536969,1423.00,965,170
537070,1423.00,964,173
537171,1423.00,963,177
537273,1423.00,964,173
537374,1423.00,965,170
537476,1423.00,964,173
537577,1423.00,964,173
# load_kg=0.00
537678,0.00,964,173
537780,0.00,964,173
537881,0.00,965,170
537982,0.00,965,170
538083,0.00,966,167
538184,0.00,964,173
538286,0.00,965,170
538387,0.00,963,177
538488,0.00,966,167
538590,0.00,964,173
538690,0.00,966,167
538791,0.00,965,170
538893,0.00,965,170
538994,0.00,965,170
539096,0.00,965,170
539196,0.00,964,173
539297,0.00,964,173
539399,0.00,963,177
539500,0.00,961,183
539601,0.00,963,177
539703,0.00,965,170
539803,0.00,965,170
539905,0.00,964,173
540006,0.00,964,173
540107,0.00,964,173
540209,0.00,965,170
540310,0.00,966,167
540410,0.00,966,167
540512,0.00,964,173
540613,0.00,965,170
540715,0.00,966,167
540816,0.00,966,167
540917,0.00,964,173
541018,0.00,964,173
541119,0.00,963,177
541220,0.00,0,-1
541322,0.00,355,5331
541422,0.00,0,-1
541523,0.00,0,-1
541625,0.00,0,-1
541725,0.00,0,-1
541827,0.00,0,-1
541927,0.00,0,-1
542028,0.00,0,-1
542130,0.00,0,-1
542230,0.00,0,-1
542331,0.00,0,-1
542432,0.00,0,-1
542533,0.00,0,-1
542633,0.00,291,7126
542735,0.00,290,7161
542836,0.00,288,7230
542938,0.00,290,7161
543039,0.00,284,7372
543140,0.00,288,7230
543242,0.00,288,7230
543343,0.00,289,7195
543444,0.00,281,7481
543545,0.00,279,7555
543646,0.00,288,7230
543748,0.00,279,7555
543849,0.00,279,7555
543950,0.00,278,7592
544052,0.00,279,7555
544153,0.00,277,7630
544254,0.00,275,7706
544355,0.00,275,7706
544456,0.00,275,7706
544558,0.00,273,7783
544659,0.00,271,7861
544760,0.00,270,7901
544862,0.00,267,8022
544963,0.00,264,8145
545064,0.00,251,8713
545165,0.00,245,8996
545266,0.00,238,9344
545368,0.00,235,9500
545469,0.00,230,9768
545570,0.00,227,9934
545672,0.00,225,10048
545773,0.00,223,10163
545874,0.00,206,11236
545975,0.00,213,10773
546076,0.00,190,12420
546178,0.00,165,14732
546279,0.00,190,12420
546380,0.00,191,12341
546482,0.00,186,12748
546583,0.00,187,12665
546684,0.00,184,12918
546786,0.00,184,12918
546887,0.00,181,13179
546989,0.00,181,13179
547090,0.00,153,16109
547191,0.00,152,16234
547292,0.00,154,15986
547393,0.00,154,15986
547494,0.00,150,16488
547596,0.00,150,16488
547697,0.00,0,-1
547799,0.00,0,-1
547899,0.00,757,995
548000,0.00,698,1319
548102,0.00,632,1753
548203,0.00,731,1132
548304,0.00,873,487
548406,0.00,891,420
548506,0.00,902,380
548608,0.00,917,327
548709,0.00,918,324
548810,0.00,917,327
548912,0.00,917,327
549013,0.00,919,321
549113,0.00,920,317
549215,0.00,920,317
549316,0.00,920,317
549417,0.00,922,310
549519,0.00,920,317
549620,0.00,922,310
549721,0.00,922,310
549822,0.00,924,304
549923,0.00,923,307
550025,0.00,924,304
550126,0.00,924,304
550227,0.00,924,304
550328,0.00,923,307
550429,0.00,925,300
550531,0.00,924,304
550632,0.00,925,300
550733,0.00,925,300
550835,0.00,925,300
550935,0.00,925,300
551036,0.00,925,300
551138,0.00,926,297
551239,0.00,925,300
551341,0.00,925,300
551441,0.00,925,300
551542,0.00,926,297
551644,0.00,926,297
551745,0.00,928,290
551846,0.00,927,293
551948,0.00,927,293
552048,0.00,927,293
552150,0.00,928,290
552251,0.00,927,293
552352,0.00,927,293
552454,0.00,927,293
552555,0.00,928,290
552655,0.00,927,293
552757,0.00,926,297
552858,0.00,928,290
552960,0.00,926,297
553061,0.00,927,293
553162,0.00,928,290
553263,0.00,928,290
553364,0.00,927,293
553465,0.00,925,300
553567,0.00,926,297
553668,0.00,928,290
553769,0.00,927,293
553870,0.00,924,304
553971,0.00,929,287
554073,0.00,927,293
554174,0.00,926,297
# load_kg=1000.00
554275,1000.00,924,304
554377,1000.00,928,290
554478,1000.00,928,290
554579,1000.00,927,293
554681,1000.00,928,290
554782,1000.00,929,287
554884,1000.00,928,290
554985,1000.00,929,287
555086,1000.00,927,293
555188,1000.00,928,290
555289,1000.00,927,293
555390,1000.00,929,287
555492,1000.00,929,287
555593,1000.00,928,290
555695,1000.00,927,293
555796,1000.00,927,293
555897,1000.00,928,290
555999,1000.00,929,287
556100,1000.00,929,287
556201,1000.00,930,283
556303,1000.00,930,283
556404,1000.00,927,293
556506,1000.00,928,290
556607,1000.00,929,287
556708,1000.00,927,293
556810,1000.00,928,290
556911,1000.00,929,287
557012,1000.00,929,287
557114,1000.00,930,283
557215,1000.00,929,287
557317,1000.00,930,283
557418,1000.00,928,290
557519,1000.00,926,297
557621,1000.00,928,290
557722,1000.00,929,287
557824,1000.00,928,290
557925,1000.00,930,283
558026,1000.00,927,293
558128,1000.00,930,283
558229,1000.00,930,283
558330,1000.00,929,287
558432,1000.00,929,287
558533,1000.00,928,290
558635,1000.00,928,290
558736,1000.00,927,293
558837,1000.00,930,283
558939,1000.00,927,293
559040,1000.00,930,283
559141,1000.00,930,283
559243,1000.00,930,283
559344,1000.00,931,280
559446,1000.00,932,277
559547,1000.00,930,283
559648,1000.00,930,283
559750,1000.00,931,280
559851,1000.00,927,293
559952,1000.00,931,280
560054,1000.00,928,290
560155,1000.00,927,293
560257,1000.00,929,287
560358,1000.00,929,287
560459,1000.00,929,287
560561,1000.00,930,283
560662,1000.00,930,283
560763,1000.00,930,283
560865,1000.00,931,280
560966,1000.00,929,287
561068,1000.00,925,300
561169,1000.00,929,287
561270,1000.00,930,283
561372,1000.00,928,290
561473,1000.00,931,280
561574,1000.00,930,283
561676,1000.00,930,283
561777,1000.00,930,283
561879,1000.00,930,283
561980,1000.00,929,287
562081,1000.00,930,283
562183,1000.00,929,287
562284,1000.00,929,287
562385,1000.00,929,287
562487,1000.00,929,287
562588,1000.00,929,287
562690,1000.00,929,287
562791,1000.00,930,283
562892,1000.00,929,287
562994,1000.00,930,283
563095,1000.00,929,287
563196,1000.00,929,287
563298,1000.00,930,283
563399,1000.00,931,280
563501,1000.00,932,277
563602,1000.00,928,290
563703,1000.00,930,283
563805,1000.00,929,287
563906,1000.00,932,277
564007,1000.00,929,287
564109,1000.00,929,287
564210,1000.00,930,283
564312,1000.00,926,297
564413,1000.00,929,287
564514,1000.00,929,287
564616,1000.00,930,283
564717,1000.00,932,277
564818,1000.00,932,277
564920,1000.00,929,287
565021,1000.00,932,277
565123,1000.00,930,283
565224,1000.00,931,280
565325,1000.00,930,283
565427,1000.00,930,283
565528,1000.00,930,283
565629,1000.00,929,287
565731,1000.00,930,283
565832,1000.00,929,287
565934,1000.00,930,283
566035,1000.00,931,280
566136,1000.00,928,290
566238,1000.00,931,280
566339,1000.00,930,283
566440,1000.00,931,280
566542,1000.00,929,287
566643,1000.00,931,280
566745,1000.00,930,283
566845,1000.00,929,287
566946,1000.00,929,287
567048,1000.00,930,283
567149,1000.00,930,283
567250,1000.00,929,287
567352,1000.00,931,280
567453,1000.00,930,283
567555,1000.00,930,283
567656,1000.00,930,283
567757,1000.00,930,283
567859,1000.00,929,287
567960,1000.00,928,290
568061,1000.00,930,283
568163,1000.00,929,287
568264,1000.00,929,287
568366,1000.00,929,287
568467,1000.00,932,277
568568,1000.00,930,283
568670,1000.00,931,280
568771,1000.00,930,283
568872,1000.00,931,280
568974,1000.00,929,287
569075,1000.00,930,283
569177,1000.00,930,283
569278,1000.00,929,287
569379,1000.00,931,280
569481,1000.00,931,280
569582,1000.00,930,283
569683,1000.00,930,283
569785,1000.00,929,287
569886,1000.00,930,283
569988,1000.00,930,283
570089,1000.00,929,287
570190,1000.00,930,283
570292,1000.00,931,280
570393,1000.00,929,287
570494,1000.00,930,283
570596,1000.00,931,280
570697,1000.00,929,287
570799,1000.00,930,283
570900,1000.00,932,277
571001,1000.00,930,283
571103,1000.00,929,287
571204,1000.00,930,283
571305,1000.00,930,283
571407,1000.00,930,283
571508,1000.00,929,287
571610,1000.00,929,287
571711,1000.00,930,283
571812,1000.00,930,283
571914,1000.00,932,277
572015,1000.00,928,290
572116,1000.00,930,283
572218,1000.00,930,283
572319,1000.00,932,277
572421,1000.00,931,280
572522,1000.00,930,283
572623,1000.00,930,283
572725,1000.00,931,280
572826,1000.00,932,277
572928,1000.00,932,277
573029,1000.00,930,283
573130,1000.00,929,287
573232,1000.00,929,287
573333,1000.00,930,283
573434,1000.00,929,287
573536,1000.00,930,283
573637,1000.00,930,283
573739,1000.00,930,283
573840,1000.00,930,283
573941,1000.00,930,283
574043,1000.00,930,283
574144,1000.00,932,277
574245,1000.00,930,283
574347,1000.00,929,287
574448,1000.00,931,280
574550,1000.00,931,280
574651,1000.00,930,283
574752,1000.00,931,280
574854,1000.00,932,277
574955,1000.00,931,280
575056,1000.00,930,283
575158,1000.00,930,283
575259,1000.00,930,283
575361,1000.00,933,273
575462,1000.00,929,287
575563,1000.00,931,280
575665,1000.00,930,283
575766,1000.00,930,283
575867,1000.00,930,283
575969,1000.00,930,283
576070,1000.00,928,290
576172,1000.00,932,277
576273,1000.00,932,277
576374,1000.00,929,287
576476,1000.00,929,287
576577,1000.00,931,280
576678,1000.00,930,283
576780,1000.00,929,287
576881,1000.00,933,273
576983,1000.00,932,277
577084,1000.00,931,280
577185,1000.00,930,283
577287,1000.00,932,277
577388,1000.00,931,280
577489,1000.00,931,280
577591,1000.00,930,283
577692,1000.00,929,287
577794,1000.00,930,283
577895,1000.00,929,287
577996,1000.00,929,287
578098,1000.00,929,287
578199,1000.00,932,277
578300,1000.00,930,283
578402,1000.00,933,273
578503,1000.00,930,283
578605,1000.00,931,280
578706,1000.00,930,283
578807,1000.00,932,277
578909,1000.00,931,280
579010,1000.00,929,287
579111,1000.00,931,280
579213,1000.00,930,283
579314,1000.00,929,287
579416,1000.00,931,280
579517,1000.00,931,280
579618,1000.00,932,277
579720,1000.00,931,280
579821,1000.00,930,283
579922,1000.00,931,280
580024,1000.00,932,277
580125,1000.00,930,283
580227,1000.00,931,280
580328,1000.00,929,287
580429,1000.00,932,277
580531,1000.00,932,277
580632,1000.00,931,280
580733,1000.00,933,273
580835,1000.00,931,280
580936,1000.00,930,283
581038,1000.00,930,283
581139,1000.00,930,283
581240,1000.00,932,277
581342,1000.00,927,293
581443,1000.00,932,277
581544,1000.00,931,280
581646,1000.00,931,280
581747,1000.00,931,280
581849,1000.00,930,283
581950,1000.00,931,280
582051,1000.00,930,283
582153,1000.00,931,280
582254,1000.00,929,287
582355,1000.00,930,283
582457,1000.00,931,280
582557,1000.00,931,280
582659,1000.00,932,277
582760,1000.00,930,283
582861,1000.00,932,277
582963,1000.00,929,287
583064,1000.00,931,280
583165,1000.00,931,280
583267,1000.00,930,283
583368,1000.00,930,283
583470,1000.00,931,280
583571,1000.00,932,277
583672,1000.00,931,280
583774,1000.00,930,283
583875,1000.00,928,290
583976,1000.00,929,287
584078,1000.00,930,283
584179,1000.00,929,287
584281,1000.00,932,277
584382,1000.00,932,277
584483,1000.00,928,290
584585,1000.00,929,287
584686,1000.00,931,280
584787,1000.00,932,277
584889,1000.00,933,273
584990,1000.00,932,277
585092,1000.00,931,280
585193,1000.00,930,283
585294,1000.00,931,280
585396,1000.00,931,280
585497,1000.00,931,280
585598,1000.00,929,287
585700,1000.00,932,277
585801,1000.00,929,287
585903,1000.00,930,283
586004,1000.00,931,280
586105,1000.00,932,277
586207,1000.00,932,277
586308,1000.00,930,283
586409,1000.00,929,287
586511,1000.00,932,277
586612,1000.00,929,287
586714,1000.00,933,273
586815,1000.00,931,280
586916,1000.00,931,280
587018,1000.00,931,280
587119,1000.00,930,283
587220,1000.00,931,280
587322,1000.00,929,287
587423,1000.00,930,283
587525,1000.00,931,280
587626,1000.00,931,280
587727,1000.00,931,280
587829,1000.00,930,283
587930,1000.00,930,283
588032,1000.00,930,283
588133,1000.00,932,277
588234,1000.00,930,283
588336,1000.00,931,280
588437,1000.00,933,273
588538,1000.00,931,280
588640,1000.00,930,283
588741,1000.00,932,277
588843,1000.00,931,280
588944,1000.00,932,277
589045,1000.00,932,277
589147,1000.00,931,280
589248,1000.00,931,280
589349,1000.00,929,287
589451,1000.00,932,277
589552,1000.00,932,277
589654,1000.00,932,277
589755,1000.00,932,277
589856,1000.00,932,277
589958,1000.00,929,287
590059,1000.00,929,287
590160,1000.00,932,277
590262,1000.00,931,280
590363,1000.00,932,277
590465,1000.00,931,280
590566,1000.00,931,280
590667,1000.00,930,283
590769,1000.00,930,283
# load_kg=0.00
590870,0.00,932,277
590971,0.00,930,283
591073,0.00,931,280
591174,0.00,931,280
591276,0.00,932,277
591377,0.00,931,280
591477,0.00,931,280
591579,0.00,929,287
591680,0.00,931,280
591781,0.00,931,280
591883,0.00,931,280
591984,0.00,932,277
592084,0.00,932,277
592186,0.00,929,287
592287,0.00,932,277
592389,0.00,932,277
592490,0.00,933,273
592591,0.00,931,280
592692,0.00,931,280
592793,0.00,931,280
592894,0.00,932,277
592996,0.00,931,280
593097,0.00,931,280
593199,0.00,932,277
593299,0.00,931,280
593400,0.00,932,277
593502,0.00,930,283
593603,0.00,927,293
593704,0.00,931,280
593805,0.00,934,270
593906,0.00,912,345
594008,0.00,145,17154
594109,0.00,203,11444
594210,0.00,194,12106
594312,0.00,184,12918
594413,0.00,187,12665
594514,0.00,187,12665
594616,0.00,185,12833
594717,0.00,184,12918
594819,0.00,183,13004
594919,0.00,172,14017
595020,0.00,168,14418
595122,0.00,167,14521
595223,0.00,168,14418
595324,0.00,170,14215
595426,0.00,161,15168
595527,0.00,163,14947
595629,0.00,165,14732
595730,0.00,170,14215
595831,0.00,159,15394
595933,0.00,160,15280
596034,0.00,165,14732
596135,0.00,149,16618
596236,0.00,157,15627
596337,0.00,155,15865
596439,0.00,150,16488
596540,0.00,150,16488
596641,0.00,148,16749
596743,0.00,151,16360
596844,0.00,149,16618
596945,0.00,146,17017
597047,0.00,151,16360
597148,0.00,136,18477
597250,0.00,118,21728
597351,0.00,123,20729
597452,0.00,131,19290
597553,0.00,133,18958
597654,0.00,126,20168
597755,0.00,128,19809
597857,0.00,126,20168
597958,0.00,114,22589
598060,0.00,112,23043
598161,0.00,116,22151
598262,0.00,118,21728
598364,0.00,116,22151
598465,0.00,114,22589
598566,0.00,115,22368
598668,0.00,114,22589
598769,0.00,114,22589
598870,0.00,122,20922
598971,0.00,130,19461
599072,0.00,111,23277
599174,0.00,110,23514
599275,0.00,111,23277
599376,0.00,110,23514
599478,0.00,109,23756
599579,0.00,118,21728
599681,0.00,120,21318
599782,0.00,111,23277
599883,0.00,111,23277
599985,0.00,119,21521
600086,0.00,122,20922
600186,0.00,110,23514
600288,0.00,105,24769
600389,0.00,110,23514
600491,0.00,108,24002
600592,0.00,116,22151
600693,0.00,118,21728
600795,0.00,118,21728
600896,0.00,113,22814
600997,0.00,112,23043
601099,0.00,115,22368
601200,0.00,114,22589
601302,0.00,107,24253
601403,0.00,102,25580
601503,0.00,102,25580
601605,0.00,99,26441
601706,0.00,101,25862
601807,0.00,99,26441
601909,0.00,101,25862
602010,0.00,102,25580
602112,0.00,100,26149
602213,0.00,100,26149
602314,0.00,85,31263
602416,0.00,95,27674
602516,0.00,95,27674
602617,0.00,95,27674
602719,0.00,93,28330
602820,0.00,73,36868
602921,0.00,72,37419
603023,0.00,78,34323
603124,0.00,79,33853
603226,0.00,78,34323
603326,0.00,81,32947
603427,0.00,64,42451
603529,0.00,73,36868
603630,0.00,56,48920
603731,0.00,65,41754
603833,0.00,66,41079
603934,0.00,84,31669
604036,0.00,86,30867
604136,0.00,84,31669
604237,0.00,80,33394
604339,0.00,73,36868
604440,0.00,68,39787
604541,0.00,76,35301
604643,0.00,62,43911
604744,0.00,59,46288
604846,0.00,50,55130
604946,0.00,50,55130
605047,0.00,47,58830
605149,0.00,54,50837
605250,0.00,51,53994
605351,0.00,44,63034
605453,0.00,24,117924
605554,0.00,0,-1
605655,0.00,0,-1
605756,0.00,0,-1
605856,0.00,0,-1
605958,0.00,0,-1
606059,0.00,0,-1
606159,0.00,0,-1
606261,0.00,0,-1
606361,0.00,0,-1
606462,0.00,0,-1
606563,0.00,0,-1
606664,0.00,0,-1
606766,0.00,0,-1
606866,0.00,0,-1
606967,0.00,1,-1
607068,0.00,0,-1
607169,0.00,0,-1
607270,0.00,0,-1
607371,0.00,0,-1
607472,0.00,0,-1
607572,0.00,0,-1
607674,0.00,2,-1
607775,0.00,0,-1
607876,0.00,0,-1
607977,0.00,0,-1
608077,0.00,0,-1
608179,0.00,0,-1
608279,0.00,0,-1
608380,0.00,0,-1
608482,0.00,0,-1
608582,0.00,0,-1
608684,0.00,0,-1
608784,0.00,0,-1
608885,0.00,0,-1
608987,0.00,0,-1
609087,0.00,0,-1
609188,0.00,0,-1
609289,0.00,0,-1
609390,0.00,0,-1
609490,0.00,0,-1
609592,0.00,0,-1
609693,0.00,0,-1
609794,0.00,0,-1
609895,0.00,0,-1
609995,0.00,0,-1
610097,0.00,0,-1
610198,0.00,0,-1
610298,0.00,0,-1
610400,0.00,0,-1
610500,0.00,0,-1
610601,0.00,0,-1
610703,0.00,1,-1
610803,0.00,1,-1
610905,0.00,0,-1
611005,0.00,0,-1
611106,0.00,0,-1
611207,0.00,0,-1
611308,0.00,0,-1
611409,0.00,0,-1
611510,0.00,0,-1
611611,0.00,0,-1
611712,0.00,0,-1
611813,0.00,0,-1
611914,0.00,0,-1
612015,0.00,0,-1
612116,0.00,0,-1
612216,0.00,0,-1
612318,0.00,0,-1
612419,0.00,0,-1
612519,0.00,96,27356
612621,0.00,801,785
612722,0.00,702,1295
612824,0.00,821,697
612925,0.00,875,479
613025,0.00,842,609
613127,0.00,797,803
613228,0.00,798,799
613329,0.00,650,1626
613431,0.00,493,3046
613532,0.00,178,13449
613633,0.00,0,-1
613734,0.00,1,-1
613835,0.00,0,-1
613936,0.00,0,-1
614037,0.00,0,-1
614137,0.00,0,-1
614239,0.00,0,-1
614340,0.00,0,-1
614440,0.00,187,12665
614542,0.00,462,3440
614643,0.00,699,1313
614745,0.00,730,1137
614846,0.00,763,965
614947,0.00,837,630
615048,0.00,729,1143
615149,0.00,777,897
615250,0.00,748,1042
615352,0.00,787,850
615453,0.00,784,864
615555,0.00,796,808
615656,0.00,793,822
615756,0.00,794,817
615858,0.00,798,799
615959,0.00,801,785
616060,0.00,804,772
616162,0.00,801,785
616262,0.00,804,772
616364,0.00,806,763
616465,0.00,805,767
616566,0.00,804,772
616668,0.00,803,776
616769,0.00,806,763
616869,0.00,808,754
616971,0.00,808,754
617072,0.00,809,749
617174,0.00,808,754
617275,0.00,808,754
617376,0.00,809,749
617477,0.00,803,776
617578,0.00,784,864
617679,0.00,801,785
617781,0.00,788,845
617882,0.00,792,826
617984,0.00,801,785
618084,0.00,815,723
618185,0.00,818,710
618287,0.00,816,719
618388,0.00,814,727
618489,0.00,811,741
618591,0.00,806,763
618691,0.00,806,763
618792,0.00,808,754
618894,0.00,807,758
618995,0.00,807,758
619097,0.00,808,754
619198,0.00,807,758
619298,0.00,790,836
619400,0.00,825,680
619501,0.00,805,767
619602,0.00,854,561
619704,0.00,873,487
619804,0.00,635,1731
619906,0.00,859,541
620007,0.00,846,593
620108,0.00,826,676
620210,0.00,884,445
620311,0.00,856,553
620412,0.00,873,487
620513,0.00,895,405
620614,0.00,885,442
620716,0.00,873,487
620817,0.00,873,487
620918,0.00,843,605
621019,0.00,860,537
621120,0.00,851,573
621221,0.00,857,549
621323,0.00,854,561
621424,0.00,857,549
621526,0.00,854,561
621626,0.00,857,549
621727,0.00,855,557
621829,0.00,859,541
621930,0.00,858,545
622031,0.00,857,549
622133,0.00,858,545
622233,0.00,857,549
622334,0.00,855,557
622436,0.00,856,553
622537,0.00,857,549
622639,0.00,860,537
622740,0.00,857,549
622840,0.00,857,549
622942,0.00,856,553
623043,0.00,857,549
623144,0.00,858,545
623246,0.00,857,549
623347,0.00,860,537
623448,0.00,859,541
623549,0.00,856,553
623650,0.00,858,545
623752,0.00,857,549
623853,0.00,858,545
623954,0.00,858,545
624055,0.00,858,545
624156,0.00,858,545
624258,0.00,857,549
624359,0.00,858,545
624460,0.00,860,537
624561,0.00,858,545
624662,0.00,858,545
624763,0.00,857,549
624865,0.00,859,541
624966,0.00,857,549
# load_kg=600.00
625068,600.00,858,545
625169,600.00,857,549
625270,600.00,860,537
625372,600.00,858,545
625473,600.00,857,549
625574,600.00,858,545
625676,600.00,858,545
625777,600.00,859,541
625879,600.00,860,537
625980,600.00,858,545
626081,600.00,859,541
626183,600.00,857,549
626284,600.00,861,533
626385,600.00,856,553
626486,600.00,860,537
626587,600.00,858,545
626689,600.00,860,537
626790,600.00,859,541
626891,600.00,855,557
626993,600.00,858,545
627094,600.00,858,545
627195,600.00,858,545
627297,600.00,859,541
627398,600.00,857,549
627500,600.00,859,541
627601,600.00,859,541
627702,600.00,859,541
627804,600.00,859,541
627905,600.00,858,545
628006,600.00,860,537
628107,600.00,860,537
628208,600.00,858,545
628310,600.00,858,545
628411,600.00,860,537
628512,600.00,859,541
628614,600.00,859,541
628715,600.00,857,549
628816,600.00,858,545
628918,600.00,860,537
629019,600.00,858,545
629121,600.00,859,541
629222,600.00,854,561
629323,600.00,861,533
629425,600.00,858,545
629526,600.00,859,541
629627,600.00,859,541
629729,600.00,857,549
629829,600.00,859,541
629931,600.00,858,545
630032,600.00,858,545
630133,600.00,859,541
630235,600.00,858,545
630336,600.00,860,537
630437,600.00,857,549
630539,600.00,858,545
630640,600.00,860,537
630742,600.00,857,549
630843,600.00,859,541
630944,600.00,859,541
631046,600.00,858,545
631147,600.00,859,541
631248,600.00,859,541
631350,600.00,859,541
631450,600.00,859,541
631552,600.00,859,541
631653,600.00,858,545
631754,600.00,859,541
631856,600.00,858,545
631957,600.00,860,537
632058,600.00,859,541
632160,600.00,859,541
632261,600.00,860,537
632363,600.00,859,541
632464,600.00,858,545
632565,600.00,859,541
632667,600.00,859,541
632768,600.00,859,541
632869,600.00,859,541
632971,600.00,858,545
633072,600.00,857,549
633172,600.00,859,541
633274,600.00,859,541
633375,600.00,860,537
633477,600.00,857,549
633578,600.00,858,545
633679,600.00,859,541
633781,600.00,859,541
633882,600.00,859,541
633984,600.00,857,549
634085,600.00,858,545
634186,600.00,859,541
634288,600.00,859,541
634389,600.00,859,541
634490,600.00,858,545
634592,600.00,859,541
634693,600.00,860,537
634793,600.00,857,549
634895,600.00,860,537
634996,600.00,859,541
635098,600.00,860,537
635199,600.00,860,537
635300,600.00,860,537
635402,600.00,857,549
635503,600.00,857,549
635604,600.00,857,549
635706,600.00,858,545
635807,600.00,858,545
635909,600.00,858,545
636010,600.00,859,541
636111,600.00,858,545
636213,600.00,859,541
636314,600.00,858,545
636414,600.00,859,541
636516,600.00,859,541
636617,600.00,859,541
636719,600.00,858,545
636820,600.00,858,545
636921,600.00,859,541
637023,600.00,859,541
637124,600.00,859,541
637225,600.00,860,537
637327,600.00,858,545
637428,600.00,857,549
637530,600.00,859,541
637631,600.00,859,541
637732,600.00,860,537
637834,600.00,858,545
637935,600.00,858,545
638036,600.00,858,545
638137,600.00,859,541
638238,600.00,857,549
638340,600.00,860,537
638441,600.00,857,549
638542,600.00,857,549
638644,600.00,859,541
638745,600.00,858,545
638846,600.00,859,541
638948,600.00,859,541
639049,600.00,858,545
639151,600.00,859,541
639252,600.00,859,541
639353,600.00,860,537
639455,600.00,857,549
639556,600.00,858,545
639657,600.00,858,545
639758,600.00,858,545
639859,600.00,858,545
639961,600.00,859,541
640062,600.00,859,541
640163,600.00,859,541
640265,600.00,858,545
640366,600.00,859,541
640467,600.00,858,545
640569,600.00,859,541
640670,600.00,859,541
640772,600.00,858,545
640873,600.00,857,549
640974,600.00,858,545
641076,600.00,857,549
641177,600.00,859,541
641278,600.00,859,541
641380,600.00,858,545
641480,600.00,857,549
641582,600.00,857,549
641683,600.00,859,541
641784,600.00,857,549
641886,600.00,859,541
641987,600.00,858,545
642088,600.00,858,545
642190,600.00,857,549
642291,600.00,859,541
642393,600.00,860,537
642494,600.00,860,537
642595,600.00,859,541
642697,600.00,859,541
642798,600.00,858,545
642899,600.00,859,541
643001,600.00,860,537
643101,600.00,858,545
643203,600.00,859,541
643304,600.00,859,541
643405,600.00,857,549
643507,600.00,860,537
643608,600.00,857,549
643709,600.00,857,549
643811,600.00,859,541
643912,600.00,857,549
644014,600.00,858,545
644115,600.00,858,545
644216,600.00,859,541
644318,600.00,858,545
644419,600.00,859,541
644520,600.00,860,537
644622,600.00,858,545
644722,600.00,859,541
644824,600.00,860,537
644925,600.00,858,545
645026,600.00,860,537
645128,600.00,859,541
645229,600.00,857,549
645330,600.00,857,549
645432,600.00,859,541
645533,600.00,860,537
645635,600.00,858,545
645736,600.00,859,541
645837,600.00,858,545
645939,600.00,858,545
646040,600.00,860,537
646141,600.00,858,545
646243,600.00,859,541
646344,600.00,860,537
646445,600.00,858,545
646546,600.00,859,541
646647,600.00,855,557
646749,600.00,858,545
646850,600.00,858,545
646951,600.00,858,545
647053,600.00,858,545
647154,600.00,860,537
647256,600.00,860,537
647357,600.00,859,541
647458,600.00,858,545
647560,600.00,858,545
647661,600.00,859,541
647762,600.00,858,545
647864,600.00,860,537
647965,600.00,858,545
648066,600.00,858,545
648167,600.00,858,545
648268,600.00,857,549
648370,600.00,858,545
648471,600.00,857,549
648572,600.00,858,545
648674,600.00,857,549
648775,600.00,859,541
648877,600.00,858,545
648978,600.00,858,545
649079,600.00,857,549
649181,600.00,860,537
649282,600.00,857,549
649383,600.00,858,545
649485,600.00,859,541
649586,600.00,857,549
649687,600.00,857,549
649788,600.00,859,541
649889,600.00,857,549
649991,600.00,857,549
650092,600.00,860,537
650193,600.00,860,537
650295,600.00,859,541
650396,600.00,858,545
650498,600.00,857,549
650599,600.00,859,541
650700,600.00,858,545
650802,600.00,858,545
650903,600.00,858,545
651004,600.00,859,541
651106,600.00,859,541
651207,600.00,857,549
651309,600.00,858,545
651409,600.00,857,549
651510,600.00,857,549
651612,600.00,859,541
651713,600.00,858,545
651814,600.00,859,541
651916,600.00,860,537
652017,600.00,858,545
652119,600.00,859,541
652220,600.00,858,545
652321,600.00,857,549
652423,600.00,858,545
652524,600.00,860,537
652625,600.00,859,541
652727,600.00,858,545
652828,600.00,858,545
652930,600.00,857,549
653030,600.00,857,549
653131,600.00,859,541
653233,600.00,859,541
653334,600.00,860,537
653435,600.00,858,545
653537,600.00,857,549
653638,600.00,859,541
653740,600.00,859,541
653841,600.00,859,541
653942,600.00,857,549
654044,600.00,858,545
654145,600.00,857,549
654246,600.00,858,545
654348,600.00,857,549
654449,600.00,857,549
654551,600.00,858,545
654652,600.00,858,545
654752,600.00,858,545
654854,600.00,858,545
654955,600.00,859,541
655056,600.00,858,545
655158,600.00,857,549
655259,600.00,860,537
655361,600.00,858,545
655462,600.00,857,549
655563,600.00,857,549
655665,600.00,858,545
655766,600.00,860,537
655867,600.00,859,541
655969,600.00,857,549
656070,600.00,857,549
656172,600.00,857,549
656273,600.00,858,545
656373,600.00,857,549
656475,600.00,858,545
656576,600.00,856,553
656677,600.00,859,541
656779,600.00,857,549
656880,600.00,858,545
656982,600.00,859,541
657083,600.00,859,541
657184,600.00,858,545
657286,600.00,857,549
657387,600.00,858,545
657488,600.00,856,553
657590,600.00,857,549
657691,600.00,858,545
657793,600.00,858,545
657894,600.00,857,549
657994,600.00,859,541
658096,600.00,857,549
658197,600.00,857,549
658298,600.00,858,545
658400,600.00,858,545
658501,600.00,859,541
658603,600.00,856,553
658704,600.00,856,553
658805,600.00,857,549
658907,600.00,857,549
659008,600.00,856,553
659109,600.00,857,549
659211,600.00,858,545
659312,600.00,857,549
659414,600.00,856,553
659515,600.00,857,549
659616,600.00,857,549
659717,600.00,857,549
659818,600.00,856,553
659919,600.00,857,549
660021,600.00,857,549
660122,600.00,856,553
660224,600.00,857,549
660325,600.00,857,549
660426,600.00,857,549
660528,600.00,857,549
660629,600.00,856,553
660730,600.00,857,549
660832,600.00,857,549
660933,600.00,856,553
661035,600.00,857,549
661136,600.00,857,549
661237,600.00,856,553
661338,600.00,857,549
661439,600.00,857,549
661540,600.00,856,553
661642,600.00,858,545
661743,600.00,857,549
661844,600.00,857,549
661946,600.00,856,553
662047,600.00,857,549
662149,600.00,858,545
662250,600.00,857,549
662351,600.00,856,553
662453,600.00,856,553
662554,600.00,857,549
662656,600.00,855,557
662757,600.00,855,557
662858,600.00,856,553
662960,600.00,856,553
663060,600.00,856,553
663161,600.00,857,549
663263,600.00,855,557
663364,600.00,855,557
663465,600.00,857,549
663567,600.00,856,553
663668,600.00,856,553
663770,600.00,855,557
663871,600.00,856,553
663972,600.00,855,557
664074,600.00,855,557
664175,600.00,856,553
664276,600.00,855,557
664378,600.00,856,553
664479,600.00,856,553
664581,600.00,856,553
664681,600.00,856,553
664782,600.00,857,549
664884,600.00,857,549
664985,600.00,856,553
665086,600.00,854,561
665188,600.00,856,553
665289,600.00,855,557
665391,600.00,856,553
665492,600.00,855,557
665593,600.00,855,557
665695,600.00,855,557
665796,600.00,856,553
665897,600.00,855,557
665999,600.00,856,553
666100,600.00,855,557
666202,600.00,855,557
666302,600.00,855,557
666403,600.00,855,557
666505,600.00,855,557
666606,600.00,855,557
666707,600.00,855,557
666809,600.00,854,561
666910,600.00,856,553
667012,600.00,855,557
667113,600.00,855,557
667214,600.00,857,549
667316,600.00,855,557
667417,600.00,855,557
667518,600.00,855,557
667620,600.00,853,565
667721,600.00,854,561
667823,600.00,855,557
667924,600.00,854,561
668024,600.00,854,561
668126,600.00,854,561
668227,600.00,854,561
668328,600.00,855,557
668430,600.00,854,561
668531,600.00,854,561
668633,600.00,851,573
668734,600.00,854,561
668835,600.00,853,565
668937,600.00,852,569
669038,600.00,854,561
669139,600.00,852,569
669241,600.00,854,561
669342,600.00,853,565
669444,600.00,853,565
669545,600.00,854,561
669645,600.00,852,569
669747,600.00,853,565
669848,600.00,854,561
669949,600.00,854,561
670051,600.00,852,569
670152,600.00,853,565
670254,600.00,854,561
670355,600.00,854,561
670456,600.00,853,565
670558,600.00,854,561
670659,600.00,854,561
670760,600.00,853,565
670862,600.00,853,565
670963,600.00,852,569
671065,600.00,854,561
671166,600.00,853,565
671266,600.00,853,565
671368,600.00,853,565
671469,600.00,853,565
671570,600.00,853,565
671672,600.00,853,565
671773,600.00,853,565
671875,600.00,853,565
671976,600.00,851,573
672077,600.00,853,565
672179,600.00,853,565
672280,600.00,854,561
672381,600.00,852,569
672483,600.00,851,573
672584,600.00,853,565
672686,600.00,852,569
672787,600.00,852,569
672888,600.00,853,565
672989,600.00,853,565
673090,600.00,853,565
673191,600.00,853,565
673293,600.00,852,569
673394,600.00,852,569
673496,600.00,852,569
673597,600.00,852,569
673698,600.00,853,565
673800,600.00,852,569
673901,600.00,853,565
674002,600.00,851,573
674104,600.00,851,573
674205,600.00,853,565
674307,600.00,852,569
674408,600.00,852,569
674509,600.00,851,573
674610,600.00,851,573
674711,600.00,853,565
674812,600.00,853,565
674914,600.00,852,569
675015,600.00,852,569
675117,600.00,851,573
675218,600.00,853,565
675319,600.00,851,573
675421,600.00,852,569
675522,600.00,851,573
675623,600.00,852,569
675725,600.00,854,561
675826,600.00,852,569
675928,600.00,853,565
676029,600.00,852,569
676130,600.00,853,565
676231,600.00,852,569
676332,600.00,853,565
676433,600.00,853,565
676535,600.00,854,561
676636,600.00,852,569
676738,600.00,851,573
676839,600.00,854,561
676940,600.00,851,573
677042,600.00,851,573
677143,600.00,853,565
677244,600.00,852,569
677346,600.00,852,569
677447,600.00,851,573
677549,600.00,852,569
677650,600.00,852,569
677751,600.00,852,569
677853,600.00,851,573
677953,600.00,853,565
678054,600.00,853,565
678156,600.00,853,565
678257,600.00,851,573
678359,600.00,851,573
678460,600.00,852,569
678561,600.00,851,573
678663,600.00,853,565
678764,600.00,852,569
678865,600.00,851,573
678967,600.00,852,569
679068,600.00,851,573
679170,600.00,853,565
679271,600.00,852,569
679372,600.00,852,569
679474,600.00,852,569
679574,600.00,852,569
679675,600.00,853,565
679777,600.00,852,569
679878,600.00,851,573
679980,600.00,850,577
680081,600.00,851,573
680182,600.00,851,573
680284,600.00,854,561
680385,600.00,851,573
680486,600.00,851,573
680588,600.00,851,573
680689,600.00,851,573
680791,600.00,850,577
680892,600.00,852,569
680993,600.00,852,569
681095,600.00,851,573
681195,600.00,851,573
681296,600.00,853,565
681398,600.00,852,569
681499,600.00,852,569
681601,600.00,851,573
681702,600.00,852,569
681803,600.00,852,569
681905,600.00,851,573
682006,600.00,852,569
682107,600.00,853,565
682209,600.00,852,569
682310,600.00,852,569
682412,600.00,850,577
682513,600.00,852,569
682614,600.00,852,569
682716,600.00,852,569
682817,600.00,851,573
682917,600.00,851,573
683019,600.00,851,573
683120,600.00,852,569
683222,600.00,852,569
683323,600.00,852,569
683424,600.00,851,573
683526,600.00,852,569
683627,600.00,850,577
683728,600.00,851,573
683830,600.00,851,573
683931,600.00,851,573
684033,600.00,849,581
684134,600.00,852,569
684235,600.00,852,569
684337,600.00,852,569
684438,600.00,850,577
684538,600.00,852,569
684640,600.00,851,573
684741,600.00,852,569
684843,600.00,851,573
684944,600.00,850,577
685045,600.00,848,585
685147,600.00,852,569
685248,600.00,850,577
685349,600.00,851,573
685451,600.00,849,581
685552,600.00,849,581
685654,600.00,851,573
685755,600.00,849,581
685856,600.00,850,577
685958,600.00,850,577
686059,600.00,850,577
686160,600.00,849,581
686261,600.00,849,581
686362,600.00,851,573
686464,600.00,849,581
686565,600.00,850,577
686666,600.00,851,573
686768,600.00,851,573
686869,600.00,849,581
686970,600.00,852,569
687072,600.00,849,581
687173,600.00,849,581
687275,600.00,850,577
687376,600.00,850,577
687477,600.00,849,581
687579,600.00,849,581
687680,600.00,851,573
687781,600.00,850,577
687882,600.00,850,577
687983,600.00,850,577
688084,600.00,850,577
688186,600.00,849,581
688287,600.00,850,577
688389,600.00,850,577
688490,600.00,849,581
688591,600.00,850,577
688693,600.00,850,577
688794,600.00,850,577
688896,600.00,851,573
688997,600.00,849,581
689098,600.00,849,581
689200,600.00,850,577
689301,600.00,850,577
689402,600.00,849,581
689504,600.00,850,577
689604,600.00,850,577
689705,600.00,850,577
689807,600.00,851,573
689908,600.00,847,589
690010,600.00,850,577
690111,600.00,849,581
690212,600.00,849,581
690314,600.00,851,573
690415,600.00,849,581
690516,600.00,849,581
690618,600.00,850,577
690719,600.00,849,581
690821,600.00,849,581
690922,600.00,850,577
691023,600.00,849,581
691125,600.00,849,581
691225,600.00,849,581
691326,600.00,850,577
691428,600.00,850,577
691529,600.00,849,581
691631,600.00,850,577
691732,600.00,849,581
691833,600.00,849,581
691935,600.00,848,585
692036,600.00,849,581
692137,600.00,850,577
692239,600.00,848,585
692340,600.00,849,581
692442,600.00,849,581
692543,600.00,849,581
692644,600.00,848,585
692746,600.00,849,581
692846,600.00,849,581
692947,600.00,848,585
693049,600.00,850,577
693150,600.00,848,585
693252,600.00,849,581
693353,600.00,849,581
693454,600.00,850,577
693556,600.00,849,581
693657,600.00,849,581
693758,600.00,849,581
693860,600.00,848,585
693961,600.00,850,577
694063,600.00,848,585
694164,600.00,849,581
694265,600.00,850,577
694367,600.00,849,581
694468,600.00,850,577
694568,600.00,849,581
694670,600.00,850,577
694771,600.00,849,581
694873,600.00,847,589
694974,600.00,850,577
695075,600.00,849,581
695177,600.00,848,585
695278,600.00,849,581
695379,600.00,847,589
695481,600.00,848,585
695582,600.00,849,581
695684,600.00,849,581
695785,600.00,849,581
695886,600.00,849,581
695988,600.00,848,585
696089,600.00,847,589
696189,600.00,849,581
696291,600.00,849,581
696392,600.00,848,585
696494,600.00,850,577
696595,600.00,848,585
696696,600.00,849,581
696798,600.00,850,577
696899,600.00,847,589
697000,600.00,848,585
697102,600.00,848,585
697203,600.00,847,589
697305,600.00,849,581
697406,600.00,847,589
697507,600.00,849,581
697609,600.00,848,585
697710,600.00,848,585
697811,600.00,850,577
697912,600.00,848,585
698013,600.00,849,581
698115,600.00,849,581
698216,600.00,849,581
# load_kg=0.00
698318,0.00,848,585
698420,0.00,849,581
698520,0.00,845,597
698621,0.00,850,577
698723,0.00,849,581
698824,0.00,848,585
698926,0.00,849,581
699027,0.00,849,581
699127,0.00,848,585
699229,0.00,849,581
699330,0.00,849,581
699431,0.00,847,589
699533,0.00,848,585
699634,0.00,849,581
699735,0.00,848,585
699836,0.00,847,589
699937,0.00,848,585
700039,0.00,848,585
700140,0.00,849,581
700241,0.00,847,589
700342,0.00,848,585
700443,0.00,848,585
700545,0.00,847,589
700646,0.00,850,577
700747,0.00,847,589
700848,0.00,847,589
700949,0.00,848,585
701050,0.00,846,593
701152,0.00,849,581
701253,0.00,848,585
701355,0.00,848,585
701455,0.00,875,479
701556,0.00,844,601
701658,0.00,828,667
701759,0.00,759,985
701860,0.00,815,723
701962,0.00,797,803
702062,0.00,854,561
702163,0.00,857,549
702265,0.00,844,601
702366,0.00,858,545
702468,0.00,736,1105
702569,0.00,807,758
702669,0.00,808,754
702771,0.00,803,776
702872,0.00,801,785
702973,0.00,801,785
703075,0.00,802,781
703176,0.00,798,799
703277,0.00,801,785
703378,0.00,800,790
703479,0.00,801,785
703581,0.00,801,785
703682,0.00,802,781
703783,0.00,813,732
703884,0.00,805,767
703985,0.00,791,831
704087,0.00,790,836
704188,0.00,799,794
704289,0.00,799,794
704391,0.00,799,794
704491,0.00,799,794
704592,0.00,800,790
704694,0.00,799,794
704795,0.00,799,794
704897,0.00,800,790
704998,0.00,798,799
705098,0.00,798,799
705200,0.00,799,794
705301,0.00,799,794
705402,0.00,798,799
705504,0.00,799,794
705605,0.00,798,799
705705,0.00,799,794
705807,0.00,798,799
705908,0.00,799,794
706010,0.00,799,794
706111,0.00,799,794
706211,0.00,799,794
706313,0.00,801,785
706414,0.00,799,794
706515,0.00,799,794
706617,0.00,799,794
706718,0.00,800,790
706819,0.00,800,790
706920,0.00,799,794
707021,0.00,800,790
707123,0.00,799,794
707224,0.00,800,790
707325,0.00,799,794
707426,0.00,798,799
707527,0.00,799,794
707629,0.00,798,799
707730,0.00,798,799
707831,0.00,800,790
# load_kg=400.00
707933,400.00,799,794
708034,400.00,800,790
708135,400.00,800,790
708237,400.00,798,799
708338,400.00,799,794
708440,400.00,797,803
708541,400.00,799,794
708642,400.00,799,794
708744,400.00,799,794
708845,400.00,799,794
708946,400.00,800,790
709048,400.00,802,781
709149,400.00,799,794
709250,400.00,799,794
709351,400.00,800,790
709452,400.00,799,794
709554,400.00,800,790
709655,400.00,800,790
709756,400.00,799,794
709858,400.00,799,794
709959,400.00,799,794
710061,400.00,798,799
710162,400.00,800,790
710263,400.00,799,794
710365,400.00,798,799
710466,400.00,797,803
710567,400.00,799,794
710669,400.00,797,803
710770,400.00,798,799
710872,400.00,798,799
710972,400.00,800,790
711073,400.00,798,799
711175,400.00,799,794
711276,400.00,798,799
711377,400.00,800,790
711479,400.00,797,803
711580,400.00,797,803
711682,400.00,798,799
711783,400.00,798,799
711884,400.00,798,799
711986,400.00,798,799
712087,400.00,797,803
712188,400.00,796,808
712290,400.00,798,799
712391,400.00,797,803
712493,400.00,798,799
712594,400.00,798,799
712694,400.00,797,803
712796,400.00,797,803
712897,400.00,798,799
712998,400.00,798,799
713100,400.00,797,803
713201,400.00,795,812
713303,400.00,799,794
713404,400.00,798,799
713505,400.00,797,803
713607,400.00,797,803
713708,400.00,798,799
713809,400.00,797,803
713911,400.00,796,808
714012,400.00,798,799
714114,400.00,797,803
714215,400.00,795,812
714316,400.00,798,799
714417,400.00,798,799
714518,400.00,797,803
714619,400.00,795,812
714721,400.00,797,803
714822,400.00,798,799
714924,400.00,795,812
715025,400.00,797,803
715126,400.00,797,803
715228,400.00,795,812
715329,400.00,796,808
715430,400.00,796,808
715532,400.00,795,812
715633,400.00,796,808
715735,400.00,797,803
715836,400.00,797,803
715937,400.00,797,803
716038,400.00,798,799
716139,400.00,796,808
716240,400.00,795,812
716342,400.00,796,808
716443,400.00,797,803
716545,400.00,797,803
716646,400.00,796,808
716747,400.00,795,812
716849,400.00,795,812
716950,400.00,796,808
717051,400.00,796,808
717153,400.00,794,817
717254,400.00,796,808
717356,400.00,795,812
717457,400.00,795,812
717558,400.00,795,812
717660,400.00,797,803
717760,400.00,795,812
717861,400.00,796,808
717963,400.00,795,812
718064,400.00,795,812
718166,400.00,794,817
718267,400.00,795,812
718368,400.00,795,812
718470,400.00,796,808
718571,400.00,796,808
718672,400.00,794,817
718774,400.00,797,803
718875,400.00,795,812
718977,400.00,794,817
719078,400.00,796,808
719179,400.00,794,817
719281,400.00,796,808
719381,400.00,796,808
719482,400.00,796,808
719584,400.00,796,808
719685,400.00,796,808
719787,400.00,796,808
719888,400.00,797,803
719989,400.00,795,812
720091,400.00,795,812
720192,400.00,796,808
720293,400.00,795,812
720395,400.00,795,812
720496,400.00,796,808
720598,400.00,795,812
720699,400.00,793,822
720800,400.00,793,822
720902,400.00,795,812
721003,400.00,793,822
721103,400.00,796,808
721205,400.00,796,808
721306,400.00,795,812
721408,400.00,796,808
721509,400.00,796,808
721610,400.00,793,822
721712,400.00,793,822
721813,400.00,794,817
721914,400.00,793,822
722016,400.00,795,812
722117,400.00,795,812
722219,400.00,796,808
722320,400.00,796,808
722421,400.00,795,812
722523,400.00,794,817
722624,400.00,794,817
722724,400.00,793,822
722826,400.00,793,822
722927,400.00,793,822
723028,400.00,795,812
723130,400.00,795,812
723231,400.00,795,812
723333,400.00,795,812
723434,400.00,794,817
723535,400.00,794,817
723637,400.00,795,812
723738,400.00,796,808
723840,400.00,794,817
723941,400.00,795,812
724042,400.00,796,808
724144,400.00,794,817
724245,400.00,794,817
724346,400.00,793,822
724447,400.00,794,817
724548,400.00,796,808
724649,400.00,796,808
724751,400.00,794,817
724852,400.00,791,831
724954,400.00,793,822
725055,400.00,794,817
725156,400.00,795,812
725258,400.00,795,812
725359,400.00,794,817
725460,400.00,795,812
725562,400.00,794,817
725663,400.00,794,817
725765,400.00,794,817
725866,400.00,793,822
725967,400.00,795,812
726068,400.00,792,826
726169,400.00,794,817
726270,400.00,794,817
726372,400.00,793,822
726473,400.00,796,808
726575,400.00,793,822
726676,400.00,794,817
726777,400.00,794,817
726879,400.00,794,817
726980,400.00,794,817
727081,400.00,793,822
727183,400.00,794,817
727284,400.00,793,822
727386,400.00,793,822
727487,400.00,793,822
727588,400.00,793,822
727690,400.00,794,817
727790,400.00,795,812
727891,400.00,793,822
727993,400.00,793,822
728094,400.00,792,826
728196,400.00,793,822
728297,400.00,795,812
728398,400.00,794,817
728500,400.00,793,822
728601,400.00,795,812
728702,400.00,793,822
728804,400.00,793,822
728905,400.00,794,817
729007,400.00,794,817
729108,400.00,794,817
729209,400.00,793,822
729311,400.00,793,822
729411,400.00,792,826
729512,400.00,793,822
729614,400.00,794,817
729715,400.00,793,822
729817,400.00,793,822
729918,400.00,793,822
730019,400.00,793,822
730121,400.00,794,817
730222,400.00,792,826
730323,400.00,792,826
730425,400.00,793,822
730526,400.00,791,831
730628,400.00,793,822
730729,400.00,794,817
730830,400.00,795,812
730932,400.00,793,822
731033,400.00,794,817
731133,400.00,792,826
731235,400.00,794,817
731336,400.00,793,822
731438,400.00,794,817
731539,400.00,792,826
731640,400.00,793,822
731742,400.00,791,831
731843,400.00,792,826
731944,400.00,793,822
732046,400.00,793,822
732147,400.00,794,817
732249,400.00,794,817
732350,400.00,792,826
732451,400.00,792,826
732553,400.00,791,831
732654,400.00,794,817
732754,400.00,793,822
732856,400.00,793,822
732957,400.00,795,812
733059,400.00,794,817
733160,400.00,793,822
733261,400.00,793,822
733363,400.00,794,817
733464,400.00,792,826
733565,400.00,793,822
733667,400.00,794,817
733768,400.00,794,817
733870,400.00,794,817
733971,400.00,794,817
734072,400.00,792,826
734174,400.00,793,822
734275,400.00,794,817
734376,400.00,795,812
734477,400.00,793,822
734578,400.00,790,836
734680,400.00,791,831
734781,400.00,793,822
734882,400.00,794,817
734984,400.00,793,822
735085,400.00,794,817
735186,400.00,793,822
735288,400.00,793,822
735389,400.00,792,826
735491,400.00,793,822
735592,400.00,794,817
735693,400.00,792,826
735795,400.00,793,822
735896,400.00,792,826
735997,400.00,793,822
736099,400.00,792,826
736199,400.00,793,822
736301,400.00,790,836
736402,400.00,791,831
736503,400.00,792,826
# load_kg=0.00
736606,0.00,793,822
736707,0.00,792,826
736807,0.00,793,822
736909,0.00,793,822
737010,0.00,794,817
737112,0.00,791,831
737213,0.00,793,822
737314,0.00,792,826
737415,0.00,792,826
737516,0.00,791,831
737617,0.00,791,831
737719,0.00,792,826
737820,0.00,792,826
737922,0.00,792,826
738022,0.00,794,817
738123,0.00,793,822
738225,0.00,793,822
738326,0.00,792,826
