258625,0.00,0,-1
258725,0.00,0,-1
258827,0.00,0,# FSR402 characterization. 'l' = CSV mode; type the scale
# reading in kg to stamp load. Default view: raw  V_node  R(ohm).
0	0.000	open/no-force
0	0.000	open/no-force
0	0.000	open/no-force
0	0.000	open/no-force
# CSV mode ON. Header follows; type a number (kg) to set load.
t_ms,load_kg,raw,ohms
811,0.00,0,-1
912,0.00,0,-1
1012,0.00,0,-1
1114,0.00,0,-1
1214,0.00,0,-1
1315,0.00,0,-1
1416,0.00,0,-1
1517,0.00,0,-1
1617,0.00,0,-1
1719,0.00,0,-1
1819,0.00,0,-1
1921,0.00,0,-1
2021,0.00,0,-1
2122,0.00,0,-1
2223,0.00,0,-1
2324,0.00,0,-1
2424,0.00,0,-1
2526,0.00,0,-1
2626,0.00,0,-1
2727,0.00,0,-1
2828,0.00,0,-1
2929,0.00,0,-1
3030,0.00,0,-1
3131,0.00,0,-1
3231,0.00,0,-1
3333,0.00,0,-1
3433,0.00,0,-1
3534,0.00,0,-1
3635,0.00,0,-1
3736,0.00,0,-1
3836,0.00,0,-1
3938,0.00,0,-1
4038,0.00,1,-1
4140,0.00,0,-1
4240,0.00,0,-1
4341,0.00,0,-1
4442,0.00,0,-1
4543,0.00,0,-1
4643,0.00,0,-1
4745,0.00,0,-1
4845,0.00,0,-1
4946,0.00,0,-1
5047,0.00,0,-1
5148,0.00,0,-1
5249,0.00,0,-1
5350,0.00,0,-1
5450,0.00,0,-1
5552,0.00,0,-1
5652,0.00,0,-1
5753,0.00,0,-1
5854,0.00,0,-1
5955,0.00,0,-1
6055,0.00,0,-1
6157,0.00,1,-1
6257,0.00,0,-1
6359,0.00,0,-1
6459,0.00,0,-1
6560,0.00,0,-1
6661,0.00,0,-1
6762,0.00,0,-1
6862,0.00,0,-1
6964,0.00,0,-1
7064,0.00,0,-1
7165,0.00,0,-1
7266,0.00,0,-1
7367,0.00,0,-1
7468,0.00,0,-1
7569,0.00,0,-1
7669,0.00,0,-1
7771,0.00,0,-1
7871,0.00,0,-1
7972,0.00,0,-1
8073,0.00,0,-1
8174,0.00,0,-1
8274,0.00,0,-1
8376,0.00,0,-1
8476,0.00,0,-1
8578,0.00,0,-1
8678,0.00,0,-1
8779,0.00,0,-1
8880,0.00,0,-1
8981,0.00,0,-1
9081,0.00,0,-1
9183,0.00,0,-1
9283,0.00,0,-1
9384,0.00,0,-1
9485,0.00,0,-1
9586,0.00,0,-1
9687,0.00,0,-1
9788,0.00,0,-1
9888,0.00,0,-1
9990,0.00,0,-1
10090,0.00,0,-1
10191,0.00,0,-1
10292,0.00,0,-1
10393,0.00,0,-1
10494,0.00,0,-1
10595,0.00,2,-1
10696,0.00,0,-1
10797,0.00,0,-1
10898,0.00,0,-1
10998,0.00,0,-1
11100,0.00,0,-1
11200,0.00,0,-1
11301,0.00,1,-1
11402,0.00,0,-1
11503,0.00,0,-1
11604,0.00,0,-1
11705,0.00,0,-1
11806,0.00,0,-1
11907,0.00,0,-1
12008,0.00,0,-1
12108,0.00,0,-1
12210,0.00,293,7058
12311,0.00,578,2181
12412,0.00,650,1626
12513,0.00,509,2861
12614,0.00,454,3551
12716,0.00,199,11731
12817,0.00,0,-1
12917,0.00,238,9344
13019,0.00,656,1585
13120,0.00,367,5064
13221,0.00,316,6338
13323,0.00,366,5085
13424,0.00,402,4376
13524,0.00,400,4412
13626,0.00,400,4412
13727,0.00,394,4523
13829,0.00,404,4341
13930,0.00,401,4394
14031,0.00,413,4184
14132,0.00,411,4218
14233,0.00,415,4151
14334,0.00,426,3970
14436,0.00,420,4067
14537,0.00,417,4117
14638,0.00,419,4084
14739,0.00,417,4117
14840,0.00,421,4051
14942,0.00,422,4035
15043,0.00,425,3986
15144,0.00,415,4151
15245,0.00,420,4067
15346,0.00,419,4084
15448,0.00,420,4067
15549,0.00,419,4084
15650,0.00,422,4035
15752,0.00,423,4018
15852,0.00,422,4035
15953,0.00,423,4018
16055,0.00,426,3970
16156,0.00,428,3938
16258,0.00,426,3970
16359,0.00,427,3954
16459,0.00,426,3970
16561,0.00,427,3954
16662,0.00,426,3970
16763,0.00,427,3954
16865,0.00,423,4018
16966,0.00,427,3954
17067,0.00,428,3938
17168,0.00,429,3923
17269,0.00,429,3923
17371,0.00,432,3876
17472,0.00,434,3845
# load_kg=200.00
17573,200.00,435,3829
17675,200.00,435,3829
17776,200.00,435,3829
17878,200.00,436,3814
17979,200.00,438,3784
18080,200.00,438,3784
18182,200.00,438,3784
18283,200.00,440,3754
18384,200.00,440,3754
18486,200.00,439,3769
18587,200.00,440,3754
18689,200.00,440,3754
18789,200.00,441,3739
18890,200.00,441,3739
18992,200.00,440,3754
19093,200.00,441,3739
19194,200.00,441,3739
19296,200.00,442,3724
19397,200.00,441,3739
19499,200.00,442,3724
19600,200.00,441,3739
19701,200.00,442,3724
19803,200.00,443,3709
19904,200.00,443,3709
20005,200.00,442,3724
20107,200.00,443,3709
20208,200.00,443,3709
20310,200.00,443,3709
20411,200.00,444,3694
20511,200.00,444,3694
20613,200.00,443,3709
20714,200.00,444,3694
20815,200.00,444,3694
20917,200.00,444,3694
21018,200.00,444,3694
21120,200.00,444,3694
21221,200.00,444,3694
21322,200.00,444,3694
21424,200.00,445,3680
21525,200.00,445,3680
21626,200.00,444,3694
21728,200.00,444,3694
21829,200.00,445,3680
21931,200.00,445,3680
22032,200.00,444,3694
22132,200.00,446,3665
22234,200.00,448,3636
22335,200.00,448,3636
22436,200.00,448,3636
22538,200.00,447,3651
22639,200.00,447,3651
22740,200.00,446,3665
22842,200.00,446,3665
22943,200.00,446,3665
23045,200.00,446,3665
23146,200.00,446,3665
23247,200.00,445,3680
23349,200.00,447,3651
23450,200.00,447,3651
23552,200.00,446,3665
23653,200.00,447,3651
23753,200.00,447,3651
23855,200.00,447,3651
23956,200.00,447,3651
24057,200.00,447,3651
24159,200.00,449,3622
24260,200.00,447,3651
24361,200.00,447,3651
24463,200.00,447,3651
24564,200.00,447,3651
24666,200.00,448,3636
24767,200.00,447,3651
24868,200.00,447,3651
24970,200.00,447,3651
25071,200.00,444,3694
25172,200.00,447,3651
25274,200.00,449,3622
25375,200.00,452,3579
25476,200.00,447,3651
25577,200.00,454,3551
25678,200.00,456,3523
25780,200.00,455,3537
25881,200.00,452,3579
25982,200.00,455,3537
26084,200.00,456,3523
26185,200.00,452,3579
26287,200.00,455,3537
26388,200.00,452,3579
26489,200.00,455,3537
26591,200.00,454,3551
26692,200.00,456,3523
26793,200.00,458,3495
26895,200.00,450,3607
26996,200.00,455,3537
27097,200.00,438,3784
27198,200.00,452,3579
27299,200.00,457,3509
27401,200.00,459,3481
27502,200.00,458,3495
27603,200.00,459,3481
27705,200.00,458,3495
27806,200.00,456,3523
27908,200.00,459,3481
28009,200.00,459,3481
28110,200.00,458,3495
28212,200.00,458,3495
28313,200.00,457,3509
28414,200.00,458,3495
28516,200.00,458,3495
28617,200.00,458,3495
28719,200.00,460,3467
28819,200.00,460,3467
28920,200.00,458,3495
29022,200.00,461,3454
29123,200.00,459,3481
29224,200.00,461,3454
29326,200.00,458,3495
29427,200.00,458,3495
29529,200.00,458,3495
29630,200.00,460,3467
29731,200.00,460,3467
29833,200.00,456,3523
29934,200.00,457,3509
30035,200.00,457,3509
30137,200.00,457,3509
30238,200.00,457,3509
30340,200.00,457,3509
30440,200.00,458,3495
30541,200.00,460,3467
30643,200.00,459,3481
30744,200.00,458,3495
30845,200.00,459,3481
30947,200.00,458,3495
31048,200.00,460,3467
31150,200.00,458,3495
31251,200.00,458,3495
31352,200.00,458,3495
31454,200.00,458,3495
31555,200.00,458,3495
31656,200.00,459,3481
31758,200.00,457,3509
31859,200.00,458,3495
31961,200.00,459,3481
32061,200.00,462,3440
32162,200.00,462,3440
32264,200.00,462,3440
32365,200.00,460,3467
32466,200.00,460,3467
32568,200.00,460,3467
32669,200.00,459,3481
32771,200.00,459,3481
32872,200.00,459,3481
32973,200.00,460,3467
33075,200.00,459,3481
33176,200.00,462,3440
33277,200.00,460,3467
33379,200.00,461,3454
33480,200.00,460,3467
33582,200.00,460,3467
33682,200.00,459,3481
33783,200.00,458,3495
33885,200.00,459,3481
33986,200.00,459,3481
34087,200.00,458,3495
34189,200.00,459,3481
34290,200.00,459,3481
34392,200.00,460,3467
34493,200.00,460,3467
34594,200.00,461,3454
34696,200.00,461,3454
34797,200.00,461,3454
# load_kg=0.00
34898,0.00,461,3454
35000,0.00,459,3481
35101,0.00,460,3467
35203,0.00,460,3467
35304,0.00,458,3495
35404,0.00,460,3467
35506,0.00,463,3427
35607,0.00,461,3454
35708,0.00,461,3454
35810,0.00,464,3413
35911,0.00,464,3413
36012,0.00,464,3413
36113,0.00,462,3440
36214,0.00,463,3427
36316,0.00,463,3427
36417,0.00,462,3440
36518,0.00,462,3440
36619,0.00,460,3467
36720,0.00,462,3440
36822,0.00,463,3427
36923,0.00,461,3454
37024,0.00,461,3454
37126,0.00,462,3440
37226,0.00,462,3440
37327,0.00,460,3467
37429,0.00,461,3454
37530,0.00,461,3454
37632,0.00,462,3440
37732,0.00,460,3467
37833,0.00,460,3467
37935,0.00,458,3495
38036,0.00,460,3467
38137,0.00,461,3454
38239,0.00,461,3454
38339,0.00,459,3481
38440,0.00,460,3467
38542,0.00,460,3467
38643,0.00,460,3467
38745,0.00,460,3467
38846,0.00,460,3467
38946,0.00,460,3467
39048,0.00,459,3481
39149,0.00,460,3467
39250,0.00,461,3454
39352,0.00,460,3467
39453,0.00,460,3467
39554,0.00,459,3481
39655,0.00,460,3467
39756,0.00,461,3454
39858,0.00,460,3467
39959,0.00,459,3481
40060,0.00,460,3467
40161,0.00,460,3467
40262,0.00,460,3467
40364,0.00,460,3467
40465,0.00,561,2333
40566,0.00,640,1695
40668,0.00,705,1278
40768,0.00,752,1021
40869,0.00,680,1429
40971,0.00,787,850
41072,0.00,842,609
41174,0.00,827,671
41274,0.00,781,878
41375,0.00,814,727
41477,0.00,831,655
41578,0.00,840,617
41678,0.00,849,581
41780,0.00,856,553
41881,0.00,839,621
41982,0.00,843,605
42084,0.00,753,1016
42184,0.00,731,1132
42286,0.00,800,790
42387,0.00,826,676
42488,0.00,827,671
42590,0.00,814,727
42690,0.00,825,680
42791,0.00,827,671
42893,0.00,825,680
42994,0.00,829,663
43095,0.00,829,663
43196,0.00,829,663
43297,0.00,832,650
43399,0.00,829,663
43500,0.00,832,650
43600,0.00,833,646
43702,0.00,831,655
43803,0.00,834,642
43905,0.00,835,638
44006,0.00,834,642
44106,0.00,834,642
44208,0.00,834,642
44309,0.00,836,634
44410,0.00,835,638
44511,0.00,835,638
44612,0.00,835,638
44713,0.00,836,634
44815,0.00,836,634
44916,0.00,837,630
45017,0.00,837,630
45118,0.00,836,634
45219,0.00,837,630
45321,0.00,838,625
45421,0.00,837,630
45522,0.00,839,621
45624,0.00,837,630
45725,0.00,838,625
45827,0.00,839,621
45927,0.00,838,625
46028,0.00,842,609
46130,0.00,841,613
# load_kg=600.00
46231,600.00,839,621
46332,600.00,838,625
46434,600.00,838,625
46535,600.00,837,630
46637,600.00,839,621
46738,600.00,839,621
46839,600.00,842,609
46941,600.00,841,613
47042,600.00,840,617
47142,600.00,839,621
47244,600.00,840,617
47345,600.00,839,621
47447,600.00,842,609
47548,600.00,841,613
47649,600.00,842,609
47751,600.00,841,613
47852,600.00,840,617
47953,600.00,841,613
48054,600.00,842,609
48155,600.00,842,609
48257,600.00,842,609
48358,600.00,842,609
48459,600.00,842,609
48561,600.00,843,605
48662,600.00,840,617
48763,600.00,842,609
48865,600.00,842,609
48965,600.00,842,609
49067,600.00,842,609
49168,600.00,844,601
49269,600.00,842,609
49371,600.00,844,601
49472,600.00,842,609
49573,600.00,842,609
49675,600.00,841,613
49776,600.00,842,609
49878,600.00,843,605
49978,600.00,845,597
50079,600.00,843,605
50181,600.00,843,605
50282,600.00,844,601
50383,600.00,845,597
50485,600.00,844,601
50586,600.00,843,605
50688,600.00,844,601
50789,600.00,844,601
50890,600.00,845,597
50991,600.00,844,601
51092,600.00,844,601
51193,600.00,844,601
51295,600.00,845,597
51396,600.00,845,597
51497,600.00,846,593
51599,600.00,844,601
51700,600.00,846,593
51802,600.00,845,597
51902,600.00,845,597
52003,600.00,845,597
52105,600.00,846,593
52206,600.00,845,597
52307,600.00,844,601
52409,600.00,844,601
52510,600.00,847,589
52612,600.00,845,597
52713,600.00,847,589
52814,600.00,846,593
52915,600.00,845,597
53016,600.00,846,593
53117,600.00,845,597
53219,600.00,845,597
53320,600.00,843,605
53422,600.00,846,593
53523,600.00,847,589
53624,600.00,847,589
53726,600.00,846,593
53826,600.00,845,597
53927,600.00,847,589
54029,600.00,844,601
54130,600.00,848,585
54232,600.00,846,593
54333,600.00,846,593
54434,600.00,845,597
54536,600.00,847,589
54637,600.00,845,597
54738,600.00,847,589
54839,600.00,847,589
54940,600.00,847,589
55042,600.00,845,597
55143,600.00,845,597
55244,600.00,846,593
55346,600.00,846,593
55447,600.00,847,589
55548,600.00,846,593
55650,600.00,847,589
55750,600.00,846,593
55852,600.00,846,593
55953,600.00,849,581
56054,600.00,848,585
56156,600.00,847,589
56257,600.00,847,589
56358,600.00,846,593
56460,600.00,846,593
56561,600.00,846,593
56663,600.00,847,589
56763,600.00,848,585
56864,600.00,847,589
56966,600.00,847,589
57067,600.00,848,585
57168,600.00,846,593
57270,600.00,847,589
57371,600.00,849,581
57473,600.00,848,585
57574,600.00,846,593
57675,600.00,847,589
57776,600.00,848,585
57877,600.00,846,593
57978,600.00,847,589
58080,600.00,847,589
58181,600.00,847,589
58283,600.00,847,589
58384,600.00,848,585
58485,600.00,850,577
58587,600.00,849,581
58687,600.00,847,589
58788,600.00,844,601
58890,600.00,847,589
58991,600.00,847,589
59092,600.00,847,589
59194,600.00,847,589
59295,600.00,846,593
59397,600.00,847,589
59498,600.00,847,589
59599,600.00,848,585
59700,600.00,848,585
59801,600.00,848,585
59902,600.00,847,589
60004,600.00,847,589
60105,600.00,850,577
60207,600.00,848,585
60308,600.00,850,577
60409,600.00,849,581
60511,600.00,848,585
60612,600.00,847,589
60712,600.00,848,585
60814,600.00,849,581
60915,600.00,847,589
61017,600.00,848,585
61118,600.00,848,585
61219,600.00,848,585
61321,600.00,850,577
61422,600.00,848,585
61523,600.00,849,581
61625,600.00,847,589
61725,600.00,850,577
61827,600.00,850,577
61928,600.00,849,581
62029,600.00,848,585
62131,600.00,845,597
62232,600.00,849,581
62333,600.00,849,581
62435,600.00,849,581
62536,600.00,848,585
62638,600.00,848,585
62738,600.00,850,577
62839,600.00,851,573
62941,600.00,847,589
63042,600.00,849,581
63143,600.00,849,581
63245,600.00,851,573
63346,600.00,850,577
63448,600.00,848,585
63549,600.00,845,597
63649,600.00,849,581
63751,600.00,850,577
63852,600.00,850,577
63953,600.00,850,577
64055,600.00,850,577
64156,600.00,849,581
64258,600.00,850,577
64359,600.00,850,577
64460,600.00,850,577
64562,600.00,849,581
64662,600.00,849,581
64763,600.00,849,581
64865,600.00,850,577
64966,600.00,849,581
65068,600.00,850,577
65169,600.00,846,593
65270,600.00,849,581
65372,600.00,851,573
65473,600.00,851,573
65573,600.00,849,581
65675,600.00,852,569
65776,600.00,849,581
65878,600.00,852,569
65979,600.00,849,581
66080,600.00,850,577
66182,600.00,849,581
66283,600.00,850,577
66384,600.00,852,569
66486,600.00,850,577
66586,600.00,849,581
66688,600.00,851,573
66789,600.00,849,581
66890,600.00,851,573
66992,600.00,851,573
67093,600.00,851,573
67194,600.00,849,581
67296,600.00,849,581
67397,600.00,849,581
67497,600.00,851,573
67599,600.00,851,573
67700,600.00,850,577
67802,600.00,850,577
67903,600.00,850,577
68004,600.00,850,577
68106,600.00,849,581
68207,600.00,852,569
68308,600.00,850,577
68410,600.00,851,573
68510,600.00,850,577
68612,600.00,850,577
68713,600.00,851,573
68814,600.00,850,577
68916,600.00,852,569
69017,600.00,849,581
69118,600.00,852,569
69220,600.00,851,573
69321,600.00,850,577
69423,600.00,851,573
69523,600.00,853,565
69624,600.00,849,581
69726,600.00,851,573
69827,600.00,852,569
69928,600.00,851,573
70030,600.00,848,585
70131,600.00,851,573
70233,600.00,851,573
70334,600.00,852,569
70435,600.00,851,573
70536,600.00,851,573
70637,600.00,851,573
70738,600.00,850,577
70840,600.00,849,581
70941,600.00,851,573
71043,600.00,851,573
71144,600.00,850,577
71245,600.00,851,573
71347,600.00,851,573
71447,600.00,851,573
71548,600.00,852,569
71650,600.00,852,569
71751,600.00,850,577
71853,600.00,853,565
71954,600.00,852,569
72055,600.00,851,573
72157,600.00,850,577
72258,600.00,851,573
72359,600.00,852,569
72460,600.00,852,569
72561,600.00,850,577
72663,600.00,852,569
72764,600.00,852,569
72865,600.00,851,573
72967,600.00,850,577
73068,600.00,853,565
73169,600.00,852,569
73271,600.00,851,573
73372,600.00,851,573
73473,600.00,848,585
73574,600.00,851,573
# load_kg=0.00
73676,0.00,852,569
73778,0.00,852,569
73878,0.00,852,569
73979,0.00,851,573
74081,0.00,850,577
74182,0.00,853,565
74283,0.00,850,577
74384,0.00,852,569
74485,0.00,847,589
74587,0.00,851,573
74688,0.00,852,569
74788,0.00,850,577
74890,0.00,852,569
74991,0.00,852,569
75092,0.00,851,573
75193,0.00,851,573
75294,0.00,849,581
75396,0.00,851,573
75497,0.00,852,569
75598,0.00,852,569
75699,0.00,854,561
75800,0.00,853,565
75901,0.00,852,569
76003,0.00,850,577
76103,0.00,848,585
76205,0.00,853,565
76306,0.00,852,569
76407,0.00,855,557
76509,0.00,833,646
76609,0.00,705,1278
76710,0.00,580,2164
76812,0.00,0,-1
76913,0.00,0,-1
77014,0.00,0,-1
77115,0.00,0,-1
77215,0.00,0,-1
77317,0.00,0,-1
77417,0.00,0,-1
77518,0.00,0,-1
77619,0.00,0,-1
77720,0.00,0,-1
77820,0.00,0,-1
77922,0.00,0,-1
78023,0.00,0,-1
78124,0.00,0,-1
78225,0.00,0,-1
78325,0.00,0,-1
78427,0.00,0,-1
78527,0.00,0,-1
78628,0.00,0,-1
78729,0.00,0,-1
78830,0.00,0,-1
78930,0.00,1,-1
79032,0.00,0,-1
79133,0.00,1,-1
79234,0.00,0,-1
79335,0.00,0,-1
79435,0.00,0,-1
79537,0.00,0,-1
79637,0.00,0,-1
79738,0.00,0,-1
79839,0.00,0,-1
79940,0.00,0,-1
80040,0.00,2,-1
80142,0.00,0,-1
80243,0.00,0,-1
80344,0.00,0,-1
80445,0.00,0,-1
80545,0.00,0,-1
80647,0.00,0,-1
80747,0.00,0,-1
80848,0.00,0,-1
80949,0.00,0,-1
81050,0.00,0,-1
81150,0.00,0,-1
81252,0.00,0,-1
81353,0.00,0,-1
81454,0.00,0,-1
81555,0.00,0,-1
81655,0.00,1,-1
81757,0.00,0,-1
81857,0.00,0,-1
81958,0.00,0,-1
82059,0.00,0,-1
82160,0.00,0,-1
82260,0.00,0,-1
82362,0.00,1,-1
82462,0.00,0,-1
82564,0.00,0,-1
82665,0.00,0,-1
82765,0.00,0,-1
82867,0.00,0,-1
82967,0.00,0,-1
83068,0.00,0,-1
83169,0.00,0,-1
83270,0.00,0,-1
83371,0.00,0,-1
83472,0.00,0,-1
83572,0.00,0,-1
83674,0.00,1,-1
83775,0.00,0,-1
83875,0.00,0,-1
83977,0.00,0,-1
84077,0.00,1,-1
84178,0.00,0,-1
84279,0.00,416,4134
84380,0.00,708,1260
84482,0.00,764,960
84583,0.00,820,701
84684,0.00,805,767
84785,0.00,869,502
84886,0.00,874,483
84987,0.00,873,487
85089,0.00,870,498
85189,0.00,877,472
85291,0.00,877,472
85392,0.00,878,468
85493,0.00,878,468
85595,0.00,878,468
85695,0.00,879,464
85796,0.00,878,468
85898,0.00,878,468
85999,0.00,879,464
86099,0.00,880,460
86201,0.00,880,460
86302,0.00,881,457
86404,0.00,881,457
86505,0.00,881,457
86605,0.00,881,457
86707,0.00,878,468
86808,0.00,882,453
86909,0.00,882,453
87011,0.00,884,445
87111,0.00,882,453
87213,0.00,884,445
87314,0.00,883,449
87415,0.00,884,445
87516,0.00,885,442
87617,0.00,887,434
87718,0.00,886,438
87820,0.00,882,453
87921,0.00,886,438
88022,0.00,885,442
88123,0.00,886,438
88224,0.00,887,434
88326,0.00,888,431
88426,0.00,889,427
88527,0.00,888,431
88629,0.00,885,442
88730,0.00,887,434
88832,0.00,887,434
88932,0.00,889,427
89033,0.00,888,431
89135,0.00,887,434
89236,0.00,887,434
89336,0.00,889,427
89438,0.00,891,420
89539,0.00,890,423
89640,0.00,889,427
89742,0.00,891,420
89842,0.00,890,423
89944,0.00,888,431
90045,0.00,890,423
90146,0.00,891,420
90248,0.00,890,423
90348,0.00,799,794
90449,0.00,226,9991
90551,0.00,0,-1
90651,0.00,0,-1
90753,0.00,1,-1
90854,0.00,1,-1
90954,0.00,1,-1
91056,0.00,0,-1
91156,0.00,0,-1
91257,0.00,0,-1
91358,0.00,0,-1
91459,0.00,0,-1
91559,0.00,0,-1
91661,0.00,0,-1
91761,0.00,521,2730
91863,0.00,814,727
91964,0.00,855,557
92065,0.00,877,472
92167,0.00,849,581
92267,0.00,864,521
92368,0.00,860,537
92470,0.00,866,514
92571,0.00,863,525
92673,0.00,866,514
92773,0.00,866,514
92874,0.00,867,510
92976,0.00,869,502
93077,0.00,867,510
93177,0.00,870,498
93279,0.00,872,491
93380,0.00,872,491
93481,0.00,873,487
93583,0.00,871,494
93683,0.00,873,487
93785,0.00,872,491
93886,0.00,872,491
93987,0.00,873,487
94088,0.00,873,487
94189,0.00,873,487
94290,0.00,874,483
94392,0.00,874,483
94493,0.00,874,483
94594,0.00,875,479
94695,0.00,873,487
94796,0.00,873,487
94898,0.00,875,479
94998,0.00,875,479
95099,0.00,875,479
95201,0.00,874,483
95302,0.00,874,483
95404,0.00,875,479
95504,0.00,873,487
95605,0.00,874,483
95707,0.00,876,475
95808,0.00,882,453
95909,0.00,868,506
96010,0.00,879,464
96111,0.00,884,445
96212,0.00,795,812
96314,0.00,762,970
96414,0.00,1,-1
96516,0.00,0,-1
96617,0.00,0,-1
96717,0.00,0,-1
96819,0.00,0,-1
96919,0.00,0,-1
97020,0.00,0,-1
97121,0.00,0,-1
97222,0.00,0,-1
97323,0.00,1,-1
97424,0.00,0,-1
97524,0.00,0,-1
97626,0.00,0,-1
97726,0.00,0,-1
97827,0.00,0,-1
97929,0.00,1,-1
98029,0.00,0,-1
98130,0.00,0,-1
98231,0.00,0,-1
98332,0.00,0,-1
98433,0.00,1,-1
98534,0.00,0,-1
98634,0.00,0,-1
98736,0.00,0,-1
98836,0.00,0,-1
98937,0.00,0,-1
99039,0.00,0,-1
99139,0.00,0,-1
99240,0.00,0,-1
99341,0.00,0,-1
99442,0.00,0,-1
99543,0.00,2,-1
99644,0.00,0,-1
99744,0.00,0,-1
99846,0.00,0,-1
99947,0.00,0,-1
100047,0.00,1,-1
100149,0.00,0,-1
100249,0.00,0,-1
100350,0.00,0,-1
100451,0.00,0,-1
100552,0.00,0,-1
100654,0.00,0,-1
100754,0.00,0,-1
100855,0.00,0,-1
100956,0.00,0,-1
101057,0.00,0,-1
101157,0.00,0,-1
101259,0.00,0,-1
101360,0.00,0,-1
101460,0.00,0,-1
101562,0.00,0,-1
101662,0.00,0,-1
101764,0.00,0,-1
101865,0.00,0,-1
101965,0.00,0,-1
102067,0.00,0,-1
102167,0.00,0,-1
102268,0.00,0,-1
102370,0.00,0,-1
102470,0.00,0,-1
102572,0.00,0,-1
102672,0.00,0,-1
102773,0.00,0,-1
102874,0.00,0,-1
102975,0.00,1,-1
103076,0.00,0,-1
103177,0.00,0,-1
103278,0.00,0,-1
103378,0.00,517,2773
103480,0.00,786,854
103581,0.00,832,650
103683,0.00,841,613
103784,0.00,834,642
103885,0.00,805,767
103986,0.00,684,1404
104087,0.00,0,-1
104188,0.00,0,-1
104289,0.00,0,-1
104390,0.00,0,-1
104492,0.00,0,-1
104592,0.00,0,-1
104693,0.00,0,-1
104794,0.00,0,-1
104895,0.00,0,-1
104995,0.00,0,-1
105097,0.00,0,-1
105198,0.00,1,-1
105298,0.00,0,-1
105400,0.00,0,-1
105500,0.00,0,-1
105602,0.00,0,-1
105703,0.00,0,-1
105803,0.00,0,-1
105905,0.00,0,-1
106005,0.00,0,-1
106106,0.00,0,-1
106208,0.00,0,-1
106308,0.00,0,-1
106409,0.00,0,-1
106510,0.00,0,-1
106611,0.00,0,-1
106712,0.00,0,-1
106813,0.00,0,-1
106914,0.00,0,-1
107015,0.00,0,-1
107116,0.00,0,-1
107216,0.00,0,-1
107318,0.00,0,-1
107419,0.00,1,-1
107520,0.00,0,-1
107621,0.00,0,-1
107721,0.00,1,-1
107823,0.00,0,-1
107923,0.00,1,-1
108024,0.00,0,-1
108126,0.00,0,-1
108226,0.00,0,-1
108327,0.00,0,-1
108428,0.00,0,-1
108529,0.00,0,-1
108631,0.00,0,-1
108731,0.00,0,-1
108832,0.00,0,-1
108933,0.00,0,-1
109034,0.00,0,-1
109134,0.00,0,-1
109236,0.00,824,684
109337,0.00,820,701
109438,0.00,746,1052
109540,0.00,686,1392
109641,0.00,745,1057
109742,0.00,871,494
109843,0.00,865,517
109944,0.00,692,1355
110046,0.00,525,2687
110147,0.00,885,442
110248,0.00,896,402
110349,0.00,910,352
110450,0.00,889,427
110552,0.00,908,359
110653,0.00,907,362
110754,0.00,907,362
110856,0.00,908,359
110956,0.00,906,366
111057,0.00,906,366
111159,0.00,907,362
111260,0.00,909,355
111362,0.00,907,362
111463,0.00,911,348
111563,0.00,907,362
111665,0.00,910,352
111766,0.00,909,355
111867,0.00,909,355
111969,0.00,910,352
112070,0.00,909,355
112171,0.00,911,348
112272,0.00,910,352
112373,0.00,909,355
112475,0.00,910,352
112576,0.00,910,352
112677,0.00,910,352
112778,0.00,910,352
112879,0.00,910,352
112980,0.00,911,348
113082,0.00,910,352
113183,0.00,912,345
113284,0.00,910,352
113385,0.00,912,345
113486,0.00,912,345
113588,0.00,912,345
113689,0.00,912,345
113790,0.00,913,341
113891,0.00,912,345
113992,0.00,912,345
114094,0.00,906,366
114195,0.00,904,373
114296,0.00,915,334
114398,0.00,913,341
114498,0.00,910,352
114599,0.00,910,352
114701,0.00,912,345
114802,0.00,913,341
114904,0.00,912,345
115005,0.00,911,348
115105,0.00,909,355
115207,0.00,913,341
115308,0.00,915,334
115409,0.00,916,331
115511,0.00,913,341
115612,0.00,913,341
115713,0.00,913,341
115814,0.00,916,331
115915,0.00,914,338
116017,0.00,915,334
116118,0.00,912,345
116219,0.00,913,341
116320,0.00,914,338
116421,0.00,914,338
116523,0.00,914,338
116624,0.00,920,317
116725,0.00,912,345
116826,0.00,915,334
116927,0.00,921,314
117028,0.00,922,310
117130,0.00,919,321
117231,0.00,916,331
117332,0.00,835,638
117433,0.00,832,650
117534,0.00,848,585
117636,0.00,0,-1
117737,0.00,0,-1
117837,0.00,0,-1
117939,0.00,0,-1
118039,0.00,0,-1
118140,0.00,0,-1
118242,0.00,0,-1
118342,0.00,0,-1
118444,0.00,0,-1
118544,0.00,0,-1
118645,0.00,0,-1
118746,0.00,0,-1
118847,0.00,0,-1
118948,0.00,0,-1
119049,0.00,0,-1
119150,0.00,0,-1
119250,0.00,0,-1
119352,0.00,0,-1
119453,0.00,1,-1
119554,0.00,0,-1
119655,0.00,0,-1
119755,0.00,0,-1
119857,0.00,0,-1
119958,0.00,0,-1
120058,0.00,0,-1
120160,0.00,0,-1
120260,0.00,0,-1
120361,0.00,0,-1
120462,0.00,0,-1
120563,0.00,0,-1
120665,0.00,0,-1
120765,0.00,0,-1
120866,0.00,0,-1
120967,0.00,0,-1
121068,0.00,2,-1
121169,0.00,2,-1
121270,0.00,0,-1
121371,0.00,0,-1
121472,0.00,1,-1
121573,0.00,0,-1
121674,0.00,353,5377
121775,0.00,913,341
121876,0.00,901,384
121977,0.00,912,345
122079,0.00,916,331
122180,0.00,920,317
122281,0.00,919,321
122382,0.00,919,321
122483,0.00,920,317
122585,0.00,920,317
122686,0.00,918,324
122787,0.00,920,317
122889,0.00,919,321
122989,0.00,922,310
123090,0.00,920,317
123192,0.00,923,307
123293,0.00,922,310
123395,0.00,921,314
123495,0.00,923,307
123596,0.00,922,310
123698,0.00,921,314
123799,0.00,922,310
123900,0.00,923,307
124002,0.00,923,307
124102,0.00,922,310
124204,0.00,923,307
124305,0.00,924,304
124406,0.00,922,310
124508,0.00,923,307
124609,0.00,925,300
124709,0.00,922,310
124811,0.00,922,310
124912,0.00,923,307
125014,0.00,922,310
125115,0.00,925,300
125216,0.00,922,310
125317,0.00,923,307
125418,0.00,922,310
125519,0.00,922,310
125621,0.00,922,310
125722,0.00,922,310
125824,0.00,923,307
125924,0.00,925,300
126025,0.00,924,304
126127,0.00,926,297
126228,0.00,924,304
126329,0.00,924,304
126431,0.00,924,304
126531,0.00,925,300
126632,0.00,924,304
126734,0.00,923,307
126835,0.00,924,304
126937,0.00,923,307
127037,0.00,921,314
127138,0.00,923,307
127240,0.00,925,300
127341,0.00,922,310
127442,0.00,925,300
127544,0.00,924,304
127644,0.00,926,297
127746,0.00,925,300
127847,0.00,925,300
127948,0.00,923,307
128050,0.00,923,307
128151,0.00,926,297
128251,0.00,924,304
128353,0.00,926,297
128454,0.00,925,300
128556,0.00,925,300
128657,0.00,924,304
128758,0.00,924,304
128859,0.00,925,300
128960,0.00,924,304
129061,0.00,923,307
129163,0.00,926,297
129264,0.00,925,300
129366,0.00,925,300
129466,0.00,924,304
129567,0.00,926,297
129669,0.00,922,310
129770,0.00,925,300
129871,0.00,926,297
129973,0.00,925,300
130073,0.00,926,297
130174,0.00,925,300
130276,0.00,925,300
130377,0.00,926,297
130479,0.00,925,300
130579,0.00,926,297
130680,0.00,926,297
130782,0.00,926,297
130883,0.00,925,300
130984,0.00,925,300
131086,0.00,925,300
131186,0.00,926,297
131288,0.00,926,297
131389,0.00,926,297
131490,0.00,925,300
131592,0.00,926,297
131693,0.00,926,297
131793,0.00,925,300
131895,0.00,925,300
131996,0.00,926,297
132098,0.00,926,297
132199,0.00,928,290
132300,0.00,926,297
132401,0.00,927,293
132502,0.00,927,293
132603,0.00,926,297
132705,0.00,928,290
132806,0.00,927,293
132908,0.00,925,300
133008,0.00,926,297
133109,0.00,925,300
133211,0.00,925,300
133312,0.00,928,290
133413,0.00,926,297
133515,0.00,926,297
133615,0.00,927,293
133716,0.00,926,297
133818,0.00,926,297
133919,0.00,926,297
134021,0.00,926,297
134121,0.00,927,293
134222,0.00,927,293
134324,0.00,925,300
134425,0.00,926,297
134526,0.00,926,297
134628,0.00,930,283
134728,0.00,929,287
134830,0.00,928,290
134931,0.00,927,293
135032,0.00,926,297
135134,0.00,927,293
135235,0.00,926,297
135335,0.00,927,293
135437,0.00,927,293
135538,0.00,927,293
135640,0.00,927,293
135741,0.00,928,290
135842,0.00,928,290
135943,0.00,924,304
136044,0.00,929,287
136145,0.00,929,287
136247,0.00,927,293
136348,0.00,927,293
136450,0.00,928,290
136550,0.00,928,290
136651,0.00,923,307
136753,0.00,929,287
136854,0.00,926,297
# load_kg=1000.00
136955,1000.00,927,293
137057,1000.00,926,297
137158,1000.00,927,293
137260,1000.00,928,290
137361,1000.00,927,293
137462,1000.00,927,293
137564,1000.00,927,293
137665,1000.00,927,293
137766,1000.00,928,290
137868,1000.00,926,297
137969,1000.00,929,287
138071,1000.00,926,297
138172,1000.00,926,297
138273,1000.00,927,293
138375,1000.00,928,290
138476,1000.00,926,297
138577,1000.00,928,290
138679,1000.00,928,290
138780,1000.00,929,287
138882,1000.00,927,293
138983,1000.00,929,287
139084,1000.00,928,290
139186,1000.00,927,293
139287,1000.00,928,290
139388,1000.00,928,290
139490,1000.00,929,287
139591,1000.00,927,293
139693,1000.00,928,290
139794,1000.00,929,287
139895,1000.00,928,290
139997,1000.00,926,297
140098,1000.00,929,287
140199,1000.00,927,293
140301,1000.00,930,283
140402,1000.00,929,287
140504,1000.00,929,287
140605,1000.00,928,290
140706,1000.00,927,293
140808,1000.00,929,287
140909,1000.00,928,290
141010,1000.00,928,290
141112,1000.00,927,293
141213,1000.00,928,290
141315,1000.00,929,287
141416,1000.00,929,287
141517,1000.00,930,283
141619,1000.00,929,287
141720,1000.00,929,287
141821,1000.00,930,283
141923,1000.00,926,297
142024,1000.00,929,287
142126,1000.00,928,290
142227,1000.00,929,287
142328,1000.00,931,280
142430,1000.00,928,290
142531,1000.00,931,280
142632,1000.00,930,283
142734,1000.00,930,283
142835,1000.00,925,300
142937,1000.00,928,290
143038,1000.00,929,287
143139,1000.00,928,290
143241,1000.00,929,287
143342,1000.00,929,287
143443,1000.00,929,287
143545,1000.00,927,293
143646,1000.00,929,287
143748,1000.00,929,287
143849,1000.00,929,287
143950,1000.00,929,287
144052,1000.00,929,287
144153,1000.00,928,290
144254,1000.00,931,280
144356,1000.00,930,283
144457,1000.00,931,280
144559,1000.00,930,283
144660,1000.00,930,283
144761,1000.00,930,283
144863,1000.00,928,290
144964,1000.00,931,280
145065,1000.00,932,277
145167,1000.00,929,287
145268,1000.00,929,287
145370,1000.00,929,287
145471,1000.00,932,277
145572,1000.00,930,283
145674,1000.00,930,283
145775,1000.00,930,283
145876,1000.00,932,277
145978,1000.00,930,283
146079,1000.00,932,277
146181,1000.00,931,280
146282,1000.00,930,283
146383,1000.00,930,283
146485,1000.00,930,283
146586,1000.00,929,287
146688,1000.00,930,283
146788,1000.00,930,283
146889,1000.00,928,290
146991,1000.00,929,287
147092,1000.00,929,287
147193,1000.00,932,277
147295,1000.00,930,283
147396,1000.00,930,283
147497,1000.00,931,280
147599,1000.00,930,283
147700,1000.00,932,277
147802,1000.00,932,277
147903,1000.00,931,280
148004,1000.00,930,283
148106,1000.00,932,277
148207,1000.00,931,280
148308,1000.00,930,283
148410,1000.00,929,287
148511,1000.00,932,277
148613,1000.00,929,287
148714,1000.00,931,280
148815,1000.00,931,280
148917,1000.00,931,280
149018,1000.00,929,287
149120,1000.00,930,283
149221,1000.00,930,283
149322,1000.00,930,283
149424,1000.00,929,287
149525,1000.00,931,280
149626,1000.00,930,283
149728,1000.00,932,277
149829,1000.00,932,277
149931,1000.00,930,283
150032,1000.00,928,290
150133,1000.00,932,277
150235,1000.00,930,283
150336,1000.00,931,280
150437,1000.00,933,273
150539,1000.00,930,283
150640,1000.00,932,277
150742,1000.00,931,280
150843,1000.00,929,287
150944,1000.00,928,290
151046,1000.00,933,273
151147,1000.00,931,280
151248,1000.00,928,290
151350,1000.00,931,280
151451,1000.00,932,277
151553,1000.00,926,297
151654,1000.00,931,280
151755,1000.00,932,277
151857,1000.00,932,277
151958,1000.00,932,277
152059,1000.00,931,280
152161,1000.00,930,283
152262,1000.00,929,287
152364,1000.00,932,277
152465,1000.00,932,277
152566,1000.00,930,283
152668,1000.00,931,280
152769,1000.00,930,283
152870,1000.00,931,280
152972,1000.00,930,283
153073,1000.00,932,277
153175,1000.00,932,277
153276,1000.00,932,277
153377,1000.00,931,280
153479,1000.00,931,280
153580,1000.00,933,273
153681,1000.00,932,277
153783,1000.00,931,280
153884,1000.00,931,280
153986,1000.00,931,280
154087,1000.00,932,277
154188,1000.00,933,273
154290,1000.00,930,283
154391,1000.00,932,277
154492,1000.00,931,280
154594,1000.00,930,283
154695,1000.00,928,290
154797,1000.00,933,273
154898,1000.00,932,277
154999,1000.00,929,287
155101,1000.00,930,283
155202,1000.00,933,273
155303,1000.00,933,273
155405,1000.00,931,280
155506,1000.00,931,280
155608,1000.00,930,283
155709,1000.00,930,283
155810,1000.00,930,283
155912,1000.00,933,273
156013,1000.00,931,280
156114,1000.00,932,277
156216,1000.00,930,283
156317,1000.00,932,277
156419,1000.00,931,280
156520,1000.00,931,280
156621,1000.00,932,277
156723,1000.00,933,273
156824,1000.00,931,280
156925,1000.00,931,280
157027,1000.00,932,277
157128,1000.00,931,280
157230,1000.00,931,280
157331,1000.00,931,280
157432,1000.00,932,277
157534,1000.00,932,277
157635,1000.00,933,273
157736,1000.00,933,273
157838,1000.00,930,283
157939,1000.00,933,273
158041,1000.00,932,277
158142,1000.00,932,277
158243,1000.00,932,277
158345,1000.00,932,277
158446,1000.00,928,290
158547,1000.00,930,283
158649,1000.00,930,283
158750,1000.00,932,277
158852,1000.00,930,283
158952,1000.00,933,273
159053,1000.00,932,277
159155,1000.00,930,283
159256,1000.00,932,277
159357,1000.00,931,280
159459,1000.00,932,277
159560,1000.00,932,277
159662,1000.00,933,273
159763,1000.00,932,277
159864,1000.00,933,273
159966,1000.00,931,280
160067,1000.00,932,277
160168,1000.00,933,273
160270,1000.00,932,277
160371,1000.00,931,280
160473,1000.00,931,280
160574,1000.00,933,273
160675,1000.00,934,270
160777,1000.00,930,283
160878,1000.00,932,277
160979,1000.00,933,273
161081,1000.00,931,280
161182,1000.00,933,273
161284,1000.00,932,277
161385,1000.00,931,280
161486,1000.00,931,280
161588,1000.00,932,277
161689,1000.00,934,270
161790,1000.00,932,277
161892,1000.00,934,270
161993,1000.00,934,270
162095,1000.00,933,273
162196,1000.00,932,277
162297,1000.00,931,280
162399,1000.00,934,270
162500,1000.00,929,287
162601,1000.00,932,277
162703,1000.00,932,277
# load_kg=0.00
162805,0.00,934,270
162907,0.00,933,273
163007,0.00,931,280
163108,0.00,933,273
163210,0.00,932,277
163311,0.00,930,283
163412,0.00,928,290
163514,0.00,935,267
163614,0.00,932,277
163716,0.00,934,270
163817,0.00,931,280
163918,0.00,932,277
164020,0.00,932,277
164120,0.00,931,280
164221,0.00,931,280
164323,0.00,931,280
164424,0.00,932,277
164526,0.00,931,280
164627,0.00,932,277
164727,0.00,931,280
164829,0.00,933,273
164930,0.00,933,273
165031,0.00,932,277
165133,0.00,932,277
165234,0.00,931,280
165335,0.00,899,391
165436,0.00,317,6309
165537,0.00,0,-1
165639,0.00,0,-1
165739,0.00,0,-1
165840,0.00,0,-1
165941,0.00,0,-1
166042,0.00,0,-1
166144,0.00,0,-1
166244,0.00,0,-1
166345,0.00,0,-1
166446,0.00,0,-1
166547,0.00,0,-1
166648,0.00,1,-1
166749,0.00,0,-1
166850,0.00,0,-1
166950,0.00,0,-1
167052,0.00,0,-1
167152,0.00,0,-1
167254,0.00,0,-1
167355,0.00,0,-1
167455,0.00,0,-1
167557,0.00,2,-1
167657,0.00,0,-1
167758,0.00,0,-1
167860,0.00,0,-1
167960,0.00,0,-1
168061,0.00,0,-1
168162,0.00,0,-1
168263,0.00,0,-1
168364,0.00,0,-1
168465,0.00,0,-1
168566,0.00,0,-1
168667,0.00,0,-1
168768,0.00,0,-1
168868,0.00,0,-1
168970,0.00,0,-1
169071,0.00,0,-1
169171,0.00,0,-1
169273,0.00,0,-1
169373,0.00,0,-1
169475,0.00,0,-1
169575,0.00,0,-1
169676,0.00,0,-1
169778,0.00,0,-1
169878,0.00,0,-1
169979,0.00,0,-1
170080,0.00,0,-1
170181,0.00,0,-1
170283,0.00,0,-1
170383,0.00,0,-1
170484,0.00,0,-1
170585,0.00,0,-1
170686,0.00,0,-1
170786,0.00,0,-1
170888,0.00,0,-1
170989,0.00,0,-1
171089,0.00,0,-1
171191,0.00,0,-1
171291,0.00,0,-1
171393,0.00,0,-1
171494,0.00,0,-1
171594,0.00,0,-1
171696,0.00,0,-1
171796,0.00,0,-1
171897,0.00,0,-1
171999,0.00,0,-1
172099,0.00,0,-1
172200,0.00,0,-1
172301,0.00,0,-1
172402,0.00,0,-1
172503,0.00,0,-1
172604,0.00,0,-1
172705,0.00,0,-1
172806,0.00,913,341
172907,0.00,918,324
173008,0.00,884,445
173110,0.00,910,352
173211,0.00,935,267
173312,0.00,937,260
173413,0.00,929,287
173514,0.00,919,321
173616,0.00,920,317
173717,0.00,920,317
173818,0.00,920,317
173919,0.00,918,324
174020,0.00,922,310
174121,0.00,921,314
174223,0.00,922,310
174324,0.00,920,317
174425,0.00,922,310
174526,0.00,922,310
174627,0.00,924,304
174729,0.00,924,304
174830,0.00,925,300
174931,0.00,923,307
175032,0.00,922,310
175133,0.00,924,304
175235,0.00,923,307
175336,0.00,924,304
175437,0.00,923,307
175539,0.00,922,310
175639,0.00,924,304
175740,0.00,927,293
175842,0.00,925,300
175943,0.00,922,310
176045,0.00,890,423
176146,0.00,914,338
176246,0.00,920,317
176348,0.00,837,630
176449,0.00,223,10163
176550,0.00,0,-1
176652,0.00,0,-1
176752,0.00,0,-1
176854,0.00,0,-1
176954,0.00,0,-1
177055,0.00,0,-1
177156,0.00,0,-1
177257,0.00,0,-1
177358,0.00,0,-1
177459,0.00,0,-1
177560,0.00,0,-1
177660,0.00,0,-1
177762,0.00,0,-1
177863,0.00,0,-1
177964,0.00,0,-1
178065,0.00,0,-1
178165,0.00,0,-1
178267,0.00,0,-1
178367,0.00,0,-1
178468,0.00,1,-1
178570,0.00,0,-1
178670,0.00,0,-1
178771,0.00,0,-1
178872,0.00,0,-1
178973,0.00,0,-1
179075,0.00,110,23514
179175,0.00,0,-1
179276,0.00,391,4579
179378,0.00,0,-1
179479,0.00,924,304
179579,0.00,938,257
179681,0.00,940,250
179782,0.00,940,250
179884,0.00,937,260
179985,0.00,936,263
180086,0.00,936,263
180187,0.00,937,260
180288,0.00,937,260
180389,0.00,938,257
180491,0.00,940,250
180592,0.00,938,257
180694,0.00,941,247
180794,0.00,938,257
180895,0.00,938,257
180997,0.00,940,250
181098,0.00,940,250
181199,0.00,938,257
181300,0.00,938,257
181401,0.00,940,250
181502,0.00,940,250
181604,0.00,939,253
181705,0.00,940,250
181807,0.00,940,250
181907,0.00,941,247
182008,0.00,940,250
182110,0.00,939,253
182211,0.00,939,253
182312,0.00,941,247
182414,0.00,941,247
182514,0.00,941,247
182616,0.00,941,247
182717,0.00,941,247
182818,0.00,941,247
182920,0.00,941,247
183021,0.00,941,247
183121,0.00,942,244
183223,0.00,942,244
183324,0.00,942,244
183426,0.00,939,253
183527,0.00,938,257
183627,0.00,942,244
183729,0.00,940,250
183830,0.00,940,250
183931,0.00,941,247
184033,0.00,940,250
184134,0.00,941,247
184235,0.00,942,244
184336,0.00,940,250
184437,0.00,939,253
184539,0.00,942,244
184640,0.00,942,244
184741,0.00,942,244
184842,0.00,943,240
184943,0.00,942,244
185044,0.00,942,244
185146,0.00,940,250
185247,0.00,942,244
185349,0.00,941,247
185449,0.00,939,253
185550,0.00,941,247
185652,0.00,940,250
185753,0.00,942,244
185854,0.00,940,250
185956,0.00,943,240
186056,0.00,942,244
186158,0.00,943,240
186259,0.00,942,244
186360,0.00,942,244
186462,0.00,942,244
186562,0.00,942,244
186663,0.00,941,247
186765,0.00,942,244
186866,0.00,940,250
186968,0.00,942,244
187069,0.00,942,244
187169,0.00,943,240
187271,0.00,942,244
187372,0.00,942,244
187473,0.00,941,247
187575,0.00,942,244
187676,0.00,939,253
187777,0.00,941,247
187878,0.00,943,240
187979,0.00,942,244
188081,0.00,943,240
188182,0.00,943,240
188283,0.00,943,240
188384,0.00,942,244
188485,0.00,942,244
188587,0.00,941,247
188688,0.00,942,244
188789,0.00,943,240
188891,0.00,942,244
188991,0.00,942,244
189092,0.00,941,247
189194,0.00,940,250
189295,0.00,942,244
189396,0.00,944,237
189497,0.00,943,240
189598,0.00,943,240
189700,0.00,942,244
189801,0.00,942,244
189902,0.00,942,244
190004,0.00,943,240
190104,0.00,942,244
190205,0.00,943,240
190307,0.00,941,247
190408,0.00,943,240
190510,0.00,942,244
190611,0.00,943,240
190711,0.00,943,240
190813,0.00,944,237
190914,0.00,942,244
191015,0.00,942,244
191117,0.00,943,240
191218,0.00,942,244
191319,0.00,944,237
191420,0.00,944,237
191521,0.00,942,244
191623,0.00,942,244
191724,0.00,942,244
191825,0.00,945,234
191926,0.00,945,234
192027,0.00,944,237
192129,0.00,944,237
192230,0.00,943,240
192331,0.00,943,240
192432,0.00,942,244
192533,0.00,944,237
192634,0.00,944,237
192736,0.00,945,234
192837,0.00,944,237
192939,0.00,943,240
193039,0.00,940,250
193140,0.00,936,263
193242,0.00,937,260
193343,0.00,932,277
193444,0.00,937,260
193546,0.00,937,260
193646,0.00,936,263
193747,0.00,935,267
193849,0.00,937,260
193950,0.00,938,257
194052,0.00,937,260
194153,0.00,936,263
194253,0.00,937,260
194355,0.00,936,263
194456,0.00,934,270
194557,0.00,934,270
194659,0.00,936,263
194760,0.00,937,260
194861,0.00,936,263
194962,0.00,934,270
195063,0.00,937,260
195165,0.00,935,267
195266,0.00,935,267
195367,0.00,935,267
195468,0.00,934,270
195569,0.00,936,263
195671,0.00,937,260
195772,0.00,936,263
195873,0.00,935,267
195974,0.00,935,267
196075,0.00,935,267
196176,0.00,934,270
196278,0.00,936,263
196379,0.00,936,263
196481,0.00,935,267
196581,0.00,937,260
196682,0.00,936,263
196784,0.00,937,260
196885,0.00,935,267
196986,0.00,937,260
197088,0.00,935,267
197188,0.00,934,270
197289,0.00,934,270
197391,0.00,936,263
197492,0.00,934,270
197594,0.00,936,263
197695,0.00,936,263
197795,0.00,937,260
197897,0.00,937,260
197998,0.00,936,263
198099,0.00,934,270
198201,0.00,936,263
198302,0.00,935,267
198403,0.00,933,273
198504,0.00,933,273
198605,0.00,936,263
198707,0.00,934,270
198808,0.00,934,270
198909,0.00,934,270
199010,0.00,935,267
199111,0.00,936,263
199213,0.00,934,270
# load_kg=1423.00
199315,1423.00,934,270
199416,1423.00,935,267
199518,1423.00,937,260
199619,1423.00,937,260
199720,1423.00,936,263
199822,1423.00,935,267
199923,1423.00,936,263
200025,1423.00,933,273
200126,1423.00,935,267
200227,1423.00,935,267
200329,1423.00,935,267
200430,1423.00,937,260
200531,1423.00,934,270
200632,1423.00,934,270
200733,1423.00,935,267
200835,1423.00,937,260
200936,1423.00,934,270
201037,1423.00,938,257
201139,1423.00,937,260
201240,1423.00,934,270
201341,1423.00,937,260
201443,1423.00,935,267
201544,1423.00,937,260
201646,1423.00,934,270
201747,1423.00,935,267
201848,1423.00,934,270
201950,1423.00,935,267
202051,1423.00,936,263
202152,1423.00,937,260
202254,1423.00,936,263
202355,1423.00,934,270
202457,1423.00,935,267
202558,1423.00,936,263
202659,1423.00,935,267
202761,1423.00,935,267
202862,1423.00,933,273
202963,1423.00,934,270
203065,1423.00,936,263
203166,1423.00,936,263
203268,1423.00,934,270
203369,1423.00,934,270
203470,1423.00,935,267
203572,1423.00,931,280
203673,1423.00,936,263
203774,1423.00,936,263
203876,1423.00,935,267
203977,1423.00,936,263
204079,1423.00,937,260
204180,1423.00,934,270
204281,1423.00,931,280
204383,1423.00,936,263
204484,1423.00,935,267
204585,1423.00,935,267
204687,1423.00,935,267
204788,1423.00,935,267
204890,1423.00,936,263
204991,1423.00,936,263
205092,1423.00,935,267
205194,1423.00,937,260
205295,1423.00,934,270
205396,1423.00,936,263
205498,1423.00,935,267
205599,1423.00,936,263
205701,1423.00,936,263
205802,1423.00,937,260
205903,1423.00,936,263
206005,1423.00,936,263
206106,1423.00,936,263
206208,1423.00,937,260
206309,1423.00,936,263
206410,1423.00,935,267
206512,1423.00,936,263
206613,1423.00,938,257
206714,1423.00,937,260
206816,1423.00,936,263
206917,1423.00,938,257
207019,1423.00,935,267
207120,1423.00,938,257
207221,1423.00,934,270
207323,1423.00,934,270
207424,1423.00,937,260
207525,1423.00,936,263
207627,1423.00,933,273
207728,1423.00,935,267
207830,1423.00,937,260
207931,1423.00,936,263
208032,1423.00,936,263
208134,1423.00,936,263
208235,1423.00,935,267
208336,1423.00,937,260
208438,1423.00,936,263
208539,1423.00,938,257
208641,1423.00,938,257
208742,1423.00,936,263
208843,1423.00,936,263
208945,1423.00,938,257
209046,1423.00,937,260
209147,1423.00,935,267
209249,1423.00,937,260
209350,1423.00,937,260
209452,1423.00,935,267
209553,1423.00,936,263
209654,1423.00,936,263
209756,1423.00,935,267
209857,1423.00,937,260
209958,1423.00,938,257
210060,1423.00,936,263
210161,1423.00,937,260
210263,1423.00,937,260
210364,1423.00,935,267
210465,1423.00,938,257
210567,1423.00,936,263
210668,1423.00,934,270
210769,1423.00,937,260
210871,1423.00,937,260
210972,1423.00,935,267
211074,1423.00,936,263
211175,1423.00,937,260
211276,1423.00,937,260
211378,1423.00,938,257
211479,1423.00,936,263
211580,1423.00,931,280
211682,1423.00,937,260
211783,1423.00,936,263
211885,1423.00,933,273
211986,1423.00,937,260
212087,1423.00,936,263
212189,1423.00,938,257
212290,1423.00,936,263
212391,1423.00,937,260
212493,1423.00,936,263
212594,1423.00,935,267
212696,1423.00,936,263
212797,1423.00,938,257
212898,1423.00,937,260
213000,1423.00,937,260
213101,1423.00,936,263
213202,1423.00,936,263
213304,1423.00,938,257
213404,1423.00,936,263
213506,1423.00,937,260
213607,1423.00,936,263
213708,1423.00,936,263
213810,1423.00,937,260
213911,1423.00,937,260
214012,1423.00,938,257
214114,1423.00,937,260
214215,1423.00,935,267
214317,1423.00,937,260
214418,1423.00,934,270
214519,1423.00,937,260
214621,1423.00,936,263
214722,1423.00,937,260
214823,1423.00,937,260
214925,1423.00,939,253
215026,1423.00,935,267
215128,1423.00,936,263
215229,1423.00,937,260
215330,1423.00,936,263
215432,1423.00,937,260
215533,1423.00,935,267
215634,1423.00,937,260
215736,1423.00,938,257
215837,1423.00,938,257
215939,1423.00,934,270
216040,1423.00,937,260
216141,1423.00,937,260
216243,1423.00,935,267
216344,1423.00,936,263
216445,1423.00,937,260
216547,1423.00,936,263
216648,1423.00,936,263
216750,1423.00,936,263
216851,1423.00,937,260
216952,1423.00,936,263
217054,1423.00,935,267
217155,1423.00,937,260
217256,1423.00,937,260
217358,1423.00,937,260
217459,1423.00,936,263
217561,1423.00,937,260
217662,1423.00,936,263
217763,1423.00,936,263
217865,1423.00,936,263
217966,1423.00,936,263
218067,1423.00,936,263
218169,1423.00,937,260
218270,1423.00,937,260
218372,1423.00,936,263
218473,1423.00,936,263
218574,1423.00,937,260
218676,1423.00,936,263
218777,1423.00,936,263
218878,1423.00,937,260
218980,1423.00,939,253
219081,1423.00,937,260
219183,1423.00,937,260
219284,1423.00,938,257
219385,1423.00,937,260
219487,1423.00,939,253
219588,1423.00,937,260
219689,1423.00,938,257
219791,1423.00,937,260
219892,1423.00,936,263
219994,1423.00,936,263
220095,1423.00,937,260
220196,1423.00,937,260
220298,1423.00,937,260
220399,1423.00,938,257
220500,1423.00,937,260
220602,1423.00,937,260
220703,1423.00,937,260
220805,1423.00,938,257
220906,1423.00,936,263
221007,1423.00,937,260
221109,1423.00,937,260
221210,1423.00,938,257
221312,1423.00,939,253
221413,1423.00,937,260
221514,1423.00,937,260
221616,1423.00,939,253
221717,1423.00,938,257
221818,1423.00,936,263
221920,1423.00,938,257
222021,1423.00,936,263
222123,1423.00,937,260
222224,1423.00,937,260
222325,1423.00,938,257
222427,1423.00,935,267
222528,1423.00,937,260
222629,1423.00,939,253
222731,1423.00,937,260
222832,1423.00,939,253
222934,1423.00,937,260
223035,1423.00,936,263
223136,1423.00,938,257
223238,1423.00,937,260
223339,1423.00,937,260
223440,1423.00,937,260
223542,1423.00,937,260
223643,1423.00,938,257
223745,1423.00,938,257
223846,1423.00,938,257
223947,1423.00,937,260
224049,1423.00,938,257
224150,1423.00,937,260
224251,1423.00,935,267
224353,1423.00,937,260
224454,1423.00,938,257
224556,1423.00,938,257
224657,1423.00,939,253
224758,1423.00,937,260
224859,1423.00,937,260
224960,1423.00,937,260
225061,1423.00,939,253
225163,1423.00,937,260
225264,1423.00,937,260
225366,1423.00,937,260
225467,1423.00,938,257
225568,1423.00,939,253
225670,1423.00,938,257
225771,1423.00,938,257
225872,1423.00,936,263
225974,1423.00,936,263
226075,1423.00,939,253
226177,1423.00,938,257
226278,1423.00,939,253
226379,1423.00,939,253
226481,1423.00,938,257
226582,1423.00,938,257
226683,1423.00,937,260
226785,1423.00,937,260
226886,1423.00,940,250
226988,1423.00,938,257
227089,1423.00,939,253
227190,1423.00,937,260
227292,1423.00,937,260
227393,1423.00,937,260
227494,1423.00,940,250
227596,1423.00,938,257
227697,1423.00,940,250
227799,1423.00,939,253
227900,1423.00,939,253
228001,1423.00,937,260
228103,1423.00,937,260
228204,1423.00,940,250
228305,1423.00,937,260
228407,1423.00,937,260
228508,1423.00,940,250
228610,1423.00,937,260
228711,1423.00,937,260
228812,1423.00,937,260
228914,1423.00,939,253
229015,1423.00,937,260
229116,1423.00,938,257
229218,1423.00,936,263
229319,1423.00,938,257
229421,1423.00,937,260
229522,1423.00,938,257
229623,1423.00,940,250
229725,1423.00,938,257
229826,1423.00,940,250
229927,1423.00,940,250
230029,1423.00,937,260
230130,1423.00,941,247
230232,1423.00,937,260
230333,1423.00,938,257
230434,1423.00,940,250
230536,1423.00,941,247
230637,1423.00,939,253
230738,1423.00,937,260
230840,1423.00,939,253
230941,1423.00,939,253
231043,1423.00,938,257
231144,1423.00,938,257
231245,1423.00,937,260
231347,1423.00,940,250
231448,1423.00,937,260
231549,1423.00,937,260
231651,1423.00,938,257
231752,1423.00,937,260
231854,1423.00,939,253
231955,1423.00,939,253
232056,1423.00,937,260
232158,1423.00,937,260
232259,1423.00,938,257
232360,1423.00,938,257
232462,1423.00,938,257
232563,1423.00,937,260
232665,1423.00,939,253
232766,1423.00,940,250
232867,1423.00,937,260
232969,1423.00,938,257
233070,1423.00,938,257
233171,1423.00,939,253
233273,1423.00,938,257
233374,1423.00,938,257
233476,1423.00,937,260
233577,1423.00,938,257
233678,1423.00,938,257
233780,1423.00,938,257
233881,1423.00,939,253
233982,1423.00,939,253
234084,1423.00,939,253
234185,1423.00,940,250
234287,1423.00,938,257
234388,1423.00,939,253
234489,1423.00,940,250
234591,1423.00,939,253
234692,1423.00,937,260
234793,1423.00,937,260
234895,1423.00,939,253
234996,1423.00,939,253
235097,1423.00,940,250
235198,1423.00,937,260
235299,1423.00,939,253
235401,1423.00,940,250
235502,1423.00,941,247
235603,1423.00,939,253
235705,1423.00,937,260
235806,1423.00,936,263
235908,1423.00,938,257
236009,1423.00,940,250
236110,1423.00,940,250
236212,1423.00,939,253
236313,1423.00,939,253
236414,1423.00,938,257
236516,1423.00,938,257
236617,1423.00,940,250
236719,1423.00,937,260
236820,1423.00,939,253
236921,1423.00,940,250
237023,1423.00,940,250
237124,1423.00,940,250
237225,1423.00,939,253
237327,1423.00,940,250
237428,1423.00,938,257
237530,1423.00,940,250
237631,1423.00,940,250
237732,1423.00,937,260
237834,1423.00,937,260
237935,1423.00,940,250
238036,1423.00,938,257
238138,1423.00,938,257
238239,1423.00,938,257
238341,1423.00,938,257
238442,1423.00,939,253
238543,1423.00,939,253
238645,1423.00,939,253
238746,1423.00,937,260
238848,1423.00,936,263
238949,1423.00,938,257
239050,1423.00,939,253
239152,1423.00,939,253
239253,1423.00,940,250
239354,1423.00,940,250
239456,1423.00,939,253
239557,1423.00,939,253
239659,1423.00,938,257
239760,1423.00,938,257
239861,1423.00,939,253
239963,1423.00,938,257
240064,1423.00,938,257
240165,1423.00,940,250
240267,1423.00,940,250
240368,1423.00,940,250
240470,1423.00,938,257
240571,1423.00,939,253
240672,1423.00,939,253
240774,1423.00,939,253
240875,1423.00,940,250
240976,1423.00,938,257
241078,1423.00,938,257
241179,1423.00,937,260
241281,1423.00,940,250
241382,1423.00,940,250
241483,1423.00,939,253
241585,1423.00,938,257
241686,1423.00,938,257
241787,1423.00,937,260
241889,1423.00,938,257
241990,1423.00,939,253
242092,1423.00,940,250
242193,1423.00,940,250
242294,1423.00,938,257
242396,1423.00,938,257
242497,1423.00,939,253
242598,1423.00,938,257
242700,1423.00,940,250
242801,1423.00,938,257
242903,1423.00,938,257
243004,1423.00,938,257
243105,1423.00,938,257
243207,1423.00,940,250
243308,1423.00,940,250
243409,1423.00,937,260
243511,1423.00,938,257
243612,1423.00,941,247
243714,1423.00,940,250
243815,1423.00,938,257
243916,1423.00,940,250
244018,1423.00,941,247
244119,1423.00,938,257
244220,1423.00,940,250
244322,1423.00,937,260
244423,1423.00,939,253
244525,1423.00,940,250
244626,1423.00,938,257
244727,1423.00,940,250
244829,1423.00,939,253
244929,1423.00,940,250
245030,1423.00,939,253
245132,1423.00,938,257
245233,1423.00,939,253
245335,1423.00,940,250
# load_kg=0.00
245437,0.00,939,253
245538,0.00,938,257
245640,0.00,939,253
245740,0.00,938,257
245841,0.00,939,253
245943,0.00,940,250
246044,0.00,940,250
246146,0.00,935,267
246247,0.00,937,260
246347,0.00,937,260
246449,0.00,939,253
246550,0.00,940,250
246651,0.00,940,250
246753,0.00,940,250
246854,0.00,939,253
246955,0.00,938,257
247056,0.00,938,257
247157,0.00,939,253
247259,0.00,940,250
247360,0.00,938,257
247461,0.00,937,260
247562,0.00,939,253
247663,0.00,938,257
247764,0.00,940,250
247866,0.00,938,257
247967,0.00,939,253
248069,0.00,941,247
248169,0.00,938,257
248270,0.00,940,250
248372,0.00,941,247
248473,0.00,940,250
248574,0.00,938,257
248676,0.00,937,260
248776,0.00,938,257
248878,0.00,940,250
248979,0.00,941,247
249080,0.00,938,257
249182,0.00,941,247
249282,0.00,940,250
249383,0.00,940,250
249485,0.00,938,257
249586,0.00,938,257
249688,0.00,941,247
249789,0.00,940,250
249889,0.00,939,253
249991,0.00,938,257
250092,0.00,940,250
250193,0.00,939,253
250295,0.00,940,250
250396,0.00,938,257
250497,0.00,940,250
250598,0.00,941,247
250699,0.00,937,260
250801,0.00,938,257
250902,0.00,940,250
251003,0.00,941,247
251104,0.00,939,253
251205,0.00,938,257
251307,0.00,938,257
251408,0.00,940,250
251509,0.00,940,250
251611,0.00,939,253
251711,0.00,940,250
251812,0.00,940,250
251914,0.00,939,253
252015,0.00,937,260
252116,0.00,937,260
252218,0.00,939,253
252318,0.00,941,247
252420,0.00,940,250
252521,0.00,940,250
252622,0.00,939,253
252724,0.00,938,257
252824,0.00,939,253
252925,0.00,940,250
253027,0.00,938,257
253128,0.00,939,253
253230,0.00,939,253
253331,0.00,939,253
253431,0.00,941,247
253533,0.00,939,253
253634,0.00,939,253
253735,0.00,942,244
253837,0.00,939,253
253938,0.00,947,227
254039,0.00,949,221
254140,0.00,949,221
254241,0.00,950,218
254343,0.00,950,218
254444,0.00,952,211
254545,0.00,954,205
254646,0.00,956,199
254747,0.00,955,202
254849,0.00,955,202
254950,0.00,954,205
255051,0.00,958,192
255153,0.00,954,205
255253,0.00,955,202
255354,0.00,955,202
255456,0.00,957,195
255557,0.00,958,192
255659,0.00,955,202
255759,0.00,957,195
255860,0.00,957,195
255962,0.00,955,202
256063,0.00,957,195
256164,0.00,958,192
256266,0.00,958,192
256366,0.00,957,195
256467,0.00,957,195
256569,0.00,958,192
256670,0.00,957,195
256772,0.00,956,199
256873,0.00,958,192
256973,0.00,955,202
257075,0.00,957,195
257176,0.00,957,195
257277,0.00,954,205
257379,0.00,956,199
257480,0.00,955,202
257581,0.00,958,192
257682,0.00,957,195
257783,0.00,953,208
257885,0.00,955,202
257986,0.00,958,192
258086,0.00,955,202
258188,0.00,958,192
258289,0.00,957,195
258391,0.00,958,192
258492,0.00,958,192
258593,0.00,957,195
258694,0.00,956,199
258795,0.00,956,199
258896,0.00,956,199
258998,0.00,956,199
259099,0.00,957,195
259201,0.00,955,202
259301,0.00,957,195
259402,0.00,958,192
259504,0.00,958,192
259605,0.00,957,195
259706,0.00,957,195
259808,0.00,956,199
259908,0.00,955,202
260009,0.00,956,199
260111,0.00,956,199
260212,0.00,958,192
260314,0.00,955,202
260415,0.00,960,186
260515,0.00,954,205
260617,0.00,949,221
260718,0.00,945,234
260819,0.00,954,205
260921,0.00,961,183
261022,0.00,958,192
261123,0.00,958,192
261224,0.00,959,189
261325,0.00,959,189
261427,0.00,959,189
261528,0.00,959,189
261628,0.00,958,192
261730,0.00,960,186
261831,0.00,961,183
261933,0.00,961,183
262034,0.00,956,199
262135,0.00,958,192
262236,0.00,951,214
262337,0.00,953,208
262438,0.00,960,186
262540,0.00,962,180
262641,0.00,962,180
262743,0.00,960,186
262843,0.00,958,192
262944,0.00,957,195
263046,0.00,956,199
263147,0.00,959,189
263248,0.00,956,199
263350,0.00,959,189
263450,0.00,958,192
263552,0.00,955,202
263653,0.00,957,195
263754,0.00,958,192
263856,0.00,959,189
263957,0.00,959,189
264057,0.00,958,192
264159,0.00,959,189
264260,0.00,958,192
264361,0.00,957,195
264463,0.00,959,189
264563,0.00,958,192
264665,0.00,958,192
264766,0.00,958,192
264867,0.00,958,192
264969,0.00,958,192
265070,0.00,956,199
265170,0.00,958,192
265272,0.00,958,192
265373,0.00,960,186
265475,0.00,959,189
265576,0.00,959,189
265677,0.00,959,189
265778,0.00,958,192
265879,0.00,956,199
265980,0.00,958,192
266082,0.00,959,189
266183,0.00,960,186
266285,0.00,960,186
266385,0.00,960,186
266486,0.00,958,192
266588,0.00,959,189
266689,0.00,960,186
266790,0.00,960,186
266892,0.00,959,189
266992,0.00,957,195
267094,0.00,959,189
267195,0.00,957,195
267296,0.00,956,199
267398,0.00,960,186
267498,0.00,959,189
267599,0.00,962,180
267701,0.00,959,189
267802,0.00,957,195
267904,0.00,943,240
268005,0.00,951,214
268105,0.00,946,231
268207,0.00,956,199
268308,0.00,957,195
268409,0.00,959,189
268511,0.00,959,189
268612,0.00,959,189
268712,0.00,961,183
268814,0.00,959,189
268915,0.00,957,195
269017,0.00,958,192
269118,0.00,953,208
269219,0.00,959,189
269320,0.00,962,180
269421,0.00,961,183
269522,0.00,962,180
269624,0.00,959,189
269725,0.00,963,177
269827,0.00,961,183
269927,0.00,961,183
270028,0.00,962,180
270130,0.00,963,177
270231,0.00,962,180
270332,0.00,964,173
270433,0.00,962,180
270534,0.00,961,183
270636,0.00,961,183
270737,0.00,961,183
270838,0.00,961,183
270940,0.00,960,186
271040,0.00,960,186
271141,0.00,959,189
271243,0.00,961,183
271344,0.00,961,183
271446,0.00,961,183
271547,0.00,963,177
271647,0.00,961,183
271749,0.00,960,186
271850,0.00,962,180
271951,0.00,962,180
272053,0.00,961,183
272154,0.00,959,189
272254,0.00,961,183
272356,0.00,964,173
272457,0.00,960,186
272559,0.00,961,183
272660,0.00,962,180
272761,0.00,962,180
272862,0.00,961,183
272963,0.00,961,183
273064,0.00,960,186
273166,0.00,962,180
273267,0.00,960,186
273368,0.00,964,173
273469,0.00,961,183
273570,0.00,961,183
273672,0.00,963,177
273773,0.00,961,183
273874,0.00,964,173
273975,0.00,964,173
274076,0.00,963,177
274178,0.00,962,180
274279,0.00,964,173
274380,0.00,964,173
274482,0.00,964,173
274582,0.00,962,180
274683,0.00,962,180
274785,0.00,961,183
274886,0.00,964,173
274988,0.00,961,183
275089,0.00,964,173
275189,0.00,965,170
275291,0.00,963,177
275392,0.00,965,170
275493,0.00,962,180
275595,0.00,962,180
275695,0.00,963,177
275796,0.00,963,177
275898,0.00,963,177
275999,0.00,962,180
276101,0.00,963,177
276202,0.00,963,177
276302,0.00,963,177
276404,0.00,964,173
276505,0.00,962,180
276606,0.00,962,180
276708,0.00,963,177
276809,0.00,963,177
276910,0.00,963,177
277011,0.00,962,180
277112,0.00,962,180
277214,0.00,961,183
277315,0.00,964,173
277416,0.00,964,173
277517,0.00,961,183
277618,0.00,962,180
277720,0.00,964,173
277821,0.00,965,170
277922,0.00,961,183
278024,0.00,962,180
278124,0.00,962,180
278225,0.00,963,177
278327,0.00,964,173
278428,0.00,964,173
278530,0.00,962,180
278630,0.00,962,180
278731,0.00,961,183
278833,0.00,962,180
278934,0.00,962,180
279035,0.00,963,177
279137,0.00,963,177
279237,0.00,964,173
279339,0.00,962,180
279440,0.00,958,192
279541,0.00,962,180
279643,0.00,964,173
279744,0.00,962,180
279844,0.00,963,177
279946,0.00,964,173
280047,0.00,962,180
280148,0.00,960,186
280250,0.00,963,177
280351,0.00,962,180
280452,0.00,962,180
280553,0.00,964,173
280654,0.00,964,173
280756,0.00,964,173
280857,0.00,964,173
280958,0.00,962,180
281059,0.00,964,173
281160,0.00,965,170
281262,0.00,963,177
281363,0.00,962,180
281464,0.00,959,189
281565,0.00,962,180
281666,0.00,962,180
281767,0.00,964,173
281869,0.00,963,177
281970,0.00,962,180
282072,0.00,962,180
282172,0.00,960,186
282273,0.00,964,173
282375,0.00,961,183
282476,0.00,964,173
282577,0.00,962,180
282679,0.00,965,170
282779,0.00,960,186
282881,0.00,962,180
282982,0.00,963,177
283083,0.00,965,170
283185,0.00,963,177
283286,0.00,965,170
283386,0.00,965,170
283488,0.00,959,189
283589,0.00,964,173
283691,0.00,961,183
283792,0.00,964,173
283893,0.00,961,183
283994,0.00,964,173
284095,0.00,965,170
# load_kg=2001.00
284197,2001.00,963,177
284299,2001.00,964,173
284400,2001.00,964,173
284502,2001.00,964,173
284603,2001.00,962,180
284704,2001.00,959,189
284806,2001.00,964,173
284907,2001.00,964,173
285008,2001.00,965,170
285110,2001.00,965,170
285211,2001.00,965,170
285313,2001.00,962,180
285414,2001.00,962,180
285515,2001.00,964,173
285617,2001.00,964,173
285718,2001.00,964,173
285819,2001.00,961,183
285921,2001.00,962,180
286022,2001.00,965,170
286124,2001.00,963,177
286225,2001.00,964,173
286326,2001.00,965,170
286427,2001.00,965,170
286528,2001.00,963,177
286629,2001.00,964,173
286731,2001.00,963,177
286832,2001.00,964,173
286934,2001.00,965,170
287035,2001.00,962,180
287136,2001.00,963,177
287238,2001.00,964,173
287339,2001.00,962,180
287440,2001.00,962,180
287542,2001.00,963,177
287643,2001.00,964,173
287745,2001.00,965,170
287846,2001.00,964,173
287947,2001.00,962,180
288049,2001.00,964,173
288150,2001.00,963,177
288251,2001.00,962,180
288353,2001.00,963,177
288454,2001.00,964,173
288556,2001.00,964,173
288657,2001.00,962,180
288758,2001.00,964,173
288860,2001.00,963,177
288961,2001.00,961,183
289062,2001.00,964,173
289164,2001.00,965,170
289265,2001.00,963,177
289367,2001.00,965,170
289468,2001.00,961,183
289569,2001.00,966,167
289671,2001.00,962,180
289772,2001.00,965,170
289873,2001.00,965,170
289975,2001.00,964,173
290076,2001.00,964,173
290178,2001.00,965,170
290279,2001.00,964,173
290380,2001.00,965,170
290482,2001.00,963,177
290583,2001.00,964,173
290684,2001.00,961,183
290786,2001.00,964,173
290887,2001.00,964,173
290989,2001.00,961,183
291090,2001.00,962,180
291191,2001.00,963,177
291293,2001.00,963,177
291394,2001.00,962,180
291495,2001.00,965,170
291597,2001.00,963,177
291698,2001.00,964,173
291800,2001.00,964,173
291901,2001.00,963,177
292002,2001.00,960,186
292104,2001.00,964,173
292205,2001.00,964,173
292306,2001.00,964,173
292408,2001.00,965,170
292509,2001.00,963,177
292611,2001.00,965,170
292712,2001.00,964,173
292813,2001.00,964,173
292915,2001.00,963,177
293016,2001.00,965,170
293117,2001.00,964,173
293219,2001.00,963,177
293320,2001.00,964,173
293422,2001.00,961,183
293523,2001.00,962,180
293624,2001.00,964,173
293726,2001.00,964,173
293827,2001.00,965,170
293928,2001.00,963,177
294030,2001.00,965,170
294131,2001.00,962,180
294232,2001.00,963,177
294333,2001.00,963,177
294434,2001.00,966,167
294536,2001.00,965,170
294637,2001.00,961,183
294738,2001.00,962,180
294840,2001.00,963,177
294941,2001.00,964,173
295043,2001.00,961,183
295144,2001.00,964,173
295245,2001.00,965,170
295347,2001.00,962,180
295448,2001.00,964,173
295549,2001.00,965,170
295651,2001.00,964,173
295752,2001.00,965,170
295854,2001.00,962,180
295955,2001.00,962,180
296056,2001.00,964,173
296158,2001.00,965,170
296259,2001.00,965,170
296360,2001.00,965,170
296462,2001.00,964,173
296563,2001.00,965,170
296665,2001.00,965,170
296766,2001.00,964,173
296867,2001.00,963,177
296969,2001.00,965,170
297070,2001.00,964,173
297171,2001.00,962,180
297273,2001.00,966,167
297374,2001.00,964,173
297476,2001.00,963,177
297577,2001.00,961,183
297678,2001.00,964,173
297780,2001.00,964,173
297881,2001.00,963,177
297982,2001.00,963,177
298084,2001.00,964,173
298185,2001.00,965,170
298287,2001.00,964,173
298388,2001.00,963,177
298489,2001.00,962,180
298591,2001.00,965,170
298692,2001.00,964,173
298793,2001.00,962,180
298895,2001.00,962,180
298996,2001.00,966,167
299098,2001.00,965,170
299199,2001.00,964,173
299300,2001.00,963,177
299402,2001.00,964,173
299503,2001.00,963,177
299604,2001.00,965,170
299706,2001.00,963,177
299807,2001.00,964,173
299909,2001.00,964,173
300010,2001.00,962,180
300111,2001.00,964,173
300213,2001.00,965,170
300314,2001.00,966,167
300416,2001.00,966,167
300517,2001.00,965,170
300618,2001.00,963,177
300720,2001.00,963,177
300821,2001.00,963,177
300922,2001.00,965,170
301024,2001.00,965,170
301125,2001.00,964,173
301227,2001.00,964,173
301328,2001.00,965,170
301429,2001.00,964,173
301531,2001.00,964,173
301632,2001.00,960,186
301733,2001.00,965,170
301835,2001.00,965,170
301936,2001.00,963,177
302036,2001.00,963,177
302138,2001.00,962,180
302239,2001.00,964,173
302341,2001.00,962,180
302442,2001.00,964,173
302543,2001.00,965,170
302645,2001.00,963,177
302746,2001.00,963,177
302848,2001.00,962,180
302949,2001.00,963,177
303050,2001.00,963,177
303152,2001.00,963,177
303253,2001.00,966,167
303354,2001.00,964,173
303456,2001.00,963,177
303557,2001.00,962,180
303659,2001.00,963,177
303760,2001.00,964,173
303861,2001.00,964,173
303963,2001.00,964,173
304064,2001.00,964,173
304165,2001.00,964,173
304267,2001.00,965,170
304368,2001.00,964,173
304470,2001.00,964,173
304571,2001.00,964,173
304672,2001.00,960,186
304774,2001.00,964,173
304875,2001.00,965,170
304976,2001.00,965,170
305078,2001.00,964,173
305179,2001.00,964,173
305281,2001.00,963,177
305382,2001.00,964,173
305483,2001.00,963,177
305585,2001.00,963,177
305686,2001.00,963,177
305787,2001.00,964,173
305889,2001.00,964,173
305990,2001.00,963,177
306092,2001.00,962,180
306193,2001.00,965,170
306294,2001.00,965,170
306396,2001.00,964,173
306497,2001.00,963,177
306598,2001.00,964,173
306700,2001.00,963,177
306801,2001.00,964,173
306903,2001.00,964,173
307004,2001.00,962,180
307105,2001.00,964,173
307207,2001.00,963,177
307308,2001.00,964,173
307409,2001.00,963,177
307511,2001.00,963,177
307612,2001.00,963,177
307714,2001.00,964,173
307815,2001.00,965,170
307916,2001.00,964,173
308018,2001.00,965,170
308119,2001.00,964,173
308220,2001.00,963,177
308322,2001.00,964,173
308423,2001.00,962,180
308525,2001.00,964,173
308626,2001.00,964,173
308727,2001.00,965,170
308829,2001.00,963,177
308930,2001.00,965,170
309031,2001.00,963,177
309133,2001.00,963,177
309234,2001.00,963,177
309336,2001.00,961,183
309437,2001.00,963,177
309538,2001.00,964,173
309640,2001.00,965,170
309741,2001.00,963,177
309842,2001.00,964,173
309944,2001.00,965,170
310045,2001.00,962,180
310147,2001.00,965,170
310248,2001.00,963,177
310349,2001.00,965,170
310451,2001.00,963,177
310551,2001.00,965,170
310652,2001.00,962,180
310754,2001.00,962,180
310855,2001.00,962,180
310957,2001.00,964,173
311058,2001.00,963,177
311159,2001.00,963,177
311261,2001.00,963,177
311362,2001.00,965,170
# load_kg=0.00
311464,0.00,963,177
311566,0.00,965,170
311667,0.00,965,170
311768,0.00,963,177
311869,0.00,966,167
311970,0.00,962,180
312072,0.00,963,177
312173,0.00,965,170
312274,0.00,964,173
312375,0.00,963,177
312476,0.00,964,173
312578,0.00,966,167
312679,0.00,964,173
312780,0.00,965,170
312882,0.00,963,177
312982,0.00,962,180
313083,0.00,964,173
313185,0.00,964,173
313286,0.00,964,173
313388,0.00,961,183
313489,0.00,963,177
313589,0.00,965,170
313691,0.00,962,180
313792,0.00,963,177
313893,0.00,964,173
313995,0.00,963,177
314096,0.00,962,180
314196,0.00,964,173
314298,0.00,965,170
314399,0.00,963,177
314501,0.00,963,177
314602,0.00,964,173
314702,0.00,963,177
314804,0.00,959,189
314905,0.00,964,173
315006,0.00,963,177
315108,0.00,963,177
315209,0.00,964,173
315310,0.00,963,177
315411,0.00,962,180
315512,0.00,965,170
315614,0.00,962,180
315715,0.00,966,167
315816,0.00,965,170
315917,0.00,965,170
316018,0.00,964,173
316120,0.00,962,180
316221,0.00,963,177
316322,0.00,964,173
316424,0.00,962,180
316524,0.00,963,177
316625,0.00,964,173
316727,0.00,963,177
316828,0.00,959,189
316930,0.00,962,180
317031,0.00,964,173
317131,0.00,962,180
317233,0.00,962,180
317334,0.00,963,177
317435,0.00,965,170
317537,0.00,963,177
317638,0.00,965,170
317739,0.00,962,180
317840,0.00,962,180
317941,0.00,961,183
318043,0.00,965,170
318144,0.00,961,183
318244,0.00,959,189
318346,0.00,958,192
318447,0.00,959,189
318548,0.00,957,195
318650,0.00,964,173
318751,0.00,962,180
318852,0.00,959,189
318953,0.00,962,180
319054,0.00,961,183
319156,0.00,958,192
319257,0.00,962,180
319358,0.00,962,180
319459,0.00,962,180
319560,0.00,961,183
319662,0.00,962,180
319763,0.00,962,180
319864,0.00,961,183
319966,0.00,961,183
320066,0.00,960,186
320167,0.00,961,183
320269,0.00,962,180
320370,0.00,961,183
320472,0.00,961,183
320573,0.00,961,183
320673,0.00,961,183
320775,0.00,960,186
320876,0.00,962,180
320977,0.00,962,180
321079,0.00,963,177
321179,0.00,960,186
321281,0.00,962,180
321382,0.00,961,183
321483,0.00,957,195
321585,0.00,964,173
321686,0.00,960,186
321786,0.00,960,186
321888,0.00,959,189
321989,0.00,958,192
322091,0.00,959,189
322192,0.00,960,186
322293,0.00,959,189
322394,0.00,961,183
322495,0.00,960,186
322596,0.00,959,189
322698,0.00,958,192
322799,0.00,960,186
322900,0.00,959,189
323001,0.00,962,180
323102,0.00,961,183
323204,0.00,961,183
323305,0.00,959,189
323406,0.00,962,180
323508,0.00,962,180
323608,0.00,962,180
323709,0.00,963,177
323811,0.00,958,192
323912,0.00,960,186
324014,0.00,959,189
324114,0.00,960,186
324215,0.00,961,183
324317,0.00,962,180
324418,0.00,960,186
324519,0.00,961,183
324621,0.00,959,189
324721,0.00,961,183
324823,0.00,961,183
324924,0.00,962,180
325025,0.00,961,183
325127,0.00,960,186
325228,0.00,961,183
325328,0.00,960,186
325430,0.00,957,195
325531,0.00,961,183
325633,0.00,961,183
325734,0.00,962,180
325835,0.00,961,183
325936,0.00,961,183
326037,0.00,961,183
326138,0.00,959,189
326240,0.00,959,189
326341,0.00,962,180
326443,0.00,961,183
326543,0.00,960,186
326644,0.00,961,183
326746,0.00,959,189
326847,0.00,960,186
326948,0.00,961,183
# load_kg=1623.00
327050,1623.00,961,183
327151,1623.00,962,180
327252,1623.00,962,180
327354,1623.00,962,180
327455,1623.00,962,180
327557,1623.00,962,180
327658,1623.00,962,180
327759,1623.00,959,189
327861,1623.00,961,183
327962,1623.00,960,186
328064,1623.00,960,186
328165,1623.00,963,177
328266,1623.00,961,183
328368,1623.00,959,189
328469,1623.00,962,180
328570,1623.00,961,183
328672,1623.00,962,180
328773,1623.00,962,180
328875,1623.00,962,180
328976,1623.00,961,183
329077,1623.00,959,189
329179,1623.00,960,186
329280,1623.00,959,189
329381,1623.00,962,180
329483,1623.00,963,177
329584,1623.00,964,173
329686,1623.00,961,183
329787,1623.00,960,186
329888,1623.00,959,189
329990,1623.00,960,186
330091,1623.00,961,183
330192,1623.00,962,180
330294,1623.00,963,177
330395,1623.00,960,186
330497,1623.00,964,173
330598,1623.00,961,183
330699,1623.00,960,186
330801,1623.00,962,180
330902,1623.00,962,180
331003,1623.00,961,183
331105,1623.00,960,186
331206,1623.00,961,183
331308,1623.00,961,183
331409,1623.00,961,183
331510,1623.00,961,183
331612,1623.00,962,180
331713,1623.00,960,186
331814,1623.00,960,186
331916,1623.00,960,186
332017,1623.00,961,183
332119,1623.00,961,183
332220,1623.00,962,180
332320,1623.00,962,180
332422,1623.00,960,186
332523,1623.00,960,186
332624,1623.00,959,189
332726,1623.00,959,189
332827,1623.00,962,180
332929,1623.00,961,183
333030,1623.00,962,180
333131,1623.00,960,186
333233,1623.00,963,177
333334,1623.00,961,183
333435,1623.00,959,189
333537,1623.00,959,189
333638,1623.00,961,183
333740,1623.00,962,180
333841,1623.00,963,177
333942,1623.00,962,180
334044,1623.00,961,183
334145,1623.00,961,183
334246,1623.00,962,180
334348,1623.00,964,173
334449,1623.00,962,180
334551,1623.00,959,189
334652,1623.00,963,177
334753,1623.00,963,177
334855,1623.00,963,177
334956,1623.00,964,173
335057,1623.00,962,180
335159,1623.00,960,186
335260,1623.00,961,183
335362,1623.00,959,189
335463,1623.00,963,177
335564,1623.00,961,183
335666,1623.00,962,180
335767,1623.00,960,186
335868,1623.00,959,189
335970,1623.00,962,180
336071,1623.00,957,195
336173,1623.00,961,183
336274,1623.00,959,189
336375,1623.00,962,180
336477,1623.00,960,186
336578,1623.00,961,183
336679,1623.00,964,173
336781,1623.00,961,183
336882,1623.00,961,183
336984,1623.00,962,180
337085,1623.00,959,189
337186,1623.00,962,180
337288,1623.00,962,180
337389,1623.00,963,177
337490,1623.00,961,183
337592,1623.00,963,177
337693,1623.00,961,183
337795,1623.00,961,183
337896,1623.00,959,189
337997,1623.00,962,180
338099,1623.00,962,180
338200,1623.00,963,177
338301,1623.00,961,183
338403,1623.00,961,183
338504,1623.00,961,183
338606,1623.00,964,173
338707,1623.00,961,183
338808,1623.00,962,180
338910,1623.00,961,183
339011,1623.00,958,192
339112,1623.00,964,173
339214,1623.00,961,183
339315,1623.00,962,180
339417,1623.00,962,180
339518,1623.00,962,180
339619,1623.00,961,183
339721,1623.00,962,180
339822,1623.00,961,183
339922,1623.00,962,180
340024,1623.00,964,173
340125,1623.00,962,180
340227,1623.00,961,183
340328,1623.00,964,173
340429,1623.00,961,183
340531,1623.00,963,177
340632,1623.00,960,186
340733,1623.00,963,177
340835,1623.00,961,183
340936,1623.00,963,177
341038,1623.00,964,173
341139,1623.00,961,183
341240,1623.00,962,180
341342,1623.00,961,183
341443,1623.00,959,189
341544,1623.00,964,173
341646,1623.00,961,183
341747,1623.00,962,180
341849,1623.00,961,183
341950,1623.00,961,183
342051,1623.00,963,177
342153,1623.00,962,180
342254,1623.00,961,183
342355,1623.00,962,180
342457,1623.00,961,183
342558,1623.00,961,183
342660,1623.00,962,180
342761,1623.00,962,180
342862,1623.00,961,183
342964,1623.00,959,189
343065,1623.00,959,189
343166,1623.00,961,183
343268,1623.00,963,177
343369,1623.00,964,173
343471,1623.00,962,180
343572,1623.00,961,183
343673,1623.00,962,180
343775,1623.00,961,183
343876,1623.00,960,186
343977,1623.00,962,180
344079,1623.00,962,180
344180,1623.00,964,173
344282,1623.00,962,180
344383,1623.00,962,180
344484,1623.00,961,183
344586,1623.00,961,183
344687,1623.00,961,183
344788,1623.00,964,173
344890,1623.00,962,180
344991,1623.00,962,180
345093,1623.00,961,183
345194,1623.00,962,180
345295,1623.00,961,183
345397,1623.00,961,183
345498,1623.00,961,183
345600,1623.00,964,173
345701,1623.00,963,177
345802,1623.00,962,180
345904,1623.00,960,186
346005,1623.00,962,180
346106,1623.00,962,180
346208,1623.00,962,180
346309,1623.00,961,183
346411,1623.00,962,180
346512,1623.00,963,177
346613,1623.00,961,183
346715,1623.00,961,183
346816,1623.00,963,177
346917,1623.00,962,180
347019,1623.00,962,180
# load_kg=0.00
347120,0.00,963,177
347222,0.00,962,180
347323,0.00,963,177
347424,0.00,962,180
347525,0.00,962,180
347626,0.00,962,180
347727,0.00,961,183
347829,0.00,962,180
347930,0.00,961,183
348032,0.00,962,180
348132,0.00,963,177
348233,0.00,959,189
348335,0.00,961,183
348436,0.00,962,180
348537,0.00,962,180
348638,0.00,962,180
348739,0.00,961,183
348840,0.00,962,180
348942,0.00,964,173
349043,0.00,961,183
349145,0.00,962,180
349245,0.00,962,180
349346,0.00,962,180
349448,0.00,962,180
349549,0.00,962,180
349650,0.00,961,183
349752,0.00,964,173
349852,0.00,962,180
349954,0.00,962,180
350055,0.00,961,183
350156,0.00,962,180
350258,0.00,965,170
350359,0.00,961,183
350459,0.00,962,180
350561,0.00,963,177
350662,0.00,963,177
350764,0.00,961,183
350865,0.00,963,177
350966,0.00,961,183
351067,0.00,961,183
351168,0.00,961,183
351269,0.00,959,189
351371,0.00,961,183
351472,0.00,964,173
351572,0.00,965,170
351674,0.00,962,180
351775,0.00,962,180
351877,0.00,961,183
351978,0.00,961,183
352079,0.00,964,173
352180,0.00,962,180
352281,0.00,962,180
352382,0.00,961,183
352484,0.00,962,180
352585,0.00,964,173
352687,0.00,962,180
352787,0.00,962,180
352888,0.00,962,180
352990,0.00,962,180
353091,0.00,964,173
353192,0.00,964,173
353294,0.00,962,180
353394,0.00,963,177
353496,0.00,961,183
353597,0.00,964,173
353698,0.00,961,183
353800,0.00,962,180
353901,0.00,962,180
354001,0.00,964,173
354103,0.00,964,173
354204,0.00,962,180
354306,0.00,959,189
354407,0.00,961,183
354507,0.00,962,180
354609,0.00,959,189
354710,0.00,961,183
354811,0.00,963,177
354913,0.00,961,183
355014,0.00,961,183
355115,0.00,961,183
355216,0.00,962,180
355317,0.00,963,177
355419,0.00,961,183
355520,0.00,962,180
355621,0.00,962,180
355722,0.00,961,183
355823,0.00,961,183
355924,0.00,960,186
356026,0.00,963,177
356127,0.00,962,180
356229,0.00,962,180
356329,0.00,961,183
356430,0.00,963,177
356532,0.00,962,180
356633,0.00,960,186
356734,0.00,963,177
356836,0.00,960,186
356936,0.00,962,180
357038,0.00,963,177
357139,0.00,963,177
357240,0.00,961,183
357342,0.00,961,183
357442,0.00,961,183
357543,0.00,964,173
357645,0.00,961,183
357746,0.00,963,177
357848,0.00,962,180
357949,0.00,962,180
358049,0.00,963,177
358151,0.00,962,180
358252,0.00,962,180
358353,0.00,963,177
358455,0.00,961,183
358556,0.00,960,186
358657,0.00,962,180
358758,0.00,961,183
358859,0.00,962,180
358961,0.00,960,186
359062,0.00,961,183
359163,0.00,959,189
359264,0.00,963,177
359365,0.00,961,183
359467,0.00,963,177
359568,0.00,959,189
359669,0.00,962,180
359771,0.00,961,183
359871,0.00,963,177
359972,0.00,961,183
# load_kg=1423.00
360075,1423.00,961,183
360176,1423.00,963,177
360278,1423.00,962,180
360379,1423.00,964,173
360480,1423.00,960,186
360582,1423.00,964,173
360683,1423.00,957,195
360784,1423.00,963,177
360886,1423.00,962,180
360987,1423.00,962,180
361089,1423.00,964,173
361190,1423.00,961,183
361291,1423.00,962,180
361393,1423.00,962,180
361494,1423.00,960,186
361595,1423.00,961,183
361697,1423.00,963,177
361798,1423.00,964,173
361900,1423.00,960,186
362001,1423.00,962,180
362102,1423.00,963,177
362203,1423.00,961,183
362304,1423.00,964,173
362405,1423.00,961,183
362507,1423.00,963,177
362608,1423.00,961,183
362710,1423.00,962,180
362811,1423.00,963,177
362912,1423.00,963,177
363014,1423.00,961,183
363115,1423.00,964,173
363216,1423.00,962,180
363318,1423.00,960,186
363419,1423.00,962,180
363521,1423.00,961,183
363622,1423.00,962,180
363723,1423.00,963,177
363825,1423.00,964,173
363926,1423.00,961,183
364027,1423.00,962,180
364129,1423.00,962,180
364230,1423.00,961,183
364332,1423.00,962,180
364433,1423.00,963,177
364534,1423.00,962,180
364636,1423.00,961,183
364737,1423.00,961,183
364838,1423.00,962,180
364940,1423.00,962,180
365041,1423.00,961,183
365143,1423.00,963,177
365244,1423.00,961,183
365345,1423.00,963,177
365447,1423.00,960,186
365548,1423.00,961,183
365649,1423.00,962,180
365751,1423.00,962,180
365852,1423.00,962,180
365954,1423.00,961,183
366055,1423.00,962,180
366156,1423.00,961,183
366258,1423.00,962,180
366359,1423.00,963,177
366460,1423.00,961,183
366562,1423.00,959,189
366663,1423.00,963,177
366765,1423.00,961,183
366866,1423.00,960,186
366967,1423.00,961,183
367069,1423.00,961,183
367170,1423.00,962,180
367271,1423.00,962,180
367373,1423.00,958,192
367474,1423.00,962,180
367576,1423.00,963,177
367677,1423.00,960,186
367778,1423.00,961,183
367880,1423.00,961,183
367981,1423.00,961,183
368082,1423.00,962,180
368184,1423.00,961,183
368285,1423.00,963,177
368387,1423.00,961,183
368488,1423.00,962,180
368589,1423.00,962,180
368691,1423.00,962,180
368792,1423.00,962,180
368893,1423.00,962,180
368995,1423.00,963,177
369096,1423.00,962,180
369198,1423.00,962,180
369299,1423.00,958,192
369400,1423.00,964,173
369502,1423.00,963,177
369603,1423.00,961,183
369704,1423.00,961,183
369806,1423.00,961,183
369907,1423.00,961,183
370009,1423.00,962,180
370110,1423.00,962,180
370211,1423.00,962,180
370312,1423.00,961,183
370413,1423.00,960,186
370514,1423.00,964,173
370616,1423.00,961,183
370717,1423.00,964,173
370819,1423.00,965,170
370920,1423.00,962,180
371021,1423.00,962,180
371123,1423.00,961,183
371224,1423.00,962,180
371325,1423.00,958,192
371427,1423.00,962,180
371528,1423.00,964,173
371630,1423.00,961,183
371731,1423.00,961,183
371832,1423.00,963,177
371934,1423.00,962,180
372035,1423.00,963,177
372136,1423.00,963,177
372238,1423.00,960,186
372339,1423.00,962,180
372441,1423.00,962,180
372542,1423.00,961,183
372643,1423.00,962,180
372745,1423.00,961,183
372846,1423.00,962,180
372947,1423.00,961,183
373049,1423.00,964,173
373150,1423.00,964,173
373252,1423.00,963,177
373353,1423.00,962,180
373454,1423.00,961,183
373556,1423.00,962,180
373657,1423.00,962,180
373758,1423.00,962,180
373860,1423.00,964,173
373961,1423.00,962,180
374063,1423.00,959,189
374164,1423.00,962,180
374265,1423.00,962,180
374367,1423.00,961,183
374468,1423.00,961,183
374569,1423.00,961,183
374671,1423.00,962,180
374772,1423.00,962,180
374874,1423.00,963,177
374975,1423.00,962,180
375076,1423.00,961,183
375178,1423.00,962,180
375279,1423.00,961,183
375380,1423.00,957,195
375482,1423.00,962,180
375583,1423.00,961,183
375685,1423.00,961,183
375786,1423.00,963,177
375887,1423.00,962,180
375989,1423.00,962,180
376090,1423.00,962,180
376192,1423.00,962,180
376293,1423.00,961,183
376394,1423.00,962,180
376496,1423.00,962,180
376597,1423.00,961,183
376698,1423.00,962,180
376800,1423.00,961,183
376901,1423.00,962,180
377003,1423.00,961,183
377104,1423.00,961,183
377205,1423.00,962,180
377307,1423.00,962,180
377408,1423.00,962,180
377509,1423.00,962,180
377611,1423.00,962,180
377712,1423.00,963,177
377814,1423.00,963,177
377915,1423.00,962,180
378016,1423.00,961,183
378118,1423.00,962,180
378219,1423.00,964,173
378320,1423.00,962,180
378421,1423.00,959,189
378522,1423.00,964,173
378624,1423.00,963,177
378725,1423.00,961,183
378826,1423.00,962,180
378928,1423.00,964,173
379029,1423.00,962,180
379130,1423.00,962,180
379232,1423.00,962,180
379333,1423.00,960,186
379435,1423.00,961,183
379536,1423.00,962,180
379637,1423.00,962,180
379739,1423.00,963,177
379840,1423.00,962,180
379941,1423.00,962,180
380043,1423.00,964,173
380144,1423.00,964,173
380246,1423.00,961,183
380347,1423.00,962,180
380448,1423.00,964,173
380550,1423.00,961,183
380651,1423.00,964,173
380752,1423.00,961,183
380854,1423.00,961,183
380955,1423.00,961,183
381057,1423.00,961,183
381158,1423.00,962,180
381259,1423.00,962,180
381361,1423.00,962,180
381462,1423.00,964,173
381563,1423.00,964,173
381665,1423.00,964,173
381766,1423.00,961,183
381868,1423.00,959,189
381969,1423.00,962,180
382070,1423.00,964,173
382172,1423.00,961,183
382273,1423.00,962,180
382374,1423.00,962,180
382476,1423.00,962,180
382577,1423.00,964,173
382679,1423.00,962,180
382780,1423.00,961,183
382881,1423.00,962,180
382983,1423.00,961,183
383084,1423.00,961,183
383185,1423.00,964,173
383287,1423.00,959,189
383388,1423.00,964,173
383490,1423.00,962,180
383591,1423.00,964,173
383692,1423.00,962,180
383794,1423.00,961,183
383895,1423.00,962,180
383996,1423.00,962,180
384098,1423.00,963,177
384199,1423.00,961,183
384301,1423.00,963,177
384402,1423.00,961,183
384503,1423.00,962,180
384605,1423.00,964,173
384706,1423.00,961,183
384807,1423.00,964,173
384909,1423.00,964,173
385010,1423.00,961,183
385112,1423.00,963,177
385213,1423.00,959,189
385314,1423.00,962,180
385416,1423.00,962,180
385517,1423.00,962,180
385618,1423.00,964,173
385720,1423.00,961,183
385821,1423.00,961,183
385923,1423.00,963,177
386024,1423.00,963,177
386125,1423.00,962,180
386227,1423.00,962,180
386328,1423.00,962,180
386429,1423.00,961,183
386531,1423.00,959,189
386632,1423.00,962,180
386734,1423.00,962,180
386835,1423.00,961,183
386936,1423.00,962,180
387038,1423.00,961,183
387139,1423.00,962,180
387240,1423.00,962,180
387342,1423.00,960,186
387442,1423.00,961,183
387544,1423.00,961,183
387645,1423.00,962,180
387746,1423.00,964,173
387848,1423.00,962,180
387949,1423.00,963,177
388050,1423.00,964,173
388152,1423.00,961,183
388253,1423.00,961,183
388355,1423.00,961,183
388456,1423.00,962,180
388557,1423.00,962,180
388659,1423.00,963,177
388760,1423.00,962,180
388861,1423.00,962,180
388963,1423.00,962,180
389064,1423.00,962,180
389166,1423.00,959,189
389267,1423.00,962,180
389368,1423.00,964,173
389470,1423.00,961,183
389571,1423.00,964,173
389672,1423.00,962,180
# load_kg=0.00
389775,0.00,962,180
389876,0.00,962,180
389977,0.00,962,180
390078,0.00,963,177
390179,0.00,962,180
390281,0.00,962,180
390382,0.00,964,173
390483,0.00,962,180
390584,0.00,958,192
390685,0.00,962,180
390787,0.00,962,180
390888,0.00,962,180
390989,0.00,964,173
391091,0.00,962,180
391191,0.00,959,189
391292,0.00,963,177
391394,0.00,963,177
391495,0.00,962,180
391597,0.00,963,177
391698,0.00,961,183
391798,0.00,961,183
391900,0.00,961,183
392001,0.00,964,173
392102,0.00,962,180
392204,0.00,961,183
392305,0.00,962,180
392406,0.00,963,177
392507,0.00,959,189
392608,0.00,885,442
392710,0.00,0,-1
392810,0.00,224,10105
392911,0.00,226,9991
393013,0.00,222,10222
393114,0.00,203,11444
393216,0.00,181,13179
393317,0.00,180,13268
393418,0.00,162,15057
393520,0.00,133,18958
393621,0.00,86,30867
393722,0.00,61,44678
393823,0.00,0,-1
393924,0.00,0,-1
394025,0.00,0,-1
394126,0.00,0,-1
394227,0.00,0,-1
394328,0.00,0,-1
394429,0.00,0,-1
394530,0.00,0,-1
394631,0.00,0,-1
394732,0.00,0,-1
394832,0.00,0,-1
394934,0.00,0,-1
395034,0.00,0,-1
395136,0.00,0,-1
395237,0.00,0,-1
395337,0.00,0,-1
395439,0.00,0,-1
395539,0.00,1,-1
395640,0.00,0,-1
395742,0.00,0,-1
395842,0.00,0,-1
395943,0.00,0,-1
396044,0.00,0,-1
396145,0.00,0,-1
396246,0.00,0,-1
396347,0.00,0,-1
396448,0.00,0,-1
396549,0.00,0,-1
396650,0.00,0,-1
396750,0.00,0,-1
396852,0.00,0,-1
396953,0.00,0,-1
397053,0.00,0,-1
397155,0.00,0,-1
397255,0.00,0,-1
397357,0.00,0,-1
397458,0.00,0,-1
397558,0.00,0,-1
397660,0.00,1,-1
397760,0.00,0,-1
397861,0.00,0,-1
397962,0.00,0,-1
398063,0.00,0,-1
398164,0.00,223,10163
398266,0.00,551,2427
398366,0.00,774,911
398468,0.00,863,525
398569,0.00,885,442
398670,0.00,909,355
398772,0.00,912,345
398873,0.00,914,338
398973,0.00,913,341
399075,0.00,909,355
399176,0.00,908,359
399278,0.00,911,348
399379,0.00,910,352
399480,0.00,908,359
399581,0.00,910,352
399682,0.00,913,341
399783,0.00,910,352
399885,0.00,911,348
399986,0.00,911,348
400088,0.00,912,345
400188,0.00,914,338
400289,0.00,912,345
400391,0.00,913,341
400492,0.00,911,348
400593,0.00,915,334
400695,0.00,912,345
400795,0.00,912,345
400897,0.00,914,338
400998,0.00,914,338
401099,0.00,913,341
401201,0.00,914,338
401302,0.00,914,338
401402,0.00,914,338
401504,0.00,914,338
401605,0.00,913,341
401707,0.00,916,331
401808,0.00,914,338
401908,0.00,914,338
402010,0.00,915,334
402111,0.00,917,327
402212,0.00,913,341
402314,0.00,912,345
402415,0.00,913,341
402515,0.00,915,334
402617,0.00,917,327
402718,0.00,913,341
402820,0.00,914,338
402921,0.00,914,338
403022,0.00,914,338
403123,0.00,915,334
403224,0.00,916,331
403325,0.00,916,331
403427,0.00,915,334
403528,0.00,917,327
403630,0.00,917,327
403730,0.00,918,324
403831,0.00,915,334
403933,0.00,914,338
404034,0.00,916,331
404135,0.00,917,327
404237,0.00,914,338
404337,0.00,918,324
404439,0.00,917,327
404540,0.00,915,334
404641,0.00,914,338
404743,0.00,881,457
404844,0.00,649,1633
404944,0.00,0,-1
405046,0.00,0,-1
405147,0.00,0,-1
405248,0.00,0,-1
405349,0.00,0,-1
405449,0.00,0,-1
405551,0.00,0,-1
405651,0.00,0,-1
405752,0.00,1,-1
405854,0.00,0,-1
405954,0.00,0,-1
406055,0.00,0,-1
406156,0.00,0,-1
406257,0.00,0,-1
406359,0.00,0,-1
406459,0.00,0,-1
406560,0.00,0,-1
406661,0.00,0,-1
406762,0.00,202,11514
406863,0.00,232,9659
406965,0.00,205,11304
407066,0.00,256,8488
407168,0.00,277,7630
407268,0.00,303,6732
407369,0.00,469,3346
407471,0.00,887,434
407572,0.00,866,514
407673,0.00,879,464
407775,0.00,879,464
407875,0.00,881,457
407976,0.00,884,445
408078,0.00,887,434
408179,0.00,884,445
408281,0.00,886,438
408382,0.00,885,442
408482,0.00,886,438
408584,0.00,885,442
408685,0.00,886,438
408786,0.00,886,438
408888,0.00,887,434
408989,0.00,887,434
409090,0.00,887,434
409191,0.00,887,434
409292,0.00,887,434
409394,0.00,890,423
409495,0.00,889,427
409596,0.00,888,431
409697,0.00,888,431
409798,0.00,890,423
409900,0.00,888,431
410001,0.00,888,431
410102,0.00,888,431
410204,0.00,889,427
410304,0.00,889,427
410405,0.00,888,431
410507,0.00,889,427
410608,0.00,888,431
410710,0.00,890,423
410810,0.00,887,434
410911,0.00,889,427
411013,0.00,892,416
411114,0.00,890,423
411215,0.00,890,423
411317,0.00,888,431
411417,0.00,891,420
411518,0.00,890,423
411620,0.00,892,416
411721,0.00,890,423
411823,0.00,891,420
411924,0.00,891,420
412024,0.00,890,423
412126,0.00,892,416
412227,0.00,891,420
412328,0.00,891,420
412430,0.00,892,416
412531,0.00,890,423
412632,0.00,892,416
412733,0.00,893,412
412834,0.00,891,420
412936,0.00,893,412
413037,0.00,891,420
413138,0.00,891,420
413239,0.00,891,420
413340,0.00,893,412
413442,0.00,893,412
413543,0.00,892,416
413644,0.00,890,423
413746,0.00,892,416
413846,0.00,892,416
413947,0.00,892,416
414049,0.00,893,412
414150,0.00,892,416
414252,0.00,892,416
414352,0.00,891,420
414453,0.00,892,416
414555,0.00,892,416
414656,0.00,891,420
414757,0.00,892,416
414859,0.00,893,412
414959,0.00,892,416
415060,0.00,893,412
415162,0.00,893,412
415263,0.00,893,412
415365,0.00,895,405
415466,0.00,891,420
415566,0.00,895,405
415668,0.00,893,412
415769,0.00,894,409
415870,0.00,892,416
415972,0.00,892,416
416073,0.00,893,412
# load_kg=1000.00
416175,1000.00,894,409
416276,1000.00,891,420
416377,1000.00,895,405
416479,1000.00,895,405
416580,1000.00,896,402
416681,1000.00,893,412
416783,1000.00,894,409
416884,1000.00,893,412
416986,1000.00,895,405
417087,1000.00,894,409
417188,1000.00,893,412
417290,1000.00,896,402
417391,1000.00,893,412
417492,1000.00,893,412
417594,1000.00,895,405
417695,1000.00,894,409
417797,1000.00,895,405
417898,1000.00,894,409
417999,1000.00,894,409
418101,1000.00,897,398
418202,1000.00,893,412
418304,1000.00,894,409
418405,1000.00,895,405
418506,1000.00,895,405
418608,1000.00,893,412
418709,1000.00,895,405
418810,1000.00,895,405
418912,1000.00,895,405
419013,1000.00,895,405
419115,1000.00,895,405
419216,1000.00,895,405
419317,1000.00,896,402
419419,1000.00,894,409
419520,1000.00,897,398
419621,1000.00,894,409
419723,1000.00,894,409
419824,1000.00,895,405
419926,1000.00,895,405
420027,1000.00,895,405
420128,1000.00,895,405
420230,1000.00,896,402
420331,1000.00,895,405
420432,1000.00,897,398
420534,1000.00,895,405
420635,1000.00,896,402
420737,1000.00,897,398
420838,1000.00,893,412
420939,1000.00,896,402
421041,1000.00,895,405
421142,1000.00,894,409
421243,1000.00,895,405
421345,1000.00,895,405
421446,1000.00,896,402
421548,1000.00,895,405
421649,1000.00,896,402
421750,1000.00,895,405
421852,1000.00,895,405
421953,1000.00,895,405
422054,1000.00,897,398
422156,1000.00,895,405
422257,1000.00,895,405
422359,1000.00,897,398
422460,1000.00,894,409
422561,1000.00,897,398
422663,1000.00,898,394
422764,1000.00,895,405
422865,1000.00,895,405
422967,1000.00,897,398
423068,1000.00,898,394
423170,1000.00,896,402
423270,1000.00,898,394
423371,1000.00,897,398
423473,1000.00,896,402
423574,1000.00,896,402
423675,1000.00,894,409
423777,1000.00,895,405
423878,1000.00,897,398
423980,1000.00,897,398
424081,1000.00,895,405
424182,1000.00,895,405
424284,1000.00,895,405
424385,1000.00,898,394
424486,1000.00,896,402
424588,1000.00,897,398
424689,1000.00,897,398
424791,1000.00,895,405
424892,1000.00,896,402
424993,1000.00,896,402
425095,1000.00,897,398
425196,1000.00,898,394
425297,1000.00,896,402
425399,1000.00,897,398
425500,1000.00,896,402
425602,1000.00,897,398
425703,1000.00,895,405
425804,1000.00,896,402
425906,1000.00,896,402
426007,1000.00,898,394
426108,1000.00,895,405
426210,1000.00,896,402
426311,1000.00,897,398
426413,1000.00,897,398
426514,1000.00,898,394
426615,1000.00,895,405
426717,1000.00,895,405
426818,1000.00,895,405
426919,1000.00,896,402
427021,1000.00,898,394
427122,1000.00,898,394
427224,1000.00,895,405
427325,1000.00,896,402
427426,1000.00,897,398
427528,1000.00,897,398
427629,1000.00,896,402
427730,1000.00,895,405
427832,1000.00,897,398
427933,1000.00,897,398
428035,1000.00,896,402
428136,1000.00,898,394
428237,1000.00,895,405
428339,1000.00,896,402
428440,1000.00,897,398
428541,1000.00,894,409
428643,1000.00,898,394
428744,1000.00,897,398
428846,1000.00,897,398
428947,1000.00,897,398
429048,1000.00,895,405
429150,1000.00,896,402
429251,1000.00,898,394
429352,1000.00,897,398
429454,1000.00,897,398
429555,1000.00,896,402
429657,1000.00,897,398
429758,1000.00,895,405
429859,1000.00,897,398
429961,1000.00,898,394
430062,1000.00,897,398
430163,1000.00,898,394
430265,1000.00,898,394
430366,1000.00,899,391
430468,1000.00,898,394
430569,1000.00,899,391
430670,1000.00,899,391
430772,1000.00,896,402
430873,1000.00,898,394
430974,1000.00,897,398
431076,1000.00,896,402
431177,1000.00,896,402
431279,1000.00,897,398
431380,1000.00,897,398
431481,1000.00,898,394
431583,1000.00,898,394
431684,1000.00,897,398
431785,1000.00,898,394
431887,1000.00,898,394
431988,1000.00,896,402
432090,1000.00,897,398
432191,1000.00,897,398
432292,1000.00,898,394
432394,1000.00,898,394
432495,1000.00,898,394
432596,1000.00,895,405
432698,1000.00,897,398
432799,1000.00,900,387
432901,1000.00,897,398
433002,1000.00,898,394
433103,1000.00,897,398
433205,1000.00,899,391
433306,1000.00,897,398
433408,1000.00,898,394
433509,1000.00,899,391
433610,1000.00,900,387
433712,1000.00,896,402
433813,1000.00,896,402
433914,1000.00,898,394
434016,1000.00,898,394
434117,1000.00,898,394
434219,1000.00,898,394
434320,1000.00,897,398
434421,1000.00,898,394
434523,1000.00,897,398
434624,1000.00,894,409
434725,1000.00,898,394
434827,1000.00,897,398
434928,1000.00,899,391
435030,1000.00,900,387
435131,1000.00,898,394
435232,1000.00,898,394
435334,1000.00,898,394
435435,1000.00,898,394
435536,1000.00,896,402
435638,1000.00,897,398
435739,1000.00,897,398
435841,1000.00,899,391
435942,1000.00,899,391
436042,1000.00,898,394
436144,1000.00,898,394
436245,1000.00,898,394
436346,1000.00,898,394
436448,1000.00,897,398
436549,1000.00,900,387
436651,1000.00,898,394
436752,1000.00,898,394
436853,1000.00,900,387
436955,1000.00,900,387
437056,1000.00,898,394
437157,1000.00,898,394
437259,1000.00,898,394
437360,1000.00,898,394
437462,1000.00,898,394
437563,1000.00,898,394
437664,1000.00,898,394
437766,1000.00,899,391
437867,1000.00,897,398
437968,1000.00,900,387
438070,1000.00,899,391
438171,1000.00,898,394
438273,1000.00,899,391
438374,1000.00,900,387
438475,1000.00,898,394
438577,1000.00,898,394
438678,1000.00,899,391
438779,1000.00,900,387
438881,1000.00,898,394
438982,1000.00,900,387
439084,1000.00,897,398
439185,1000.00,895,405
439286,1000.00,898,394
439388,1000.00,897,398
439489,1000.00,897,398
439590,1000.00,897,398
439692,1000.00,894,409
439793,1000.00,896,402
439895,1000.00,900,387
439996,1000.00,894,409
440097,1000.00,898,394
440199,1000.00,899,391
440300,1000.00,897,398
440401,1000.00,898,394
440503,1000.00,898,394
440604,1000.00,898,394
440706,1000.00,897,398
440807,1000.00,897,398
440908,1000.00,898,394
441010,1000.00,897,398
441111,1000.00,897,398
441212,1000.00,899,391
441314,1000.00,897,398
441415,1000.00,897,398
441517,1000.00,897,398
441618,1000.00,898,394
441719,1000.00,897,398
441821,1000.00,899,391
441922,1000.00,898,394
442023,1000.00,897,398
442125,1000.00,900,387
442226,1000.00,898,394
442328,1000.00,899,391
442429,1000.00,897,398
442530,1000.00,898,394
442632,1000.00,899,391
442733,1000.00,898,394
442834,1000.00,898,394
442936,1000.00,899,391
443037,1000.00,898,394
443139,1000.00,897,398
443240,1000.00,898,394
443341,1000.00,898,394
443443,1000.00,898,394
443544,1000.00,898,394
443645,1000.00,899,391
443747,1000.00,898,394
443848,1000.00,900,387
443950,1000.00,900,387
444051,1000.00,895,405
444152,1000.00,899,391
444254,1000.00,897,398
444355,1000.00,899,391
444456,1000.00,898,394
444558,1000.00,897,398
444659,1000.00,898,394
444761,1000.00,899,391
444862,1000.00,897,398
444963,1000.00,898,394
445065,1000.00,900,387
445166,1000.00,898,394
445267,1000.00,899,391
445369,1000.00,898,394
445470,1000.00,898,394
445572,1000.00,897,398
445673,1000.00,899,391
445774,1000.00,900,387
445876,1000.00,900,387
445977,1000.00,898,394
446078,1000.00,898,394
446180,1000.00,900,387
446281,1000.00,899,391
446383,1000.00,895,405
446484,1000.00,900,387
446585,1000.00,900,387
446687,1000.00,901,384
446788,1000.00,899,391
446889,1000.00,899,391
446991,1000.00,899,391
447092,1000.00,901,384
447194,1000.00,901,384
447295,1000.00,899,391
447396,1000.00,900,387
447498,1000.00,900,387
447599,1000.00,901,384
447700,1000.00,899,391
447802,1000.00,900,387
447903,1000.00,901,384
448005,1000.00,899,391
# load_kg=0.00
448106,0.00,900,387
448207,0.00,898,394
448309,0.00,900,387
448410,0.00,899,391
448510,0.00,900,387
448612,0.00,899,391
448713,0.00,900,387
448815,0.00,900,387
448916,0.00,902,380
449017,0.00,899,391
449118,0.00,900,387
449219,0.00,901,384
449320,0.00,901,384
449422,0.00,902,380
449523,0.00,901,384
449625,0.00,900,387
449725,0.00,900,387
449826,0.00,901,384
449928,0.00,900,387
450029,0.00,900,387
450130,0.00,901,384
450232,0.00,900,387
450332,0.00,903,376
450434,0.00,903,376
450535,0.00,900,387
450636,0.00,893,412
450738,0.00,0,-1
450838,0.00,0,-1
450939,0.00,54,50837
451041,0.00,0,-1
451141,0.00,0,-1
451243,0.00,0,-1
451343,0.00,0,-1
451444,0.00,0,-1
451546,0.00,0,-1
451646,0.00,0,-1
451747,0.00,0,-1
451848,0.00,0,-1
451949,0.00,0,-1
452050,0.00,0,-1
452151,0.00,0,-1
452252,0.00,0,-1
452353,0.00,0,-1
452454,0.00,0,-1
452554,0.00,0,-1
452656,0.00,0,-1
452757,0.00,0,-1
452857,0.00,0,-1
452959,0.00,0,-1
453059,0.00,0,-1
453160,0.00,0,-1
453262,0.00,0,-1
453362,0.00,0,-1
453464,0.00,0,-1
453564,0.00,0,-1
453665,0.00,0,-1
453766,0.00,0,-1
453867,0.00,0,-1
453968,0.00,0,-1
454069,0.00,0,-1
454170,0.00,0,-1
454270,0.00,0,-1
454372,0.00,0,-1
454473,0.00,0,-1
454574,0.00,0,-1
454675,0.00,0,-1
454775,0.00,0,-1
454877,0.00,0,-1
454977,0.00,0,-1
455078,0.00,1,-1
455180,0.00,0,-1
455280,0.00,0,-1
455382,0.00,0,-1
455482,0.00,1,-1
455583,0.00,0,-1
455685,0.00,0,-1
455785,0.00,0,-1
455886,0.00,0,-1
455987,0.00,459,3481
456088,0.00,0,-1
456189,0.00,1,-1
456290,0.00,0,-1
456391,0.00,0,-1
456493,0.00,824,684
456593,0.00,804,772
456694,0.00,740,1083
456796,0.00,726,1159
456897,0.00,738,1094
456998,0.00,736,1105
457100,0.00,735,1110
457201,0.00,675,1461
457303,0.00,749,1036
457403,0.00,753,1016
457504,0.00,793,822
457606,0.00,769,936
457707,0.00,795,812
457808,0.00,816,719
457910,0.00,789,840
458010,0.00,761,975
458112,0.00,750,1031
458213,0.00,749,1036
458314,0.00,744,1062
458416,0.00,740,1083
458517,0.00,738,1094
458618,0.00,737,1099
458720,0.00,734,1115
458820,0.00,740,1083
458921,0.00,733,1121
459023,0.00,734,1115
459124,0.00,734,1115
459226,0.00,735,1110
459327,0.00,737,1099
459428,0.00,745,1057
459530,0.00,734,1115
459630,0.00,741,1078
459731,0.00,737,1099
459833,0.00,742,1073
459934,0.00,743,1068
460036,0.00,734,1115
460137,0.00,735,1110
460238,0.00,737,1099
460340,0.00,743,1068
460440,0.00,743,1068
460541,0.00,737,1099
460643,0.00,744,1062
460744,0.00,745,1057
460846,0.00,744,1062
460947,0.00,744,1062
461048,0.00,743,1068
461150,0.00,743,1068
461250,0.00,744,1062
461351,0.00,744,1062
461453,0.00,742,1073
461554,0.00,742,1073
461656,0.00,742,1073
461757,0.00,741,1078
461858,0.00,743,1068
461960,0.00,742,1073
462060,0.00,741,1078
462161,0.00,743,1068
462263,0.00,743,1068
462364,0.00,740,1083
462466,0.00,745,1057
462567,0.00,780,883
462668,0.00,801,785
462769,0.00,740,1083
462870,0.00,817,714
462971,0.00,853,565
463073,0.00,869,502
463174,0.00,879,464
463276,0.00,882,453
463376,0.00,873,487
463477,0.00,875,479
463579,0.00,876,475
463680,0.00,874,483
463781,0.00,875,479
463883,0.00,874,483
463983,0.00,874,483
464084,0.00,877,472
464186,0.00,875,479
464287,0.00,876,475
464389,0.00,874,483
464490,0.00,875,479
464590,0.00,873,487
464692,0.00,876,475
464793,0.00,874,483
464894,0.00,874,483
464996,0.00,873,487
465097,0.00,878,468
465198,0.00,878,468
465299,0.00,879,464
465400,0.00,877,472
465502,0.00,879,464
465603,0.00,879,464
465704,0.00,878,468
465805,0.00,878,468
465906,0.00,878,468
466008,0.00,878,468
466109,0.00,878,468
466210,0.00,880,460
466311,0.00,880,460
466412,0.00,879,464
466513,0.00,884,445
466615,0.00,886,438
466716,0.00,898,394
466818,0.00,919,321
466918,0.00,914,338
467019,0.00,910,352
467121,0.00,901,384
467222,0.00,901,384
467323,0.00,905,369
467425,0.00,905,369
467525,0.00,905,369
467627,0.00,904,373
467728,0.00,907,362
467829,0.00,905,369
467931,0.00,905,369
468032,0.00,906,366
468132,0.00,905,369
468234,0.00,907,362
468335,0.00,905,369
468436,0.00,906,366
468538,0.00,905,369
468639,0.00,906,366
468740,0.00,907,362
468841,0.00,909,355
468942,0.00,905,369
469044,0.00,908,359
469145,0.00,905,369
469246,0.00,906,366
469347,0.00,906,366
469448,0.00,907,362
469550,0.00,906,366
469651,0.00,907,362
469752,0.00,906,366
469853,0.00,906,366
469954,0.00,906,366
470055,0.00,907,362
470157,0.00,908,359
470258,0.00,906,366
470360,0.00,906,366
470460,0.00,908,359
470561,0.00,906,366
470663,0.00,909,355
470764,0.00,909,355
470865,0.00,907,362
470967,0.00,909,355
471067,0.00,907,362
471169,0.00,907,362
471270,0.00,909,355
471371,0.00,909,355
471473,0.00,906,366
471574,0.00,909,355
471674,0.00,908,359
471776,0.00,909,355
471877,0.00,907,362
471979,0.00,908,359
472080,0.00,909,355
472181,0.00,908,359
# load_kg=600.00
472283,600.00,907,362
472384,600.00,908,359
472485,600.00,908,359
472587,600.00,910,352
472688,600.00,906,366
472790,600.00,910,352
472891,600.00,908,359
472992,600.00,909,355
473094,600.00,910,352
473195,600.00,910,352
473295,600.00,909,355
473397,600.00,909,355
473498,600.00,907,362
473600,600.00,907,362
473701,600.00,910,352
473802,600.00,909,355
473904,600.00,908,359
474005,600.00,911,348
474106,600.00,905,369
474208,600.00,907,362
474309,600.00,908,359
474411,600.00,907,362
474512,600.00,909,355
474613,600.00,910,352
474715,600.00,908,359
474816,600.00,910,352
474916,600.00,910,352
475018,600.00,909,355
475119,600.00,908,359
475220,600.00,907,362
475322,600.00,911,348
475423,600.00,908,359
475525,600.00,909,355
475626,600.00,909,355
475727,600.00,909,355
475829,600.00,909,355
475930,600.00,910,352
476032,600.00,910,352
476133,600.00,908,359
476234,600.00,909,355
476336,600.00,910,352
476437,600.00,908,359
476538,600.00,907,362
476639,600.00,909,355
476740,600.00,910,352
476841,600.00,907,362
476943,600.00,909,355
477044,600.00,909,355
477146,600.00,908,359
477247,600.00,908,359
477348,600.00,909,355
477450,600.00,912,345
477551,600.00,911,348
477652,600.00,910,352
477754,600.00,910,352
477855,600.00,906,366
477957,600.00,908,359
478058,600.00,911,348
478159,600.00,907,362
478260,600.00,910,352
478361,600.00,907,362
478462,600.00,908,359
478564,600.00,910,352
478665,600.00,908,359
478767,600.00,910,352
478868,600.00,911,348
478969,600.00,910,352
479071,600.00,909,355
479172,600.00,911,348
479273,600.00,909,355
479375,600.00,908,359
479476,600.00,910,352
479578,600.00,909,355
479679,600.00,906,366
479780,600.00,909,355
479882,600.00,908,359
479982,600.00,910,352
480083,600.00,910,352
480185,600.00,910,352
480286,600.00,908,359
480388,600.00,911,348
480489,600.00,909,355
480590,600.00,910,352
480692,600.00,909,355
480793,600.00,909,355
480894,600.00,910,352
480996,600.00,910,352
481097,600.00,909,355
481199,600.00,911,348
481300,600.00,909,355
481401,600.00,912,345
481503,600.00,909,355
481604,600.00,908,359
481704,600.00,912,345
481806,600.00,910,352
481907,600.00,910,352
482009,600.00,910,352
482110,600.00,909,355
482211,600.00,909,355
482313,600.00,908,359
482414,600.00,912,345
482515,600.00,909,355
482617,600.00,909,355
482718,600.00,909,355
482820,600.00,909,355
482921,600.00,910,352
483022,600.00,909,355
483124,600.00,909,355
483225,600.00,910,352
483325,600.00,908,359
483427,600.00,907,362
483528,600.00,908,359
483630,600.00,910,352
483731,600.00,909,355
483832,600.00,910,352
483934,600.00,909,355
484035,600.00,911,348
484136,600.00,909,355
484238,600.00,908,359
484339,600.00,910,352
484441,600.00,908,359
484542,600.00,909,355
484643,600.00,909,355
484745,600.00,906,366
484846,600.00,908,359
484947,600.00,909,355
485048,600.00,908,359
485149,600.00,910,352
485251,600.00,908,359
485352,600.00,909,355
485453,600.00,908,359
485555,600.00,910,352
485656,600.00,908,359
485757,600.00,909,355
485859,600.00,909,355
485960,600.00,908,359
486062,600.00,909,355
486163,600.00,908,359
486264,600.00,910,352
486366,600.00,910,352
486467,600.00,909,355
486568,600.00,909,355
486669,600.00,910,352
486770,600.00,908,359
486872,600.00,908,359
486973,600.00,910,352
487074,600.00,908,359
487176,600.00,909,355
487277,600.00,910,352
487378,600.00,910,352
487480,600.00,910,352
487581,600.00,909,355
487683,600.00,911,348
487784,600.00,910,352
487885,600.00,911,348
487987,600.00,908,359
488088,600.00,910,352
488189,600.00,906,366
488291,600.00,911,348
488391,600.00,910,352
488493,600.00,909,355
488594,600.00,910,352
488695,600.00,908,359
488797,600.00,910,352
488898,600.00,909,355
488999,600.00,909,355
489101,600.00,910,352
489202,600.00,909,355
489304,600.00,909,355
489405,600.00,907,362
489506,600.00,908,359
489608,600.00,910,352
489709,600.00,909,355
489810,600.00,909,355
489912,600.00,909,355
490012,600.00,908,359
490114,600.00,911,348
490215,600.00,910,352
490316,600.00,909,355
490418,600.00,911,348
490519,600.00,909,355
490620,600.00,910,352
490722,600.00,909,355
490823,600.00,910,352
490925,600.00,909,355
491026,600.00,908,359
491127,600.00,910,352
491229,600.00,908,359
491330,600.00,907,362
491431,600.00,910,352
491533,600.00,908,359
491634,600.00,908,359
491735,600.00,909,355
491836,600.00,908,359
491937,600.00,909,355
492039,600.00,907,362
492140,600.00,907,362
492241,600.00,908,359
492343,600.00,908,359
492444,600.00,909,355
492546,600.00,909,355
492647,600.00,911,348
492748,600.00,910,352
492850,600.00,908,359
492951,600.00,909,355
493052,600.00,909,355
493154,600.00,909,355
493255,600.00,910,352
493356,600.00,909,355
493457,600.00,908,359
# load_kg=0.00
493559,0.00,908,359
493661,0.00,907,362
493762,0.00,909,355
493862,0.00,909,355
493964,0.00,910,352
494065,0.00,907,362
494167,0.00,909,355
494268,0.00,907,362
494369,0.00,909,355
494470,0.00,912,345
494571,0.00,907,362
494672,0.00,910,352
494774,0.00,909,355
494875,0.00,907,362
494977,0.00,907,362
495077,0.00,910,352
495178,0.00,908,359
495280,0.00,910,352
495381,0.00,907,362
495482,0.00,910,352
495583,0.00,908,359
495684,0.00,910,352
495785,0.00,907,362
495887,0.00,910,352
495988,0.00,912,345
496090,0.00,914,338
496190,0.00,905,369
496291,0.00,903,376
496393,0.00,907,362
496494,0.00,894,409
496595,0.00,877,472
496697,0.00,886,438
496797,0.00,884,445
496899,0.00,873,487
497000,0.00,875,479
497101,0.00,882,453
497203,0.00,880,460
497304,0.00,879,464
497404,0.00,879,464
497506,0.00,881,457
497607,0.00,880,460
497709,0.00,881,457
497810,0.00,881,457
497911,0.00,880,460
498012,0.00,879,464
498113,0.00,878,468
498214,0.00,879,464
498316,0.00,879,464
498417,0.00,881,457
498519,0.00,879,464
498619,0.00,879,464
498720,0.00,878,468
498822,0.00,881,457
498923,0.00,880,460
499024,0.00,879,464
499125,0.00,880,460
499226,0.00,879,464
499328,0.00,880,460
499429,0.00,878,468
499530,0.00,879,464
499632,0.00,880,460
499732,0.00,879,464
499833,0.00,879,464
499935,0.00,880,460
500036,0.00,878,468
500137,0.00,880,460
500239,0.00,880,460
500339,0.00,879,464
500441,0.00,878,468
500542,0.00,879,464
500643,0.00,880,460
500745,0.00,878,468
500846,0.00,879,464
500946,0.00,878,468
501048,0.00,880,460
501149,0.00,877,472
501251,0.00,880,460
501352,0.00,879,464
501453,0.00,880,460
501554,0.00,877,472
501655,0.00,878,468
501756,0.00,878,468
501858,0.00,878,468
501959,0.00,878,468
# load_kg=400.00
502061,400.00,877,472
502162,400.00,880,460
502263,400.00,878,468
502365,400.00,880,460
502466,400.00,878,468
502567,400.00,878,468
502669,400.00,878,468
502770,400.00,877,472
502872,400.00,879,464
502973,400.00,879,464
503074,400.00,879,464
503176,400.00,877,472
503276,400.00,877,472
503377,400.00,876,475
503479,400.00,877,472
503580,400.00,878,468
503682,400.00,879,464
503783,400.00,877,472
503884,400.00,878,468
503986,400.00,877,472
504087,400.00,877,472
504188,400.00,878,468
504290,400.00,877,472
504391,400.00,877,472
504493,400.00,876,475
504594,400.00,876,475
504695,400.00,877,472
504797,400.00,876,475
504898,400.00,875,479
504998,400.00,876,475
505100,400.00,875,479
505201,400.00,875,479
505303,400.00,875,479
505404,400.00,875,479
505505,400.00,876,475
505607,400.00,875,479
505708,400.00,875,479
505809,400.00,876,475
505911,400.00,875,479
506012,400.00,874,483
506114,400.00,874,483
506215,400.00,874,483
506316,400.00,872,491
506418,400.00,876,475
506519,400.00,875,479
506619,400.00,875,479
506721,400.00,877,472
506822,400.00,875,479
506924,400.00,874,483
507025,400.00,874,483
507126,400.00,874,483
507228,400.00,875,479
507329,400.00,874,483
507430,400.00,874,483
507532,400.00,874,483
507633,400.00,874,483
507735,400.00,874,483
507836,400.00,874,483
507937,400.00,876,475
508039,400.00,875,479
508140,400.00,870,498
508241,400.00,873,487
508342,400.00,872,491
508443,400.00,874,483
508545,400.00,874,483
508646,400.00,874,483
508747,400.00,872,491
508849,400.00,872,491
508950,400.00,872,491
509051,400.00,873,487
509153,400.00,871,494
509254,400.00,855,557
509356,400.00,870,498
509457,400.00,869,502
509558,400.00,871,494
509660,400.00,871,494
509761,400.00,871,494
509862,400.00,869,502
509963,400.00,873,487
510064,400.00,873,487
510166,400.00,872,491
510267,400.00,874,483
510368,400.00,873,487
510470,400.00,873,487
510571,400.00,874,483
510672,400.00,872,491
510774,400.00,872,491
510875,400.00,873,487
510977,400.00,872,491
511078,400.00,873,487
511179,400.00,872,491
511281,400.00,873,487
511382,400.00,874,483
511483,400.00,871,494
511585,400.00,873,487
511685,400.00,872,491
511787,400.00,872,491
511888,400.00,874,483
511989,400.00,873,487
512091,400.00,872,491
512192,400.00,874,483
512293,400.00,874,483
512395,400.00,872,491
512496,400.00,873,487
512598,400.00,870,498
512699,400.00,874,483
512800,400.00,871,494
512902,400.00,873,487
513003,400.00,871,494
513104,400.00,870,498
513206,400.00,872,491
513306,400.00,873,487
513408,400.00,871,494
513509,400.00,872,491
513610,400.00,873,487
513712,400.00,874,483
513813,400.00,873,487
513914,400.00,873,487
514016,400.00,874,483
514117,400.00,874,483
514219,400.00,873,487
514320,400.00,872,491
514421,400.00,871,494
514523,400.00,872,491
514624,400.00,874,483
514725,400.00,872,491
514827,400.00,874,483
514927,400.00,872,491
515028,400.00,871,494
515130,400.00,871,494
515231,400.00,871,494
515333,400.00,873,487
515434,400.00,872,491
515535,400.00,872,491
515637,400.00,874,483
515738,400.00,871,494
515840,400.00,871,494
515941,400.00,871,494
516042,400.00,871,494
516144,400.00,871,494
516245,400.00,871,494
516346,400.00,869,502
516448,400.00,871,494
516549,400.00,870,498
516649,400.00,874,483
516751,400.00,870,498
516852,400.00,871,494
516954,400.00,870,498
517055,400.00,870,498
517156,400.00,870,498
517258,400.00,870,498
517359,400.00,869,502
517460,400.00,870,498
517562,400.00,869,502
517663,400.00,871,494
517765,400.00,869,502
517866,400.00,870,498
517967,400.00,870,498
518069,400.00,870,498
518170,400.00,872,491
518270,400.00,869,502
518372,400.00,872,491
518473,400.00,871,494
518575,400.00,871,494
518676,400.00,870,498
518777,400.00,870,498
518879,400.00,869,502
518980,400.00,869,502
519081,400.00,871,494
519183,400.00,871,494
519284,400.00,870,498
519386,400.00,870,498
519487,400.00,870,498
519588,400.00,870,498
519690,400.00,870,498
519791,400.00,868,506
519891,400.00,869,502
519993,400.00,871,494
520094,400.00,871,494
520196,400.00,869,502
520297,400.00,868,506
520398,400.00,869,502
520500,400.00,869,502
520601,400.00,871,494
520702,400.00,869,502
520804,400.00,865,517
520905,400.00,870,498
521007,400.00,870,498
521108,400.00,872,491
521209,400.00,869,502
521311,400.00,868,506
521412,400.00,870,498
521513,400.00,868,506
521614,400.00,870,498
521715,400.00,871,494
521817,400.00,869,502
521918,400.00,870,498
522019,400.00,870,498
522121,400.00,869,502
522222,400.00,871,494
522323,400.00,869,502
522425,400.00,869,502
522526,400.00,870,498
522628,400.00,870,498
522729,400.00,871,494
522830,400.00,871,494
522932,400.00,869,502
523033,400.00,871,494
523134,400.00,870,498
523235,400.00,871,494
523336,400.00,866,514
523438,400.00,872,491
523539,400.00,868,506
523640,400.00,870,498
523742,400.00,868,506
523843,400.00,870,498
523944,400.00,869,502
524046,400.00,869,502
524147,400.00,871,494
524249,400.00,869,502
524350,400.00,863,525
524451,400.00,873,487
524553,400.00,872,491
524654,400.00,873,487
524755,400.00,865,517
524856,400.00,867,510
524957,400.00,866,514
525059,400.00,869,502
525160,400.00,869,502
525261,400.00,869,502
525363,400.00,867,510
525464,400.00,862,529
525565,400.00,868,506
525667,400.00,867,510
525768,400.00,870,498
525870,400.00,869,502
525971,400.00,870,498
526072,400.00,869,502
526174,400.00,869,502
526275,400.00,871,494
526376,400.00,871,494
526478,400.00,872,491
526578,400.00,869,502
526680,400.00,871,494
526781,400.00,872,491
526882,400.00,868,506
526984,400.00,862,529
527085,400.00,863,525
527186,400.00,867,510
527288,400.00,875,479
527389,400.00,869,502
527491,400.00,856,553
527592,400.00,858,545
527693,400.00,870,498
527795,400.00,864,521
527896,400.00,864,521
527997,400.00,866,514
528099,400.00,865,517
528199,400.00,856,553
528301,400.00,862,529
528402,400.00,863,525
528503,400.00,865,517
528605,400.00,866,514
528706,400.00,866,514
528807,400.00,865,517
528909,400.00,867,510
529010,400.00,865,517
529112,400.00,865,517
529213,400.00,866,514
529314,400.00,866,514
529416,400.00,867,510
529517,400.00,868,506
529618,400.00,867,510
529720,400.00,868,506
529821,400.00,867,510
529922,400.00,867,510
530023,400.00,866,514
530124,400.00,866,514
530226,400.00,867,510
530327,400.00,863,525
530428,400.00,864,521
530530,400.00,868,506
530631,400.00,868,506
530733,400.00,869,502
530834,400.00,867,510
530935,400.00,866,514
531037,400.00,866,514
531138,400.00,866,514
531239,400.00,866,514
531341,400.00,867,510
531442,400.00,868,506
531543,400.00,868,506
531644,400.00,864,521
531745,400.00,868,506
531847,400.00,867,510
531948,400.00,866,514
532049,400.00,866,514
532151,400.00,868,506
532252,400.00,868,506
532354,400.00,869,502
532455,400.00,867,510
532556,400.00,867,510
532658,400.00,868,506
532759,400.00,867,510
532860,400.00,867,510
532962,400.00,867,510
533063,400.00,868,506
533164,400.00,867,510
533265,400.00,866,514
533366,400.00,867,510
533468,400.00,866,514
533569,400.00,868,506
533670,400.00,867,510
533772,400.00,867,510
533873,400.00,867,510
533975,400.00,866,514
534076,400.00,867,510
534177,400.00,869,502
534279,400.00,868,506
534380,400.00,869,502
534481,400.00,869,502
534583,400.00,867,510
534684,400.00,868,506
534786,400.00,867,510
534886,400.00,866,514
534987,400.00,867,510
535089,400.00,869,502
535190,400.00,866,514
535291,400.00,867,510
535393,400.00,867,510
535494,400.00,868,506
535596,400.00,869,502
535697,400.00,868,506
535798,400.00,867,510
535900,400.00,865,517
536001,400.00,867,510
536102,400.00,868,506
536204,400.00,869,502
536305,400.00,869,502
536407,400.00,868,506
536507,400.00,866,514
536608,400.00,867,510
536710,400.00,867,510
536811,400.00,867,510
536912,400.00,868,506
537014,400.00,866,514
537115,400.00,866,514
537217,400.00,867,510
537318,400.00,867,510
537419,400.00,866,514
537521,400.00,867,510
537622,400.00,869,502
537723,400.00,866,514
537825,400.00,866,514
537926,400.00,870,498
538028,400.00,868,506
538129,400.00,869,502
538229,400.00,868,506
538331,400.00,868,506
538432,400.00,869,502
538533,400.00,866,514
538635,400.00,867,510
538736,400.00,868,506
538838,400.00,869,502
538939,400.00,869,502
539040,400.00,869,502
539142,400.00,866,514
539243,400.00,868,506
539344,400.00,868,506
539446,400.00,866,514
539547,400.00,868,506
539649,400.00,869,502
539750,400.00,868,506
539850,400.00,867,510
539952,400.00,869,502
540053,400.00,868,506
540154,400.00,868,506
540256,400.00,867,510
540357,400.00,867,510
540459,400.00,868,506
540560,400.00,867,510
540661,400.00,868,506
540763,400.00,869,502
540864,400.00,867,510
540965,400.00,866,514
541067,400.00,869,502
541168,400.00,867,510
541270,400.00,865,517
541371,400.00,866,514
541471,400.00,866,514
541573,400.00,869,502
541674,400.00,866,514
541775,400.00,867,510
541877,400.00,866,514
541978,400.00,867,510
542080,400.00,869,502
542181,400.00,867,510
542282,400.00,867,510
542384,400.00,868,506
542485,400.00,866,514
542586,400.00,868,506
542688,400.00,867,510
542789,400.00,869,502
542891,400.00,867,510
542992,400.00,869,502
543093,400.00,868,506
543194,400.00,868,506
543295,400.00,867,510
543396,400.00,868,506
543498,400.00,866,514
543599,400.00,866,514
543700,400.00,869,502
543802,400.00,869,502
543903,400.00,868,506
544005,400.00,866,514
544106,400.00,867,510
544207,400.00,869,502
544309,400.00,869,502
544410,400.00,867,510
544512,400.00,867,510
# load_kg=0.00
544613,0.00,866,514
544714,0.00,867,510
544816,0.00,867,510
544917,0.00,866,514
545017,0.00,866,514
545119,0.00,867,510
545220,0.00,869,502
545321,0.00,868,506
545423,0.00,866,514
545524,0.00,864,521
545625,0.00,868,506
545726,0.00,867,510
545827,0.00,866,514
545929,0.00,867,510
546030,0.00,867,510
546131,0.00,868,506
546232,0.00,867,510
546333,0.00,867,510
546435,0.00,869,502
546536,0.00,869,502
546637,0.00,866,514
546739,0.00,868,506
546839,0.00,867,510
546940,0.00,867,510
547042,0.00,869,502
547143,0.00,867,510
547245,0.00,868,506
547346,0.00,867,510
547446,0.00,805,767
547548,0.00,760,980
547649,0.00,757,995
547750,0.00,645,1660
547852,0.00,743,1068
547953,0.00,774,911
548054,0.00,798,799
548155,0.00,799,794
548256,0.00,796,808
548358,0.00,788,845
548459,0.00,798,799
548560,0.00,723,1176
548661,0.00,733,1121
548762,0.00,726,1159
548864,0.00,729,1143
548965,0.00,731,1132
549066,0.00,730,1137
549168,0.00,716,1215
549269,0.00,726,1159
549370,0.00,730,1137
549471,0.00,732,1126
549572,0.00,732,1126
549673,0.00,732,1126
549775,0.00,734,1115
549876,0.00,735,1110
549978,0.00,733,1121
550079,0.00,732,1126
550180,0.00,737,1099
550281,0.00,734,1115
550382,0.00,736,1105
550483,0.00,737,1099
550585,0.00,734,1115
550686,0.00,735,1110
550788,0.00,735,1110
550889,0.00,735,1110
550990,0.00,735,1110
551091,0.00,736,1105
551192,0.00,735,1110
551293,0.00,735,1110
551395,0.00,735,1110
551496,0.00,734,1115
551598,0.00,735,1110
551699,0.00,734,1115
551800,0.00,734,1115
551901,0.00,733,1121
552002,0.00,733,1121
552103,0.00,732,1126
552205,0.00,731,1132
552306,0.00,733,1121
552408,0.00,725,1164
552509,0.00,728,1148
552610,0.00,728,1148
552711,0.00,727,1153
552812,0.00,729,1143
552913,0.00,730,1137
553015,0.00,729,1143
# load_kg=200.00
553117,200.00,731,1132
553219,200.00,730,1137
553320,200.00,729,1143
553421,200.00,730,1137
553523,200.00,730,1137
553624,200.00,729,1143
553725,200.00,729,1143
553827,200.00,729,1143
553928,200.00,729,1143
554030,200.00,729,1143
554131,200.00,729,1143
554232,200.00,729,1143
554334,200.00,728,1148
554435,200.00,730,1137
554535,200.00,729,1143
554637,200.00,729,1143
554738,200.00,726,1159
554840,200.00,728,1148
554941,200.00,728,1148
555042,200.00,729,1143
555144,200.00,729,1143
555245,200.00,730,1137
555346,200.00,728,1148
555448,200.00,726,1159
555549,200.00,725,1164
555651,200.00,725,1164
555752,200.00,726,1159
555853,200.00,723,1176
555955,200.00,726,1159
556056,200.00,725,1164
556157,200.00,725,1164
556259,200.00,725,1164
556360,200.00,726,1159
556462,200.00,727,1153
556563,200.00,725,1164
556664,200.00,725,1164
556766,200.00,724,1170
556867,200.00,725,1164
556968,200.00,724,1170
557070,200.00,724,1170
557171,200.00,723,1176
557273,200.00,724,1170
557374,200.00,721,1187
557475,200.00,723,1176
557577,200.00,722,1181
557678,200.00,722,1181
557779,200.00,723,1176
557881,200.00,722,1181
557982,200.00,721,1187
558084,200.00,727,1153
558185,200.00,724,1170
558286,200.00,726,1159
558388,200.00,727,1153
558489,200.00,727,1153
558590,200.00,727,1153
558692,200.00,726,1159
558793,200.00,727,1153
558895,200.00,726,1159
558996,200.00,727,1153
559097,200.00,727,1153
559199,200.00,726,1159
559300,200.00,726,1159
559401,200.00,727,1153
559503,200.00,726,1159
559604,200.00,728,1148
559706,200.00,726,1159
559807,200.00,727,1153
559908,200.00,726,1159
560010,200.00,727,1153
560111,200.00,726,1159
560212,200.00,726,1159
560314,200.00,727,1153
560415,200.00,727,1153
560517,200.00,727,1153
560618,200.00,727,1153
560719,200.00,727,1153
560821,200.00,726,1159
560922,200.00,727,1153
561024,200.00,726,1159
561125,200.00,727,1153
561226,200.00,727,1153
561328,200.00,726,1159
561429,200.00,728,1148
561530,200.00,727,1153
561632,200.00,727,1153
561733,200.00,727,1153
561835,200.00,728,1148
561936,200.00,726,1159
562037,200.00,726,1159
562139,200.00,726,1159
562240,200.00,726,1159
562341,200.00,725,1164
562442,200.00,727,1153
562543,200.00,726,1159
562644,200.00,726,1159
562746,200.00,725,1164
562847,200.00,725,1164
562949,200.00,725,1164
563050,200.00,726,1159
563151,200.00,726,1159
563253,200.00,725,1164
563354,200.00,725,1164
563456,200.00,726,1159
563557,200.00,726,1159
563658,200.00,725,1164
563760,200.00,720,1192
563861,200.00,721,1187
563962,200.00,721,1187
564064,200.00,720,1192
564165,200.00,721,1187
564267,200.00,721,1187
564368,200.00,722,1181
564469,200.00,723,1176
564571,200.00,723,1176
564672,200.00,723,1176
564773,200.00,724,1170
564875,200.00,723,1176
564976,200.00,724,1170
565078,200.00,722,1181
565179,200.00,725,1164
565280,200.00,724,1170
565382,200.00,724,1170
565483,200.00,724,1170
565584,200.00,724,1170
565686,200.00,723,1176
565787,200.00,724,1170
565889,200.00,724,1170
565990,200.00,723,1176
566091,200.00,723,1176
566193,200.00,724,1170
566294,200.00,724,1170
566395,200.00,725,1164
566497,200.00,724,1170
566598,200.00,725,1164
566700,200.00,724,1170
566801,200.00,726,1159
566902,200.00,725,1164
567004,200.00,726,1159
567105,200.00,723,1176
567206,200.00,724,1170
567308,200.00,723,1176
567409,200.00,724,1170
567511,200.00,725,1164
567612,200.00,725,1164
567713,200.00,726,1159
567815,200.00,726,1159
567916,200.00,726,1159
568017,200.00,726,1159
568119,200.00,727,1153
568220,200.00,725,1164
568322,200.00,725,1164
568423,200.00,725,1164
568524,200.00,724,1170
568626,200.00,724,1170
568727,200.00,725,1164
568828,200.00,726,1159
568930,200.00,724,1170
569031,200.00,725,1164
569133,200.00,724,1170
569234,200.00,724,1170
569335,200.00,725,1164
569437,200.00,722,1181
569538,200.00,725,1164
569639,200.00,725,1164
569741,200.00,725,1164
569842,200.00,725,1164
569944,200.00,722,1181
570045,200.00,724,1170
570145,200.00,723,1176
570247,200.00,724,1170
570348,200.00,722,1181
570449,200.00,724,1170
570551,200.00,723,1176
570652,200.00,720,1192
570754,200.00,723,1176
570855,200.00,724,1170
570956,200.00,724,1170
571058,200.00,723,1176
571159,200.00,724,1170
571260,200.00,722,1181
571362,200.00,724,1170
571463,200.00,727,1153
571565,200.00,723,1176
571666,200.00,725,1164
571767,200.00,727,1153
571869,200.00,725,1164
571970,200.00,724,1170
572071,200.00,725,1164
572173,200.00,724,1170
572274,200.00,724,1170
572376,200.00,725,1164
572477,200.00,726,1159
572578,200.00,725,1164
572680,200.00,727,1153
572781,200.00,727,1153
572882,200.00,728,1148
572984,200.00,726,1159
573085,200.00,729,1143
573187,200.00,725,1164
573288,200.00,726,1159
573389,200.00,727,1153
573491,200.00,727,1153
573592,200.00,726,1159
573693,200.00,727,1153
573795,200.00,727,1153
573896,200.00,727,1153
573998,200.00,727,1153
574099,200.00,727,1153
574200,200.00,728,1148
574302,200.00,727,1153
574403,200.00,729,1143
574504,200.00,729,1143
574606,200.00,728,1148
574707,200.00,729,1143
574809,200.00,729,1143
574910,200.00,729,1143
575011,200.00,728,1148
575113,200.00,729,1143
575214,200.00,728,1148
575315,200.00,728,1148
575417,200.00,729,1143
575518,200.00,728,1148
575620,200.00,727,1153
575721,200.00,728,1148
575822,200.00,729,1143
575924,200.00,727,1153
576025,200.00,728,1148
576126,200.00,727,1153
576228,200.00,727,1153
576329,200.00,727,1153
576431,200.00,728,1148
576532,200.00,728,1148
576633,200.00,729,1143
576735,200.00,729,1143
576836,200.00,728,1148
576937,200.00,728,1148
577039,200.00,729,1143
577140,200.00,729,1143
577242,200.00,728,1148
577343,200.00,726,1159
577444,200.00,727,1153
577546,200.00,727,1153
577647,200.00,728,1148
577748,200.00,722,1181
577850,200.00,724,1170
577951,200.00,727,1153
578053,200.00,723,1176
578154,200.00,727,1153
578255,200.00,724,1170
578357,200.00,728,1148
578458,200.00,726,1159
578560,200.00,727,1153
578661,200.00,722,1181
578762,200.00,723,1176
578864,200.00,724,1170
578964,200.00,727,1153
579065,200.00,728,1148
579167,200.00,727,1153
579268,200.00,727,1153
579369,200.00,729,1143
579471,200.00,727,1153
579572,200.00,727,1153
579674,200.00,727,1153
579775,200.00,726,1159
579876,200.00,726,1159
579978,200.00,726,1159
580079,200.00,726,1159
580180,200.00,726,1159
580282,200.00,726,1159
580383,200.00,727,1153
580485,200.00,728,1148
580586,200.00,728,1148
580687,200.00,727,1153
580789,200.00,727,1153
580890,200.00,727,1153
580992,200.00,727,1153
581093,200.00,727,1153
581194,200.00,727,1153
581296,200.00,726,1159
581397,200.00,726,1159
581498,200.00,728,1148
581600,200.00,726,1159
581701,200.00,727,1153
581803,200.00,727,1153
581904,200.00,727,1153
582005,200.00,726,1159
582107,200.00,726,1159
582208,200.00,725,1164
582309,200.00,724,1170
582411,200.00,726,1159
582512,200.00,727,1153
582614,200.00,727,1153
582715,200.00,725,1164
582816,200.00,727,1153
582918,200.00,728,1148
583019,200.00,727,1153
583120,200.00,726,1159
583222,200.00,726,1159
583323,200.00,728,1148
583425,200.00,728,1148
583526,200.00,727,1153
583627,200.00,727,1153
583729,200.00,727,1153
583830,200.00,727,1153
583931,200.00,728,1148
584033,200.00,727,1153
584134,200.00,726,1159
584236,200.00,727,1153
584337,200.00,727,1153
584438,200.00,726,1159
584540,200.00,727,1153
584641,200.00,726,1159
584742,200.00,726,1159
584844,200.00,727,1153
584945,200.00,728,1148
585047,200.00,728,1148
585148,200.00,728,1148
585249,200.00,728,1148
585351,200.00,727,1153
585452,200.00,727,1153
585553,200.00,727,1153
585655,200.00,726,1159
585756,200.00,726,1159
585858,200.00,726,1159
585959,200.00,727,1153
586060,200.00,728,1148
586162,200.00,726,1159
586263,200.00,728,1148
586364,200.00,728,1148
586466,200.00,729,1143
586567,200.00,728,1148
586669,200.00,728,1148
586770,200.00,728,1148
586871,200.00,729,1143
586973,200.00,728,1148
587074,200.00,725,1164
587175,200.00,729,1143
587276,200.00,729,1143
587377,200.00,728,1148
587479,200.00,729,1143
587580,200.00,727,1153
587681,200.00,727,1153
587783,200.00,727,1153
587884,200.00,727,1153
587985,200.00,728,1148
588087,200.00,729,1143
# load_kg=0.00
588189,0.00,727,1153
588291,0.00,729,1143
588392,0.00,728,1148
588493,0.00,727,1153
588594,0.00,726,1159
588695,0.00,727,1153
588796,0.00,728,1148
588898,0.00,727,1153
588999,0.00,729,1143
589101,0.00,730,1137
589202,0.00,730,1137
589303,0.00,731,1132
589404,0.00,728,1148
589505,0.00,730,1137
589606,0.00,727,1153
589708,0.00,727,1153
589809,0.00,727,1153
589911,0.00,728,1148
590012,0.00,728,1148
590113,0.00,728,1148
590214,0.00,728,1148
590315,0.00,730,1137
590416,0.00,729,1143
590518,0.00,729,1143
590619,0.00,727,1153
590721,0.00,727,1153
590822,0.00,728,1148
590923,0.00,728,1148
591024,0.00,729,1143
591125,0.00,729,1143
591226,0.00,729,1143
591328,0.00,729,1143
591429,0.00,728,1148
591531,0.00,728,1148
591632,0.00,728,1148
591733,0.00,728,1148
591834,0.00,729,1143
591935,0.00,728,1148
592036,0.00,726,1159
592138,0.00,728,1148
592239,0.00,727,1153
592340,0.00,729,1143
592442,0.00,728,1148
592543,0.00,729,1143
592644,0.00,725,1164
592745,0.00,715,1220
592846,0.00,594,2046
592948,0.00,0,-1
593049,0.00,0,-1
593149,0.00,0,-1
593251,0.00,0,-1
593351,0.00,0,-1
593453,0.00,0,-1
593554,0.00,0,-1
593654,0.00,0,-1
593756,0.00,0,-1
593856,0.00,0,-1
593957,0.00,0,-1
594059,0.00,0,-1
594159,0.00,1,-1
594260,0.00,0,-1
594361,0.00,0,-1
594462,0.00,0,-1
594563,0.00,0,-1
594664,0.00,1,-1
594765,0.00,0,-1
594866,0.00,0,-1
594967,0.00,0,-1
595067,0.00,0,-1
595169,0.00,0,-1
595270,0.00,0,-1
595371,0.00,0,-1
595472,0.00,1,-1
595572,0.00,0,-1
595674,0.00,0,-1
595774,0.00,0,-1
595875,0.00,0,-1
595977,0.00,0,-1
596077,0.00,0,-1
596178,0.00,0,-1
596279,0.00,0,-1
596380,0.00,0,-1
596482,0.00,1,-1
596582,0.00,0,-1
596683,0.00,0,-1
596784,0.00,0,-1
596885,0.00,0,-1
596986,0.00,0,-1
597087,0.00,0,-1
597188,0.00,0,-1
597288,0.00,1,-1
597390,0.00,0,-1
597490,0.00,0,-1
597592,0.00,0,-1
597693,0.00,0,-1
597793,0.00,0,-1
597895,0.00,0,-1
597995,0.00,0,-1
598096,0.00,0,-1
598198,0.00,0,-1
598298,0.00,0,-1
598400,0.00,0,-1
598500,0.00,0,-1
598601,0.00,0,-1
598702,0.00,0,-1
598803,0.00,0,-1
598904,0.00,0,-1
599005,0.00,0,-1
599106,0.00,0,-1
599206,0.00,0,-1
599308,0.00,0,-1
599409,0.00,0,-1
599510,0.00,0,-1
599611,0.00,0,-1
599711,0.00,0,-1
599813,0.00,0,-1
599914,0.00,0,-1
600014,0.00,0,-1
600116,0.00,0,-1
600216,0.00,0,-1
600317,0.00,1,-1
600418,0.00,0,-1
600519,0.00,0,-1
600621,0.00,0,-1
600721,0.00,0,-1
600822,0.00,1,-1
600923,0.00,0,-1
601024,0.00,0,-1
601125,0.00,0,-1
601226,0.00,1,-1
601327,0.00,0,-1
601427,0.00,0,-1
601529,0.00,0,-1
601630,0.00,1,-1
601731,0.00,0,-1
601832,0.00,0,-1
601932,0.00,0,-1
